date,material_id,transaction_type,quantity
2024-01-01,M01,Consumption,-219.86
2024-01-01,M01,OnHandSnapshot,2725.67
2024-01-02,M01,Consumption,-204.8
2024-01-02,M01,OnHandSnapshot,2520.88
2024-01-03,M01,Consumption,-206.2
2024-01-03,M01,OnHandSnapshot,2314.68
2024-01-04,M01,Consumption,-234.26
2024-01-04,M01,OnHandSnapshot,2080.42
2024-01-05,M01,Consumption,-281.18
2024-01-05,M01,OnHandSnapshot,1799.24
2024-01-06,M01,Consumption,-202.55
2024-01-06,M01,OnHandSnapshot,1596.69
2024-01-07,M01,Receipt,4418.3
2024-01-07,M01,Consumption,-201.98
2024-01-07,M01,OnHandSnapshot,5813.01
2024-01-08,M01,Consumption,-210.77
2024-01-08,M01,OnHandSnapshot,5602.24
2024-01-09,M01,Consumption,-203.34
2024-01-09,M01,OnHandSnapshot,5398.9
2024-01-10,M01,Consumption,-207.96
2024-01-10,M01,OnHandSnapshot,5190.94
2024-01-11,M01,Consumption,-244.98
2024-01-11,M01,OnHandSnapshot,4945.95
2024-01-12,M01,Consumption,-290.05
2024-01-12,M01,OnHandSnapshot,4655.91
2024-01-13,M01,Consumption,-200.92
2024-01-13,M01,OnHandSnapshot,4454.99
2024-01-14,M01,Consumption,-212.69
2024-01-14,M01,OnHandSnapshot,4242.3
2024-01-15,M01,Consumption,-212.23
2024-01-15,M01,OnHandSnapshot,4030.07
2024-01-16,M01,Consumption,-208.44
2024-01-16,M01,OnHandSnapshot,3821.63
2024-01-17,M01,Consumption,-210.28
2024-01-17,M01,OnHandSnapshot,3611.35
2024-01-18,M01,Consumption,-232.36
2024-01-18,M01,OnHandSnapshot,3378.99
2024-01-19,M01,Consumption,-284.48
2024-01-19,M01,OnHandSnapshot,3094.51
2024-01-20,M01,Consumption,-205.18
2024-01-20,M01,OnHandSnapshot,2889.33
2024-01-21,M01,Consumption,-204.93
2024-01-21,M01,OnHandSnapshot,2684.4
2024-01-22,M01,Consumption,-204.28
2024-01-22,M01,OnHandSnapshot,2480.11
2024-01-23,M01,Consumption,-221.84
2024-01-23,M01,OnHandSnapshot,2258.27
2024-01-24,M01,Consumption,-205.83
2024-01-24,M01,OnHandSnapshot,2052.44
2024-01-25,M01,Receipt,4418.3
2024-01-25,M01,Consumption,-249.66
2024-01-25,M01,OnHandSnapshot,6221.08
2024-01-26,M01,Consumption,-288.82
2024-01-26,M01,OnHandSnapshot,5932.27
2024-01-27,M01,Consumption,-212.54
2024-01-27,M01,OnHandSnapshot,5719.73
2024-01-28,M01,Consumption,-211.72
2024-01-28,M01,OnHandSnapshot,5508.01
2024-01-29,M01,Consumption,-213.03
2024-01-29,M01,OnHandSnapshot,5294.98
2024-01-30,M01,Consumption,-211.46
2024-01-30,M01,OnHandSnapshot,5083.52
2024-01-31,M01,Consumption,-212.21
2024-01-31,M01,OnHandSnapshot,4871.31
2024-02-01,M01,Consumption,-246.51
2024-02-01,M01,OnHandSnapshot,4624.8
2024-02-02,M01,Consumption,-280.49
2024-02-02,M01,OnHandSnapshot,4344.31
2024-02-03,M01,Consumption,-200.96
2024-02-03,M01,OnHandSnapshot,4143.35
2024-02-04,M01,Consumption,-209.17
2024-02-04,M01,OnHandSnapshot,3934.18
2024-02-05,M01,Consumption,-216.57
2024-02-05,M01,OnHandSnapshot,3717.61
2024-02-06,M01,Consumption,-207.12
2024-02-06,M01,OnHandSnapshot,3510.48
2024-02-07,M01,Consumption,-196.67
2024-02-07,M01,OnHandSnapshot,3313.81
2024-02-08,M01,Consumption,-244.61
2024-02-08,M01,OnHandSnapshot,3069.2
2024-02-09,M01,Consumption,-278.38
2024-02-09,M01,OnHandSnapshot,2790.81
2024-02-10,M01,Consumption,-199.0
2024-02-10,M01,OnHandSnapshot,2591.81
2024-02-11,M01,Consumption,-202.64
2024-02-11,M01,OnHandSnapshot,2389.17
2024-02-12,M01,Consumption,-218.57
2024-02-12,M01,OnHandSnapshot,2170.6
2024-02-13,M01,Consumption,-217.02
2024-02-13,M01,OnHandSnapshot,1953.58
2024-02-14,M01,Receipt,4418.3
2024-02-14,M01,Consumption,-216.77
2024-02-14,M01,OnHandSnapshot,6155.11
2024-02-15,M01,Consumption,-247.47
2024-02-15,M01,OnHandSnapshot,5907.64
2024-02-16,M01,Consumption,-284.78
2024-02-16,M01,OnHandSnapshot,5622.86
2024-02-17,M01,Consumption,-206.17
2024-02-17,M01,OnHandSnapshot,5416.69
2024-02-18,M01,Consumption,-201.98
2024-02-18,M01,OnHandSnapshot,5214.71
2024-02-19,M01,Consumption,-200.6
2024-02-19,M01,OnHandSnapshot,5014.11
2024-02-20,M01,Consumption,-204.85
2024-02-20,M01,OnHandSnapshot,4809.25
2024-02-21,M01,Consumption,-206.03
2024-02-21,M01,OnHandSnapshot,4603.23
2024-02-22,M01,Consumption,-243.63
2024-02-22,M01,OnHandSnapshot,4359.59
2024-02-23,M01,Consumption,-290.15
2024-02-23,M01,OnHandSnapshot,4069.44
2024-02-24,M01,Consumption,-196.04
2024-02-24,M01,OnHandSnapshot,3873.41
2024-02-25,M01,Consumption,-214.16
2024-02-25,M01,OnHandSnapshot,3659.24
2024-02-26,M01,Consumption,-215.99
2024-02-26,M01,OnHandSnapshot,3443.25
2024-02-27,M01,Consumption,-228.1
2024-02-27,M01,OnHandSnapshot,3215.15
2024-02-28,M01,Consumption,-208.01
2024-02-28,M01,OnHandSnapshot,3007.14
2024-02-29,M01,Consumption,-239.56
2024-02-29,M01,OnHandSnapshot,2767.58
2024-03-01,M01,Consumption,-282.27
2024-03-01,M01,OnHandSnapshot,2485.3
2024-03-02,M01,Consumption,-213.72
2024-03-02,M01,OnHandSnapshot,2271.58
2024-03-03,M01,Consumption,-245.07
2024-03-03,M01,OnHandSnapshot,2026.51
2024-03-04,M01,Receipt,4418.3
2024-03-04,M01,Consumption,-233.3
2024-03-04,M01,OnHandSnapshot,6211.51
2024-03-05,M01,Consumption,-224.8
2024-03-05,M01,OnHandSnapshot,5986.71
2024-03-06,M01,Consumption,-245.05
2024-03-06,M01,OnHandSnapshot,5741.65
2024-03-07,M01,Consumption,-297.4
2024-03-07,M01,OnHandSnapshot,5444.26
2024-03-08,M01,Consumption,-374.33
2024-03-08,M01,OnHandSnapshot,5069.93
2024-03-09,M01,Consumption,-276.38
2024-03-09,M01,OnHandSnapshot,4793.54
2024-03-10,M01,Consumption,-298.69
2024-03-10,M01,OnHandSnapshot,4494.85
2024-03-11,M01,Consumption,-314.15
2024-03-11,M01,OnHandSnapshot,4180.71
2024-03-12,M01,Consumption,-316.71
2024-03-12,M01,OnHandSnapshot,3864.0
2024-03-13,M01,Consumption,-324.96
2024-03-13,M01,OnHandSnapshot,3539.03
2024-03-14,M01,Consumption,-404.9
2024-03-14,M01,OnHandSnapshot,3134.14
2024-03-15,M01,Consumption,-469.62
2024-03-15,M01,OnHandSnapshot,2664.52
2024-03-16,M01,Consumption,-341.76
2024-03-16,M01,OnHandSnapshot,2322.76
2024-03-17,M01,Consumption,-361.51
2024-03-17,M01,OnHandSnapshot,1961.26
2024-03-18,M01,Consumption,-368.25
2024-03-18,M01,OnHandSnapshot,1593.0
2024-03-19,M01,Consumption,-396.33
2024-03-19,M01,OnHandSnapshot,1196.68
2024-03-20,M01,Receipt,4418.3
2024-03-20,M01,Consumption,-370.89
2024-03-20,M01,OnHandSnapshot,5244.09
2024-03-21,M01,Consumption,-262.4
2024-03-21,M01,OnHandSnapshot,4981.68
2024-03-22,M01,Consumption,-288.79
2024-03-22,M01,OnHandSnapshot,4692.89
2024-03-23,M01,Consumption,-203.79
2024-03-23,M01,OnHandSnapshot,4489.1
2024-03-24,M01,Consumption,-222.55
2024-03-24,M01,OnHandSnapshot,4266.55
2024-03-25,M01,Consumption,-213.37
2024-03-25,M01,OnHandSnapshot,4053.19
2024-03-26,M01,Consumption,-224.51
2024-03-26,M01,OnHandSnapshot,3828.67
2024-03-27,M01,Consumption,-215.03
2024-03-27,M01,OnHandSnapshot,3613.64
2024-03-28,M01,Consumption,-243.32
2024-03-28,M01,OnHandSnapshot,3370.32
2024-03-29,M01,Consumption,-300.14
2024-03-29,M01,OnHandSnapshot,3070.18
2024-03-30,M01,Consumption,-198.81
2024-03-30,M01,OnHandSnapshot,2871.38
2024-03-31,M01,Consumption,-229.27
2024-03-31,M01,OnHandSnapshot,2642.1
2024-04-01,M01,Consumption,-220.95
2024-04-01,M01,OnHandSnapshot,2421.16
2024-04-02,M01,Consumption,-212.22
2024-04-02,M01,OnHandSnapshot,2208.94
2024-04-03,M01,Consumption,-207.04
2024-04-03,M01,OnHandSnapshot,2001.9
2024-04-04,M01,Receipt,4418.3
2024-04-04,M01,Consumption,-248.11
2024-04-04,M01,OnHandSnapshot,6172.09
2024-04-05,M01,Consumption,-304.67
2024-04-05,M01,OnHandSnapshot,5867.42
2024-04-06,M01,Consumption,-203.48
2024-04-06,M01,OnHandSnapshot,5663.93
2024-04-07,M01,Consumption,-221.62
2024-04-07,M01,OnHandSnapshot,5442.31
2024-04-08,M01,Consumption,-210.7
2024-04-08,M01,OnHandSnapshot,5231.61
2024-04-09,M01,Consumption,-214.02
2024-04-09,M01,OnHandSnapshot,5017.59
2024-04-10,M01,Consumption,-224.24
2024-04-10,M01,OnHandSnapshot,4793.35
2024-04-11,M01,Consumption,-245.72
2024-04-11,M01,OnHandSnapshot,4547.64
2024-04-12,M01,Consumption,-293.54
2024-04-12,M01,OnHandSnapshot,4254.1
2024-04-13,M01,Consumption,-204.77
2024-04-13,M01,OnHandSnapshot,4049.33
2024-04-14,M01,Consumption,-206.44
2024-04-14,M01,OnHandSnapshot,3842.89
2024-04-15,M01,Consumption,-204.2
2024-04-15,M01,OnHandSnapshot,3638.69
2024-04-16,M01,Consumption,-208.34
2024-04-16,M01,OnHandSnapshot,3430.35
2024-04-17,M01,Consumption,-215.5
2024-04-17,M01,OnHandSnapshot,3214.85
2024-04-18,M01,Consumption,-251.92
2024-04-18,M01,OnHandSnapshot,2962.93
2024-04-19,M01,Consumption,-289.37
2024-04-19,M01,OnHandSnapshot,2673.56
2024-04-20,M01,Consumption,-199.25
2024-04-20,M01,OnHandSnapshot,2474.31
2024-04-21,M01,Consumption,-229.1
2024-04-21,M01,OnHandSnapshot,2245.22
2024-04-22,M01,Consumption,-220.25
2024-04-22,M01,OnHandSnapshot,2024.96
2024-04-23,M01,Receipt,4418.3
2024-04-23,M01,Consumption,-208.57
2024-04-23,M01,OnHandSnapshot,6234.69
2024-04-24,M01,Consumption,-213.83
2024-04-24,M01,OnHandSnapshot,6020.86
2024-04-25,M01,Consumption,-247.17
2024-04-25,M01,OnHandSnapshot,5773.69
2024-04-26,M01,Consumption,-291.23
2024-04-26,M01,OnHandSnapshot,5482.45
2024-04-27,M01,Consumption,-197.22
2024-04-27,M01,OnHandSnapshot,5285.23
2024-04-28,M01,Consumption,-204.08
2024-04-28,M01,OnHandSnapshot,5081.16
2024-04-29,M01,Consumption,-214.12
2024-04-29,M01,OnHandSnapshot,4867.04
2024-04-30,M01,Consumption,-212.91
2024-04-30,M01,OnHandSnapshot,4654.13
2024-05-01,M01,Consumption,-204.54
2024-05-01,M01,OnHandSnapshot,4449.59
2024-05-02,M01,Consumption,-241.12
2024-05-02,M01,OnHandSnapshot,4208.47
2024-05-03,M01,Consumption,-271.18
2024-05-03,M01,OnHandSnapshot,3937.29
2024-05-04,M01,Consumption,-211.75
2024-05-04,M01,OnHandSnapshot,3725.55
2024-05-05,M01,Consumption,-215.45
2024-05-05,M01,OnHandSnapshot,3510.09
2024-05-06,M01,Consumption,-209.47
2024-05-06,M01,OnHandSnapshot,3300.62
2024-05-07,M01,Consumption,-233.33
2024-05-07,M01,OnHandSnapshot,3067.3
2024-05-08,M01,Consumption,-208.84
2024-05-08,M01,OnHandSnapshot,2858.46
2024-05-09,M01,Consumption,-241.8
2024-05-09,M01,OnHandSnapshot,2616.66
2024-05-10,M01,Consumption,-286.16
2024-05-10,M01,OnHandSnapshot,2330.5
2024-05-11,M01,Consumption,-203.5
2024-05-11,M01,OnHandSnapshot,2127.0
2024-05-12,M01,Consumption,-213.62
2024-05-12,M01,OnHandSnapshot,1913.38
2024-05-13,M01,Consumption,-210.52
2024-05-13,M01,OnHandSnapshot,1702.86
2024-05-14,M01,Consumption,-212.26
2024-05-14,M01,OnHandSnapshot,1490.6
2024-05-15,M01,Consumption,-227.62
2024-05-15,M01,OnHandSnapshot,1262.99
2024-05-16,M01,Consumption,-248.99
2024-05-16,M01,OnHandSnapshot,1014.0
2024-05-17,M01,Receipt,4418.3
2024-05-17,M01,Consumption,-282.08
2024-05-17,M01,OnHandSnapshot,5150.22
2024-05-18,M01,Consumption,-207.22
2024-05-18,M01,OnHandSnapshot,4943.0
2024-05-19,M01,Consumption,-220.32
2024-05-19,M01,OnHandSnapshot,4722.68
2024-05-20,M01,Consumption,-205.69
2024-05-20,M01,OnHandSnapshot,4516.99
2024-05-21,M01,Consumption,-228.06
2024-05-21,M01,OnHandSnapshot,4288.93
2024-05-22,M01,Consumption,-205.15
2024-05-22,M01,OnHandSnapshot,4083.78
2024-05-23,M01,Consumption,-230.53
2024-05-23,M01,OnHandSnapshot,3853.25
2024-05-24,M01,Consumption,-289.2
2024-05-24,M01,OnHandSnapshot,3564.06
2024-05-25,M01,Consumption,-203.48
2024-05-25,M01,OnHandSnapshot,3360.57
2024-05-26,M01,Consumption,-202.32
2024-05-26,M01,OnHandSnapshot,3158.25
2024-05-27,M01,Consumption,-214.41
2024-05-27,M01,OnHandSnapshot,2943.84
2024-05-28,M01,Consumption,-220.09
2024-05-28,M01,OnHandSnapshot,2723.76
2024-05-29,M01,Consumption,-212.66
2024-05-29,M01,OnHandSnapshot,2511.1
2024-05-30,M01,Consumption,-244.02
2024-05-30,M01,OnHandSnapshot,2267.08
2024-05-31,M01,Consumption,-288.45
2024-05-31,M01,OnHandSnapshot,1978.63
2024-06-01,M01,Receipt,4418.3
2024-06-01,M01,Consumption,-205.96
2024-06-01,M01,OnHandSnapshot,6190.98
2024-06-02,M01,Consumption,-225.46
2024-06-02,M01,OnHandSnapshot,5965.52
2024-06-03,M01,Consumption,-212.75
2024-06-03,M01,OnHandSnapshot,5752.77
2024-06-04,M01,Consumption,-201.99
2024-06-04,M01,OnHandSnapshot,5550.79
2024-06-05,M01,Consumption,-224.49
2024-06-05,M01,OnHandSnapshot,5326.3
2024-06-06,M01,Consumption,-251.4
2024-06-06,M01,OnHandSnapshot,5074.9
2024-06-07,M01,Consumption,-290.9
2024-06-07,M01,OnHandSnapshot,4784.0
2024-06-08,M01,Consumption,-206.35
2024-06-08,M01,OnHandSnapshot,4577.65
2024-06-09,M01,Consumption,-217.25
2024-06-09,M01,OnHandSnapshot,4360.4
2024-06-10,M01,Consumption,-219.3
2024-06-10,M01,OnHandSnapshot,4141.09
2024-06-11,M01,Consumption,-213.89
2024-06-11,M01,OnHandSnapshot,3927.2
2024-06-12,M01,Consumption,-217.77
2024-06-12,M01,OnHandSnapshot,3709.43
2024-06-13,M01,Consumption,-254.9
2024-06-13,M01,OnHandSnapshot,3454.53
2024-06-14,M01,Consumption,-288.37
2024-06-14,M01,OnHandSnapshot,3166.16
2024-06-15,M01,Consumption,-195.45
2024-06-15,M01,OnHandSnapshot,2970.71
2024-06-16,M01,Consumption,-221.79
2024-06-16,M01,OnHandSnapshot,2748.92
2024-06-17,M01,Consumption,-208.1
2024-06-17,M01,OnHandSnapshot,2540.82
2024-06-18,M01,Consumption,-216.57
2024-06-18,M01,OnHandSnapshot,2324.25
2024-06-19,M01,Consumption,-210.94
2024-06-19,M01,OnHandSnapshot,2113.31
2024-06-20,M01,Consumption,-251.54
2024-06-20,M01,OnHandSnapshot,1861.77
2024-06-21,M01,Receipt,4418.3
2024-06-21,M01,Consumption,-295.69
2024-06-21,M01,OnHandSnapshot,5984.38
2024-06-22,M01,Consumption,-205.85
2024-06-22,M01,OnHandSnapshot,5778.53
2024-06-23,M01,Consumption,-215.26
2024-06-23,M01,OnHandSnapshot,5563.27
2024-06-24,M01,Consumption,-214.16
2024-06-24,M01,OnHandSnapshot,5349.11
2024-06-25,M01,Consumption,-212.77
2024-06-25,M01,OnHandSnapshot,5136.34
2024-06-26,M01,Consumption,-208.1
2024-06-26,M01,OnHandSnapshot,4928.25
2024-06-27,M01,Consumption,-244.75
2024-06-27,M01,OnHandSnapshot,4683.5
2024-06-28,M01,Consumption,-294.48
2024-06-28,M01,OnHandSnapshot,4389.02
2024-06-29,M01,Consumption,-218.95
2024-06-29,M01,OnHandSnapshot,4170.07
2024-06-30,M01,Consumption,-223.8
2024-06-30,M01,OnHandSnapshot,3946.27
2024-07-01,M01,Consumption,-203.45
2024-07-01,M01,OnHandSnapshot,3742.82
2024-07-02,M01,Consumption,-207.57
2024-07-02,M01,OnHandSnapshot,3535.25
2024-07-03,M01,Consumption,-214.69
2024-07-03,M01,OnHandSnapshot,3320.56
2024-07-04,M01,Consumption,-257.59
2024-07-04,M01,OnHandSnapshot,3062.97
2024-07-05,M01,Consumption,-278.64
2024-07-05,M01,OnHandSnapshot,2784.32
2024-07-06,M01,Consumption,-195.24
2024-07-06,M01,OnHandSnapshot,2589.09
2024-07-07,M01,Consumption,-212.2
2024-07-07,M01,OnHandSnapshot,2376.89
2024-07-08,M01,Receipt,4418.3
2024-07-08,M01,Consumption,-227.79
2024-07-08,M01,OnHandSnapshot,6567.4
2024-07-09,M01,Consumption,-214.62
2024-07-09,M01,OnHandSnapshot,6352.78
2024-07-10,M01,Consumption,-236.01
2024-07-10,M01,OnHandSnapshot,6116.78
2024-07-11,M01,Consumption,-262.69
2024-07-11,M01,OnHandSnapshot,5854.09
2024-07-12,M01,Consumption,-297.28
2024-07-12,M01,OnHandSnapshot,5556.81
2024-07-13,M01,Consumption,-224.28
2024-07-13,M01,OnHandSnapshot,5332.53
2024-07-14,M01,Consumption,-212.21
2024-07-14,M01,OnHandSnapshot,5120.33
2024-07-15,M01,Consumption,-217.11
2024-07-15,M01,OnHandSnapshot,4903.21
2024-07-16,M01,Consumption,-213.76
2024-07-16,M01,OnHandSnapshot,4689.45
2024-07-17,M01,Consumption,-224.07
2024-07-17,M01,OnHandSnapshot,4465.38
2024-07-18,M01,Consumption,-258.55
2024-07-18,M01,OnHandSnapshot,4206.82
2024-07-19,M01,Consumption,-314.85
2024-07-19,M01,OnHandSnapshot,3891.97
2024-07-20,M01,Consumption,-207.13
2024-07-20,M01,OnHandSnapshot,3684.85
2024-07-21,M01,Consumption,-218.98
2024-07-21,M01,OnHandSnapshot,3465.87
2024-07-22,M01,Consumption,-217.54
2024-07-22,M01,OnHandSnapshot,3248.33
2024-07-23,M01,Consumption,-216.96
2024-07-23,M01,OnHandSnapshot,3031.37
2024-07-24,M01,Consumption,-220.14
2024-07-24,M01,OnHandSnapshot,2811.24
2024-07-25,M01,Consumption,-245.48
2024-07-25,M01,OnHandSnapshot,2565.75
2024-07-26,M01,Consumption,-279.33
2024-07-26,M01,OnHandSnapshot,2286.42
2024-07-27,M01,Consumption,-210.66
2024-07-27,M01,OnHandSnapshot,2075.76
2024-07-28,M01,Consumption,-216.04
2024-07-28,M01,OnHandSnapshot,1859.72
2024-07-29,M01,Receipt,4418.3
2024-07-29,M01,Consumption,-215.03
2024-07-29,M01,OnHandSnapshot,6062.99
2024-07-30,M01,Consumption,-225.92
2024-07-30,M01,OnHandSnapshot,5837.07
2024-07-31,M01,Consumption,-214.84
2024-07-31,M01,OnHandSnapshot,5622.23
2024-08-01,M01,Consumption,-255.9
2024-08-01,M01,OnHandSnapshot,5366.34
2024-08-02,M01,Consumption,-296.62
2024-08-02,M01,OnHandSnapshot,5069.72
2024-08-03,M01,Consumption,-217.01
2024-08-03,M01,OnHandSnapshot,4852.71
2024-08-04,M01,Consumption,-217.37
2024-08-04,M01,OnHandSnapshot,4635.34
2024-08-05,M01,Consumption,-219.91
2024-08-05,M01,OnHandSnapshot,4415.43
2024-08-06,M01,Consumption,-213.55
2024-08-06,M01,OnHandSnapshot,4201.88
2024-08-07,M01,Consumption,-209.6
2024-08-07,M01,OnHandSnapshot,3992.28
2024-08-08,M01,Consumption,-247.29
2024-08-08,M01,OnHandSnapshot,3744.99
2024-08-09,M01,Consumption,-287.55
2024-08-09,M01,OnHandSnapshot,3457.44
2024-08-10,M01,Consumption,-203.57
2024-08-10,M01,OnHandSnapshot,3253.87
2024-08-11,M01,Consumption,-232.07
2024-08-11,M01,OnHandSnapshot,3021.8
2024-08-12,M01,Consumption,-220.74
2024-08-12,M01,OnHandSnapshot,2801.05
2024-08-13,M01,Consumption,-217.58
2024-08-13,M01,OnHandSnapshot,2583.47
2024-08-14,M01,Consumption,-218.85
2024-08-14,M01,OnHandSnapshot,2364.63
2024-08-15,M01,Consumption,-254.38
2024-08-15,M01,OnHandSnapshot,2110.25
2024-08-16,M01,Consumption,-296.18
2024-08-16,M01,OnHandSnapshot,1814.07
2024-08-17,M01,Receipt,4418.3
2024-08-17,M01,Consumption,-218.59
2024-08-17,M01,OnHandSnapshot,6013.78
2024-08-18,M01,Consumption,-219.15
2024-08-18,M01,OnHandSnapshot,5794.63
2024-08-19,M01,Consumption,-220.44
2024-08-19,M01,OnHandSnapshot,5574.19
2024-08-20,M01,Consumption,-235.18
2024-08-20,M01,OnHandSnapshot,5339.02
2024-08-21,M01,Consumption,-228.62
2024-08-21,M01,OnHandSnapshot,5110.4
2024-08-22,M01,Consumption,-258.34
2024-08-22,M01,OnHandSnapshot,4852.06
2024-08-23,M01,Consumption,-294.7
2024-08-23,M01,OnHandSnapshot,4557.36
2024-08-24,M01,Consumption,-217.38
2024-08-24,M01,OnHandSnapshot,4339.99
2024-08-25,M01,Consumption,-233.3
2024-08-25,M01,OnHandSnapshot,4106.69
2024-08-26,M01,Consumption,-233.3
2024-08-26,M01,OnHandSnapshot,3873.39
2024-08-27,M01,Consumption,-222.79
2024-08-27,M01,OnHandSnapshot,3650.6
2024-08-28,M01,Consumption,-222.88
2024-08-28,M01,OnHandSnapshot,3427.72
2024-08-29,M01,Consumption,-257.58
2024-08-29,M01,OnHandSnapshot,3170.13
2024-08-30,M01,Consumption,-307.71
2024-08-30,M01,OnHandSnapshot,2862.43
2024-08-31,M01,Consumption,-208.41
2024-08-31,M01,OnHandSnapshot,2654.02
2024-09-01,M01,Consumption,-226.53
2024-09-01,M01,OnHandSnapshot,2427.49
2024-09-02,M01,Consumption,-223.48
2024-09-02,M01,OnHandSnapshot,2204.01
2024-09-03,M01,Receipt,4418.3
2024-09-03,M01,Consumption,-220.05
2024-09-03,M01,OnHandSnapshot,6402.26
2024-09-04,M01,Consumption,-218.5
2024-09-04,M01,OnHandSnapshot,6183.75
2024-09-05,M01,Consumption,-238.1
2024-09-05,M01,OnHandSnapshot,5945.65
2024-09-06,M01,Consumption,-288.77
2024-09-06,M01,OnHandSnapshot,5656.87
2024-09-07,M01,Consumption,-206.73
2024-09-07,M01,OnHandSnapshot,5450.15
2024-09-08,M01,Consumption,-222.83
2024-09-08,M01,OnHandSnapshot,5227.32
2024-09-09,M01,Consumption,-222.3
2024-09-09,M01,OnHandSnapshot,5005.02
2024-09-10,M01,Consumption,-213.9
2024-09-10,M01,OnHandSnapshot,4791.11
2024-09-11,M01,Consumption,-223.6
2024-09-11,M01,OnHandSnapshot,4567.52
2024-09-12,M01,Consumption,-244.57
2024-09-12,M01,OnHandSnapshot,4322.95
2024-09-13,M01,Consumption,-304.29
2024-09-13,M01,OnHandSnapshot,4018.66
2024-09-14,M01,Consumption,-203.05
2024-09-14,M01,OnHandSnapshot,3815.61
2024-09-15,M01,Consumption,-234.02
2024-09-15,M01,OnHandSnapshot,3581.58
2024-09-16,M01,Consumption,-233.98
2024-09-16,M01,OnHandSnapshot,3347.6
2024-09-17,M01,Consumption,-216.67
2024-09-17,M01,OnHandSnapshot,3130.93
2024-09-18,M01,Consumption,-214.0
2024-09-18,M01,OnHandSnapshot,2916.93
2024-09-19,M01,Consumption,-252.49
2024-09-19,M01,OnHandSnapshot,2664.44
2024-09-20,M01,Consumption,-310.8
2024-09-20,M01,OnHandSnapshot,2353.64
2024-09-21,M01,Consumption,-214.13
2024-09-21,M01,OnHandSnapshot,2139.51
2024-09-22,M01,Receipt,4418.3
2024-09-22,M01,Consumption,-210.09
2024-09-22,M01,OnHandSnapshot,6347.72
2024-09-23,M01,Consumption,-223.1
2024-09-23,M01,OnHandSnapshot,6124.62
2024-09-24,M01,Consumption,-225.06
2024-09-24,M01,OnHandSnapshot,5899.56
2024-09-25,M01,Consumption,-222.44
2024-09-25,M01,OnHandSnapshot,5677.12
2024-09-26,M01,Consumption,-251.96
2024-09-26,M01,OnHandSnapshot,5425.17
2024-09-27,M01,Consumption,-294.33
2024-09-27,M01,OnHandSnapshot,5130.84
2024-09-28,M01,Consumption,-214.02
2024-09-28,M01,OnHandSnapshot,4916.81
2024-09-29,M01,Consumption,-230.7
2024-09-29,M01,OnHandSnapshot,4686.12
2024-09-30,M01,Consumption,-214.15
2024-09-30,M01,OnHandSnapshot,4471.97
2024-10-01,M01,Consumption,-219.37
2024-10-01,M01,OnHandSnapshot,4252.59
2024-10-02,M01,Consumption,-221.45
2024-10-02,M01,OnHandSnapshot,4031.14
2024-10-03,M01,Consumption,-254.73
2024-10-03,M01,OnHandSnapshot,3776.41
2024-10-04,M01,Consumption,-293.37
2024-10-04,M01,OnHandSnapshot,3483.04
2024-10-05,M01,Consumption,-221.4
2024-10-05,M01,OnHandSnapshot,3261.63
2024-10-06,M01,Consumption,-229.02
2024-10-06,M01,OnHandSnapshot,3032.61
2024-10-07,M01,Consumption,-223.57
2024-10-07,M01,OnHandSnapshot,2809.05
2024-10-08,M01,Consumption,-210.77
2024-10-08,M01,OnHandSnapshot,2598.28
2024-10-09,M01,Consumption,-233.71
2024-10-09,M01,OnHandSnapshot,2364.57
2024-10-10,M01,Consumption,-263.65
2024-10-10,M01,OnHandSnapshot,2100.92
2024-10-11,M01,Consumption,-291.11
2024-10-11,M01,OnHandSnapshot,1809.81
2024-10-12,M01,Receipt,4418.3
2024-10-12,M01,Consumption,-198.15
2024-10-12,M01,OnHandSnapshot,6029.96
2024-10-13,M01,Consumption,-219.03
2024-10-13,M01,OnHandSnapshot,5810.93
2024-10-14,M01,Consumption,-209.72
2024-10-14,M01,OnHandSnapshot,5601.21
2024-10-15,M01,Consumption,-222.05
2024-10-15,M01,OnHandSnapshot,5379.16
2024-10-16,M01,Consumption,-228.42
2024-10-16,M01,OnHandSnapshot,5150.74
2024-10-17,M01,Consumption,-256.55
2024-10-17,M01,OnHandSnapshot,4894.19
2024-10-18,M01,Consumption,-297.58
2024-10-18,M01,OnHandSnapshot,4596.6
2024-10-19,M01,Consumption,-219.67
2024-10-19,M01,OnHandSnapshot,4376.93
2024-10-20,M01,Consumption,-222.68
2024-10-20,M01,OnHandSnapshot,4154.25
2024-10-21,M01,Consumption,-223.85
2024-10-21,M01,OnHandSnapshot,3930.4
2024-10-22,M01,Consumption,-217.98
2024-10-22,M01,OnHandSnapshot,3712.42
2024-10-23,M01,Consumption,-226.75
2024-10-23,M01,OnHandSnapshot,3485.67
2024-10-24,M01,Consumption,-253.68
2024-10-24,M01,OnHandSnapshot,3231.99
2024-10-25,M01,Consumption,-294.84
2024-10-25,M01,OnHandSnapshot,2937.15
2024-10-26,M01,Consumption,-207.4
2024-10-26,M01,OnHandSnapshot,2729.75
2024-10-27,M01,Consumption,-218.82
2024-10-27,M01,OnHandSnapshot,2510.93
2024-10-28,M01,Consumption,-237.3
2024-10-28,M01,OnHandSnapshot,2273.63
2024-10-29,M01,Receipt,4418.3
2024-10-29,M01,Consumption,-225.19
2024-10-29,M01,OnHandSnapshot,6466.74
2024-10-30,M01,Consumption,-217.88
2024-10-30,M01,OnHandSnapshot,6248.86
2024-10-31,M01,Consumption,-255.01
2024-10-31,M01,OnHandSnapshot,5993.84
2024-11-01,M01,Consumption,-288.19
2024-11-01,M01,OnHandSnapshot,5705.66
2024-11-02,M01,Consumption,-206.22
2024-11-02,M01,OnHandSnapshot,5499.44
2024-11-03,M01,Consumption,-228.58
2024-11-03,M01,OnHandSnapshot,5270.86
2024-11-04,M01,Consumption,-220.46
2024-11-04,M01,OnHandSnapshot,5050.4
2024-11-05,M01,Consumption,-213.56
2024-11-05,M01,OnHandSnapshot,4836.84
2024-11-06,M01,Consumption,-224.22
2024-11-06,M01,OnHandSnapshot,4612.62
2024-11-07,M01,Consumption,-251.08
2024-11-07,M01,OnHandSnapshot,4361.54
2024-11-08,M01,Consumption,-298.03
2024-11-08,M01,OnHandSnapshot,4063.51
2024-11-09,M01,Consumption,-215.47
2024-11-09,M01,OnHandSnapshot,3848.04
2024-11-10,M01,Consumption,-213.34
2024-11-10,M01,OnHandSnapshot,3634.7
2024-11-11,M01,Consumption,-231.44
2024-11-11,M01,OnHandSnapshot,3403.26
2024-11-12,M01,Consumption,-217.61
2024-11-12,M01,OnHandSnapshot,3185.64
2024-11-13,M01,Consumption,-220.06
2024-11-13,M01,OnHandSnapshot,2965.59
2024-11-14,M01,Consumption,-262.29
2024-11-14,M01,OnHandSnapshot,2703.3
2024-11-15,M01,Consumption,-298.04
2024-11-15,M01,OnHandSnapshot,2405.26
2024-11-16,M01,Consumption,-216.3
2024-11-16,M01,OnHandSnapshot,2188.96
2024-11-17,M01,Consumption,-223.06
2024-11-17,M01,OnHandSnapshot,1965.9
2024-11-18,M01,Consumption,-227.31
2024-11-18,M01,OnHandSnapshot,1738.59
2024-11-19,M01,Consumption,-217.27
2024-11-19,M01,OnHandSnapshot,1521.32
2024-11-20,M01,Consumption,-230.36
2024-11-20,M01,OnHandSnapshot,1290.97
2024-11-21,M01,Receipt,4418.3
2024-11-21,M01,Consumption,-254.37
2024-11-21,M01,OnHandSnapshot,5454.9
2024-11-22,M01,Consumption,-293.5
2024-11-22,M01,OnHandSnapshot,5161.4
2024-11-23,M01,Consumption,-204.15
2024-11-23,M01,OnHandSnapshot,4957.24
2024-11-24,M01,Consumption,-229.36
2024-11-24,M01,OnHandSnapshot,4727.88
2024-11-25,M01,Consumption,-220.81
2024-11-25,M01,OnHandSnapshot,4507.07
2024-11-26,M01,Consumption,-215.12
2024-11-26,M01,OnHandSnapshot,4291.95
2024-11-27,M01,Consumption,-222.43
2024-11-27,M01,OnHandSnapshot,4069.52
2024-11-28,M01,Consumption,-256.43
2024-11-28,M01,OnHandSnapshot,3813.09
2024-11-29,M01,Consumption,-292.91
2024-11-29,M01,OnHandSnapshot,3520.18
2024-11-30,M01,Consumption,-215.28
2024-11-30,M01,OnHandSnapshot,3304.9
2024-12-01,M01,Consumption,-218.57
2024-12-01,M01,OnHandSnapshot,3086.32
2024-12-02,M01,Consumption,-225.84
2024-12-02,M01,OnHandSnapshot,2860.48
2024-12-03,M01,Consumption,-220.02
2024-12-03,M01,OnHandSnapshot,2640.45
2024-12-04,M01,Consumption,-224.01
2024-12-04,M01,OnHandSnapshot,2416.45
2024-12-05,M01,Consumption,-254.81
2024-12-05,M01,OnHandSnapshot,2161.64
2024-12-06,M01,Consumption,-305.35
2024-12-06,M01,OnHandSnapshot,1856.28
2024-12-07,M01,Receipt,4418.3
2024-12-07,M01,Consumption,-206.82
2024-12-07,M01,OnHandSnapshot,6067.76
2024-12-08,M01,Consumption,-219.37
2024-12-08,M01,OnHandSnapshot,5848.39
2024-12-09,M01,Consumption,-216.66
2024-12-09,M01,OnHandSnapshot,5631.74
2024-12-10,M01,Consumption,-212.38
2024-12-10,M01,OnHandSnapshot,5419.36
2024-12-11,M01,Consumption,-217.45
2024-12-11,M01,OnHandSnapshot,5201.91
2024-12-12,M01,Consumption,-267.62
2024-12-12,M01,OnHandSnapshot,4934.29
2024-12-13,M01,Consumption,-306.2
2024-12-13,M01,OnHandSnapshot,4628.08
2024-12-14,M01,Consumption,-217.25
2024-12-14,M01,OnHandSnapshot,4410.84
2024-12-15,M01,Consumption,-228.6
2024-12-15,M01,OnHandSnapshot,4182.23
2024-12-16,M01,Consumption,-247.54
2024-12-16,M01,OnHandSnapshot,3934.7
2024-12-17,M01,Consumption,-237.2
2024-12-17,M01,OnHandSnapshot,3697.5
2024-12-18,M01,Consumption,-257.69
2024-12-18,M01,OnHandSnapshot,3439.81
2024-12-19,M01,Consumption,-292.2
2024-12-19,M01,OnHandSnapshot,3147.61
2024-12-20,M01,Consumption,-346.8
2024-12-20,M01,OnHandSnapshot,2800.81
2024-12-21,M01,Consumption,-226.71
2024-12-21,M01,OnHandSnapshot,2574.1
2024-12-22,M01,Consumption,-251.25
2024-12-22,M01,OnHandSnapshot,2322.86
2024-12-23,M01,Consumption,-259.11
2024-12-23,M01,OnHandSnapshot,2063.74
2024-12-24,M01,Consumption,-243.7
2024-12-24,M01,OnHandSnapshot,1820.05
2024-12-25,M01,Receipt,4418.3
2024-12-25,M01,Consumption,-250.04
2024-12-25,M01,OnHandSnapshot,5988.31
2024-12-26,M01,Consumption,-268.99
2024-12-26,M01,OnHandSnapshot,5719.32
2024-12-27,M01,Consumption,-324.76
2024-12-27,M01,OnHandSnapshot,5394.57
2024-12-28,M01,Consumption,-225.5
2024-12-28,M01,OnHandSnapshot,5169.07
2024-12-29,M01,Consumption,-228.76
2024-12-29,M01,OnHandSnapshot,4940.31
2024-12-30,M01,Consumption,-239.06
2024-12-30,M01,OnHandSnapshot,4701.25
2024-12-31,M01,Consumption,-216.92
2024-12-31,M01,OnHandSnapshot,4484.33
2025-01-01,M01,Consumption,-216.04
2025-01-01,M01,OnHandSnapshot,4268.28
2025-01-02,M01,Consumption,-255.3
2025-01-02,M01,OnHandSnapshot,4012.99
2025-01-03,M01,Consumption,-297.13
2025-01-03,M01,OnHandSnapshot,3715.86
2025-01-04,M01,Consumption,-208.81
2025-01-04,M01,OnHandSnapshot,3507.05
2025-01-05,M01,Consumption,-232.54
2025-01-05,M01,OnHandSnapshot,3274.51
2025-01-06,M01,Consumption,-223.21
2025-01-06,M01,OnHandSnapshot,3051.29
2025-01-07,M01,Consumption,-216.94
2025-01-07,M01,OnHandSnapshot,2834.35
2025-01-08,M01,Consumption,-219.65
2025-01-08,M01,OnHandSnapshot,2614.7
2025-01-09,M01,Consumption,-260.63
2025-01-09,M01,OnHandSnapshot,2354.07
2025-01-10,M01,Receipt,4418.3
2025-01-10,M01,Consumption,-300.73
2025-01-10,M01,OnHandSnapshot,6471.64
2025-01-11,M01,Consumption,-215.85
2025-01-11,M01,OnHandSnapshot,6255.79
2025-01-12,M01,Consumption,-225.38
2025-01-12,M01,OnHandSnapshot,6030.41
2025-01-13,M01,Consumption,-228.18
2025-01-13,M01,OnHandSnapshot,5802.23
2025-01-14,M01,Consumption,-216.51
2025-01-14,M01,OnHandSnapshot,5585.72
2025-01-15,M01,Consumption,-231.67
2025-01-15,M01,OnHandSnapshot,5354.05
2025-01-16,M01,Consumption,-257.59
2025-01-16,M01,OnHandSnapshot,5096.46
2025-01-17,M01,Consumption,-295.59
2025-01-17,M01,OnHandSnapshot,4800.87
2025-01-18,M01,Consumption,-214.4
2025-01-18,M01,OnHandSnapshot,4586.47
2025-01-19,M01,Consumption,-216.72
2025-01-19,M01,OnHandSnapshot,4369.74
2025-01-20,M01,Consumption,-229.6
2025-01-20,M01,OnHandSnapshot,4140.14
2025-01-21,M01,Consumption,-220.68
2025-01-21,M01,OnHandSnapshot,3919.46
2025-01-22,M01,Consumption,-232.59
2025-01-22,M01,OnHandSnapshot,3686.88
2025-01-23,M01,Consumption,-264.83
2025-01-23,M01,OnHandSnapshot,3422.04
2025-01-24,M01,Consumption,-319.13
2025-01-24,M01,OnHandSnapshot,3102.91
2025-01-25,M01,Consumption,-221.04
2025-01-25,M01,OnHandSnapshot,2881.87
2025-01-26,M01,Consumption,-228.03
2025-01-26,M01,OnHandSnapshot,2653.84
2025-01-27,M01,Consumption,-235.16
2025-01-27,M01,OnHandSnapshot,2418.67
2025-01-28,M01,Consumption,-228.48
2025-01-28,M01,OnHandSnapshot,2190.19
2025-01-29,M01,Consumption,-226.5
2025-01-29,M01,OnHandSnapshot,1963.69
2025-01-30,M01,Receipt,4418.3
2025-01-30,M01,Consumption,-268.29
2025-01-30,M01,OnHandSnapshot,6113.7
2025-01-31,M01,Consumption,-301.31
2025-01-31,M01,OnHandSnapshot,5812.39
2025-02-01,M01,Consumption,-208.98
2025-02-01,M01,OnHandSnapshot,5603.41
2025-02-02,M01,Consumption,-231.31
2025-02-02,M01,OnHandSnapshot,5372.1
2025-02-03,M01,Consumption,-222.38
2025-02-03,M01,OnHandSnapshot,5149.71
2025-02-04,M01,Consumption,-208.65
2025-02-04,M01,OnHandSnapshot,4941.06
2025-02-05,M01,Consumption,-239.19
2025-02-05,M01,OnHandSnapshot,4701.88
2025-02-06,M01,Consumption,-264.7
2025-02-06,M01,OnHandSnapshot,4437.18
2025-02-07,M01,Consumption,-303.68
2025-02-07,M01,OnHandSnapshot,4133.5
2025-02-08,M01,Consumption,-212.49
2025-02-08,M01,OnHandSnapshot,3921.01
2025-02-09,M01,Consumption,-227.45
2025-02-09,M01,OnHandSnapshot,3693.56
2025-02-10,M01,Consumption,-220.9
2025-02-10,M01,OnHandSnapshot,3472.66
2025-02-11,M01,Consumption,-212.88
2025-02-11,M01,OnHandSnapshot,3259.78
2025-02-12,M01,Consumption,-235.08
2025-02-12,M01,OnHandSnapshot,3024.7
2025-02-13,M01,Consumption,-270.32
2025-02-13,M01,OnHandSnapshot,2754.39
2025-02-14,M01,Consumption,-319.8
2025-02-14,M01,OnHandSnapshot,2434.59
2025-02-15,M01,Consumption,-208.86
2025-02-15,M01,OnHandSnapshot,2225.73
2025-02-16,M01,Consumption,-234.15
2025-02-16,M01,OnHandSnapshot,1991.58
2025-02-17,M01,Receipt,4418.3
2025-02-17,M01,Consumption,-221.59
2025-02-17,M01,OnHandSnapshot,6188.29
2025-02-18,M01,Consumption,-219.83
2025-02-18,M01,OnHandSnapshot,5968.46
2025-02-19,M01,Consumption,-236.69
2025-02-19,M01,OnHandSnapshot,5731.77
2025-02-20,M01,Consumption,-254.79
2025-02-20,M01,OnHandSnapshot,5476.99
2025-02-21,M01,Consumption,-293.33
2025-02-21,M01,OnHandSnapshot,5183.65
2025-02-22,M01,Consumption,-221.62
2025-02-22,M01,OnHandSnapshot,4962.03
2025-02-23,M01,Consumption,-214.53
2025-02-23,M01,OnHandSnapshot,4747.5
2025-02-24,M01,Consumption,-219.24
2025-02-24,M01,OnHandSnapshot,4528.27
2025-02-25,M01,Consumption,-232.9
2025-02-25,M01,OnHandSnapshot,4295.36
2025-02-26,M01,Consumption,-222.93
2025-02-26,M01,OnHandSnapshot,4072.44
2025-02-27,M01,Consumption,-258.65
2025-02-27,M01,OnHandSnapshot,3813.79
2025-02-28,M01,Consumption,-308.64
2025-02-28,M01,OnHandSnapshot,3505.14
2025-03-01,M01,Consumption,-227.91
2025-03-01,M01,OnHandSnapshot,3277.23
2025-03-02,M01,Consumption,-235.35
2025-03-02,M01,OnHandSnapshot,3041.88
2025-03-03,M01,Consumption,-252.53
2025-03-03,M01,OnHandSnapshot,2789.35
2025-03-04,M01,Consumption,-258.4
2025-03-04,M01,OnHandSnapshot,2530.96
2025-03-05,M01,Consumption,-256.63
2025-03-05,M01,OnHandSnapshot,2274.32
2025-03-06,M01,Receipt,4418.3
2025-03-06,M01,Consumption,-306.5
2025-03-06,M01,OnHandSnapshot,6386.12
2025-03-07,M01,Consumption,-374.67
2025-03-07,M01,OnHandSnapshot,6011.45
2025-03-08,M01,Consumption,-278.9
2025-03-08,M01,OnHandSnapshot,5732.55
2025-03-09,M01,Consumption,-297.99
2025-03-09,M01,OnHandSnapshot,5434.57
2025-03-10,M01,Consumption,-306.78
2025-03-10,M01,OnHandSnapshot,5127.78
2025-03-11,M01,Consumption,-335.68
2025-03-11,M01,OnHandSnapshot,4792.1
2025-03-12,M01,Consumption,-335.78
2025-03-12,M01,OnHandSnapshot,4456.32
2025-03-13,M01,Consumption,-388.6
2025-03-13,M01,OnHandSnapshot,4067.72
2025-03-14,M01,Consumption,-515.22
2025-03-14,M01,OnHandSnapshot,3552.49
2025-03-15,M01,Consumption,-362.98
2025-03-15,M01,OnHandSnapshot,3189.51
2025-03-16,M01,Consumption,-396.96
2025-03-16,M01,OnHandSnapshot,2792.56
2025-03-17,M01,Consumption,-401.52
2025-03-17,M01,OnHandSnapshot,2391.04
2025-03-18,M01,Consumption,-398.7
2025-03-18,M01,OnHandSnapshot,1992.34
2025-03-19,M01,Consumption,-412.36
2025-03-19,M01,OnHandSnapshot,1579.98
2025-03-20,M01,Receipt,4418.3
2025-03-20,M01,Consumption,-468.47
2025-03-20,M01,OnHandSnapshot,5529.81
2025-03-21,M01,Consumption,-334.91
2025-03-21,M01,OnHandSnapshot,5194.9
2025-03-22,M01,Consumption,-218.88
2025-03-22,M01,OnHandSnapshot,4976.02
2025-03-23,M01,Consumption,-225.13
2025-03-23,M01,OnHandSnapshot,4750.89
2025-03-24,M01,Consumption,-234.36
2025-03-24,M01,OnHandSnapshot,4516.53
2025-03-25,M01,Consumption,-235.3
2025-03-25,M01,OnHandSnapshot,4281.22
2025-03-26,M01,Consumption,-225.5
2025-03-26,M01,OnHandSnapshot,4055.72
2025-03-27,M01,Consumption,-257.32
2025-03-27,M01,OnHandSnapshot,3798.41
2025-03-28,M01,Consumption,-321.41
2025-03-28,M01,OnHandSnapshot,3476.99
2025-03-29,M01,Consumption,-221.49
2025-03-29,M01,OnHandSnapshot,3255.5
2025-03-30,M01,Consumption,-229.8
2025-03-30,M01,OnHandSnapshot,3025.7
2025-03-31,M01,Consumption,-228.38
2025-03-31,M01,OnHandSnapshot,2797.32
2025-04-01,M01,Consumption,-236.87
2025-04-01,M01,OnHandSnapshot,2560.45
2025-04-02,M01,Consumption,-221.96
2025-04-02,M01,OnHandSnapshot,2338.49
2025-04-03,M01,Consumption,-248.01
2025-04-03,M01,OnHandSnapshot,2090.48
2025-04-04,M01,Consumption,-295.75
2025-04-04,M01,OnHandSnapshot,1794.73
2025-04-05,M01,Receipt,4418.3
2025-04-05,M01,Consumption,-210.88
2025-04-05,M01,OnHandSnapshot,6002.15
2025-04-06,M01,Consumption,-225.23
2025-04-06,M01,OnHandSnapshot,5776.92
2025-04-07,M01,Consumption,-223.53
2025-04-07,M01,OnHandSnapshot,5553.39
2025-04-08,M01,Consumption,-228.84
2025-04-08,M01,OnHandSnapshot,5324.55
2025-04-09,M01,Consumption,-228.03
2025-04-09,M01,OnHandSnapshot,5096.52
2025-04-10,M01,Consumption,-254.48
2025-04-10,M01,OnHandSnapshot,4842.03
2025-04-11,M01,Consumption,-311.14
2025-04-11,M01,OnHandSnapshot,4530.89
2025-04-12,M01,Consumption,-215.52
2025-04-12,M01,OnHandSnapshot,4315.38
2025-04-13,M01,Consumption,-229.29
2025-04-13,M01,OnHandSnapshot,4086.09
2025-04-14,M01,Consumption,-225.99
2025-04-14,M01,OnHandSnapshot,3860.1
2025-04-15,M01,Consumption,-229.7
2025-04-15,M01,OnHandSnapshot,3630.4
2025-04-16,M01,Consumption,-233.25
2025-04-16,M01,OnHandSnapshot,3397.15
2025-04-17,M01,Consumption,-263.65
2025-04-17,M01,OnHandSnapshot,3133.5
2025-04-18,M01,Consumption,-292.21
2025-04-18,M01,OnHandSnapshot,2841.29
2025-04-19,M01,Consumption,-222.12
2025-04-19,M01,OnHandSnapshot,2619.18
2025-04-20,M01,Consumption,-211.81
2025-04-20,M01,OnHandSnapshot,2407.36
2025-04-21,M01,Consumption,-233.51
2025-04-21,M01,OnHandSnapshot,2173.85
2025-04-22,M01,Receipt,4418.3
2025-04-22,M01,Consumption,-235.24
2025-04-22,M01,OnHandSnapshot,6356.91
2025-04-23,M01,Consumption,-223.2
2025-04-23,M01,OnHandSnapshot,6133.71
2025-04-24,M01,Consumption,-266.18
2025-04-24,M01,OnHandSnapshot,5867.53
2025-04-25,M01,Consumption,-313.38
2025-04-25,M01,OnHandSnapshot,5554.15
2025-04-26,M01,Consumption,-217.08
2025-04-26,M01,OnHandSnapshot,5337.07
2025-04-27,M01,Consumption,-221.08
2025-04-27,M01,OnHandSnapshot,5115.99
2025-04-28,M01,Consumption,-218.85
2025-04-28,M01,OnHandSnapshot,4897.14
2025-04-29,M01,Consumption,-225.84
2025-04-29,M01,OnHandSnapshot,4671.3
2025-04-30,M01,Consumption,-236.34
2025-04-30,M01,OnHandSnapshot,4434.97
2025-05-01,M01,Consumption,-269.44
2025-05-01,M01,OnHandSnapshot,4165.53
2025-05-02,M01,Consumption,-309.97
2025-05-02,M01,OnHandSnapshot,3855.55
2025-05-03,M01,Consumption,-213.89
2025-05-03,M01,OnHandSnapshot,3641.67
2025-05-04,M01,Consumption,-228.95
2025-05-04,M01,OnHandSnapshot,3412.72
2025-05-05,M01,Consumption,-222.16
2025-05-05,M01,OnHandSnapshot,3190.55
2025-05-06,M01,Consumption,-215.63
2025-05-06,M01,OnHandSnapshot,2974.92
2025-05-07,M01,Consumption,-228.23
2025-05-07,M01,OnHandSnapshot,2746.69
2025-05-08,M01,Consumption,-279.28
2025-05-08,M01,OnHandSnapshot,2467.41
2025-05-09,M01,Consumption,-314.44
2025-05-09,M01,OnHandSnapshot,2152.97
2025-05-10,M01,Consumption,-211.1
2025-05-10,M01,OnHandSnapshot,1941.87
2025-05-11,M01,Consumption,-236.68
2025-05-11,M01,OnHandSnapshot,1705.18
2025-05-12,M01,Receipt,4418.3
2025-05-12,M01,Consumption,-234.93
2025-05-12,M01,OnHandSnapshot,5888.56
2025-05-13,M01,Consumption,-229.99
2025-05-13,M01,OnHandSnapshot,5658.57
2025-05-14,M01,Consumption,-228.51
2025-05-14,M01,OnHandSnapshot,5430.06
2025-05-15,M01,Consumption,-276.74
2025-05-15,M01,OnHandSnapshot,5153.32
2025-05-16,M01,Consumption,-326.7
2025-05-16,M01,OnHandSnapshot,4826.62
2025-05-17,M01,Consumption,-218.85
2025-05-17,M01,OnHandSnapshot,4607.77
2025-05-18,M01,Consumption,-227.58
2025-05-18,M01,OnHandSnapshot,4380.19
2025-05-19,M01,Consumption,-227.67
2025-05-19,M01,OnHandSnapshot,4152.52
2025-05-20,M01,Consumption,-226.71
2025-05-20,M01,OnHandSnapshot,3925.81
2025-05-21,M01,Consumption,-240.76
2025-05-21,M01,OnHandSnapshot,3685.05
2025-05-22,M01,Consumption,-273.62
2025-05-22,M01,OnHandSnapshot,3411.43
2025-05-23,M01,Consumption,-318.92
2025-05-23,M01,OnHandSnapshot,3092.51
2025-05-24,M01,Consumption,-213.67
2025-05-24,M01,OnHandSnapshot,2878.83
2025-05-25,M01,Consumption,-217.27
2025-05-25,M01,OnHandSnapshot,2661.56
2025-05-26,M01,Receipt,4418.3
2025-05-26,M01,Consumption,-243.06
2025-05-26,M01,OnHandSnapshot,6836.81
2025-05-27,M01,Consumption,-226.08
2025-05-27,M01,OnHandSnapshot,6610.73
2025-05-28,M01,Consumption,-224.61
2025-05-28,M01,OnHandSnapshot,6386.13
2025-05-29,M01,Consumption,-249.54
2025-05-29,M01,OnHandSnapshot,6136.59
2025-05-30,M01,Consumption,-296.92
2025-05-30,M01,OnHandSnapshot,5839.68
2025-05-31,M01,Consumption,-219.3
2025-05-31,M01,OnHandSnapshot,5620.38
2025-06-01,M01,Consumption,-247.65
2025-06-01,M01,OnHandSnapshot,5372.72
2025-06-02,M01,Consumption,-232.98
2025-06-02,M01,OnHandSnapshot,5139.75
2025-06-03,M01,Consumption,-231.93
2025-06-03,M01,OnHandSnapshot,4907.81
2025-06-04,M01,Consumption,-232.87
2025-06-04,M01,OnHandSnapshot,4674.94
2025-06-05,M01,Consumption,-268.84
2025-06-05,M01,OnHandSnapshot,4406.1
2025-06-06,M01,Consumption,-304.88
2025-06-06,M01,OnHandSnapshot,4101.22
2025-06-07,M01,Consumption,-212.42
2025-06-07,M01,OnHandSnapshot,3888.8
2025-06-08,M01,Consumption,-233.28
2025-06-08,M01,OnHandSnapshot,3655.52
2025-06-09,M01,Consumption,-224.23
2025-06-09,M01,OnHandSnapshot,3431.29
2025-06-10,M01,Consumption,-238.08
2025-06-10,M01,OnHandSnapshot,3193.21
2025-06-11,M01,Consumption,-239.69
2025-06-11,M01,OnHandSnapshot,2953.52
2025-06-12,M01,Consumption,-267.84
2025-06-12,M01,OnHandSnapshot,2685.68
2025-06-13,M01,Consumption,-304.35
2025-06-13,M01,OnHandSnapshot,2381.33
2025-06-14,M01,Consumption,-218.35
2025-06-14,M01,OnHandSnapshot,2162.98
2025-06-15,M01,Consumption,-224.84
2025-06-15,M01,OnHandSnapshot,1938.14
2025-06-16,M01,Receipt,4418.3
2025-06-16,M01,Consumption,-231.45
2025-06-16,M01,OnHandSnapshot,6125.0
2025-06-17,M01,Consumption,-237.5
2025-06-17,M01,OnHandSnapshot,5887.5
2025-06-18,M01,Consumption,-237.67
2025-06-18,M01,OnHandSnapshot,5649.83
2025-06-19,M01,Consumption,-259.43
2025-06-19,M01,OnHandSnapshot,5390.4
2025-06-20,M01,Consumption,-312.01
2025-06-20,M01,OnHandSnapshot,5078.39
2025-06-21,M01,Consumption,-220.11
2025-06-21,M01,OnHandSnapshot,4858.28
2025-06-22,M01,Consumption,-234.14
2025-06-22,M01,OnHandSnapshot,4624.14
2025-06-23,M01,Consumption,-237.98
2025-06-23,M01,OnHandSnapshot,4386.16
2025-06-24,M01,Consumption,-230.68
2025-06-24,M01,OnHandSnapshot,4155.48
2025-06-25,M01,Consumption,-239.21
2025-06-25,M01,OnHandSnapshot,3916.27
2025-06-26,M01,Consumption,-260.87
2025-06-26,M01,OnHandSnapshot,3655.4
2025-06-27,M01,Consumption,-306.72
2025-06-27,M01,OnHandSnapshot,3348.68
2025-06-28,M01,Consumption,-214.22
2025-06-28,M01,OnHandSnapshot,3134.46
2025-06-29,M01,Consumption,-228.23
2025-06-29,M01,OnHandSnapshot,2906.23
2025-06-30,M01,Consumption,-229.03
2025-06-30,M01,OnHandSnapshot,2677.2
2025-07-01,M01,Consumption,-238.81
2025-07-01,M01,OnHandSnapshot,2438.39
2025-07-02,M01,Consumption,-229.08
2025-07-02,M01,OnHandSnapshot,2209.31
2025-07-03,M01,Consumption,-280.47
2025-07-03,M01,OnHandSnapshot,1928.84
2025-07-04,M01,Consumption,-327.92
2025-07-04,M01,OnHandSnapshot,1600.92
2025-07-05,M01,Receipt,4418.3
2025-07-05,M01,Consumption,-217.78
2025-07-05,M01,OnHandSnapshot,5801.44
2025-07-06,M01,Consumption,-234.23
2025-07-06,M01,OnHandSnapshot,5567.2
2025-07-07,M01,Consumption,-236.02
2025-07-07,M01,OnHandSnapshot,5331.18
2025-07-08,M01,Consumption,-238.01
2025-07-08,M01,OnHandSnapshot,5093.17
2025-07-09,M01,Consumption,-226.52
2025-07-09,M01,OnHandSnapshot,4866.65
2025-07-10,M01,Consumption,-270.16
2025-07-10,M01,OnHandSnapshot,4596.49
2025-07-11,M01,Consumption,-307.98
2025-07-11,M01,OnHandSnapshot,4288.51
2025-07-12,M01,Consumption,-228.3
2025-07-12,M01,OnHandSnapshot,4060.21
2025-07-13,M01,Consumption,-237.6
2025-07-13,M01,OnHandSnapshot,3822.61
2025-07-14,M01,Consumption,-233.76
2025-07-14,M01,OnHandSnapshot,3588.85
2025-07-15,M01,Consumption,-219.84
2025-07-15,M01,OnHandSnapshot,3369.01
2025-07-16,M01,Consumption,-240.69
2025-07-16,M01,OnHandSnapshot,3128.31
2025-07-17,M01,Consumption,-259.7
2025-07-17,M01,OnHandSnapshot,2868.61
2025-07-18,M01,Consumption,-317.43
2025-07-18,M01,OnHandSnapshot,2551.19
2025-07-19,M01,Receipt,4418.3
2025-07-19,M01,Consumption,-216.13
2025-07-19,M01,OnHandSnapshot,6753.36
2025-07-20,M01,Consumption,-228.99
2025-07-20,M01,OnHandSnapshot,6524.37
2025-07-21,M01,Consumption,-231.62
2025-07-21,M01,OnHandSnapshot,6292.75
2025-07-22,M01,Consumption,-234.99
2025-07-22,M01,OnHandSnapshot,6057.76
2025-07-23,M01,Consumption,-240.86
2025-07-23,M01,OnHandSnapshot,5816.9
2025-07-24,M01,Consumption,-270.34
2025-07-24,M01,OnHandSnapshot,5546.56
2025-07-25,M01,Consumption,-335.93
2025-07-25,M01,OnHandSnapshot,5210.63
2025-07-26,M01,Consumption,-214.19
2025-07-26,M01,OnHandSnapshot,4996.44
2025-07-27,M01,Consumption,-232.23
2025-07-27,M01,OnHandSnapshot,4764.21
2025-07-28,M01,Consumption,-236.49
2025-07-28,M01,OnHandSnapshot,4527.72
2025-07-29,M01,Consumption,-236.43
2025-07-29,M01,OnHandSnapshot,4291.29
2025-07-30,M01,Consumption,-238.01
2025-07-30,M01,OnHandSnapshot,4053.28
2025-07-31,M01,Consumption,-272.98
2025-07-31,M01,OnHandSnapshot,3780.3
2025-08-01,M01,Consumption,-305.5
2025-08-01,M01,OnHandSnapshot,3474.8
2025-08-02,M01,Consumption,-232.48
2025-08-02,M01,OnHandSnapshot,3242.32
2025-08-03,M01,Consumption,-218.88
2025-08-03,M01,OnHandSnapshot,3023.45
2025-08-04,M01,Consumption,-230.25
2025-08-04,M01,OnHandSnapshot,2793.19
2025-08-05,M01,Consumption,-229.36
2025-08-05,M01,OnHandSnapshot,2563.83
2025-08-06,M01,Consumption,-236.37
2025-08-06,M01,OnHandSnapshot,2327.46
2025-08-07,M01,Consumption,-269.09
2025-08-07,M01,OnHandSnapshot,2058.37
2025-08-08,M01,Consumption,-306.59
2025-08-08,M01,OnHandSnapshot,1751.78
2025-08-09,M01,Receipt,4418.3
2025-08-09,M01,Consumption,-217.06
2025-08-09,M01,OnHandSnapshot,5953.02
2025-08-10,M01,Consumption,-232.36
2025-08-10,M01,OnHandSnapshot,5720.66
2025-08-11,M01,Consumption,-253.48
2025-08-11,M01,OnHandSnapshot,5467.17
2025-08-12,M01,Consumption,-239.29
2025-08-12,M01,OnHandSnapshot,5227.89
2025-08-13,M01,Consumption,-231.43
2025-08-13,M01,OnHandSnapshot,4996.46
2025-08-14,M01,Consumption,-263.6
2025-08-14,M01,OnHandSnapshot,4732.85
2025-08-15,M01,Consumption,-306.73
2025-08-15,M01,OnHandSnapshot,4426.13
2025-08-16,M01,Consumption,-230.82
2025-08-16,M01,OnHandSnapshot,4195.3
2025-08-17,M01,Consumption,-246.95
2025-08-17,M01,OnHandSnapshot,3948.35
2025-08-18,M01,Consumption,-224.55
2025-08-18,M01,OnHandSnapshot,3723.8
2025-08-19,M01,Consumption,-236.27
2025-08-19,M01,OnHandSnapshot,3487.53
2025-08-20,M01,Consumption,-233.94
2025-08-20,M01,OnHandSnapshot,3253.59
2025-08-21,M01,Consumption,-269.98
2025-08-21,M01,OnHandSnapshot,2983.61
2025-08-22,M01,Consumption,-326.52
2025-08-22,M01,OnHandSnapshot,2657.09
2025-08-23,M01,Consumption,-213.76
2025-08-23,M01,OnHandSnapshot,2443.34
2025-08-24,M01,Consumption,-237.06
2025-08-24,M01,OnHandSnapshot,2206.28
2025-08-25,M01,Consumption,-223.74
2025-08-25,M01,OnHandSnapshot,1982.54
2025-08-26,M01,Consumption,-230.77
2025-08-26,M01,OnHandSnapshot,1751.77
2025-08-27,M01,Receipt,4418.3
2025-08-27,M01,Consumption,-233.87
2025-08-27,M01,OnHandSnapshot,5936.2
2025-08-28,M01,Consumption,-251.96
2025-08-28,M01,OnHandSnapshot,5684.25
2025-08-29,M01,Consumption,-316.79
2025-08-29,M01,OnHandSnapshot,5367.46
2025-08-30,M01,Consumption,-225.78
2025-08-30,M01,OnHandSnapshot,5141.68
2025-08-31,M01,Consumption,-235.13
2025-08-31,M01,OnHandSnapshot,4906.54
2025-09-01,M01,Consumption,-249.47
2025-09-01,M01,OnHandSnapshot,4657.08
2025-09-02,M01,Consumption,-232.93
2025-09-02,M01,OnHandSnapshot,4424.15
2025-09-03,M01,Consumption,-237.67
2025-09-03,M01,OnHandSnapshot,4186.47
2025-09-04,M01,Consumption,-290.51
2025-09-04,M01,OnHandSnapshot,3895.96
2025-09-05,M01,Consumption,-327.96
2025-09-05,M01,OnHandSnapshot,3568.0
2025-09-06,M01,Consumption,-225.03
2025-09-06,M01,OnHandSnapshot,3342.98
2025-09-07,M01,Consumption,-222.4
2025-09-07,M01,OnHandSnapshot,3120.58
2025-09-08,M01,Consumption,-240.89
2025-09-08,M01,OnHandSnapshot,2879.69
2025-09-09,M01,Consumption,-226.25
2025-09-09,M01,OnHandSnapshot,2653.44
2025-09-10,M01,Consumption,-226.48
2025-09-10,M01,OnHandSnapshot,2426.96
2025-09-11,M01,Receipt,4418.3
2025-09-11,M01,Consumption,-271.41
2025-09-11,M01,OnHandSnapshot,6573.85
2025-09-12,M01,Consumption,-317.42
2025-09-12,M01,OnHandSnapshot,6256.42
2025-09-13,M01,Consumption,-214.69
2025-09-13,M01,OnHandSnapshot,6041.73
2025-09-14,M01,Consumption,-230.14
2025-09-14,M01,OnHandSnapshot,5811.6
2025-09-15,M01,Consumption,-241.21
2025-09-15,M01,OnHandSnapshot,5570.39
2025-09-16,M01,Consumption,-231.78
2025-09-16,M01,OnHandSnapshot,5338.61
2025-09-17,M01,Consumption,-250.73
2025-09-17,M01,OnHandSnapshot,5087.88
2025-09-18,M01,Consumption,-265.34
2025-09-18,M01,OnHandSnapshot,4822.54
2025-09-19,M01,Consumption,-326.55
2025-09-19,M01,OnHandSnapshot,4496.0
2025-09-20,M01,Consumption,-227.07
2025-09-20,M01,OnHandSnapshot,4268.93
2025-09-21,M01,Consumption,-239.23
2025-09-21,M01,OnHandSnapshot,4029.7
2025-09-22,M01,Consumption,-233.2
2025-09-22,M01,OnHandSnapshot,3796.49
2025-09-23,M01,Consumption,-239.68
2025-09-23,M01,OnHandSnapshot,3556.81
2025-09-24,M01,Consumption,-232.22
2025-09-24,M01,OnHandSnapshot,3324.59
2025-09-25,M01,Consumption,-275.78
2025-09-25,M01,OnHandSnapshot,3048.81
2025-09-26,M01,Consumption,-332.67
2025-09-26,M01,OnHandSnapshot,2716.14
2025-09-27,M01,Consumption,-227.94
2025-09-27,M01,OnHandSnapshot,2488.2
2025-09-28,M01,Consumption,-236.13
2025-09-28,M01,OnHandSnapshot,2252.07
2025-09-29,M01,Consumption,-247.91
2025-09-29,M01,OnHandSnapshot,2004.15
2025-09-30,M01,Receipt,4418.3
2025-09-30,M01,Consumption,-221.88
2025-09-30,M01,OnHandSnapshot,6200.57
2025-10-01,M01,Consumption,-230.15
2025-10-01,M01,OnHandSnapshot,5970.42
2025-10-02,M01,Consumption,-272.35
2025-10-02,M01,OnHandSnapshot,5698.06
2025-10-03,M01,Consumption,-329.13
2025-10-03,M01,OnHandSnapshot,5368.93
2025-10-04,M01,Consumption,-217.81
2025-10-04,M01,OnHandSnapshot,5151.13
2025-10-05,M01,Consumption,-233.61
2025-10-05,M01,OnHandSnapshot,4917.51
2025-10-06,M01,Consumption,-254.42
2025-10-06,M01,OnHandSnapshot,4663.1
2025-10-07,M01,Consumption,-230.7
2025-10-07,M01,OnHandSnapshot,4432.39
2025-10-08,M01,Consumption,-233.58
2025-10-08,M01,OnHandSnapshot,4198.81
2025-10-09,M01,Consumption,-279.47
2025-10-09,M01,OnHandSnapshot,3919.33
2025-10-10,M01,Consumption,-321.78
2025-10-10,M01,OnHandSnapshot,3597.55
2025-10-11,M01,Consumption,-233.4
2025-10-11,M01,OnHandSnapshot,3364.16
2025-10-12,M01,Consumption,-229.74
2025-10-12,M01,OnHandSnapshot,3134.42
2025-10-13,M01,Consumption,-231.1
2025-10-13,M01,OnHandSnapshot,2903.32
2025-10-14,M01,Consumption,-219.1
2025-10-14,M01,OnHandSnapshot,2684.22
2025-10-15,M01,Consumption,-223.86
2025-10-15,M01,OnHandSnapshot,2460.36
2025-10-16,M01,Consumption,-268.77
2025-10-16,M01,OnHandSnapshot,2191.59
2025-10-17,M01,Receipt,4418.3
2025-10-17,M01,Consumption,-318.7
2025-10-17,M01,OnHandSnapshot,6291.2
2025-10-18,M01,Consumption,-221.39
2025-10-18,M01,OnHandSnapshot,6069.8
2025-10-19,M01,Consumption,-230.79
2025-10-19,M01,OnHandSnapshot,5839.01
2025-10-20,M01,Consumption,-232.18
2025-10-20,M01,OnHandSnapshot,5606.84
2025-10-21,M01,Consumption,-244.06
2025-10-21,M01,OnHandSnapshot,5362.77
2025-10-22,M01,Consumption,-236.46
2025-10-22,M01,OnHandSnapshot,5126.32
2025-10-23,M01,Consumption,-272.15
2025-10-23,M01,OnHandSnapshot,4854.17
2025-10-24,M01,Consumption,-319.21
2025-10-24,M01,OnHandSnapshot,4534.96
2025-10-25,M01,Consumption,-219.98
2025-10-25,M01,OnHandSnapshot,4314.98
2025-10-26,M01,Consumption,-237.39
2025-10-26,M01,OnHandSnapshot,4077.58
2025-10-27,M01,Consumption,-248.35
2025-10-27,M01,OnHandSnapshot,3829.23
2025-10-28,M01,Consumption,-243.97
2025-10-28,M01,OnHandSnapshot,3585.26
2025-10-29,M01,Consumption,-249.91
2025-10-29,M01,OnHandSnapshot,3335.35
2025-10-30,M01,Consumption,-272.31
2025-10-30,M01,OnHandSnapshot,3063.04
2025-10-31,M01,Consumption,-312.14
2025-10-31,M01,OnHandSnapshot,2750.9
2025-11-01,M01,Consumption,-225.56
2025-11-01,M01,OnHandSnapshot,2525.34
2025-11-02,M01,Consumption,-225.3
2025-11-02,M01,OnHandSnapshot,2300.04
2025-11-03,M01,Consumption,-225.36
2025-11-03,M01,OnHandSnapshot,2074.68
2025-11-04,M01,Consumption,-237.46
2025-11-04,M01,OnHandSnapshot,1837.22
2025-11-05,M01,Receipt,4418.3
2025-11-05,M01,Consumption,-241.35
2025-11-05,M01,OnHandSnapshot,6014.17
2025-11-06,M01,Consumption,-263.65
2025-11-06,M01,OnHandSnapshot,5750.52
2025-11-07,M01,Consumption,-329.88
2025-11-07,M01,OnHandSnapshot,5420.64
2025-11-08,M01,Consumption,-234.38
2025-11-08,M01,OnHandSnapshot,5186.26
2025-11-09,M01,Consumption,-240.09
2025-11-09,M01,OnHandSnapshot,4946.16
2025-11-10,M01,Consumption,-238.31
2025-11-10,M01,OnHandSnapshot,4707.85
2025-11-11,M01,Consumption,-238.08
2025-11-11,M01,OnHandSnapshot,4469.77
2025-11-12,M01,Consumption,-249.2
2025-11-12,M01,OnHandSnapshot,4220.57
2025-11-13,M01,Consumption,-288.02
2025-11-13,M01,OnHandSnapshot,3932.55
2025-11-14,M01,Consumption,-309.71
2025-11-14,M01,OnHandSnapshot,3622.84
2025-11-15,M01,Consumption,-233.71
2025-11-15,M01,OnHandSnapshot,3389.13
2025-11-16,M01,Consumption,-236.6
2025-11-16,M01,OnHandSnapshot,3152.53
2025-11-17,M01,Consumption,-222.58
2025-11-17,M01,OnHandSnapshot,2929.95
2025-11-18,M01,Consumption,-226.67
2025-11-18,M01,OnHandSnapshot,2703.29
2025-11-19,M01,Consumption,-235.28
2025-11-19,M01,OnHandSnapshot,2468.0
2025-11-20,M01,Consumption,-271.9
2025-11-20,M01,OnHandSnapshot,2196.1
2025-11-21,M01,Consumption,-340.9
2025-11-21,M01,OnHandSnapshot,1855.21
2025-11-22,M01,Consumption,-225.55
2025-11-22,M01,OnHandSnapshot,1629.66
2025-11-23,M01,Receipt,4418.3
2025-11-23,M01,Consumption,-236.67
2025-11-23,M01,OnHandSnapshot,5811.29
2025-11-24,M01,Consumption,-228.97
2025-11-24,M01,OnHandSnapshot,5582.32
2025-11-25,M01,Consumption,-235.15
2025-11-25,M01,OnHandSnapshot,5347.17
2025-11-26,M01,Consumption,-235.28
2025-11-26,M01,OnHandSnapshot,5111.89
2025-11-27,M01,Consumption,-267.08
2025-11-27,M01,OnHandSnapshot,4844.82
2025-11-28,M01,Consumption,-309.64
2025-11-28,M01,OnHandSnapshot,4535.18
2025-11-29,M01,Consumption,-220.97
2025-11-29,M01,OnHandSnapshot,4314.21
2025-11-30,M01,Consumption,-249.62
2025-11-30,M01,OnHandSnapshot,4064.59
2025-12-01,M01,Consumption,-237.65
2025-12-01,M01,OnHandSnapshot,3826.93
2025-12-02,M01,Consumption,-248.41
2025-12-02,M01,OnHandSnapshot,3578.52
2025-12-03,M01,Consumption,-241.92
2025-12-03,M01,OnHandSnapshot,3336.61
2025-12-04,M01,Consumption,-272.18
2025-12-04,M01,OnHandSnapshot,3064.42
2025-12-05,M01,Consumption,-318.52
2025-12-05,M01,OnHandSnapshot,2745.9
2025-12-06,M01,Consumption,-224.91
2025-12-06,M01,OnHandSnapshot,2520.99
2025-12-07,M01,Consumption,-241.77
2025-12-07,M01,OnHandSnapshot,2279.21
2025-12-08,M01,Consumption,-235.12
2025-12-08,M01,OnHandSnapshot,2044.09
2025-12-09,M01,Receipt,4418.3
2025-12-09,M01,Consumption,-245.17
2025-12-09,M01,OnHandSnapshot,6217.22
2025-12-10,M01,Consumption,-242.44
2025-12-10,M01,OnHandSnapshot,5974.78
2025-12-11,M01,Consumption,-278.04
2025-12-11,M01,OnHandSnapshot,5696.75
2025-12-12,M01,Consumption,-329.66
2025-12-12,M01,OnHandSnapshot,5367.09
2025-12-13,M01,Consumption,-240.33
2025-12-13,M01,OnHandSnapshot,5126.76
2025-12-14,M01,Consumption,-241.75
2025-12-14,M01,OnHandSnapshot,4885.01
2025-12-15,M01,Consumption,-245.86
2025-12-15,M01,OnHandSnapshot,4639.15
2025-12-16,M01,Consumption,-260.29
2025-12-16,M01,OnHandSnapshot,4378.86
2025-12-17,M01,Consumption,-256.07
2025-12-17,M01,OnHandSnapshot,4122.79
2025-12-18,M01,Consumption,-310.38
2025-12-18,M01,OnHandSnapshot,3812.41
2025-12-19,M01,Consumption,-360.26
2025-12-19,M01,OnHandSnapshot,3452.15
2025-12-20,M01,Consumption,-253.02
2025-12-20,M01,OnHandSnapshot,3199.13
2025-12-21,M01,Consumption,-273.11
2025-12-21,M01,OnHandSnapshot,2926.02
2025-12-22,M01,Consumption,-264.49
2025-12-22,M01,OnHandSnapshot,2661.53
2025-12-23,M01,Consumption,-273.0
2025-12-23,M01,OnHandSnapshot,2388.53
2025-12-24,M01,Receipt,4418.3
2025-12-24,M01,Consumption,-266.07
2025-12-24,M01,OnHandSnapshot,6540.75
2025-12-25,M01,Consumption,-297.18
2025-12-25,M01,OnHandSnapshot,6243.57
2025-12-26,M01,Consumption,-362.71
2025-12-26,M01,OnHandSnapshot,5880.86
2025-12-27,M01,Consumption,-232.14
2025-12-27,M01,OnHandSnapshot,5648.72
2025-12-28,M01,Consumption,-256.56
2025-12-28,M01,OnHandSnapshot,5392.16
2025-12-29,M01,Consumption,-245.4
2025-12-29,M01,OnHandSnapshot,5146.76
2025-12-30,M01,Consumption,-245.52
2025-12-30,M01,OnHandSnapshot,4901.23
2025-12-31,M01,Consumption,-237.47
2025-12-31,M01,OnHandSnapshot,4663.76
2024-01-01,M02,Consumption,-9.67
2024-01-01,M02,OnHandSnapshot,139.19
2024-01-02,M02,Consumption,-9.6
2024-01-02,M02,OnHandSnapshot,129.59
2024-01-03,M02,Consumption,-10.18
2024-01-03,M02,OnHandSnapshot,119.41
2024-01-04,M02,Consumption,-10.76
2024-01-04,M02,OnHandSnapshot,108.65
2024-01-05,M02,Receipt,297.72
2024-01-05,M02,Consumption,-13.79
2024-01-05,M02,OnHandSnapshot,392.58
2024-01-06,M02,Consumption,-9.61
2024-01-06,M02,OnHandSnapshot,382.97
2024-01-07,M02,Consumption,-9.26
2024-01-07,M02,OnHandSnapshot,373.71
2024-01-08,M02,Consumption,-10.0
2024-01-08,M02,OnHandSnapshot,363.71
2024-01-09,M02,Consumption,-9.28
2024-01-09,M02,OnHandSnapshot,354.43
2024-01-10,M02,Consumption,-9.69
2024-01-10,M02,OnHandSnapshot,344.74
2024-01-11,M02,Consumption,-10.34
2024-01-11,M02,OnHandSnapshot,334.4
2024-01-12,M02,Consumption,-12.01
2024-01-12,M02,OnHandSnapshot,322.39
2024-01-13,M02,Consumption,-9.33
2024-01-13,M02,OnHandSnapshot,313.06
2024-01-14,M02,Consumption,-9.8
2024-01-14,M02,OnHandSnapshot,303.26
2024-01-15,M02,Consumption,-9.42
2024-01-15,M02,OnHandSnapshot,293.84
2024-01-16,M02,Consumption,-8.92
2024-01-16,M02,OnHandSnapshot,284.92
2024-01-17,M02,Consumption,-9.09
2024-01-17,M02,OnHandSnapshot,275.83
2024-01-18,M02,Consumption,-10.86
2024-01-18,M02,OnHandSnapshot,264.97
2024-01-19,M02,Consumption,-13.68
2024-01-19,M02,OnHandSnapshot,251.29
2024-01-20,M02,Consumption,-10.1
2024-01-20,M02,OnHandSnapshot,241.19
2024-01-21,M02,Consumption,-8.82
2024-01-21,M02,OnHandSnapshot,232.37
2024-01-22,M02,Consumption,-8.25
2024-01-22,M02,OnHandSnapshot,224.12
2024-01-23,M02,Consumption,-9.38
2024-01-23,M02,OnHandSnapshot,214.74
2024-01-24,M02,Consumption,-9.79
2024-01-24,M02,OnHandSnapshot,204.95
2024-01-25,M02,Consumption,-11.1
2024-01-25,M02,OnHandSnapshot,193.85
2024-01-26,M02,Consumption,-12.77
2024-01-26,M02,OnHandSnapshot,181.08
2024-01-27,M02,Consumption,-10.08
2024-01-27,M02,OnHandSnapshot,171.0
2024-01-28,M02,Consumption,-9.58
2024-01-28,M02,OnHandSnapshot,161.42
2024-01-29,M02,Consumption,-10.16
2024-01-29,M02,OnHandSnapshot,151.26
2024-01-30,M02,Consumption,-9.69
2024-01-30,M02,OnHandSnapshot,141.57
2024-01-31,M02,Receipt,297.72
2024-01-31,M02,Consumption,-9.03
2024-01-31,M02,OnHandSnapshot,430.25
2024-02-01,M02,Consumption,-11.07
2024-02-01,M02,OnHandSnapshot,419.18
2024-02-02,M02,Consumption,-12.84
2024-02-02,M02,OnHandSnapshot,406.34
2024-02-03,M02,Consumption,-9.31
2024-02-03,M02,OnHandSnapshot,397.03
2024-02-04,M02,Consumption,-8.95
2024-02-04,M02,OnHandSnapshot,388.08
2024-02-05,M02,Consumption,-9.54
2024-02-05,M02,OnHandSnapshot,378.54
2024-02-06,M02,Consumption,-9.29
2024-02-06,M02,OnHandSnapshot,369.25
2024-02-07,M02,Consumption,-8.65
2024-02-07,M02,OnHandSnapshot,360.6
2024-02-08,M02,Consumption,-11.55
2024-02-08,M02,OnHandSnapshot,349.05
2024-02-09,M02,Consumption,-12.55
2024-02-09,M02,OnHandSnapshot,336.5
2024-02-10,M02,Consumption,-9.17
2024-02-10,M02,OnHandSnapshot,327.33
2024-02-11,M02,Consumption,-8.97
2024-02-11,M02,OnHandSnapshot,318.36
2024-02-12,M02,Consumption,-9.7
2024-02-12,M02,OnHandSnapshot,308.66
2024-02-13,M02,Consumption,-9.58
2024-02-13,M02,OnHandSnapshot,299.08
2024-02-14,M02,Consumption,-9.64
2024-02-14,M02,OnHandSnapshot,289.44
2024-02-15,M02,Consumption,-11.54
2024-02-15,M02,OnHandSnapshot,277.9
2024-02-16,M02,Consumption,-12.79
2024-02-16,M02,OnHandSnapshot,265.11
2024-02-17,M02,Consumption,-8.86
2024-02-17,M02,OnHandSnapshot,256.25
2024-02-18,M02,Consumption,-9.13
2024-02-18,M02,OnHandSnapshot,247.12
2024-02-19,M02,Consumption,-9.95
2024-02-19,M02,OnHandSnapshot,237.17
2024-02-20,M02,Consumption,-9.11
2024-02-20,M02,OnHandSnapshot,228.06
2024-02-21,M02,Consumption,-8.67
2024-02-21,M02,OnHandSnapshot,219.39
2024-02-22,M02,Consumption,-10.76
2024-02-22,M02,OnHandSnapshot,208.63
2024-02-23,M02,Consumption,-13.26
2024-02-23,M02,OnHandSnapshot,195.37
2024-02-24,M02,Consumption,-8.09
2024-02-24,M02,OnHandSnapshot,187.28
2024-02-25,M02,Consumption,-9.84
2024-02-25,M02,OnHandSnapshot,177.44
2024-02-26,M02,Consumption,-10.01
2024-02-26,M02,OnHandSnapshot,167.43
2024-02-27,M02,Consumption,-10.2
2024-02-27,M02,OnHandSnapshot,157.23
2024-02-28,M02,Consumption,-9.25
2024-02-28,M02,OnHandSnapshot,147.98
2024-02-29,M02,Receipt,297.72
2024-02-29,M02,Consumption,-10.18
2024-02-29,M02,OnHandSnapshot,435.52
2024-03-01,M02,Consumption,-11.99
2024-03-01,M02,OnHandSnapshot,423.53
2024-03-02,M02,Consumption,-12.48
2024-03-02,M02,OnHandSnapshot,411.05
2024-03-03,M02,Consumption,-15.74
2024-03-03,M02,OnHandSnapshot,395.31
2024-03-04,M02,Consumption,-14.86
2024-03-04,M02,OnHandSnapshot,380.45
2024-03-05,M02,Consumption,-16.27
2024-03-05,M02,OnHandSnapshot,364.18
2024-03-06,M02,Consumption,-18.52
2024-03-06,M02,OnHandSnapshot,345.66
2024-03-07,M02,Consumption,-26.22
2024-03-07,M02,OnHandSnapshot,319.44
2024-03-08,M02,Consumption,-31.46
2024-03-08,M02,OnHandSnapshot,287.98
2024-03-09,M02,Consumption,-27.83
2024-03-09,M02,OnHandSnapshot,260.15
2024-03-10,M02,Consumption,-32.13
2024-03-10,M02,OnHandSnapshot,228.02
2024-03-11,M02,Consumption,-32.68
2024-03-11,M02,OnHandSnapshot,195.34
2024-03-12,M02,Consumption,-35.36
2024-03-12,M02,OnHandSnapshot,159.98
2024-03-13,M02,Consumption,-39.71
2024-03-13,M02,OnHandSnapshot,120.27
2024-03-14,M02,Consumption,-52.43
2024-03-14,M02,OnHandSnapshot,67.84
2024-03-15,M02,Consumption,-62.18
2024-03-15,M02,OnHandSnapshot,5.66
2024-03-16,M02,Receipt,297.72
2024-03-16,M02,Consumption,-45.36
2024-03-16,M02,OnHandSnapshot,258.02
2024-03-17,M02,Consumption,-50.94
2024-03-17,M02,OnHandSnapshot,207.08
2024-03-18,M02,Consumption,-51.54
2024-03-18,M02,OnHandSnapshot,155.54
2024-03-19,M02,Consumption,-57.68
2024-03-19,M02,OnHandSnapshot,97.86
2024-03-20,M02,Consumption,-52.53
2024-03-20,M02,OnHandSnapshot,45.33
2024-03-21,M02,Consumption,-10.98
2024-03-21,M02,OnHandSnapshot,34.35
2024-03-22,M02,Consumption,-13.94
2024-03-22,M02,OnHandSnapshot,20.41
2024-03-23,M02,Consumption,-9.41
2024-03-23,M02,OnHandSnapshot,11.0
2024-03-24,M02,Consumption,-9.65
2024-03-24,M02,OnHandSnapshot,1.35
2024-03-25,M02,Receipt,297.72
2024-03-25,M02,Consumption,-9.41
2024-03-25,M02,OnHandSnapshot,289.66
2024-03-26,M02,Consumption,-9.6
2024-03-26,M02,OnHandSnapshot,280.06
2024-03-27,M02,Consumption,-9.51
2024-03-27,M02,OnHandSnapshot,270.55
2024-03-28,M02,Consumption,-11.34
2024-03-28,M02,OnHandSnapshot,259.21
2024-03-29,M02,Consumption,-13.44
2024-03-29,M02,OnHandSnapshot,245.77
2024-03-30,M02,Consumption,-8.31
2024-03-30,M02,OnHandSnapshot,237.46
2024-03-31,M02,Consumption,-9.36
2024-03-31,M02,OnHandSnapshot,228.1
2024-04-01,M02,Consumption,-9.68
2024-04-01,M02,OnHandSnapshot,218.42
2024-04-02,M02,Consumption,-9.62
2024-04-02,M02,OnHandSnapshot,208.8
2024-04-03,M02,Consumption,-9.58
2024-04-03,M02,OnHandSnapshot,199.22
2024-04-04,M02,Consumption,-10.98
2024-04-04,M02,OnHandSnapshot,188.24
2024-04-05,M02,Consumption,-13.61
2024-04-05,M02,OnHandSnapshot,174.63
2024-04-06,M02,Consumption,-8.64
2024-04-06,M02,OnHandSnapshot,165.99
2024-04-07,M02,Consumption,-9.56
2024-04-07,M02,OnHandSnapshot,156.43
2024-04-08,M02,Consumption,-10.04
2024-04-08,M02,OnHandSnapshot,146.39
2024-04-09,M02,Consumption,-9.35
2024-04-09,M02,OnHandSnapshot,137.04
2024-04-10,M02,Consumption,-10.42
2024-04-10,M02,OnHandSnapshot,126.62
2024-04-11,M02,Receipt,297.72
2024-04-11,M02,Consumption,-11.27
2024-04-11,M02,OnHandSnapshot,413.06
2024-04-12,M02,Consumption,-13.39
2024-04-12,M02,OnHandSnapshot,399.67
2024-04-13,M02,Consumption,-10.25
2024-04-13,M02,OnHandSnapshot,389.42
2024-04-14,M02,Consumption,-9.69
2024-04-14,M02,OnHandSnapshot,379.73
2024-04-15,M02,Consumption,-9.35
2024-04-15,M02,OnHandSnapshot,370.38
2024-04-16,M02,Consumption,-9.27
2024-04-16,M02,OnHandSnapshot,361.11
2024-04-17,M02,Consumption,-8.69
2024-04-17,M02,OnHandSnapshot,352.42
2024-04-18,M02,Consumption,-10.93
2024-04-18,M02,OnHandSnapshot,341.49
2024-04-19,M02,Consumption,-12.08
2024-04-19,M02,OnHandSnapshot,329.41
2024-04-20,M02,Consumption,-9.94
2024-04-20,M02,OnHandSnapshot,319.47
2024-04-21,M02,Consumption,-9.53
2024-04-21,M02,OnHandSnapshot,309.94
2024-04-22,M02,Consumption,-9.83
2024-04-22,M02,OnHandSnapshot,300.11
2024-04-23,M02,Consumption,-9.63
2024-04-23,M02,OnHandSnapshot,290.48
2024-04-24,M02,Consumption,-9.53
2024-04-24,M02,OnHandSnapshot,280.95
2024-04-25,M02,Consumption,-10.85
2024-04-25,M02,OnHandSnapshot,270.1
2024-04-26,M02,Consumption,-13.62
2024-04-26,M02,OnHandSnapshot,256.48
2024-04-27,M02,Consumption,-8.09
2024-04-27,M02,OnHandSnapshot,248.39
2024-04-28,M02,Consumption,-9.94
2024-04-28,M02,OnHandSnapshot,238.45
2024-04-29,M02,Consumption,-9.44
2024-04-29,M02,OnHandSnapshot,229.01
2024-04-30,M02,Consumption,-9.64
2024-04-30,M02,OnHandSnapshot,219.37
2024-05-01,M02,Consumption,-9.1
2024-05-01,M02,OnHandSnapshot,210.27
2024-05-02,M02,Consumption,-11.95
2024-05-02,M02,OnHandSnapshot,198.32
2024-05-03,M02,Consumption,-12.98
2024-05-03,M02,OnHandSnapshot,185.34
2024-05-04,M02,Consumption,-10.14
2024-05-04,M02,OnHandSnapshot,175.2
2024-05-05,M02,Consumption,-9.98
2024-05-05,M02,OnHandSnapshot,165.22
2024-05-06,M02,Consumption,-9.37
2024-05-06,M02,OnHandSnapshot,155.85
2024-05-07,M02,Consumption,-10.33
2024-05-07,M02,OnHandSnapshot,145.52
2024-05-08,M02,Consumption,-9.66
2024-05-08,M02,OnHandSnapshot,135.86
2024-05-09,M02,Consumption,-11.35
2024-05-09,M02,OnHandSnapshot,124.51
2024-05-10,M02,Receipt,297.72
2024-05-10,M02,Consumption,-12.4
2024-05-10,M02,OnHandSnapshot,409.83
2024-05-11,M02,Consumption,-9.02
2024-05-11,M02,OnHandSnapshot,400.81
2024-05-12,M02,Consumption,-9.86
2024-05-12,M02,OnHandSnapshot,390.95
2024-05-13,M02,Consumption,-9.64
2024-05-13,M02,OnHandSnapshot,381.31
2024-05-14,M02,Consumption,-9.64
2024-05-14,M02,OnHandSnapshot,371.67
2024-05-15,M02,Consumption,-9.42
2024-05-15,M02,OnHandSnapshot,362.25
2024-05-16,M02,Consumption,-10.05
2024-05-16,M02,OnHandSnapshot,352.2
2024-05-17,M02,Consumption,-12.27
2024-05-17,M02,OnHandSnapshot,339.93
2024-05-18,M02,Consumption,-9.32
2024-05-18,M02,OnHandSnapshot,330.61
2024-05-19,M02,Consumption,-8.8
2024-05-19,M02,OnHandSnapshot,321.81
2024-05-20,M02,Consumption,-9.53
2024-05-20,M02,OnHandSnapshot,312.28
2024-05-21,M02,Consumption,-10.78
2024-05-21,M02,OnHandSnapshot,301.5
2024-05-22,M02,Consumption,-9.83
2024-05-22,M02,OnHandSnapshot,291.67
2024-05-23,M02,Consumption,-10.93
2024-05-23,M02,OnHandSnapshot,280.74
2024-05-24,M02,Consumption,-12.95
2024-05-24,M02,OnHandSnapshot,267.79
2024-05-25,M02,Consumption,-8.79
2024-05-25,M02,OnHandSnapshot,259.0
2024-05-26,M02,Consumption,-9.36
2024-05-26,M02,OnHandSnapshot,249.64
2024-05-27,M02,Consumption,-9.51
2024-05-27,M02,OnHandSnapshot,240.13
2024-05-28,M02,Consumption,-10.68
2024-05-28,M02,OnHandSnapshot,229.45
2024-05-29,M02,Consumption,-9.56
2024-05-29,M02,OnHandSnapshot,219.89
2024-05-30,M02,Consumption,-10.91
2024-05-30,M02,OnHandSnapshot,208.98
2024-05-31,M02,Consumption,-12.42
2024-05-31,M02,OnHandSnapshot,196.56
2024-06-01,M02,Consumption,-9.63
2024-06-01,M02,OnHandSnapshot,186.93
2024-06-02,M02,Consumption,-9.69
2024-06-02,M02,OnHandSnapshot,177.24
2024-06-03,M02,Consumption,-9.81
2024-06-03,M02,OnHandSnapshot,167.43
2024-06-04,M02,Consumption,-8.97
2024-06-04,M02,OnHandSnapshot,158.46
2024-06-05,M02,Receipt,297.72
2024-06-05,M02,Consumption,-9.24
2024-06-05,M02,OnHandSnapshot,446.94
2024-06-06,M02,Consumption,-11.34
2024-06-06,M02,OnHandSnapshot,435.6
2024-06-07,M02,Consumption,-12.52
2024-06-07,M02,OnHandSnapshot,423.08
2024-06-08,M02,Consumption,-8.39
2024-06-08,M02,OnHandSnapshot,414.69
2024-06-09,M02,Consumption,-10.21
2024-06-09,M02,OnHandSnapshot,404.48
2024-06-10,M02,Consumption,-10.36
2024-06-10,M02,OnHandSnapshot,394.12
2024-06-11,M02,Consumption,-9.31
2024-06-11,M02,OnHandSnapshot,384.81
2024-06-12,M02,Consumption,-10.64
2024-06-12,M02,OnHandSnapshot,374.17
2024-06-13,M02,Consumption,-11.11
2024-06-13,M02,OnHandSnapshot,363.06
2024-06-14,M02,Consumption,-12.26
2024-06-14,M02,OnHandSnapshot,350.8
2024-06-15,M02,Consumption,-9.45
2024-06-15,M02,OnHandSnapshot,341.35
2024-06-16,M02,Consumption,-9.96
2024-06-16,M02,OnHandSnapshot,331.39
2024-06-17,M02,Consumption,-9.65
2024-06-17,M02,OnHandSnapshot,321.74
2024-06-18,M02,Consumption,-10.38
2024-06-18,M02,OnHandSnapshot,311.36
2024-06-19,M02,Consumption,-11.2
2024-06-19,M02,OnHandSnapshot,300.16
2024-06-20,M02,Consumption,-11.39
2024-06-20,M02,OnHandSnapshot,288.77
2024-06-21,M02,Consumption,-13.1
2024-06-21,M02,OnHandSnapshot,275.67
2024-06-22,M02,Consumption,-8.52
2024-06-22,M02,OnHandSnapshot,267.15
2024-06-23,M02,Consumption,-9.95
2024-06-23,M02,OnHandSnapshot,257.2
2024-06-24,M02,Consumption,-11.07
2024-06-24,M02,OnHandSnapshot,246.13
2024-06-25,M02,Consumption,-9.85
2024-06-25,M02,OnHandSnapshot,236.28
2024-06-26,M02,Consumption,-10.25
2024-06-26,M02,OnHandSnapshot,226.03
2024-06-27,M02,Consumption,-10.46
2024-06-27,M02,OnHandSnapshot,215.57
2024-06-28,M02,Consumption,-12.79
2024-06-28,M02,OnHandSnapshot,202.78
2024-06-29,M02,Consumption,-9.8
2024-06-29,M02,OnHandSnapshot,192.98
2024-06-30,M02,Consumption,-10.06
2024-06-30,M02,OnHandSnapshot,182.92
2024-07-01,M02,Consumption,-9.21
2024-07-01,M02,OnHandSnapshot,173.71
2024-07-02,M02,Consumption,-9.1
2024-07-02,M02,OnHandSnapshot,164.61
2024-07-03,M02,Receipt,297.72
2024-07-03,M02,Consumption,-9.8
2024-07-03,M02,OnHandSnapshot,452.53
2024-07-04,M02,Consumption,-10.99
2024-07-04,M02,OnHandSnapshot,441.54
2024-07-05,M02,Consumption,-12.86
2024-07-05,M02,OnHandSnapshot,428.68
2024-07-06,M02,Consumption,-9.02
2024-07-06,M02,OnHandSnapshot,419.66
2024-07-07,M02,Consumption,-10.11
2024-07-07,M02,OnHandSnapshot,409.55
2024-07-08,M02,Consumption,-9.27
2024-07-08,M02,OnHandSnapshot,400.28
2024-07-09,M02,Consumption,-9.56
2024-07-09,M02,OnHandSnapshot,390.72
2024-07-10,M02,Consumption,-9.66
2024-07-10,M02,OnHandSnapshot,381.06
2024-07-11,M02,Consumption,-10.63
2024-07-11,M02,OnHandSnapshot,370.43
2024-07-12,M02,Consumption,-13.47
2024-07-12,M02,OnHandSnapshot,356.96
2024-07-13,M02,Consumption,-9.13
2024-07-13,M02,OnHandSnapshot,347.83
2024-07-14,M02,Consumption,-9.4
2024-07-14,M02,OnHandSnapshot,338.43
2024-07-15,M02,Consumption,-10.92
2024-07-15,M02,OnHandSnapshot,327.51
2024-07-16,M02,Consumption,-10.7
2024-07-16,M02,OnHandSnapshot,316.81
2024-07-17,M02,Consumption,-10.04
2024-07-17,M02,OnHandSnapshot,306.77
2024-07-18,M02,Consumption,-12.28
2024-07-18,M02,OnHandSnapshot,294.49
2024-07-19,M02,Consumption,-14.31
2024-07-19,M02,OnHandSnapshot,280.18
2024-07-20,M02,Consumption,-8.98
2024-07-20,M02,OnHandSnapshot,271.2
2024-07-21,M02,Consumption,-9.53
2024-07-21,M02,OnHandSnapshot,261.67
2024-07-22,M02,Consumption,-9.44
2024-07-22,M02,OnHandSnapshot,252.23
2024-07-23,M02,Consumption,-9.73
2024-07-23,M02,OnHandSnapshot,242.5
2024-07-24,M02,Consumption,-10.09
2024-07-24,M02,OnHandSnapshot,232.41
2024-07-25,M02,Consumption,-12.21
2024-07-25,M02,OnHandSnapshot,220.2
2024-07-26,M02,Consumption,-13.89
2024-07-26,M02,OnHandSnapshot,206.31
2024-07-27,M02,Consumption,-9.07
2024-07-27,M02,OnHandSnapshot,197.24
2024-07-28,M02,Consumption,-10.08
2024-07-28,M02,OnHandSnapshot,187.16
2024-07-29,M02,Consumption,-9.28
2024-07-29,M02,OnHandSnapshot,177.88
2024-07-30,M02,Consumption,-9.17
2024-07-30,M02,OnHandSnapshot,168.71
2024-07-31,M02,Consumption,-9.91
2024-07-31,M02,OnHandSnapshot,158.8
2024-08-01,M02,Receipt,297.72
2024-08-01,M02,Consumption,-11.39
2024-08-01,M02,OnHandSnapshot,445.12
2024-08-02,M02,Consumption,-12.72
2024-08-02,M02,OnHandSnapshot,432.4
2024-08-03,M02,Consumption,-9.86
2024-08-03,M02,OnHandSnapshot,422.54
2024-08-04,M02,Consumption,-10.03
2024-08-04,M02,OnHandSnapshot,412.51
2024-08-05,M02,Consumption,-8.75
2024-08-05,M02,OnHandSnapshot,403.76
2024-08-06,M02,Consumption,-9.59
2024-08-06,M02,OnHandSnapshot,394.17
2024-08-07,M02,Consumption,-9.69
2024-08-07,M02,OnHandSnapshot,384.48
2024-08-08,M02,Consumption,-11.37
2024-08-08,M02,OnHandSnapshot,373.11
2024-08-09,M02,Consumption,-12.94
2024-08-09,M02,OnHandSnapshot,360.17
2024-08-10,M02,Consumption,-9.67
2024-08-10,M02,OnHandSnapshot,350.5
2024-08-11,M02,Consumption,-10.52
2024-08-11,M02,OnHandSnapshot,339.98
2024-08-12,M02,Consumption,-8.94
2024-08-12,M02,OnHandSnapshot,331.04
2024-08-13,M02,Consumption,-9.02
2024-08-13,M02,OnHandSnapshot,322.02
2024-08-14,M02,Consumption,-10.01
2024-08-14,M02,OnHandSnapshot,312.01
2024-08-15,M02,Consumption,-11.25
2024-08-15,M02,OnHandSnapshot,300.76
2024-08-16,M02,Consumption,-13.19
2024-08-16,M02,OnHandSnapshot,287.57
2024-08-17,M02,Consumption,-9.66
2024-08-17,M02,OnHandSnapshot,277.91
2024-08-18,M02,Consumption,-9.83
2024-08-18,M02,OnHandSnapshot,268.08
2024-08-19,M02,Consumption,-9.83
2024-08-19,M02,OnHandSnapshot,258.25
2024-08-20,M02,Consumption,-9.77
2024-08-20,M02,OnHandSnapshot,248.48
2024-08-21,M02,Consumption,-9.62
2024-08-21,M02,OnHandSnapshot,238.86
2024-08-22,M02,Consumption,-11.67
2024-08-22,M02,OnHandSnapshot,227.19
2024-08-23,M02,Consumption,-13.15
2024-08-23,M02,OnHandSnapshot,214.04
2024-08-24,M02,Consumption,-9.91
2024-08-24,M02,OnHandSnapshot,204.13
2024-08-25,M02,Consumption,-11.18
2024-08-25,M02,OnHandSnapshot,192.95
2024-08-26,M02,Consumption,-10.15
2024-08-26,M02,OnHandSnapshot,182.8
2024-08-27,M02,Consumption,-9.8
2024-08-27,M02,OnHandSnapshot,173.0
2024-08-28,M02,Consumption,-9.08
2024-08-28,M02,OnHandSnapshot,163.92
2024-08-29,M02,Consumption,-11.33
2024-08-29,M02,OnHandSnapshot,152.59
2024-08-30,M02,Consumption,-13.79
2024-08-30,M02,OnHandSnapshot,138.8
2024-08-31,M02,Receipt,297.72
2024-08-31,M02,Consumption,-9.56
2024-08-31,M02,OnHandSnapshot,426.96
2024-09-01,M02,Consumption,-9.57
2024-09-01,M02,OnHandSnapshot,417.39
2024-09-02,M02,Consumption,-10.69
2024-09-02,M02,OnHandSnapshot,406.7
2024-09-03,M02,Consumption,-9.7
2024-09-03,M02,OnHandSnapshot,397.0
2024-09-04,M02,Consumption,-9.62
2024-09-04,M02,OnHandSnapshot,387.38
2024-09-05,M02,Consumption,-11.01
2024-09-05,M02,OnHandSnapshot,376.37
2024-09-06,M02,Consumption,-12.68
2024-09-06,M02,OnHandSnapshot,363.69
2024-09-07,M02,Consumption,-8.7
2024-09-07,M02,OnHandSnapshot,354.99
2024-09-08,M02,Consumption,-9.57
2024-09-08,M02,OnHandSnapshot,345.42
2024-09-09,M02,Consumption,-9.79
2024-09-09,M02,OnHandSnapshot,335.63
2024-09-10,M02,Consumption,-9.66
2024-09-10,M02,OnHandSnapshot,325.97
2024-09-11,M02,Consumption,-9.41
2024-09-11,M02,OnHandSnapshot,316.56
2024-09-12,M02,Consumption,-10.8
2024-09-12,M02,OnHandSnapshot,305.76
2024-09-13,M02,Consumption,-13.28
2024-09-13,M02,OnHandSnapshot,292.48
2024-09-14,M02,Consumption,-9.71
2024-09-14,M02,OnHandSnapshot,282.77
2024-09-15,M02,Consumption,-9.92
2024-09-15,M02,OnHandSnapshot,272.85
2024-09-16,M02,Consumption,-11.06
2024-09-16,M02,OnHandSnapshot,261.79
2024-09-17,M02,Consumption,-9.63
2024-09-17,M02,OnHandSnapshot,252.16
2024-09-18,M02,Consumption,-9.53
2024-09-18,M02,OnHandSnapshot,242.63
2024-09-19,M02,Consumption,-11.3
2024-09-19,M02,OnHandSnapshot,231.33
2024-09-20,M02,Consumption,-15.26
2024-09-20,M02,OnHandSnapshot,216.07
2024-09-21,M02,Consumption,-9.01
2024-09-21,M02,OnHandSnapshot,207.06
2024-09-22,M02,Consumption,-9.48
2024-09-22,M02,OnHandSnapshot,197.58
2024-09-23,M02,Consumption,-10.26
2024-09-23,M02,OnHandSnapshot,187.32
2024-09-24,M02,Consumption,-9.73
2024-09-24,M02,OnHandSnapshot,177.59
2024-09-25,M02,Consumption,-10.01
2024-09-25,M02,OnHandSnapshot,167.58
2024-09-26,M02,Receipt,297.72
2024-09-26,M02,Consumption,-11.1
2024-09-26,M02,OnHandSnapshot,454.2
2024-09-27,M02,Consumption,-13.09
2024-09-27,M02,OnHandSnapshot,441.11
2024-09-28,M02,Consumption,-9.27
2024-09-28,M02,OnHandSnapshot,431.84
2024-09-29,M02,Consumption,-10.23
2024-09-29,M02,OnHandSnapshot,421.61
2024-09-30,M02,Consumption,-10.38
2024-09-30,M02,OnHandSnapshot,411.23
2024-10-01,M02,Consumption,-9.65
2024-10-01,M02,OnHandSnapshot,401.58
2024-10-02,M02,Consumption,-10.25
2024-10-02,M02,OnHandSnapshot,391.33
2024-10-03,M02,Consumption,-12.35
2024-10-03,M02,OnHandSnapshot,378.98
2024-10-04,M02,Consumption,-12.95
2024-10-04,M02,OnHandSnapshot,366.03
2024-10-05,M02,Consumption,-10.67
2024-10-05,M02,OnHandSnapshot,355.36
2024-10-06,M02,Consumption,-10.73
2024-10-06,M02,OnHandSnapshot,344.63
2024-10-07,M02,Consumption,-9.5
2024-10-07,M02,OnHandSnapshot,335.13
2024-10-08,M02,Consumption,-9.71
2024-10-08,M02,OnHandSnapshot,325.42
2024-10-09,M02,Consumption,-9.59
2024-10-09,M02,OnHandSnapshot,315.83
2024-10-10,M02,Consumption,-11.03
2024-10-10,M02,OnHandSnapshot,304.8
2024-10-11,M02,Consumption,-13.9
2024-10-11,M02,OnHandSnapshot,290.9
2024-10-12,M02,Consumption,-10.26
2024-10-12,M02,OnHandSnapshot,280.64
2024-10-13,M02,Consumption,-9.44
2024-10-13,M02,OnHandSnapshot,271.2
2024-10-14,M02,Consumption,-9.66
2024-10-14,M02,OnHandSnapshot,261.54
2024-10-15,M02,Consumption,-9.55
2024-10-15,M02,OnHandSnapshot,251.99
2024-10-16,M02,Consumption,-10.29
2024-10-16,M02,OnHandSnapshot,241.7
2024-10-17,M02,Consumption,-11.91
2024-10-17,M02,OnHandSnapshot,229.79
2024-10-18,M02,Consumption,-12.7
2024-10-18,M02,OnHandSnapshot,217.09
2024-10-19,M02,Consumption,-9.97
2024-10-19,M02,OnHandSnapshot,207.12
2024-10-20,M02,Consumption,-9.94
2024-10-20,M02,OnHandSnapshot,197.18
2024-10-21,M02,Consumption,-9.85
2024-10-21,M02,OnHandSnapshot,187.33
2024-10-22,M02,Consumption,-10.08
2024-10-22,M02,OnHandSnapshot,177.25
2024-10-23,M02,Receipt,297.72
2024-10-23,M02,Consumption,-10.46
2024-10-23,M02,OnHandSnapshot,464.51
2024-10-24,M02,Consumption,-11.46
2024-10-24,M02,OnHandSnapshot,453.05
2024-10-25,M02,Consumption,-13.94
2024-10-25,M02,OnHandSnapshot,439.11
2024-10-26,M02,Consumption,-9.4
2024-10-26,M02,OnHandSnapshot,429.71
2024-10-27,M02,Consumption,-10.37
2024-10-27,M02,OnHandSnapshot,419.34
2024-10-28,M02,Consumption,-10.48
2024-10-28,M02,OnHandSnapshot,408.86
2024-10-29,M02,Consumption,-10.41
2024-10-29,M02,OnHandSnapshot,398.45
2024-10-30,M02,Consumption,-9.28
2024-10-30,M02,OnHandSnapshot,389.17
2024-10-31,M02,Consumption,-11.02
2024-10-31,M02,OnHandSnapshot,378.15
2024-11-01,M02,Consumption,-13.03
2024-11-01,M02,OnHandSnapshot,365.12
2024-11-02,M02,Consumption,-8.76
2024-11-02,M02,OnHandSnapshot,356.36
2024-11-03,M02,Consumption,-9.98
2024-11-03,M02,OnHandSnapshot,346.38
2024-11-04,M02,Consumption,-9.53
2024-11-04,M02,OnHandSnapshot,336.85
2024-11-05,M02,Consumption,-10.26
2024-11-05,M02,OnHandSnapshot,326.59
2024-11-06,M02,Consumption,-10.69
2024-11-06,M02,OnHandSnapshot,315.9
2024-11-07,M02,Consumption,-10.76
2024-11-07,M02,OnHandSnapshot,305.14
2024-11-08,M02,Consumption,-13.93
2024-11-08,M02,OnHandSnapshot,291.21
2024-11-09,M02,Consumption,-9.65
2024-11-09,M02,OnHandSnapshot,281.56
2024-11-10,M02,Consumption,-10.09
2024-11-10,M02,OnHandSnapshot,271.47
2024-11-11,M02,Consumption,-11.36
2024-11-11,M02,OnHandSnapshot,260.11
2024-11-12,M02,Consumption,-9.71
2024-11-12,M02,OnHandSnapshot,250.4
2024-11-13,M02,Consumption,-9.5
2024-11-13,M02,OnHandSnapshot,240.9
2024-11-14,M02,Consumption,-11.66
2024-11-14,M02,OnHandSnapshot,229.24
2024-11-15,M02,Consumption,-13.2
2024-11-15,M02,OnHandSnapshot,216.04
2024-11-16,M02,Consumption,-10.01
2024-11-16,M02,OnHandSnapshot,206.03
2024-11-17,M02,Consumption,-10.57
2024-11-17,M02,OnHandSnapshot,195.46
2024-11-18,M02,Consumption,-9.57
2024-11-18,M02,OnHandSnapshot,185.89
2024-11-19,M02,Consumption,-9.94
2024-11-19,M02,OnHandSnapshot,175.95
2024-11-20,M02,Consumption,-10.94
2024-11-20,M02,OnHandSnapshot,165.01
2024-11-21,M02,Consumption,-12.08
2024-11-21,M02,OnHandSnapshot,152.93
2024-11-22,M02,Consumption,-13.76
2024-11-22,M02,OnHandSnapshot,139.17
2024-11-23,M02,Consumption,-9.14
2024-11-23,M02,OnHandSnapshot,130.03
2024-11-24,M02,Consumption,-10.03
2024-11-24,M02,OnHandSnapshot,120.0
2024-11-25,M02,Receipt,297.72
2024-11-25,M02,Consumption,-9.98
2024-11-25,M02,OnHandSnapshot,407.73
2024-11-26,M02,Consumption,-10.0
2024-11-26,M02,OnHandSnapshot,397.73
2024-11-27,M02,Consumption,-10.67
2024-11-27,M02,OnHandSnapshot,387.06
2024-11-28,M02,Consumption,-11.21
2024-11-28,M02,OnHandSnapshot,375.85
2024-11-29,M02,Consumption,-13.32
2024-11-29,M02,OnHandSnapshot,362.53
2024-11-30,M02,Consumption,-10.54
2024-11-30,M02,OnHandSnapshot,351.99
2024-12-01,M02,Consumption,-8.98
2024-12-01,M02,OnHandSnapshot,343.01
2024-12-02,M02,Consumption,-9.27
2024-12-02,M02,OnHandSnapshot,333.74
2024-12-03,M02,Consumption,-10.47
2024-12-03,M02,OnHandSnapshot,323.27
2024-12-04,M02,Consumption,-10.44
2024-12-04,M02,OnHandSnapshot,312.83
2024-12-05,M02,Consumption,-11.97
2024-12-05,M02,OnHandSnapshot,300.86
2024-12-06,M02,Consumption,-15.95
2024-12-06,M02,OnHandSnapshot,284.91
2024-12-07,M02,Consumption,-9.76
2024-12-07,M02,OnHandSnapshot,275.15
2024-12-08,M02,Consumption,-10.32
2024-12-08,M02,OnHandSnapshot,264.83
2024-12-09,M02,Consumption,-9.7
2024-12-09,M02,OnHandSnapshot,255.13
2024-12-10,M02,Consumption,-9.92
2024-12-10,M02,OnHandSnapshot,245.21
2024-12-11,M02,Consumption,-10.2
2024-12-11,M02,OnHandSnapshot,235.01
2024-12-12,M02,Consumption,-11.58
2024-12-12,M02,OnHandSnapshot,223.43
2024-12-13,M02,Consumption,-15.57
2024-12-13,M02,OnHandSnapshot,207.86
2024-12-14,M02,Consumption,-10.38
2024-12-14,M02,OnHandSnapshot,197.48
2024-12-15,M02,Consumption,-13.27
2024-12-15,M02,OnHandSnapshot,184.21
2024-12-16,M02,Consumption,-13.55
2024-12-16,M02,OnHandSnapshot,170.66
2024-12-17,M02,Consumption,-13.99
2024-12-17,M02,OnHandSnapshot,156.67
2024-12-18,M02,Consumption,-14.68
2024-12-18,M02,OnHandSnapshot,141.99
2024-12-19,M02,Consumption,-19.56
2024-12-19,M02,OnHandSnapshot,122.43
2024-12-20,M02,Consumption,-23.78
2024-12-20,M02,OnHandSnapshot,98.65
2024-12-21,M02,Receipt,297.72
2024-12-21,M02,Consumption,-15.4
2024-12-21,M02,OnHandSnapshot,380.97
2024-12-22,M02,Consumption,-17.51
2024-12-22,M02,OnHandSnapshot,363.46
2024-12-23,M02,Consumption,-16.19
2024-12-23,M02,OnHandSnapshot,347.27
2024-12-24,M02,Consumption,-15.12
2024-12-24,M02,OnHandSnapshot,332.15
2024-12-25,M02,Consumption,-15.35
2024-12-25,M02,OnHandSnapshot,316.8
2024-12-26,M02,Consumption,-16.27
2024-12-26,M02,OnHandSnapshot,300.53
2024-12-27,M02,Consumption,-16.97
2024-12-27,M02,OnHandSnapshot,283.56
2024-12-28,M02,Consumption,-10.68
2024-12-28,M02,OnHandSnapshot,272.88
2024-12-29,M02,Consumption,-11.18
2024-12-29,M02,OnHandSnapshot,261.7
2024-12-30,M02,Consumption,-10.75
2024-12-30,M02,OnHandSnapshot,250.95
2024-12-31,M02,Consumption,-9.64
2024-12-31,M02,OnHandSnapshot,241.31
2025-01-01,M02,Consumption,-9.41
2025-01-01,M02,OnHandSnapshot,231.9
2025-01-02,M02,Consumption,-12.08
2025-01-02,M02,OnHandSnapshot,219.82
2025-01-03,M02,Consumption,-12.93
2025-01-03,M02,OnHandSnapshot,206.89
2025-01-04,M02,Consumption,-9.66
2025-01-04,M02,OnHandSnapshot,197.23
2025-01-05,M02,Consumption,-9.84
2025-01-05,M02,OnHandSnapshot,187.39
2025-01-06,M02,Consumption,-10.11
2025-01-06,M02,OnHandSnapshot,177.28
2025-01-07,M02,Consumption,-9.18
2025-01-07,M02,OnHandSnapshot,168.1
2025-01-08,M02,Consumption,-9.74
2025-01-08,M02,OnHandSnapshot,158.36
2025-01-09,M02,Receipt,297.72
2025-01-09,M02,Consumption,-10.78
2025-01-09,M02,OnHandSnapshot,445.3
2025-01-10,M02,Consumption,-15.15
2025-01-10,M02,OnHandSnapshot,430.15
2025-01-11,M02,Consumption,-8.99
2025-01-11,M02,OnHandSnapshot,421.16
2025-01-12,M02,Consumption,-9.98
2025-01-12,M02,OnHandSnapshot,411.18
2025-01-13,M02,Consumption,-10.33
2025-01-13,M02,OnHandSnapshot,400.85
2025-01-14,M02,Consumption,-10.24
2025-01-14,M02,OnHandSnapshot,390.61
2025-01-15,M02,Consumption,-9.96
2025-01-15,M02,OnHandSnapshot,380.65
2025-01-16,M02,Consumption,-12.35
2025-01-16,M02,OnHandSnapshot,368.3
2025-01-17,M02,Consumption,-12.88
2025-01-17,M02,OnHandSnapshot,355.42
2025-01-18,M02,Consumption,-9.02
2025-01-18,M02,OnHandSnapshot,346.4
2025-01-19,M02,Consumption,-10.59
2025-01-19,M02,OnHandSnapshot,335.81
2025-01-20,M02,Consumption,-10.52
2025-01-20,M02,OnHandSnapshot,325.29
2025-01-21,M02,Consumption,-10.84
2025-01-21,M02,OnHandSnapshot,314.45
2025-01-22,M02,Consumption,-9.96
2025-01-22,M02,OnHandSnapshot,304.49
2025-01-23,M02,Consumption,-11.23
2025-01-23,M02,OnHandSnapshot,293.26
2025-01-24,M02,Consumption,-13.14
2025-01-24,M02,OnHandSnapshot,280.12
2025-01-25,M02,Consumption,-10.28
2025-01-25,M02,OnHandSnapshot,269.84
2025-01-26,M02,Consumption,-9.97
2025-01-26,M02,OnHandSnapshot,259.87
2025-01-27,M02,Consumption,-10.39
2025-01-27,M02,OnHandSnapshot,249.48
2025-01-28,M02,Consumption,-10.72
2025-01-28,M02,OnHandSnapshot,238.76
2025-01-29,M02,Consumption,-10.07
2025-01-29,M02,OnHandSnapshot,228.69
2025-01-30,M02,Consumption,-11.97
2025-01-30,M02,OnHandSnapshot,216.72
2025-01-31,M02,Consumption,-13.58
2025-01-31,M02,OnHandSnapshot,203.14
2025-02-01,M02,Consumption,-10.31
2025-02-01,M02,OnHandSnapshot,192.83
2025-02-02,M02,Consumption,-11.07
2025-02-02,M02,OnHandSnapshot,181.76
2025-02-03,M02,Consumption,-11.37
2025-02-03,M02,OnHandSnapshot,170.39
2025-02-04,M02,Consumption,-9.73
2025-02-04,M02,OnHandSnapshot,160.66
2025-02-05,M02,Consumption,-11.18
2025-02-05,M02,OnHandSnapshot,149.48
2025-02-06,M02,Consumption,-12.39
2025-02-06,M02,OnHandSnapshot,137.09
2025-02-07,M02,Consumption,-14.67
2025-02-07,M02,OnHandSnapshot,122.42
2025-02-08,M02,Receipt,297.72
2025-02-08,M02,Consumption,-10.13
2025-02-08,M02,OnHandSnapshot,410.01
2025-02-09,M02,Consumption,-10.96
2025-02-09,M02,OnHandSnapshot,399.05
2025-02-10,M02,Consumption,-9.87
2025-02-10,M02,OnHandSnapshot,389.18
2025-02-11,M02,Consumption,-10.03
2025-02-11,M02,OnHandSnapshot,379.15
2025-02-12,M02,Consumption,-10.09
2025-02-12,M02,OnHandSnapshot,369.06
2025-02-13,M02,Consumption,-12.33
2025-02-13,M02,OnHandSnapshot,356.73
2025-02-14,M02,Consumption,-14.47
2025-02-14,M02,OnHandSnapshot,342.26
2025-02-15,M02,Consumption,-9.4
2025-02-15,M02,OnHandSnapshot,332.86
2025-02-16,M02,Consumption,-11.11
2025-02-16,M02,OnHandSnapshot,321.75
2025-02-17,M02,Consumption,-9.4
2025-02-17,M02,OnHandSnapshot,312.35
2025-02-18,M02,Consumption,-10.56
2025-02-18,M02,OnHandSnapshot,301.79
2025-02-19,M02,Consumption,-10.92
2025-02-19,M02,OnHandSnapshot,290.87
2025-02-20,M02,Consumption,-11.36
2025-02-20,M02,OnHandSnapshot,279.51
2025-02-21,M02,Consumption,-13.13
2025-02-21,M02,OnHandSnapshot,266.38
2025-02-22,M02,Consumption,-10.58
2025-02-22,M02,OnHandSnapshot,255.8
2025-02-23,M02,Consumption,-10.02
2025-02-23,M02,OnHandSnapshot,245.78
2025-02-24,M02,Consumption,-9.61
2025-02-24,M02,OnHandSnapshot,236.17
2025-02-25,M02,Consumption,-10.88
2025-02-25,M02,OnHandSnapshot,225.29
2025-02-26,M02,Consumption,-9.72
2025-02-26,M02,OnHandSnapshot,215.57
2025-02-27,M02,Consumption,-12.49
2025-02-27,M02,OnHandSnapshot,203.08
2025-02-28,M02,Consumption,-14.0
2025-02-28,M02,OnHandSnapshot,189.08
2025-03-01,M02,Consumption,-10.75
2025-03-01,M02,OnHandSnapshot,178.33
2025-03-02,M02,Consumption,-13.59
2025-03-02,M02,OnHandSnapshot,164.74
2025-03-03,M02,Consumption,-15.63
2025-03-03,M02,OnHandSnapshot,149.11
2025-03-04,M02,Consumption,-16.79
2025-03-04,M02,OnHandSnapshot,132.32
2025-03-05,M02,Consumption,-18.49
2025-03-05,M02,OnHandSnapshot,113.83
2025-03-06,M02,Consumption,-23.18
2025-03-06,M02,OnHandSnapshot,90.65
2025-03-07,M02,Receipt,297.72
2025-03-07,M02,Consumption,-29.2
2025-03-07,M02,OnHandSnapshot,359.16
2025-03-08,M02,Consumption,-26.05
2025-03-08,M02,OnHandSnapshot,333.11
2025-03-09,M02,Consumption,-27.5
2025-03-09,M02,OnHandSnapshot,305.61
2025-03-10,M02,Consumption,-31.5
2025-03-10,M02,OnHandSnapshot,274.11
2025-03-11,M02,Consumption,-37.02
2025-03-11,M02,OnHandSnapshot,237.09
2025-03-12,M02,Consumption,-38.54
2025-03-12,M02,OnHandSnapshot,198.55
2025-03-13,M02,Consumption,-45.96
2025-03-13,M02,OnHandSnapshot,152.59
2025-03-14,M02,Consumption,-71.85
2025-03-14,M02,OnHandSnapshot,80.74
2025-03-15,M02,Consumption,-45.37
2025-03-15,M02,OnHandSnapshot,35.37
2025-03-16,M02,Consumption,-55.97
2025-03-16,M02,OnHandSnapshot,-20.6
2025-03-17,M02,Consumption,-57.73
2025-03-17,M02,OnHandSnapshot,-78.33
2025-03-18,M02,Consumption,-56.64
2025-03-18,M02,OnHandSnapshot,-134.97
2025-03-19,M02,Consumption,-57.25
2025-03-19,M02,OnHandSnapshot,-192.22
2025-03-20,M02,Receipt,297.72
2025-03-20,M02,Consumption,-66.01
2025-03-20,M02,OnHandSnapshot,39.49
2025-03-21,M02,Consumption,-14.35
2025-03-21,M02,OnHandSnapshot,25.14
2025-03-22,M02,Consumption,-9.73
2025-03-22,M02,OnHandSnapshot,15.41
2025-03-23,M02,Consumption,-9.61
2025-03-23,M02,OnHandSnapshot,5.8
2025-03-24,M02,Receipt,297.72
2025-03-24,M02,Consumption,-11.19
2025-03-24,M02,OnHandSnapshot,292.33
2025-03-25,M02,Consumption,-10.23
2025-03-25,M02,OnHandSnapshot,282.1
2025-03-26,M02,Consumption,-10.34
2025-03-26,M02,OnHandSnapshot,271.76
2025-03-27,M02,Consumption,-11.51
2025-03-27,M02,OnHandSnapshot,260.25
2025-03-28,M02,Consumption,-14.54
2025-03-28,M02,OnHandSnapshot,245.71
2025-03-29,M02,Consumption,-10.12
2025-03-29,M02,OnHandSnapshot,235.59
2025-03-30,M02,Consumption,-10.41
2025-03-30,M02,OnHandSnapshot,225.18
2025-03-31,M02,Consumption,-9.79
2025-03-31,M02,OnHandSnapshot,215.39
2025-04-01,M02,Consumption,-10.48
2025-04-01,M02,OnHandSnapshot,204.91
2025-04-02,M02,Consumption,-10.96
2025-04-02,M02,OnHandSnapshot,193.95
2025-04-03,M02,Consumption,-10.99
2025-04-03,M02,OnHandSnapshot,182.96
2025-04-04,M02,Consumption,-12.92
2025-04-04,M02,OnHandSnapshot,170.04
2025-04-05,M02,Consumption,-9.42
2025-04-05,M02,OnHandSnapshot,160.62
2025-04-06,M02,Receipt,297.72
2025-04-06,M02,Consumption,-9.86
2025-04-06,M02,OnHandSnapshot,448.48
2025-04-07,M02,Consumption,-10.57
2025-04-07,M02,OnHandSnapshot,437.91
2025-04-08,M02,Consumption,-10.08
2025-04-08,M02,OnHandSnapshot,427.83
2025-04-09,M02,Consumption,-9.44
2025-04-09,M02,OnHandSnapshot,418.39
2025-04-10,M02,Consumption,-11.36
2025-04-10,M02,OnHandSnapshot,407.03
2025-04-11,M02,Consumption,-13.44
2025-04-11,M02,OnHandSnapshot,393.59
2025-04-12,M02,Consumption,-9.3
2025-04-12,M02,OnHandSnapshot,384.29
2025-04-13,M02,Consumption,-10.82
2025-04-13,M02,OnHandSnapshot,373.47
2025-04-14,M02,Consumption,-10.36
2025-04-14,M02,OnHandSnapshot,363.11
2025-04-15,M02,Consumption,-10.89
2025-04-15,M02,OnHandSnapshot,352.22
2025-04-16,M02,Consumption,-9.99
2025-04-16,M02,OnHandSnapshot,342.23
2025-04-17,M02,Consumption,-12.77
2025-04-17,M02,OnHandSnapshot,329.46
2025-04-18,M02,Consumption,-13.71
2025-04-18,M02,OnHandSnapshot,315.75
2025-04-19,M02,Consumption,-10.99
2025-04-19,M02,OnHandSnapshot,304.76
2025-04-20,M02,Consumption,-9.99
2025-04-20,M02,OnHandSnapshot,294.77
2025-04-21,M02,Consumption,-9.6
2025-04-21,M02,OnHandSnapshot,285.17
2025-04-22,M02,Consumption,-9.84
2025-04-22,M02,OnHandSnapshot,275.33
2025-04-23,M02,Consumption,-10.35
2025-04-23,M02,OnHandSnapshot,264.98
2025-04-24,M02,Consumption,-11.35
2025-04-24,M02,OnHandSnapshot,253.63
2025-04-25,M02,Consumption,-14.03
2025-04-25,M02,OnHandSnapshot,239.6
2025-04-26,M02,Consumption,-9.83
2025-04-26,M02,OnHandSnapshot,229.77
2025-04-27,M02,Consumption,-10.71
2025-04-27,M02,OnHandSnapshot,219.06
2025-04-28,M02,Consumption,-10.68
2025-04-28,M02,OnHandSnapshot,208.38
2025-04-29,M02,Consumption,-10.42
2025-04-29,M02,OnHandSnapshot,197.96
2025-04-30,M02,Consumption,-9.85
2025-04-30,M02,OnHandSnapshot,188.11
2025-05-01,M02,Consumption,-11.67
2025-05-01,M02,OnHandSnapshot,176.44
2025-05-02,M02,Consumption,-13.31
2025-05-02,M02,OnHandSnapshot,163.13
2025-05-03,M02,Consumption,-10.22
2025-05-03,M02,OnHandSnapshot,152.91
2025-05-04,M02,Consumption,-11.42
2025-05-04,M02,OnHandSnapshot,141.49
2025-05-05,M02,Receipt,297.72
2025-05-05,M02,Consumption,-9.96
2025-05-05,M02,OnHandSnapshot,429.24
2025-05-06,M02,Consumption,-10.02
2025-05-06,M02,OnHandSnapshot,419.22
2025-05-07,M02,Consumption,-11.19
2025-05-07,M02,OnHandSnapshot,408.03
2025-05-08,M02,Consumption,-11.69
2025-05-08,M02,OnHandSnapshot,396.34
2025-05-09,M02,Consumption,-15.09
2025-05-09,M02,OnHandSnapshot,381.25
2025-05-10,M02,Consumption,-9.5
2025-05-10,M02,OnHandSnapshot,371.75
2025-05-11,M02,Consumption,-10.16
2025-05-11,M02,OnHandSnapshot,361.59
2025-05-12,M02,Consumption,-10.74
2025-05-12,M02,OnHandSnapshot,350.85
2025-05-13,M02,Consumption,-10.53
2025-05-13,M02,OnHandSnapshot,340.32
2025-05-14,M02,Consumption,-11.39
2025-05-14,M02,OnHandSnapshot,328.93
2025-05-15,M02,Consumption,-11.57
2025-05-15,M02,OnHandSnapshot,317.36
2025-05-16,M02,Consumption,-14.63
2025-05-16,M02,OnHandSnapshot,302.73
2025-05-17,M02,Consumption,-9.92
2025-05-17,M02,OnHandSnapshot,292.81
2025-05-18,M02,Consumption,-10.28
2025-05-18,M02,OnHandSnapshot,282.53
2025-05-19,M02,Consumption,-10.37
2025-05-19,M02,OnHandSnapshot,272.16
2025-05-20,M02,Consumption,-10.2
2025-05-20,M02,OnHandSnapshot,261.96
2025-05-21,M02,Consumption,-11.57
2025-05-21,M02,OnHandSnapshot,250.39
2025-05-22,M02,Consumption,-11.4
2025-05-22,M02,OnHandSnapshot,238.99
2025-05-23,M02,Consumption,-13.4
2025-05-23,M02,OnHandSnapshot,225.59
2025-05-24,M02,Consumption,-9.08
2025-05-24,M02,OnHandSnapshot,216.51
2025-05-25,M02,Consumption,-10.35
2025-05-25,M02,OnHandSnapshot,206.16
2025-05-26,M02,Consumption,-10.95
2025-05-26,M02,OnHandSnapshot,195.21
2025-05-27,M02,Consumption,-10.29
2025-05-27,M02,OnHandSnapshot,184.92
2025-05-28,M02,Consumption,-10.25
2025-05-28,M02,OnHandSnapshot,174.67
2025-05-29,M02,Consumption,-11.92
2025-05-29,M02,OnHandSnapshot,162.75
2025-05-30,M02,Consumption,-14.22
2025-05-30,M02,OnHandSnapshot,148.53
2025-05-31,M02,Consumption,-9.72
2025-05-31,M02,OnHandSnapshot,138.81
2025-06-01,M02,Consumption,-11.38
2025-06-01,M02,OnHandSnapshot,127.43
2025-06-02,M02,Receipt,297.72
2025-06-02,M02,Consumption,-10.54
2025-06-02,M02,OnHandSnapshot,414.61
2025-06-03,M02,Consumption,-10.84
2025-06-03,M02,OnHandSnapshot,403.77
2025-06-04,M02,Consumption,-10.08
2025-06-04,M02,OnHandSnapshot,393.69
2025-06-05,M02,Consumption,-13.48
2025-06-05,M02,OnHandSnapshot,380.21
2025-06-06,M02,Consumption,-14.34
2025-06-06,M02,OnHandSnapshot,365.87
2025-06-07,M02,Consumption,-9.75
2025-06-07,M02,OnHandSnapshot,356.12
2025-06-08,M02,Consumption,-11.22
2025-06-08,M02,OnHandSnapshot,344.9
2025-06-09,M02,Consumption,-10.17
2025-06-09,M02,OnHandSnapshot,334.73
2025-06-10,M02,Consumption,-10.7
2025-06-10,M02,OnHandSnapshot,324.03
2025-06-11,M02,Consumption,-10.82
2025-06-11,M02,OnHandSnapshot,313.21
2025-06-12,M02,Consumption,-12.9
2025-06-12,M02,OnHandSnapshot,300.31
2025-06-13,M02,Consumption,-14.07
2025-06-13,M02,OnHandSnapshot,286.24
2025-06-14,M02,Consumption,-9.84
2025-06-14,M02,OnHandSnapshot,276.4
2025-06-15,M02,Consumption,-9.47
2025-06-15,M02,OnHandSnapshot,266.93
2025-06-16,M02,Consumption,-9.82
2025-06-16,M02,OnHandSnapshot,257.11
2025-06-17,M02,Consumption,-10.75
2025-06-17,M02,OnHandSnapshot,246.36
2025-06-18,M02,Consumption,-10.08
2025-06-18,M02,OnHandSnapshot,236.28
2025-06-19,M02,Consumption,-12.83
2025-06-19,M02,OnHandSnapshot,223.45
2025-06-20,M02,Consumption,-14.0
2025-06-20,M02,OnHandSnapshot,209.45
2025-06-21,M02,Consumption,-9.92
2025-06-21,M02,OnHandSnapshot,199.53
2025-06-22,M02,Consumption,-10.22
2025-06-22,M02,OnHandSnapshot,189.31
2025-06-23,M02,Consumption,-10.43
2025-06-23,M02,OnHandSnapshot,178.88
2025-06-24,M02,Consumption,-10.48
2025-06-24,M02,OnHandSnapshot,168.4
2025-06-25,M02,Consumption,-10.86
2025-06-25,M02,OnHandSnapshot,157.54
2025-06-26,M02,Consumption,-11.83
2025-06-26,M02,OnHandSnapshot,145.71
2025-06-27,M02,Consumption,-13.42
2025-06-27,M02,OnHandSnapshot,132.29
2025-06-28,M02,Consumption,-10.35
2025-06-28,M02,OnHandSnapshot,121.94
2025-06-29,M02,Receipt,297.72
2025-06-29,M02,Consumption,-9.61
2025-06-29,M02,OnHandSnapshot,410.05
2025-06-30,M02,Consumption,-10.98
2025-06-30,M02,OnHandSnapshot,399.07
2025-07-01,M02,Consumption,-10.63
2025-07-01,M02,OnHandSnapshot,388.44
2025-07-02,M02,Consumption,-10.95
2025-07-02,M02,OnHandSnapshot,377.49
2025-07-03,M02,Consumption,-12.19
2025-07-03,M02,OnHandSnapshot,365.3
2025-07-04,M02,Consumption,-14.36
2025-07-04,M02,OnHandSnapshot,350.94
2025-07-05,M02,Consumption,-9.46
2025-07-05,M02,OnHandSnapshot,341.48
2025-07-06,M02,Consumption,-9.91
2025-07-06,M02,OnHandSnapshot,331.57
2025-07-07,M02,Consumption,-10.4
2025-07-07,M02,OnHandSnapshot,321.17
2025-07-08,M02,Consumption,-10.67
2025-07-08,M02,OnHandSnapshot,310.5
2025-07-09,M02,Consumption,-10.38
2025-07-09,M02,OnHandSnapshot,300.12
2025-07-10,M02,Consumption,-12.86
2025-07-10,M02,OnHandSnapshot,287.26
2025-07-11,M02,Consumption,-13.9
2025-07-11,M02,OnHandSnapshot,273.36
2025-07-12,M02,Consumption,-10.22
2025-07-12,M02,OnHandSnapshot,263.14
2025-07-13,M02,Consumption,-10.31
2025-07-13,M02,OnHandSnapshot,252.83
2025-07-14,M02,Consumption,-10.87
2025-07-14,M02,OnHandSnapshot,241.96
2025-07-15,M02,Consumption,-9.95
2025-07-15,M02,OnHandSnapshot,232.01
2025-07-16,M02,Consumption,-10.64
2025-07-16,M02,OnHandSnapshot,221.37
2025-07-17,M02,Consumption,-11.73
2025-07-17,M02,OnHandSnapshot,209.64
2025-07-18,M02,Consumption,-13.59
2025-07-18,M02,OnHandSnapshot,196.05
2025-07-19,M02,Consumption,-9.24
2025-07-19,M02,OnHandSnapshot,186.81
2025-07-20,M02,Consumption,-10.85
2025-07-20,M02,OnHandSnapshot,175.96
2025-07-21,M02,Consumption,-10.56
2025-07-21,M02,OnHandSnapshot,165.4
2025-07-22,M02,Consumption,-10.92
2025-07-22,M02,OnHandSnapshot,154.48
2025-07-23,M02,Receipt,297.72
2025-07-23,M02,Consumption,-10.44
2025-07-23,M02,OnHandSnapshot,441.76
2025-07-24,M02,Consumption,-13.82
2025-07-24,M02,OnHandSnapshot,427.94
2025-07-25,M02,Consumption,-14.88
2025-07-25,M02,OnHandSnapshot,413.06
2025-07-26,M02,Consumption,-10.7
2025-07-26,M02,OnHandSnapshot,402.36
2025-07-27,M02,Consumption,-10.54
2025-07-27,M02,OnHandSnapshot,391.82
2025-07-28,M02,Consumption,-11.17
2025-07-28,M02,OnHandSnapshot,380.65
2025-07-29,M02,Consumption,-10.24
2025-07-29,M02,OnHandSnapshot,370.41
2025-07-30,M02,Consumption,-9.72
2025-07-30,M02,OnHandSnapshot,360.69
2025-07-31,M02,Consumption,-11.51
2025-07-31,M02,OnHandSnapshot,349.18
2025-08-01,M02,Consumption,-13.96
2025-08-01,M02,OnHandSnapshot,335.22
2025-08-02,M02,Consumption,-9.6
2025-08-02,M02,OnHandSnapshot,325.62
2025-08-03,M02,Consumption,-9.78
2025-08-03,M02,OnHandSnapshot,315.84
2025-08-04,M02,Consumption,-10.02
2025-08-04,M02,OnHandSnapshot,305.82
2025-08-05,M02,Consumption,-10.33
2025-08-05,M02,OnHandSnapshot,295.49
2025-08-06,M02,Consumption,-9.94
2025-08-06,M02,OnHandSnapshot,285.55
2025-08-07,M02,Consumption,-12.89
2025-08-07,M02,OnHandSnapshot,272.66
2025-08-08,M02,Consumption,-12.85
2025-08-08,M02,OnHandSnapshot,259.81
2025-08-09,M02,Consumption,-8.88
2025-08-09,M02,OnHandSnapshot,250.93
2025-08-10,M02,Consumption,-10.72
2025-08-10,M02,OnHandSnapshot,240.21
2025-08-11,M02,Consumption,-11.87
2025-08-11,M02,OnHandSnapshot,228.34
2025-08-12,M02,Consumption,-11.23
2025-08-12,M02,OnHandSnapshot,217.11
2025-08-13,M02,Consumption,-10.98
2025-08-13,M02,OnHandSnapshot,206.13
2025-08-14,M02,Consumption,-12.06
2025-08-14,M02,OnHandSnapshot,194.07
2025-08-15,M02,Consumption,-14.64
2025-08-15,M02,OnHandSnapshot,179.43
2025-08-16,M02,Consumption,-10.09
2025-08-16,M02,OnHandSnapshot,169.34
2025-08-17,M02,Consumption,-11.04
2025-08-17,M02,OnHandSnapshot,158.3
2025-08-18,M02,Consumption,-10.76
2025-08-18,M02,OnHandSnapshot,147.54
2025-08-19,M02,Consumption,-10.03
2025-08-19,M02,OnHandSnapshot,137.51
2025-08-20,M02,Receipt,297.72
2025-08-20,M02,Consumption,-10.31
2025-08-20,M02,OnHandSnapshot,424.91
2025-08-21,M02,Consumption,-12.04
2025-08-21,M02,OnHandSnapshot,412.87
2025-08-22,M02,Consumption,-13.89
2025-08-22,M02,OnHandSnapshot,398.98
2025-08-23,M02,Consumption,-10.67
2025-08-23,M02,OnHandSnapshot,388.31
2025-08-24,M02,Consumption,-10.45
2025-08-24,M02,OnHandSnapshot,377.86
2025-08-25,M02,Consumption,-10.48
2025-08-25,M02,OnHandSnapshot,367.38
2025-08-26,M02,Consumption,-11.09
2025-08-26,M02,OnHandSnapshot,356.29
2025-08-27,M02,Consumption,-10.41
2025-08-27,M02,OnHandSnapshot,345.88
2025-08-28,M02,Consumption,-11.45
2025-08-28,M02,OnHandSnapshot,334.43
2025-08-29,M02,Consumption,-14.52
2025-08-29,M02,OnHandSnapshot,319.91
2025-08-30,M02,Consumption,-10.91
2025-08-30,M02,OnHandSnapshot,309.0
2025-08-31,M02,Consumption,-10.12
2025-08-31,M02,OnHandSnapshot,298.88
2025-09-01,M02,Consumption,-10.29
2025-09-01,M02,OnHandSnapshot,288.59
2025-09-02,M02,Consumption,-10.0
2025-09-02,M02,OnHandSnapshot,278.59
2025-09-03,M02,Consumption,-10.98
2025-09-03,M02,OnHandSnapshot,267.61
2025-09-04,M02,Consumption,-13.12
2025-09-04,M02,OnHandSnapshot,254.49
2025-09-05,M02,Consumption,-13.76
2025-09-05,M02,OnHandSnapshot,240.73
2025-09-06,M02,Consumption,-9.22
2025-09-06,M02,OnHandSnapshot,231.51
2025-09-07,M02,Consumption,-10.65
2025-09-07,M02,OnHandSnapshot,220.86
2025-09-08,M02,Consumption,-9.89
2025-09-08,M02,OnHandSnapshot,210.97
2025-09-09,M02,Consumption,-10.64
2025-09-09,M02,OnHandSnapshot,200.33
2025-09-10,M02,Consumption,-10.3
2025-09-10,M02,OnHandSnapshot,190.03
2025-09-11,M02,Consumption,-12.3
2025-09-11,M02,OnHandSnapshot,177.73
2025-09-12,M02,Consumption,-13.89
2025-09-12,M02,OnHandSnapshot,163.84
2025-09-13,M02,Consumption,-9.79
2025-09-13,M02,OnHandSnapshot,154.05
2025-09-14,M02,Consumption,-11.05
2025-09-14,M02,OnHandSnapshot,143.0
2025-09-15,M02,Consumption,-9.98
2025-09-15,M02,OnHandSnapshot,133.02
2025-09-16,M02,Receipt,297.72
2025-09-16,M02,Consumption,-11.11
2025-09-16,M02,OnHandSnapshot,419.63
2025-09-17,M02,Consumption,-11.29
2025-09-17,M02,OnHandSnapshot,408.34
2025-09-18,M02,Consumption,-11.97
2025-09-18,M02,OnHandSnapshot,396.37
2025-09-19,M02,Consumption,-14.52
2025-09-19,M02,OnHandSnapshot,381.85
2025-09-20,M02,Consumption,-10.56
2025-09-20,M02,OnHandSnapshot,371.29
2025-09-21,M02,Consumption,-11.33
2025-09-21,M02,OnHandSnapshot,359.96
2025-09-22,M02,Consumption,-11.03
2025-09-22,M02,OnHandSnapshot,348.93
2025-09-23,M02,Consumption,-11.1
2025-09-23,M02,OnHandSnapshot,337.83
2025-09-24,M02,Consumption,-10.11
2025-09-24,M02,OnHandSnapshot,327.72
2025-09-25,M02,Consumption,-12.58
2025-09-25,M02,OnHandSnapshot,315.14
2025-09-26,M02,Consumption,-12.97
2025-09-26,M02,OnHandSnapshot,302.17
2025-09-27,M02,Consumption,-9.87
2025-09-27,M02,OnHandSnapshot,292.3
2025-09-28,M02,Consumption,-10.31
2025-09-28,M02,OnHandSnapshot,281.99
2025-09-29,M02,Consumption,-9.99
2025-09-29,M02,OnHandSnapshot,272.0
2025-09-30,M02,Consumption,-10.43
2025-09-30,M02,OnHandSnapshot,261.57
2025-10-01,M02,Consumption,-10.38
2025-10-01,M02,OnHandSnapshot,251.19
2025-10-02,M02,Consumption,-12.0
2025-10-02,M02,OnHandSnapshot,239.19
2025-10-03,M02,Consumption,-13.95
2025-10-03,M02,OnHandSnapshot,225.24
2025-10-04,M02,Consumption,-10.06
2025-10-04,M02,OnHandSnapshot,215.18
2025-10-05,M02,Consumption,-10.67
2025-10-05,M02,OnHandSnapshot,204.51
2025-10-06,M02,Consumption,-12.13
2025-10-06,M02,OnHandSnapshot,192.38
2025-10-07,M02,Consumption,-10.76
2025-10-07,M02,OnHandSnapshot,181.62
2025-10-08,M02,Consumption,-10.17
2025-10-08,M02,OnHandSnapshot,171.45
2025-10-09,M02,Consumption,-13.02
2025-10-09,M02,OnHandSnapshot,158.43
2025-10-10,M02,Consumption,-14.09
2025-10-10,M02,OnHandSnapshot,144.34
2025-10-11,M02,Receipt,297.72
2025-10-11,M02,Consumption,-9.5
2025-10-11,M02,OnHandSnapshot,432.56
2025-10-12,M02,Consumption,-9.97
2025-10-12,M02,OnHandSnapshot,422.59
2025-10-13,M02,Consumption,-11.55
2025-10-13,M02,OnHandSnapshot,411.04
2025-10-14,M02,Consumption,-11.11
2025-10-14,M02,OnHandSnapshot,399.93
2025-10-15,M02,Consumption,-10.55
2025-10-15,M02,OnHandSnapshot,389.38
2025-10-16,M02,Consumption,-12.55
2025-10-16,M02,OnHandSnapshot,376.83
2025-10-17,M02,Consumption,-14.56
2025-10-17,M02,OnHandSnapshot,362.27
2025-10-18,M02,Consumption,-11.17
2025-10-18,M02,OnHandSnapshot,351.1
2025-10-19,M02,Consumption,-11.14
2025-10-19,M02,OnHandSnapshot,339.96
2025-10-20,M02,Consumption,-11.51
2025-10-20,M02,OnHandSnapshot,328.45
2025-10-21,M02,Consumption,-10.11
2025-10-21,M02,OnHandSnapshot,318.34
2025-10-22,M02,Consumption,-11.29
2025-10-22,M02,OnHandSnapshot,307.05
2025-10-23,M02,Consumption,-12.6
2025-10-23,M02,OnHandSnapshot,294.45
2025-10-24,M02,Consumption,-13.65
2025-10-24,M02,OnHandSnapshot,280.8
2025-10-25,M02,Consumption,-9.53
2025-10-25,M02,OnHandSnapshot,271.27
2025-10-26,M02,Consumption,-11.53
2025-10-26,M02,OnHandSnapshot,259.74
2025-10-27,M02,Consumption,-11.05
2025-10-27,M02,OnHandSnapshot,248.69
2025-10-28,M02,Consumption,-11.52
2025-10-28,M02,OnHandSnapshot,237.17
2025-10-29,M02,Consumption,-11.81
2025-10-29,M02,OnHandSnapshot,225.36
2025-10-30,M02,Consumption,-12.8
2025-10-30,M02,OnHandSnapshot,212.56
2025-10-31,M02,Consumption,-14.31
2025-10-31,M02,OnHandSnapshot,198.25
2025-11-01,M02,Consumption,-10.24
2025-11-01,M02,OnHandSnapshot,188.01
2025-11-02,M02,Consumption,-10.45
2025-11-02,M02,OnHandSnapshot,177.56
2025-11-03,M02,Consumption,-10.73
2025-11-03,M02,OnHandSnapshot,166.83
2025-11-04,M02,Consumption,-10.83
2025-11-04,M02,OnHandSnapshot,156.0
2025-11-05,M02,Consumption,-10.54
2025-11-05,M02,OnHandSnapshot,145.46
2025-11-06,M02,Consumption,-12.85
2025-11-06,M02,OnHandSnapshot,132.61
2025-11-07,M02,Receipt,297.72
2025-11-07,M02,Consumption,-15.23
2025-11-07,M02,OnHandSnapshot,415.1
2025-11-08,M02,Consumption,-10.62
2025-11-08,M02,OnHandSnapshot,404.48
2025-11-09,M02,Consumption,-10.8
2025-11-09,M02,OnHandSnapshot,393.68
2025-11-10,M02,Consumption,-10.6
2025-11-10,M02,OnHandSnapshot,383.08
2025-11-11,M02,Consumption,-11.92
2025-11-11,M02,OnHandSnapshot,371.16
2025-11-12,M02,Consumption,-11.59
2025-11-12,M02,OnHandSnapshot,359.57
2025-11-13,M02,Consumption,-12.5
2025-11-13,M02,OnHandSnapshot,347.07
2025-11-14,M02,Consumption,-14.18
2025-11-14,M02,OnHandSnapshot,332.89
2025-11-15,M02,Consumption,-10.74
2025-11-15,M02,OnHandSnapshot,322.15
2025-11-16,M02,Consumption,-10.59
2025-11-16,M02,OnHandSnapshot,311.56
2025-11-17,M02,Consumption,-10.3
2025-11-17,M02,OnHandSnapshot,301.26
2025-11-18,M02,Consumption,-10.97
2025-11-18,M02,OnHandSnapshot,290.29
2025-11-19,M02,Consumption,-10.45
2025-11-19,M02,OnHandSnapshot,279.84
2025-11-20,M02,Consumption,-12.45
2025-11-20,M02,OnHandSnapshot,267.39
2025-11-21,M02,Consumption,-14.02
2025-11-21,M02,OnHandSnapshot,253.37
2025-11-22,M02,Consumption,-10.13
2025-11-22,M02,OnHandSnapshot,243.24
2025-11-23,M02,Consumption,-10.48
2025-11-23,M02,OnHandSnapshot,232.76
2025-11-24,M02,Consumption,-11.04
2025-11-24,M02,OnHandSnapshot,221.72
2025-11-25,M02,Consumption,-10.32
2025-11-25,M02,OnHandSnapshot,211.4
2025-11-26,M02,Consumption,-10.71
2025-11-26,M02,OnHandSnapshot,200.69
2025-11-27,M02,Consumption,-12.07
2025-11-27,M02,OnHandSnapshot,188.62
2025-11-28,M02,Consumption,-14.25
2025-11-28,M02,OnHandSnapshot,174.37
2025-11-29,M02,Consumption,-9.62
2025-11-29,M02,OnHandSnapshot,164.75
2025-11-30,M02,Consumption,-10.48
2025-11-30,M02,OnHandSnapshot,154.27
2025-12-01,M02,Consumption,-10.38
2025-12-01,M02,OnHandSnapshot,143.89
2025-12-02,M02,Consumption,-11.16
2025-12-02,M02,OnHandSnapshot,132.73
2025-12-03,M02,Consumption,-10.53
2025-12-03,M02,OnHandSnapshot,122.2
2025-12-04,M02,Receipt,297.72
2025-12-04,M02,Consumption,-11.91
2025-12-04,M02,OnHandSnapshot,408.0
2025-12-05,M02,Consumption,-14.67
2025-12-05,M02,OnHandSnapshot,393.33
2025-12-06,M02,Consumption,-10.56
2025-12-06,M02,OnHandSnapshot,382.77
2025-12-07,M02,Consumption,-11.66
2025-12-07,M02,OnHandSnapshot,371.11
2025-12-08,M02,Consumption,-9.5
2025-12-08,M02,OnHandSnapshot,361.61
2025-12-09,M02,Consumption,-10.85
2025-12-09,M02,OnHandSnapshot,350.76
2025-12-10,M02,Consumption,-10.45
2025-12-10,M02,OnHandSnapshot,340.31
2025-12-11,M02,Consumption,-13.05
2025-12-11,M02,OnHandSnapshot,327.26
2025-12-12,M02,Consumption,-15.0
2025-12-12,M02,OnHandSnapshot,312.26
2025-12-13,M02,Consumption,-12.06
2025-12-13,M02,OnHandSnapshot,300.2
2025-12-14,M02,Consumption,-12.53
2025-12-14,M02,OnHandSnapshot,287.67
2025-12-15,M02,Consumption,-13.11
2025-12-15,M02,OnHandSnapshot,274.56
2025-12-16,M02,Consumption,-13.79
2025-12-16,M02,OnHandSnapshot,260.77
2025-12-17,M02,Consumption,-15.27
2025-12-17,M02,OnHandSnapshot,245.5
2025-12-18,M02,Consumption,-20.42
2025-12-18,M02,OnHandSnapshot,225.08
2025-12-19,M02,Consumption,-24.13
2025-12-19,M02,OnHandSnapshot,200.95
2025-12-20,M02,Consumption,-15.75
2025-12-20,M02,OnHandSnapshot,185.2
2025-12-21,M02,Consumption,-19.92
2025-12-21,M02,OnHandSnapshot,165.28
2025-12-22,M02,Consumption,-18.01
2025-12-22,M02,OnHandSnapshot,147.27
2025-12-23,M02,Consumption,-17.91
2025-12-23,M02,OnHandSnapshot,129.36
2025-12-24,M02,Consumption,-16.3
2025-12-24,M02,OnHandSnapshot,113.06
2025-12-25,M02,Receipt,297.72
2025-12-25,M02,Consumption,-18.64
2025-12-25,M02,OnHandSnapshot,392.14
2025-12-26,M02,Consumption,-21.15
2025-12-26,M02,OnHandSnapshot,370.99
2025-12-27,M02,Consumption,-12.34
2025-12-27,M02,OnHandSnapshot,358.65
2025-12-28,M02,Consumption,-13.6
2025-12-28,M02,OnHandSnapshot,345.05
2025-12-29,M02,Consumption,-11.81
2025-12-29,M02,OnHandSnapshot,333.24
2025-12-30,M02,Consumption,-12.31
2025-12-30,M02,OnHandSnapshot,320.93
2025-12-31,M02,Consumption,-10.81
2025-12-31,M02,OnHandSnapshot,310.12
2024-01-01,M03,Consumption,-139.09
2024-01-01,M03,OnHandSnapshot,1742.63
2024-01-02,M03,Consumption,-130.43
2024-01-02,M03,OnHandSnapshot,1612.2
2024-01-03,M03,Consumption,-130.59
2024-01-03,M03,OnHandSnapshot,1481.61
2024-01-04,M03,Consumption,-151.39
2024-01-04,M03,OnHandSnapshot,1330.22
2024-01-05,M03,Receipt,2587.37
2024-01-05,M03,Consumption,-178.98
2024-01-05,M03,OnHandSnapshot,3738.61
2024-01-06,M03,Consumption,-128.07
2024-01-06,M03,OnHandSnapshot,3610.54
2024-01-07,M03,Consumption,-129.56
2024-01-07,M03,OnHandSnapshot,3480.98
2024-01-08,M03,Consumption,-136.38
2024-01-08,M03,OnHandSnapshot,3344.6
2024-01-09,M03,Consumption,-131.43
2024-01-09,M03,OnHandSnapshot,3213.17
2024-01-10,M03,Consumption,-133.59
2024-01-10,M03,OnHandSnapshot,3079.58
2024-01-11,M03,Consumption,-157.75
2024-01-11,M03,OnHandSnapshot,2921.83
2024-01-12,M03,Consumption,-189.11
2024-01-12,M03,OnHandSnapshot,2732.72
2024-01-13,M03,Consumption,-130.51
2024-01-13,M03,OnHandSnapshot,2602.22
2024-01-14,M03,Consumption,-137.57
2024-01-14,M03,OnHandSnapshot,2464.65
2024-01-15,M03,Consumption,-138.26
2024-01-15,M03,OnHandSnapshot,2326.38
2024-01-16,M03,Consumption,-134.85
2024-01-16,M03,OnHandSnapshot,2191.53
2024-01-17,M03,Consumption,-134.4
2024-01-17,M03,OnHandSnapshot,2057.13
2024-01-18,M03,Consumption,-149.87
2024-01-18,M03,OnHandSnapshot,1907.26
2024-01-19,M03,Consumption,-182.13
2024-01-19,M03,OnHandSnapshot,1725.13
2024-01-20,M03,Consumption,-130.94
2024-01-20,M03,OnHandSnapshot,1594.19
2024-01-21,M03,Consumption,-134.7
2024-01-21,M03,OnHandSnapshot,1459.49
2024-01-22,M03,Consumption,-133.38
2024-01-22,M03,OnHandSnapshot,1326.11
2024-01-23,M03,Consumption,-143.33
2024-01-23,M03,OnHandSnapshot,1182.78
2024-01-24,M03,Consumption,-132.67
2024-01-24,M03,OnHandSnapshot,1050.11
2024-01-25,M03,Receipt,2587.37
2024-01-25,M03,Consumption,-158.49
2024-01-25,M03,OnHandSnapshot,3478.99
2024-01-26,M03,Consumption,-184.95
2024-01-26,M03,OnHandSnapshot,3294.04
2024-01-27,M03,Consumption,-137.03
2024-01-27,M03,OnHandSnapshot,3157.01
2024-01-28,M03,Consumption,-136.78
2024-01-28,M03,OnHandSnapshot,3020.24
2024-01-29,M03,Consumption,-135.79
2024-01-29,M03,OnHandSnapshot,2884.44
2024-01-30,M03,Consumption,-135.47
2024-01-30,M03,OnHandSnapshot,2748.98
2024-01-31,M03,Consumption,-139.9
2024-01-31,M03,OnHandSnapshot,2609.08
2024-02-01,M03,Consumption,-159.94
2024-02-01,M03,OnHandSnapshot,2449.14
2024-02-02,M03,Consumption,-182.33
2024-02-02,M03,OnHandSnapshot,2266.81
2024-02-03,M03,Consumption,-128.77
2024-02-03,M03,OnHandSnapshot,2138.04
2024-02-04,M03,Consumption,-136.38
2024-02-04,M03,OnHandSnapshot,2001.66
2024-02-05,M03,Consumption,-137.94
2024-02-05,M03,OnHandSnapshot,1863.72
2024-02-06,M03,Consumption,-134.79
2024-02-06,M03,OnHandSnapshot,1728.93
2024-02-07,M03,Consumption,-127.95
2024-02-07,M03,OnHandSnapshot,1600.98
2024-02-08,M03,Consumption,-156.95
2024-02-08,M03,OnHandSnapshot,1444.03
2024-02-09,M03,Consumption,-180.48
2024-02-09,M03,OnHandSnapshot,1263.55
2024-02-10,M03,Consumption,-127.86
2024-02-10,M03,OnHandSnapshot,1135.69
2024-02-11,M03,Consumption,-131.31
2024-02-11,M03,OnHandSnapshot,1004.37
2024-02-12,M03,Receipt,2587.37
2024-02-12,M03,Consumption,-141.23
2024-02-12,M03,OnHandSnapshot,3450.51
2024-02-13,M03,Consumption,-140.61
2024-02-13,M03,OnHandSnapshot,3309.9
2024-02-14,M03,Consumption,-140.26
2024-02-14,M03,OnHandSnapshot,3169.65
2024-02-15,M03,Consumption,-160.24
2024-02-15,M03,OnHandSnapshot,3009.41
2024-02-16,M03,Consumption,-184.47
2024-02-16,M03,OnHandSnapshot,2824.94
2024-02-17,M03,Consumption,-134.5
2024-02-17,M03,OnHandSnapshot,2690.44
2024-02-18,M03,Consumption,-130.36
2024-02-18,M03,OnHandSnapshot,2560.08
2024-02-19,M03,Consumption,-128.89
2024-02-19,M03,OnHandSnapshot,2431.19
2024-02-20,M03,Consumption,-131.44
2024-02-20,M03,OnHandSnapshot,2299.75
2024-02-21,M03,Consumption,-134.9
2024-02-21,M03,OnHandSnapshot,2164.85
2024-02-22,M03,Consumption,-157.65
2024-02-22,M03,OnHandSnapshot,2007.19
2024-02-23,M03,Consumption,-185.63
2024-02-23,M03,OnHandSnapshot,1821.56
2024-02-24,M03,Consumption,-127.14
2024-02-24,M03,OnHandSnapshot,1694.42
2024-02-25,M03,Consumption,-139.62
2024-02-25,M03,OnHandSnapshot,1554.81
2024-02-26,M03,Receipt,2587.37
2024-02-26,M03,Consumption,-139.38
2024-02-26,M03,OnHandSnapshot,4002.79
2024-02-27,M03,Consumption,-146.24
2024-02-27,M03,OnHandSnapshot,3856.55
2024-02-28,M03,Consumption,-134.02
2024-02-28,M03,OnHandSnapshot,3722.53
2024-02-29,M03,Consumption,-154.78
2024-02-29,M03,OnHandSnapshot,3567.76
2024-03-01,M03,Consumption,-185.51
2024-03-01,M03,OnHandSnapshot,3382.25
2024-03-02,M03,Consumption,-134.16
2024-03-02,M03,OnHandSnapshot,3248.09
2024-03-03,M03,Consumption,-151.65
2024-03-03,M03,OnHandSnapshot,3096.44
2024-03-04,M03,Consumption,-146.43
2024-03-04,M03,OnHandSnapshot,2950.01
2024-03-05,M03,Consumption,-140.24
2024-03-05,M03,OnHandSnapshot,2809.77
2024-03-06,M03,Consumption,-149.62
2024-03-06,M03,OnHandSnapshot,2660.14
2024-03-07,M03,Consumption,-174.53
2024-03-07,M03,OnHandSnapshot,2485.61
2024-03-08,M03,Consumption,-219.93
2024-03-08,M03,OnHandSnapshot,2265.68
2024-03-09,M03,Consumption,-160.92
2024-03-09,M03,OnHandSnapshot,2104.76
2024-03-10,M03,Consumption,-170.15
2024-03-10,M03,OnHandSnapshot,1934.62
2024-03-11,M03,Consumption,-179.2
2024-03-11,M03,OnHandSnapshot,1755.42
2024-03-12,M03,Consumption,-181.89
2024-03-12,M03,OnHandSnapshot,1573.53
2024-03-13,M03,Consumption,-178.4
2024-03-13,M03,OnHandSnapshot,1395.13
2024-03-14,M03,Receipt,2587.37
2024-03-14,M03,Consumption,-215.76
2024-03-14,M03,OnHandSnapshot,3766.74
2024-03-15,M03,Consumption,-254.02
2024-03-15,M03,OnHandSnapshot,3512.72
2024-03-16,M03,Consumption,-184.76
2024-03-16,M03,OnHandSnapshot,3327.96
2024-03-17,M03,Consumption,-190.01
2024-03-17,M03,OnHandSnapshot,3137.95
2024-03-18,M03,Consumption,-195.64
2024-03-18,M03,OnHandSnapshot,2942.31
2024-03-19,M03,Consumption,-204.22
2024-03-19,M03,OnHandSnapshot,2738.1
2024-03-20,M03,Consumption,-197.14
2024-03-20,M03,OnHandSnapshot,2540.96
2024-03-21,M03,Consumption,-167.72
2024-03-21,M03,OnHandSnapshot,2373.25
2024-03-22,M03,Consumption,-185.48
2024-03-22,M03,OnHandSnapshot,2187.77
2024-03-23,M03,Consumption,-131.8
2024-03-23,M03,OnHandSnapshot,2055.97
2024-03-24,M03,Consumption,-146.11
2024-03-24,M03,OnHandSnapshot,1909.86
2024-03-25,M03,Consumption,-135.56
2024-03-25,M03,OnHandSnapshot,1774.29
2024-03-26,M03,Consumption,-143.71
2024-03-26,M03,OnHandSnapshot,1630.58
2024-03-27,M03,Consumption,-139.4
2024-03-27,M03,OnHandSnapshot,1491.18
2024-03-28,M03,Consumption,-158.1
2024-03-28,M03,OnHandSnapshot,1333.08
2024-03-29,M03,Receipt,2587.37
2024-03-29,M03,Consumption,-194.62
2024-03-29,M03,OnHandSnapshot,3725.83
2024-03-30,M03,Consumption,-128.33
2024-03-30,M03,OnHandSnapshot,3597.5
2024-03-31,M03,Consumption,-151.42
2024-03-31,M03,OnHandSnapshot,3446.08
2024-04-01,M03,Consumption,-142.42
2024-04-01,M03,OnHandSnapshot,3303.66
2024-04-02,M03,Consumption,-137.6
2024-04-02,M03,OnHandSnapshot,3166.06
2024-04-03,M03,Consumption,-134.34
2024-04-03,M03,OnHandSnapshot,3031.72
2024-04-04,M03,Consumption,-161.16
2024-04-04,M03,OnHandSnapshot,2870.57
2024-04-05,M03,Consumption,-196.71
2024-04-05,M03,OnHandSnapshot,2673.86
2024-04-06,M03,Consumption,-132.93
2024-04-06,M03,OnHandSnapshot,2540.93
2024-04-07,M03,Consumption,-143.32
2024-04-07,M03,OnHandSnapshot,2397.61
2024-04-08,M03,Consumption,-133.22
2024-04-08,M03,OnHandSnapshot,2264.39
2024-04-09,M03,Consumption,-138.24
2024-04-09,M03,OnHandSnapshot,2126.15
2024-04-10,M03,Consumption,-143.63
2024-04-10,M03,OnHandSnapshot,1982.51
2024-04-11,M03,Consumption,-159.02
2024-04-11,M03,OnHandSnapshot,1823.49
2024-04-12,M03,Consumption,-190.25
2024-04-12,M03,OnHandSnapshot,1633.24
2024-04-13,M03,Consumption,-128.91
2024-04-13,M03,OnHandSnapshot,1504.33
2024-04-14,M03,Consumption,-132.31
2024-04-14,M03,OnHandSnapshot,1372.02
2024-04-15,M03,Receipt,2587.37
2024-04-15,M03,Consumption,-131.55
2024-04-15,M03,OnHandSnapshot,3827.84
2024-04-16,M03,Consumption,-134.78
2024-04-16,M03,OnHandSnapshot,3693.06
2024-04-17,M03,Consumption,-139.82
2024-04-17,M03,OnHandSnapshot,3553.24
2024-04-18,M03,Consumption,-161.39
2024-04-18,M03,OnHandSnapshot,3391.85
2024-04-19,M03,Consumption,-184.8
2024-04-19,M03,OnHandSnapshot,3207.06
2024-04-20,M03,Consumption,-126.78
2024-04-20,M03,OnHandSnapshot,3080.28
2024-04-21,M03,Consumption,-151.56
2024-04-21,M03,OnHandSnapshot,2928.72
2024-04-22,M03,Consumption,-141.24
2024-04-22,M03,OnHandSnapshot,2787.49
2024-04-23,M03,Consumption,-133.41
2024-04-23,M03,OnHandSnapshot,2654.08
2024-04-24,M03,Consumption,-139.13
2024-04-24,M03,OnHandSnapshot,2514.96
2024-04-25,M03,Consumption,-160.99
2024-04-25,M03,OnHandSnapshot,2353.97
2024-04-26,M03,Consumption,-188.38
2024-04-26,M03,OnHandSnapshot,2165.58
2024-04-27,M03,Consumption,-127.98
2024-04-27,M03,OnHandSnapshot,2037.6
2024-04-28,M03,Consumption,-131.6
2024-04-28,M03,OnHandSnapshot,1906.01
2024-04-29,M03,Consumption,-139.17
2024-04-29,M03,OnHandSnapshot,1766.84
2024-04-30,M03,Consumption,-137.72
2024-04-30,M03,OnHandSnapshot,1629.12
2024-05-01,M03,Consumption,-132.47
2024-05-01,M03,OnHandSnapshot,1496.65
2024-05-02,M03,Consumption,-153.12
2024-05-02,M03,OnHandSnapshot,1343.53
2024-05-03,M03,Consumption,-175.58
2024-05-03,M03,OnHandSnapshot,1167.95
2024-05-04,M03,Receipt,2587.37
2024-05-04,M03,Consumption,-137.59
2024-05-04,M03,OnHandSnapshot,3617.73
2024-05-05,M03,Consumption,-136.0
2024-05-05,M03,OnHandSnapshot,3481.74
2024-05-06,M03,Consumption,-133.1
2024-05-06,M03,OnHandSnapshot,3348.63
2024-05-07,M03,Consumption,-152.07
2024-05-07,M03,OnHandSnapshot,3196.57
2024-05-08,M03,Consumption,-135.71
2024-05-08,M03,OnHandSnapshot,3060.86
2024-05-09,M03,Consumption,-157.67
2024-05-09,M03,OnHandSnapshot,2903.19
2024-05-10,M03,Consumption,-186.6
2024-05-10,M03,OnHandSnapshot,2716.59
2024-05-11,M03,Consumption,-132.09
2024-05-11,M03,OnHandSnapshot,2584.49
2024-05-12,M03,Consumption,-138.14
2024-05-12,M03,OnHandSnapshot,2446.35
2024-05-13,M03,Consumption,-134.75
2024-05-13,M03,OnHandSnapshot,2311.6
2024-05-14,M03,Consumption,-136.03
2024-05-14,M03,OnHandSnapshot,2175.57
2024-05-15,M03,Consumption,-148.71
2024-05-15,M03,OnHandSnapshot,2026.86
2024-05-16,M03,Consumption,-161.65
2024-05-16,M03,OnHandSnapshot,1865.21
2024-05-17,M03,Consumption,-184.56
2024-05-17,M03,OnHandSnapshot,1680.65
2024-05-18,M03,Consumption,-132.61
2024-05-18,M03,OnHandSnapshot,1548.03
2024-05-19,M03,Consumption,-144.66
2024-05-19,M03,OnHandSnapshot,1403.37
2024-05-20,M03,Consumption,-131.11
2024-05-20,M03,OnHandSnapshot,1272.27
2024-05-21,M03,Receipt,2587.37
2024-05-21,M03,Consumption,-147.15
2024-05-21,M03,OnHandSnapshot,3712.49
2024-05-22,M03,Consumption,-130.45
2024-05-22,M03,OnHandSnapshot,3582.04
2024-05-23,M03,Consumption,-150.33
2024-05-23,M03,OnHandSnapshot,3431.72
2024-05-24,M03,Consumption,-186.36
2024-05-24,M03,OnHandSnapshot,3245.36
2024-05-25,M03,Consumption,-133.01
2024-05-25,M03,OnHandSnapshot,3112.35
2024-05-26,M03,Consumption,-130.99
2024-05-26,M03,OnHandSnapshot,2981.36
2024-05-27,M03,Consumption,-137.29
2024-05-27,M03,OnHandSnapshot,2844.06
2024-05-28,M03,Consumption,-142.91
2024-05-28,M03,OnHandSnapshot,2701.16
2024-05-29,M03,Consumption,-137.99
2024-05-29,M03,OnHandSnapshot,2563.17
2024-05-30,M03,Consumption,-156.08
2024-05-30,M03,OnHandSnapshot,2407.08
2024-05-31,M03,Consumption,-186.69
2024-05-31,M03,OnHandSnapshot,2220.39
2024-06-01,M03,Consumption,-133.4
2024-06-01,M03,OnHandSnapshot,2086.99
2024-06-02,M03,Consumption,-147.34
2024-06-02,M03,OnHandSnapshot,1939.66
2024-06-03,M03,Consumption,-136.92
2024-06-03,M03,OnHandSnapshot,1802.73
2024-06-04,M03,Consumption,-129.21
2024-06-04,M03,OnHandSnapshot,1673.52
2024-06-05,M03,Consumption,-145.38
2024-06-05,M03,OnHandSnapshot,1528.14
2024-06-06,M03,Consumption,-162.97
2024-06-06,M03,OnHandSnapshot,1365.17
2024-06-07,M03,Consumption,-189.62
2024-06-07,M03,OnHandSnapshot,1175.55
2024-06-08,M03,Receipt,2587.37
2024-06-08,M03,Consumption,-134.58
2024-06-08,M03,OnHandSnapshot,3628.34
2024-06-09,M03,Consumption,-137.22
2024-06-09,M03,OnHandSnapshot,3491.12
2024-06-10,M03,Consumption,-142.1
2024-06-10,M03,OnHandSnapshot,3349.02
2024-06-11,M03,Consumption,-139.37
2024-06-11,M03,OnHandSnapshot,3209.64
2024-06-12,M03,Consumption,-140.14
2024-06-12,M03,OnHandSnapshot,3069.51
2024-06-13,M03,Consumption,-162.81
2024-06-13,M03,OnHandSnapshot,2906.69
2024-06-14,M03,Consumption,-186.42
2024-06-14,M03,OnHandSnapshot,2720.27
2024-06-15,M03,Consumption,-125.66
2024-06-15,M03,OnHandSnapshot,2594.61
2024-06-16,M03,Consumption,-144.74
2024-06-16,M03,OnHandSnapshot,2449.87
2024-06-17,M03,Consumption,-133.61
2024-06-17,M03,OnHandSnapshot,2316.26
2024-06-18,M03,Consumption,-136.69
2024-06-18,M03,OnHandSnapshot,2179.57
2024-06-19,M03,Consumption,-135.61
2024-06-19,M03,OnHandSnapshot,2043.96
2024-06-20,M03,Consumption,-164.44
2024-06-20,M03,OnHandSnapshot,1879.53
2024-06-21,M03,Consumption,-190.31
2024-06-21,M03,OnHandSnapshot,1689.22
2024-06-22,M03,Consumption,-134.0
2024-06-22,M03,OnHandSnapshot,1555.21
2024-06-23,M03,Consumption,-137.62
2024-06-23,M03,OnHandSnapshot,1417.59
2024-06-24,M03,Receipt,2587.37
2024-06-24,M03,Consumption,-136.96
2024-06-24,M03,OnHandSnapshot,3868.0
2024-06-25,M03,Consumption,-138.26
2024-06-25,M03,OnHandSnapshot,3729.74
2024-06-26,M03,Consumption,-133.01
2024-06-26,M03,OnHandSnapshot,3596.73
2024-06-27,M03,Consumption,-158.16
2024-06-27,M03,OnHandSnapshot,3438.56
2024-06-28,M03,Consumption,-192.12
2024-06-28,M03,OnHandSnapshot,3246.45
2024-06-29,M03,Consumption,-140.23
2024-06-29,M03,OnHandSnapshot,3106.22
2024-06-30,M03,Consumption,-145.16
2024-06-30,M03,OnHandSnapshot,2961.05
2024-07-01,M03,Consumption,-133.32
2024-07-01,M03,OnHandSnapshot,2827.73
2024-07-02,M03,Consumption,-135.07
2024-07-02,M03,OnHandSnapshot,2692.66
2024-07-03,M03,Consumption,-137.93
2024-07-03,M03,OnHandSnapshot,2554.73
2024-07-04,M03,Consumption,-165.24
2024-07-04,M03,OnHandSnapshot,2389.49
2024-07-05,M03,Consumption,-180.23
2024-07-05,M03,OnHandSnapshot,2209.26
2024-07-06,M03,Consumption,-127.28
2024-07-06,M03,OnHandSnapshot,2081.98
2024-07-07,M03,Consumption,-135.06
2024-07-07,M03,OnHandSnapshot,1946.92
2024-07-08,M03,Consumption,-146.98
2024-07-08,M03,OnHandSnapshot,1799.93
2024-07-09,M03,Consumption,-138.01
2024-07-09,M03,OnHandSnapshot,1661.92
2024-07-10,M03,Consumption,-154.06
2024-07-10,M03,OnHandSnapshot,1507.86
2024-07-11,M03,Consumption,-166.01
2024-07-11,M03,OnHandSnapshot,1341.85
2024-07-12,M03,Receipt,2587.37
2024-07-12,M03,Consumption,-191.09
2024-07-12,M03,OnHandSnapshot,3738.13
2024-07-13,M03,Consumption,-145.56
2024-07-13,M03,OnHandSnapshot,3592.57
2024-07-14,M03,Consumption,-137.82
2024-07-14,M03,OnHandSnapshot,3454.75
2024-07-15,M03,Consumption,-138.69
2024-07-15,M03,OnHandSnapshot,3316.06
2024-07-16,M03,Consumption,-137.22
2024-07-16,M03,OnHandSnapshot,3178.84
2024-07-17,M03,Consumption,-143.57
2024-07-17,M03,OnHandSnapshot,3035.27
2024-07-18,M03,Consumption,-164.65
2024-07-18,M03,OnHandSnapshot,2870.62
2024-07-19,M03,Consumption,-200.09
2024-07-19,M03,OnHandSnapshot,2670.53
2024-07-20,M03,Consumption,-134.94
2024-07-20,M03,OnHandSnapshot,2535.6
2024-07-21,M03,Consumption,-139.6
2024-07-21,M03,OnHandSnapshot,2396.0
2024-07-22,M03,Consumption,-141.3
2024-07-22,M03,OnHandSnapshot,2254.7
2024-07-23,M03,Consumption,-142.16
2024-07-23,M03,OnHandSnapshot,2112.55
2024-07-24,M03,Consumption,-140.82
2024-07-24,M03,OnHandSnapshot,1971.73
2024-07-25,M03,Consumption,-156.22
2024-07-25,M03,OnHandSnapshot,1815.51
2024-07-26,M03,Consumption,-178.22
2024-07-26,M03,OnHandSnapshot,1637.29
2024-07-27,M03,Consumption,-135.96
2024-07-27,M03,OnHandSnapshot,1501.32
2024-07-28,M03,Consumption,-140.02
2024-07-28,M03,OnHandSnapshot,1361.31
2024-07-29,M03,Consumption,-138.26
2024-07-29,M03,OnHandSnapshot,1223.05
2024-07-30,M03,Receipt,2587.37
2024-07-30,M03,Consumption,-148.92
2024-07-30,M03,OnHandSnapshot,3661.5
2024-07-31,M03,Consumption,-137.49
2024-07-31,M03,OnHandSnapshot,3524.0
2024-08-01,M03,Consumption,-164.96
2024-08-01,M03,OnHandSnapshot,3359.05
2024-08-02,M03,Consumption,-193.78
2024-08-02,M03,OnHandSnapshot,3165.26
2024-08-03,M03,Consumption,-140.66
2024-08-03,M03,OnHandSnapshot,3024.6
2024-08-04,M03,Consumption,-139.24
2024-08-04,M03,OnHandSnapshot,2885.36
2024-08-05,M03,Consumption,-146.43
2024-08-05,M03,OnHandSnapshot,2738.93
2024-08-06,M03,Consumption,-136.41
2024-08-06,M03,OnHandSnapshot,2602.53
2024-08-07,M03,Consumption,-134.49
2024-08-07,M03,OnHandSnapshot,2468.04
2024-08-08,M03,Consumption,-160.42
2024-08-08,M03,OnHandSnapshot,2307.61
2024-08-09,M03,Consumption,-184.76
2024-08-09,M03,OnHandSnapshot,2122.86
2024-08-10,M03,Consumption,-132.92
2024-08-10,M03,OnHandSnapshot,1989.93
2024-08-11,M03,Consumption,-147.49
2024-08-11,M03,OnHandSnapshot,1842.44
2024-08-12,M03,Consumption,-146.01
2024-08-12,M03,OnHandSnapshot,1696.43
2024-08-13,M03,Consumption,-140.18
2024-08-13,M03,OnHandSnapshot,1556.25
2024-08-14,M03,Consumption,-139.72
2024-08-14,M03,OnHandSnapshot,1416.52
2024-08-15,M03,Receipt,2587.37
2024-08-15,M03,Consumption,-165.72
2024-08-15,M03,OnHandSnapshot,3838.17
2024-08-16,M03,Consumption,-190.02
2024-08-16,M03,OnHandSnapshot,3648.15
2024-08-17,M03,Consumption,-138.35
2024-08-17,M03,OnHandSnapshot,3509.8
2024-08-18,M03,Consumption,-140.85
2024-08-18,M03,OnHandSnapshot,3368.96
2024-08-19,M03,Consumption,-141.4
2024-08-19,M03,OnHandSnapshot,3227.56
2024-08-20,M03,Consumption,-155.64
2024-08-20,M03,OnHandSnapshot,3071.92
2024-08-21,M03,Consumption,-149.7
2024-08-21,M03,OnHandSnapshot,2922.21
2024-08-22,M03,Consumption,-166.2
2024-08-22,M03,OnHandSnapshot,2756.01
2024-08-23,M03,Consumption,-191.11
2024-08-23,M03,OnHandSnapshot,2564.9
2024-08-24,M03,Consumption,-141.43
2024-08-24,M03,OnHandSnapshot,2423.47
2024-08-25,M03,Consumption,-148.76
2024-08-25,M03,OnHandSnapshot,2274.71
2024-08-26,M03,Consumption,-150.92
2024-08-26,M03,OnHandSnapshot,2123.79
2024-08-27,M03,Consumption,-146.09
2024-08-27,M03,OnHandSnapshot,1977.7
2024-08-28,M03,Consumption,-145.02
2024-08-28,M03,OnHandSnapshot,1832.68
2024-08-29,M03,Consumption,-168.76
2024-08-29,M03,OnHandSnapshot,1663.93
2024-08-30,M03,Consumption,-194.71
2024-08-30,M03,OnHandSnapshot,1469.22
2024-08-31,M03,Consumption,-135.13
2024-08-31,M03,OnHandSnapshot,1334.09
2024-09-01,M03,Receipt,2587.37
2024-09-01,M03,Consumption,-148.54
2024-09-01,M03,OnHandSnapshot,3772.91
2024-09-02,M03,Consumption,-145.34
2024-09-02,M03,OnHandSnapshot,3627.57
2024-09-03,M03,Consumption,-141.59
2024-09-03,M03,OnHandSnapshot,3485.98
2024-09-04,M03,Consumption,-143.58
2024-09-04,M03,OnHandSnapshot,3342.4
2024-09-05,M03,Consumption,-155.54
2024-09-05,M03,OnHandSnapshot,3186.86
2024-09-06,M03,Consumption,-187.99
2024-09-06,M03,OnHandSnapshot,2998.87
2024-09-07,M03,Consumption,-133.36
2024-09-07,M03,OnHandSnapshot,2865.51
2024-09-08,M03,Consumption,-142.76
2024-09-08,M03,OnHandSnapshot,2722.75
2024-09-09,M03,Consumption,-143.98
2024-09-09,M03,OnHandSnapshot,2578.77
2024-09-10,M03,Consumption,-138.16
2024-09-10,M03,OnHandSnapshot,2440.61
2024-09-11,M03,Consumption,-145.7
2024-09-11,M03,OnHandSnapshot,2294.91
2024-09-12,M03,Consumption,-159.02
2024-09-12,M03,OnHandSnapshot,2135.89
2024-09-13,M03,Consumption,-196.93
2024-09-13,M03,OnHandSnapshot,1938.96
2024-09-14,M03,Consumption,-130.41
2024-09-14,M03,OnHandSnapshot,1808.55
2024-09-15,M03,Consumption,-151.67
2024-09-15,M03,OnHandSnapshot,1656.87
2024-09-16,M03,Consumption,-153.64
2024-09-16,M03,OnHandSnapshot,1503.23
2024-09-17,M03,Consumption,-140.51
2024-09-17,M03,OnHandSnapshot,1362.73
2024-09-18,M03,Consumption,-139.93
2024-09-18,M03,OnHandSnapshot,1222.8
2024-09-19,M03,Receipt,2587.37
2024-09-19,M03,Consumption,-164.57
2024-09-19,M03,OnHandSnapshot,3645.6
2024-09-20,M03,Consumption,-199.15
2024-09-20,M03,OnHandSnapshot,3446.45
2024-09-21,M03,Consumption,-140.16
2024-09-21,M03,OnHandSnapshot,3306.28
2024-09-22,M03,Consumption,-136.13
2024-09-22,M03,OnHandSnapshot,3170.16
2024-09-23,M03,Consumption,-144.01
2024-09-23,M03,OnHandSnapshot,3026.15
2024-09-24,M03,Consumption,-148.11
2024-09-24,M03,OnHandSnapshot,2878.04
2024-09-25,M03,Consumption,-145.43
2024-09-25,M03,OnHandSnapshot,2732.61
2024-09-26,M03,Consumption,-163.11
2024-09-26,M03,OnHandSnapshot,2569.5
2024-09-27,M03,Consumption,-189.84
2024-09-27,M03,OnHandSnapshot,2379.66
2024-09-28,M03,Consumption,-140.07
2024-09-28,M03,OnHandSnapshot,2239.59
2024-09-29,M03,Consumption,-147.96
2024-09-29,M03,OnHandSnapshot,2091.63
2024-09-30,M03,Consumption,-137.65
2024-09-30,M03,OnHandSnapshot,1953.98
2024-10-01,M03,Consumption,-142.92
2024-10-01,M03,OnHandSnapshot,1811.06
2024-10-02,M03,Consumption,-143.61
2024-10-02,M03,OnHandSnapshot,1667.45
2024-10-03,M03,Consumption,-165.37
2024-10-03,M03,OnHandSnapshot,1502.08
2024-10-04,M03,Consumption,-189.38
2024-10-04,M03,OnHandSnapshot,1312.7
2024-10-05,M03,Consumption,-142.21
2024-10-05,M03,OnHandSnapshot,1170.49
2024-10-06,M03,Consumption,-147.8
2024-10-06,M03,OnHandSnapshot,1022.69
2024-10-07,M03,Consumption,-145.58
2024-10-07,M03,OnHandSnapshot,877.11
2024-10-08,M03,Consumption,-137.03
2024-10-08,M03,OnHandSnapshot,740.08
2024-10-09,M03,Receipt,2587.37
2024-10-09,M03,Consumption,-152.82
2024-10-09,M03,OnHandSnapshot,3174.63
2024-10-10,M03,Consumption,-171.12
2024-10-10,M03,OnHandSnapshot,3003.52
2024-10-11,M03,Consumption,-188.12
2024-10-11,M03,OnHandSnapshot,2815.4
2024-10-12,M03,Consumption,-128.43
2024-10-12,M03,OnHandSnapshot,2686.96
2024-10-13,M03,Consumption,-141.73
2024-10-13,M03,OnHandSnapshot,2545.24
2024-10-14,M03,Consumption,-136.38
2024-10-14,M03,OnHandSnapshot,2408.85
2024-10-15,M03,Consumption,-143.58
2024-10-15,M03,OnHandSnapshot,2265.27
2024-10-16,M03,Consumption,-147.2
2024-10-16,M03,OnHandSnapshot,2118.08
2024-10-17,M03,Consumption,-166.39
2024-10-17,M03,OnHandSnapshot,1951.68
2024-10-18,M03,Consumption,-193.1
2024-10-18,M03,OnHandSnapshot,1758.58
2024-10-19,M03,Consumption,-143.19
2024-10-19,M03,OnHandSnapshot,1615.39
2024-10-20,M03,Consumption,-142.81
2024-10-20,M03,OnHandSnapshot,1472.58
2024-10-21,M03,Consumption,-145.58
2024-10-21,M03,OnHandSnapshot,1327.0
2024-10-22,M03,Receipt,2587.37
2024-10-22,M03,Consumption,-142.51
2024-10-22,M03,OnHandSnapshot,3771.86
2024-10-23,M03,Consumption,-146.2
2024-10-23,M03,OnHandSnapshot,3625.66
2024-10-24,M03,Consumption,-162.88
2024-10-24,M03,OnHandSnapshot,3462.78
2024-10-25,M03,Consumption,-188.1
2024-10-25,M03,OnHandSnapshot,3274.68
2024-10-26,M03,Consumption,-135.42
2024-10-26,M03,OnHandSnapshot,3139.26
2024-10-27,M03,Consumption,-141.52
2024-10-27,M03,OnHandSnapshot,2997.74
2024-10-28,M03,Consumption,-151.1
2024-10-28,M03,OnHandSnapshot,2846.64
2024-10-29,M03,Consumption,-143.42
2024-10-29,M03,OnHandSnapshot,2703.22
2024-10-30,M03,Consumption,-141.64
2024-10-30,M03,OnHandSnapshot,2561.58
2024-10-31,M03,Consumption,-166.53
2024-10-31,M03,OnHandSnapshot,2395.05
2024-11-01,M03,Consumption,-185.65
2024-11-01,M03,OnHandSnapshot,2209.4
2024-11-02,M03,Consumption,-132.37
2024-11-02,M03,OnHandSnapshot,2077.03
2024-11-03,M03,Consumption,-146.69
2024-11-03,M03,OnHandSnapshot,1930.35
2024-11-04,M03,Consumption,-142.98
2024-11-04,M03,OnHandSnapshot,1787.37
2024-11-05,M03,Consumption,-136.98
2024-11-05,M03,OnHandSnapshot,1650.39
2024-11-06,M03,Consumption,-144.94
2024-11-06,M03,OnHandSnapshot,1505.45
2024-11-07,M03,Consumption,-161.42
2024-11-07,M03,OnHandSnapshot,1344.03
2024-11-08,M03,Consumption,-192.69
2024-11-08,M03,OnHandSnapshot,1151.34
2024-11-09,M03,Consumption,-140.95
2024-11-09,M03,OnHandSnapshot,1010.39
2024-11-10,M03,Receipt,2587.37
2024-11-10,M03,Consumption,-136.7
2024-11-10,M03,OnHandSnapshot,3461.06
2024-11-11,M03,Consumption,-147.05
2024-11-11,M03,OnHandSnapshot,3314.01
2024-11-12,M03,Consumption,-140.43
2024-11-12,M03,OnHandSnapshot,3173.58
2024-11-13,M03,Consumption,-141.31
2024-11-13,M03,OnHandSnapshot,3032.27
2024-11-14,M03,Consumption,-167.03
2024-11-14,M03,OnHandSnapshot,2865.24
2024-11-15,M03,Consumption,-193.77
2024-11-15,M03,OnHandSnapshot,2671.47
2024-11-16,M03,Consumption,-140.3
2024-11-16,M03,OnHandSnapshot,2531.16
2024-11-17,M03,Consumption,-142.53
2024-11-17,M03,OnHandSnapshot,2388.63
2024-11-18,M03,Consumption,-145.79
2024-11-18,M03,OnHandSnapshot,2242.84
2024-11-19,M03,Consumption,-140.81
2024-11-19,M03,OnHandSnapshot,2102.03
2024-11-20,M03,Consumption,-144.58
2024-11-20,M03,OnHandSnapshot,1957.45
2024-11-21,M03,Consumption,-166.11
2024-11-21,M03,OnHandSnapshot,1791.34
2024-11-22,M03,Consumption,-188.38
2024-11-22,M03,OnHandSnapshot,1602.96
2024-11-23,M03,Consumption,-128.04
2024-11-23,M03,OnHandSnapshot,1474.92
2024-11-24,M03,Consumption,-150.49
2024-11-24,M03,OnHandSnapshot,1324.44
2024-11-25,M03,Consumption,-141.37
2024-11-25,M03,OnHandSnapshot,1183.07
2024-11-26,M03,Receipt,2587.37
2024-11-26,M03,Consumption,-140.2
2024-11-26,M03,OnHandSnapshot,3630.24
2024-11-27,M03,Consumption,-144.41
2024-11-27,M03,OnHandSnapshot,3485.83
2024-11-28,M03,Consumption,-168.01
2024-11-28,M03,OnHandSnapshot,3317.81
2024-11-29,M03,Consumption,-188.28
2024-11-29,M03,OnHandSnapshot,3129.53
2024-11-30,M03,Consumption,-139.34
2024-11-30,M03,OnHandSnapshot,2990.19
2024-12-01,M03,Consumption,-143.94
2024-12-01,M03,OnHandSnapshot,2846.26
2024-12-02,M03,Consumption,-149.88
2024-12-02,M03,OnHandSnapshot,2696.37
2024-12-03,M03,Consumption,-142.91
2024-12-03,M03,OnHandSnapshot,2553.46
2024-12-04,M03,Consumption,-143.4
2024-12-04,M03,OnHandSnapshot,2410.06
2024-12-05,M03,Consumption,-162.35
2024-12-05,M03,OnHandSnapshot,2247.71
2024-12-06,M03,Consumption,-194.06
2024-12-06,M03,OnHandSnapshot,2053.65
2024-12-07,M03,Consumption,-132.18
2024-12-07,M03,OnHandSnapshot,1921.46
2024-12-08,M03,Consumption,-141.15
2024-12-08,M03,OnHandSnapshot,1780.31
2024-12-09,M03,Consumption,-139.82
2024-12-09,M03,OnHandSnapshot,1640.49
2024-12-10,M03,Consumption,-135.62
2024-12-10,M03,OnHandSnapshot,1504.87
2024-12-11,M03,Consumption,-140.26
2024-12-11,M03,OnHandSnapshot,1364.61
2024-12-12,M03,Consumption,-176.61
2024-12-12,M03,OnHandSnapshot,1188.0
2024-12-13,M03,Receipt,2587.37
2024-12-13,M03,Consumption,-194.44
2024-12-13,M03,OnHandSnapshot,3580.92
2024-12-14,M03,Consumption,-139.97
2024-12-14,M03,OnHandSnapshot,3440.96
2024-12-15,M03,Consumption,-141.87
2024-12-15,M03,OnHandSnapshot,3299.08
2024-12-16,M03,Consumption,-156.95
2024-12-16,M03,OnHandSnapshot,3142.13
2024-12-17,M03,Consumption,-152.35
2024-12-17,M03,OnHandSnapshot,2989.79
2024-12-18,M03,Consumption,-161.51
2024-12-18,M03,OnHandSnapshot,2828.28
2024-12-19,M03,Consumption,-181.32
2024-12-19,M03,OnHandSnapshot,2646.96
2024-12-20,M03,Consumption,-212.42
2024-12-20,M03,OnHandSnapshot,2434.54
2024-12-21,M03,Consumption,-141.01
2024-12-21,M03,OnHandSnapshot,2293.53
2024-12-22,M03,Consumption,-155.23
2024-12-22,M03,OnHandSnapshot,2138.3
2024-12-23,M03,Consumption,-160.58
2024-12-23,M03,OnHandSnapshot,1977.72
2024-12-24,M03,Consumption,-155.38
2024-12-24,M03,OnHandSnapshot,1822.34
2024-12-25,M03,Consumption,-155.0
2024-12-25,M03,OnHandSnapshot,1667.34
2024-12-26,M03,Consumption,-168.1
2024-12-26,M03,OnHandSnapshot,1499.23
2024-12-27,M03,Receipt,2587.37
2024-12-27,M03,Consumption,-204.92
2024-12-27,M03,OnHandSnapshot,3881.68
2024-12-28,M03,Consumption,-145.19
2024-12-28,M03,OnHandSnapshot,3736.49
2024-12-29,M03,Consumption,-146.96
2024-12-29,M03,OnHandSnapshot,3589.54
2024-12-30,M03,Consumption,-152.49
2024-12-30,M03,OnHandSnapshot,3437.05
2024-12-31,M03,Consumption,-141.73
2024-12-31,M03,OnHandSnapshot,3295.32
2025-01-01,M03,Consumption,-138.16
2025-01-01,M03,OnHandSnapshot,3157.16
2025-01-02,M03,Consumption,-163.65
2025-01-02,M03,OnHandSnapshot,2993.51
2025-01-03,M03,Consumption,-192.48
2025-01-03,M03,OnHandSnapshot,2801.03
2025-01-04,M03,Consumption,-134.44
2025-01-04,M03,OnHandSnapshot,2666.59
2025-01-05,M03,Consumption,-152.21
2025-01-05,M03,OnHandSnapshot,2514.38
2025-01-06,M03,Consumption,-144.9
2025-01-06,M03,OnHandSnapshot,2369.48
2025-01-07,M03,Consumption,-141.27
2025-01-07,M03,OnHandSnapshot,2228.22
2025-01-08,M03,Consumption,-142.4
2025-01-08,M03,OnHandSnapshot,2085.82
2025-01-09,M03,Consumption,-171.64
2025-01-09,M03,OnHandSnapshot,1914.18
2025-01-10,M03,Consumption,-192.39
2025-01-10,M03,OnHandSnapshot,1721.79
2025-01-11,M03,Receipt,2587.37
2025-01-11,M03,Consumption,-139.6
2025-01-11,M03,OnHandSnapshot,4169.56
2025-01-12,M03,Consumption,-144.68
2025-01-12,M03,OnHandSnapshot,4024.89
2025-01-13,M03,Consumption,-148.58
2025-01-13,M03,OnHandSnapshot,3876.31
2025-01-14,M03,Consumption,-138.13
2025-01-14,M03,OnHandSnapshot,3738.18
2025-01-15,M03,Consumption,-149.7
2025-01-15,M03,OnHandSnapshot,3588.48
2025-01-16,M03,Consumption,-165.3
2025-01-16,M03,OnHandSnapshot,3423.18
2025-01-17,M03,Consumption,-192.72
2025-01-17,M03,OnHandSnapshot,3230.46
2025-01-18,M03,Consumption,-138.28
2025-01-18,M03,OnHandSnapshot,3092.18
2025-01-19,M03,Consumption,-140.19
2025-01-19,M03,OnHandSnapshot,2951.99
2025-01-20,M03,Consumption,-147.57
2025-01-20,M03,OnHandSnapshot,2804.42
2025-01-21,M03,Consumption,-142.16
2025-01-21,M03,OnHandSnapshot,2662.26
2025-01-22,M03,Consumption,-148.19
2025-01-22,M03,OnHandSnapshot,2514.07
2025-01-23,M03,Consumption,-169.25
2025-01-23,M03,OnHandSnapshot,2344.82
2025-01-24,M03,Consumption,-205.05
2025-01-24,M03,OnHandSnapshot,2139.77
2025-01-25,M03,Consumption,-142.98
2025-01-25,M03,OnHandSnapshot,1996.8
2025-01-26,M03,Consumption,-147.33
2025-01-26,M03,OnHandSnapshot,1849.46
2025-01-27,M03,Consumption,-154.42
2025-01-27,M03,OnHandSnapshot,1695.05
2025-01-28,M03,Consumption,-145.52
2025-01-28,M03,OnHandSnapshot,1549.52
2025-01-29,M03,Consumption,-147.74
2025-01-29,M03,OnHandSnapshot,1401.78
2025-01-30,M03,Consumption,-173.14
2025-01-30,M03,OnHandSnapshot,1228.63
2025-01-31,M03,Consumption,-194.87
2025-01-31,M03,OnHandSnapshot,1033.77
2025-02-01,M03,Receipt,2587.37
2025-02-01,M03,Consumption,-132.52
2025-02-01,M03,OnHandSnapshot,3488.61
2025-02-02,M03,Consumption,-147.62
2025-02-02,M03,OnHandSnapshot,3340.99
2025-02-03,M03,Consumption,-141.38
2025-02-03,M03,OnHandSnapshot,3199.61
2025-02-04,M03,Consumption,-133.51
2025-02-04,M03,OnHandSnapshot,3066.1
2025-02-05,M03,Consumption,-152.94
2025-02-05,M03,OnHandSnapshot,2913.16
2025-02-06,M03,Consumption,-168.28
2025-02-06,M03,OnHandSnapshot,2744.89
2025-02-07,M03,Consumption,-196.05
2025-02-07,M03,OnHandSnapshot,2548.83
2025-02-08,M03,Consumption,-136.45
2025-02-08,M03,OnHandSnapshot,2412.39
2025-02-09,M03,Consumption,-147.88
2025-02-09,M03,OnHandSnapshot,2264.5
2025-02-10,M03,Consumption,-143.25
2025-02-10,M03,OnHandSnapshot,2121.25
2025-02-11,M03,Consumption,-136.65
2025-02-11,M03,OnHandSnapshot,1984.6
2025-02-12,M03,Consumption,-150.87
2025-02-12,M03,OnHandSnapshot,1833.74
2025-02-13,M03,Consumption,-174.4
2025-02-13,M03,OnHandSnapshot,1659.34
2025-02-14,M03,Consumption,-204.26
2025-02-14,M03,OnHandSnapshot,1455.08
2025-02-15,M03,Consumption,-134.3
2025-02-15,M03,OnHandSnapshot,1320.78
2025-02-16,M03,Receipt,2587.37
2025-02-16,M03,Consumption,-149.8
2025-02-16,M03,OnHandSnapshot,3758.34
2025-02-17,M03,Consumption,-142.71
2025-02-17,M03,OnHandSnapshot,3615.63
2025-02-18,M03,Consumption,-140.08
2025-02-18,M03,OnHandSnapshot,3475.55
2025-02-19,M03,Consumption,-152.1
2025-02-19,M03,OnHandSnapshot,3323.45
2025-02-20,M03,Consumption,-166.22
2025-02-20,M03,OnHandSnapshot,3157.22
2025-02-21,M03,Consumption,-189.96
2025-02-21,M03,OnHandSnapshot,2967.27
2025-02-22,M03,Consumption,-141.73
2025-02-22,M03,OnHandSnapshot,2825.54
2025-02-23,M03,Consumption,-140.14
2025-02-23,M03,OnHandSnapshot,2685.4
2025-02-24,M03,Consumption,-141.55
2025-02-24,M03,OnHandSnapshot,2543.85
2025-02-25,M03,Consumption,-152.8
2025-02-25,M03,OnHandSnapshot,2391.05
2025-02-26,M03,Consumption,-143.12
2025-02-26,M03,OnHandSnapshot,2247.93
2025-02-27,M03,Consumption,-167.42
2025-02-27,M03,OnHandSnapshot,2080.51
2025-02-28,M03,Consumption,-198.98
2025-02-28,M03,OnHandSnapshot,1881.53
2025-03-01,M03,Consumption,-148.97
2025-03-01,M03,OnHandSnapshot,1732.56
2025-03-02,M03,Consumption,-148.68
2025-03-02,M03,OnHandSnapshot,1583.88
2025-03-03,M03,Consumption,-158.08
2025-03-03,M03,OnHandSnapshot,1425.8
2025-03-04,M03,Receipt,2587.37
2025-03-04,M03,Consumption,-160.52
2025-03-04,M03,OnHandSnapshot,3852.65
2025-03-05,M03,Consumption,-157.82
2025-03-05,M03,OnHandSnapshot,3694.84
2025-03-06,M03,Consumption,-188.15
2025-03-06,M03,OnHandSnapshot,3506.69
2025-03-07,M03,Consumption,-226.73
2025-03-07,M03,OnHandSnapshot,3279.96
2025-03-08,M03,Consumption,-160.15
2025-03-08,M03,OnHandSnapshot,3119.81
2025-03-09,M03,Consumption,-174.64
2025-03-09,M03,OnHandSnapshot,2945.17
2025-03-10,M03,Consumption,-175.98
2025-03-10,M03,OnHandSnapshot,2769.19
2025-03-11,M03,Consumption,-189.88
2025-03-11,M03,OnHandSnapshot,2579.31
2025-03-12,M03,Consumption,-187.54
2025-03-12,M03,OnHandSnapshot,2391.77
2025-03-13,M03,Consumption,-217.26
2025-03-13,M03,OnHandSnapshot,2174.51
2025-03-14,M03,Consumption,-275.36
2025-03-14,M03,OnHandSnapshot,1899.15
2025-03-15,M03,Consumption,-200.07
2025-03-15,M03,OnHandSnapshot,1699.07
2025-03-16,M03,Consumption,-210.59
2025-03-16,M03,OnHandSnapshot,1488.48
2025-03-17,M03,Receipt,2587.37
2025-03-17,M03,Consumption,-209.69
2025-03-17,M03,OnHandSnapshot,3866.16
2025-03-18,M03,Consumption,-210.08
2025-03-18,M03,OnHandSnapshot,3656.08
2025-03-19,M03,Consumption,-218.5
2025-03-19,M03,OnHandSnapshot,3437.58
2025-03-20,M03,Consumption,-246.11
2025-03-20,M03,OnHandSnapshot,3191.47
2025-03-21,M03,Consumption,-221.7
2025-03-21,M03,OnHandSnapshot,2969.77
2025-03-22,M03,Consumption,-141.28
2025-03-22,M03,OnHandSnapshot,2828.49
2025-03-23,M03,Consumption,-148.59
2025-03-23,M03,OnHandSnapshot,2679.9
2025-03-24,M03,Consumption,-150.38
2025-03-24,M03,OnHandSnapshot,2529.52
2025-03-25,M03,Consumption,-151.77
2025-03-25,M03,OnHandSnapshot,2377.76
2025-03-26,M03,Consumption,-144.55
2025-03-26,M03,OnHandSnapshot,2233.21
2025-03-27,M03,Consumption,-166.37
2025-03-27,M03,OnHandSnapshot,2066.84
2025-03-28,M03,Consumption,-205.48
2025-03-28,M03,OnHandSnapshot,1861.36
2025-03-29,M03,Consumption,-144.84
2025-03-29,M03,OnHandSnapshot,1716.52
2025-03-30,M03,Consumption,-149.5
2025-03-30,M03,OnHandSnapshot,1567.01
2025-03-31,M03,Consumption,-148.83
2025-03-31,M03,OnHandSnapshot,1418.19
2025-04-01,M03,Consumption,-154.18
2025-04-01,M03,OnHandSnapshot,1264.01
2025-04-02,M03,Consumption,-140.68
2025-04-02,M03,OnHandSnapshot,1123.33
2025-04-03,M03,Receipt,2587.37
2025-04-03,M03,Consumption,-160.23
2025-04-03,M03,OnHandSnapshot,3550.47
2025-04-04,M03,Consumption,-188.5
2025-04-04,M03,OnHandSnapshot,3361.96
2025-04-05,M03,Consumption,-138.07
2025-04-05,M03,OnHandSnapshot,3223.89
2025-04-06,M03,Consumption,-145.08
2025-04-06,M03,OnHandSnapshot,3078.81
2025-04-07,M03,Consumption,-142.7
2025-04-07,M03,OnHandSnapshot,2936.1
2025-04-08,M03,Consumption,-148.62
2025-04-08,M03,OnHandSnapshot,2787.49
2025-04-09,M03,Consumption,-146.01
2025-04-09,M03,OnHandSnapshot,2641.48
2025-04-10,M03,Consumption,-164.66
2025-04-10,M03,OnHandSnapshot,2476.82
2025-04-11,M03,Consumption,-200.59
2025-04-11,M03,OnHandSnapshot,2276.23
2025-04-12,M03,Consumption,-139.42
2025-04-12,M03,OnHandSnapshot,2136.81
2025-04-13,M03,Consumption,-146.16
2025-04-13,M03,OnHandSnapshot,1990.65
2025-04-14,M03,Consumption,-143.48
2025-04-14,M03,OnHandSnapshot,1847.16
2025-04-15,M03,Consumption,-146.83
2025-04-15,M03,OnHandSnapshot,1700.34
2025-04-16,M03,Consumption,-152.33
2025-04-16,M03,OnHandSnapshot,1548.01
2025-04-17,M03,Consumption,-167.35
2025-04-17,M03,OnHandSnapshot,1380.65
2025-04-18,M03,Receipt,2587.37
2025-04-18,M03,Consumption,-187.65
2025-04-18,M03,OnHandSnapshot,3780.37
2025-04-19,M03,Consumption,-141.54
2025-04-19,M03,OnHandSnapshot,3638.83
2025-04-20,M03,Consumption,-135.06
2025-04-20,M03,OnHandSnapshot,3503.77
2025-04-21,M03,Consumption,-153.2
2025-04-21,M03,OnHandSnapshot,3350.57
2025-04-22,M03,Consumption,-153.32
2025-04-22,M03,OnHandSnapshot,3197.26
2025-04-23,M03,Consumption,-142.71
2025-04-23,M03,OnHandSnapshot,3054.55
2025-04-24,M03,Consumption,-168.71
2025-04-24,M03,OnHandSnapshot,2885.84
2025-04-25,M03,Consumption,-203.26
2025-04-25,M03,OnHandSnapshot,2682.58
2025-04-26,M03,Consumption,-140.06
2025-04-26,M03,OnHandSnapshot,2542.52
2025-04-27,M03,Consumption,-141.99
2025-04-27,M03,OnHandSnapshot,2400.53
2025-04-28,M03,Consumption,-140.18
2025-04-28,M03,OnHandSnapshot,2260.36
2025-04-29,M03,Consumption,-146.09
2025-04-29,M03,OnHandSnapshot,2114.26
2025-04-30,M03,Consumption,-152.11
2025-04-30,M03,OnHandSnapshot,1962.15
2025-05-01,M03,Consumption,-174.17
2025-05-01,M03,OnHandSnapshot,1787.98
2025-05-02,M03,Consumption,-202.99
2025-05-02,M03,OnHandSnapshot,1584.99
2025-05-03,M03,Consumption,-137.38
2025-05-03,M03,OnHandSnapshot,1447.6
2025-05-04,M03,Receipt,2587.37
2025-05-04,M03,Consumption,-146.19
2025-05-04,M03,OnHandSnapshot,3888.78
2025-05-05,M03,Consumption,-141.75
2025-05-05,M03,OnHandSnapshot,3747.02
2025-05-06,M03,Consumption,-139.56
2025-05-06,M03,OnHandSnapshot,3607.46
2025-05-07,M03,Consumption,-144.49
2025-05-07,M03,OnHandSnapshot,3462.97
2025-05-08,M03,Consumption,-182.03
2025-05-08,M03,OnHandSnapshot,3280.94
2025-05-09,M03,Consumption,-201.27
2025-05-09,M03,OnHandSnapshot,3079.68
2025-05-10,M03,Consumption,-136.97
2025-05-10,M03,OnHandSnapshot,2942.71
2025-05-11,M03,Consumption,-151.41
2025-05-11,M03,OnHandSnapshot,2791.29
2025-05-12,M03,Consumption,-148.9
2025-05-12,M03,OnHandSnapshot,2642.4
2025-05-13,M03,Consumption,-145.94
2025-05-13,M03,OnHandSnapshot,2496.46
2025-05-14,M03,Consumption,-146.86
2025-05-14,M03,OnHandSnapshot,2349.6
2025-05-15,M03,Consumption,-177.03
2025-05-15,M03,OnHandSnapshot,2172.57
2025-05-16,M03,Consumption,-211.42
2025-05-16,M03,OnHandSnapshot,1961.15
2025-05-17,M03,Consumption,-141.52
2025-05-17,M03,OnHandSnapshot,1819.63
2025-05-18,M03,Consumption,-147.0
2025-05-18,M03,OnHandSnapshot,1672.63
2025-05-19,M03,Consumption,-146.43
2025-05-19,M03,OnHandSnapshot,1526.2
2025-05-20,M03,Receipt,2587.37
2025-05-20,M03,Consumption,-143.07
2025-05-20,M03,OnHandSnapshot,3970.5
2025-05-21,M03,Consumption,-155.22
2025-05-21,M03,OnHandSnapshot,3815.27
2025-05-22,M03,Consumption,-175.29
2025-05-22,M03,OnHandSnapshot,3639.98
2025-05-23,M03,Consumption,-210.22
2025-05-23,M03,OnHandSnapshot,3429.76
2025-05-24,M03,Consumption,-137.38
2025-05-24,M03,OnHandSnapshot,3292.39
2025-05-25,M03,Consumption,-139.76
2025-05-25,M03,OnHandSnapshot,3152.63
2025-05-26,M03,Consumption,-156.18
2025-05-26,M03,OnHandSnapshot,2996.45
2025-05-27,M03,Consumption,-146.49
2025-05-27,M03,OnHandSnapshot,2849.96
2025-05-28,M03,Consumption,-144.08
2025-05-28,M03,OnHandSnapshot,2705.88
2025-05-29,M03,Consumption,-159.01
2025-05-29,M03,OnHandSnapshot,2546.86
2025-05-30,M03,Consumption,-192.14
2025-05-30,M03,OnHandSnapshot,2354.72
2025-05-31,M03,Consumption,-141.65
2025-05-31,M03,OnHandSnapshot,2213.07
2025-06-01,M03,Consumption,-160.81
2025-06-01,M03,OnHandSnapshot,2052.26
2025-06-02,M03,Consumption,-150.58
2025-06-02,M03,OnHandSnapshot,1901.68
2025-06-03,M03,Consumption,-148.82
2025-06-03,M03,OnHandSnapshot,1752.86
2025-06-04,M03,Consumption,-150.46
2025-06-04,M03,OnHandSnapshot,1602.41
2025-06-05,M03,Consumption,-174.65
2025-06-05,M03,OnHandSnapshot,1427.76
2025-06-06,M03,Consumption,-192.93
2025-06-06,M03,OnHandSnapshot,1234.83
2025-06-07,M03,Consumption,-136.97
2025-06-07,M03,OnHandSnapshot,1097.86
2025-06-08,M03,Receipt,2587.37
2025-06-08,M03,Consumption,-150.17
2025-06-08,M03,OnHandSnapshot,3535.06
2025-06-09,M03,Consumption,-143.92
2025-06-09,M03,OnHandSnapshot,3391.13
2025-06-10,M03,Consumption,-151.47
2025-06-10,M03,OnHandSnapshot,3239.66
2025-06-11,M03,Consumption,-157.07
2025-06-11,M03,OnHandSnapshot,3082.59
2025-06-12,M03,Consumption,-173.87
2025-06-12,M03,OnHandSnapshot,2908.72
2025-06-13,M03,Consumption,-195.39
2025-06-13,M03,OnHandSnapshot,2713.33
2025-06-14,M03,Consumption,-140.21
2025-06-14,M03,OnHandSnapshot,2573.12
2025-06-15,M03,Consumption,-146.08
2025-06-15,M03,OnHandSnapshot,2427.03
2025-06-16,M03,Consumption,-148.54
2025-06-16,M03,OnHandSnapshot,2278.49
2025-06-17,M03,Consumption,-154.03
2025-06-17,M03,OnHandSnapshot,2124.46
2025-06-18,M03,Consumption,-154.77
2025-06-18,M03,OnHandSnapshot,1969.69
2025-06-19,M03,Consumption,-165.93
2025-06-19,M03,OnHandSnapshot,1803.77
2025-06-20,M03,Consumption,-202.08
2025-06-20,M03,OnHandSnapshot,1601.69
2025-06-21,M03,Consumption,-141.84
2025-06-21,M03,OnHandSnapshot,1459.84
2025-06-22,M03,Consumption,-151.15
2025-06-22,M03,OnHandSnapshot,1308.69
2025-06-23,M03,Consumption,-153.67
2025-06-23,M03,OnHandSnapshot,1155.02
2025-06-24,M03,Receipt,2587.37
2025-06-24,M03,Consumption,-150.58
2025-06-24,M03,OnHandSnapshot,3591.82
2025-06-25,M03,Consumption,-153.03
2025-06-25,M03,OnHandSnapshot,3438.78
2025-06-26,M03,Consumption,-167.22
2025-06-26,M03,OnHandSnapshot,3271.57
2025-06-27,M03,Consumption,-197.53
2025-06-27,M03,OnHandSnapshot,3074.03
2025-06-28,M03,Consumption,-137.74
2025-06-28,M03,OnHandSnapshot,2936.29
2025-06-29,M03,Consumption,-148.64
2025-06-29,M03,OnHandSnapshot,2787.65
2025-06-30,M03,Consumption,-146.97
2025-06-30,M03,OnHandSnapshot,2640.69
2025-07-01,M03,Consumption,-154.02
2025-07-01,M03,OnHandSnapshot,2486.67
2025-07-02,M03,Consumption,-148.59
2025-07-02,M03,OnHandSnapshot,2338.08
2025-07-03,M03,Consumption,-182.34
2025-07-03,M03,OnHandSnapshot,2155.74
2025-07-04,M03,Consumption,-212.25
2025-07-04,M03,OnHandSnapshot,1943.49
2025-07-05,M03,Consumption,-139.93
2025-07-05,M03,OnHandSnapshot,1803.56
2025-07-06,M03,Consumption,-155.54
2025-07-06,M03,OnHandSnapshot,1648.02
2025-07-07,M03,Consumption,-149.48
2025-07-07,M03,OnHandSnapshot,1498.54
2025-07-08,M03,Consumption,-151.73
2025-07-08,M03,OnHandSnapshot,1346.8
2025-07-09,M03,Consumption,-147.03
2025-07-09,M03,OnHandSnapshot,1199.78
2025-07-10,M03,Consumption,-173.22
2025-07-10,M03,OnHandSnapshot,1026.55
2025-07-11,M03,Consumption,-195.17
2025-07-11,M03,OnHandSnapshot,831.38
2025-07-12,M03,Consumption,-146.75
2025-07-12,M03,OnHandSnapshot,684.63
2025-07-13,M03,Consumption,-154.77
2025-07-13,M03,OnHandSnapshot,529.86
2025-07-14,M03,Receipt,2587.37
2025-07-14,M03,Consumption,-148.51
2025-07-14,M03,OnHandSnapshot,2968.71
2025-07-15,M03,Consumption,-140.53
2025-07-15,M03,OnHandSnapshot,2828.18
2025-07-16,M03,Consumption,-155.19
2025-07-16,M03,OnHandSnapshot,2672.99
2025-07-17,M03,Consumption,-168.44
2025-07-17,M03,OnHandSnapshot,2504.56
2025-07-18,M03,Consumption,-209.7
2025-07-18,M03,OnHandSnapshot,2294.86
2025-07-19,M03,Consumption,-139.52
2025-07-19,M03,OnHandSnapshot,2155.34
2025-07-20,M03,Consumption,-145.82
2025-07-20,M03,OnHandSnapshot,2009.52
2025-07-21,M03,Consumption,-148.41
2025-07-21,M03,OnHandSnapshot,1861.11
2025-07-22,M03,Consumption,-153.0
2025-07-22,M03,OnHandSnapshot,1708.11
2025-07-23,M03,Consumption,-156.56
2025-07-23,M03,OnHandSnapshot,1551.55
2025-07-24,M03,Consumption,-173.88
2025-07-24,M03,OnHandSnapshot,1377.66
2025-07-25,M03,Receipt,2587.37
2025-07-25,M03,Consumption,-217.43
2025-07-25,M03,OnHandSnapshot,3747.61
2025-07-26,M03,Consumption,-137.06
2025-07-26,M03,OnHandSnapshot,3610.55
2025-07-27,M03,Consumption,-146.51
2025-07-27,M03,OnHandSnapshot,3464.04
2025-07-28,M03,Consumption,-150.76
2025-07-28,M03,OnHandSnapshot,3313.27
2025-07-29,M03,Consumption,-151.96
2025-07-29,M03,OnHandSnapshot,3161.32
2025-07-30,M03,Consumption,-152.78
2025-07-30,M03,OnHandSnapshot,3008.53
2025-07-31,M03,Consumption,-175.2
2025-07-31,M03,OnHandSnapshot,2833.33
2025-08-01,M03,Consumption,-197.95
2025-08-01,M03,OnHandSnapshot,2635.38
2025-08-02,M03,Consumption,-150.99
2025-08-02,M03,OnHandSnapshot,2484.39
2025-08-03,M03,Consumption,-141.24
2025-08-03,M03,OnHandSnapshot,2343.15
2025-08-04,M03,Consumption,-151.3
2025-08-04,M03,OnHandSnapshot,2191.85
2025-08-05,M03,Consumption,-147.08
2025-08-05,M03,OnHandSnapshot,2044.77
2025-08-06,M03,Consumption,-153.43
2025-08-06,M03,OnHandSnapshot,1891.34
2025-08-07,M03,Consumption,-172.87
2025-08-07,M03,OnHandSnapshot,1718.48
2025-08-08,M03,Consumption,-198.34
2025-08-08,M03,OnHandSnapshot,1520.14
2025-08-09,M03,Consumption,-141.67
2025-08-09,M03,OnHandSnapshot,1378.47
2025-08-10,M03,Consumption,-151.44
2025-08-10,M03,OnHandSnapshot,1227.03
2025-08-11,M03,Consumption,-161.87
2025-08-11,M03,OnHandSnapshot,1065.15
2025-08-12,M03,Receipt,2587.37
2025-08-12,M03,Consumption,-154.05
2025-08-12,M03,OnHandSnapshot,3498.47
2025-08-13,M03,Consumption,-148.21
2025-08-13,M03,OnHandSnapshot,3350.27
2025-08-14,M03,Consumption,-169.76
2025-08-14,M03,OnHandSnapshot,3180.51
2025-08-15,M03,Consumption,-196.4
2025-08-15,M03,OnHandSnapshot,2984.11
2025-08-16,M03,Consumption,-151.92
2025-08-16,M03,OnHandSnapshot,2832.19
2025-08-17,M03,Consumption,-159.6
2025-08-17,M03,OnHandSnapshot,2672.59
2025-08-18,M03,Consumption,-144.36
2025-08-18,M03,OnHandSnapshot,2528.23
2025-08-19,M03,Consumption,-152.01
2025-08-19,M03,OnHandSnapshot,2376.22
2025-08-20,M03,Consumption,-150.38
2025-08-20,M03,OnHandSnapshot,2225.84
2025-08-21,M03,Consumption,-173.53
2025-08-21,M03,OnHandSnapshot,2052.31
2025-08-22,M03,Consumption,-212.45
2025-08-22,M03,OnHandSnapshot,1839.87
2025-08-23,M03,Consumption,-136.76
2025-08-23,M03,OnHandSnapshot,1703.1
2025-08-24,M03,Receipt,2587.37
2025-08-24,M03,Consumption,-154.75
2025-08-24,M03,OnHandSnapshot,4135.72
2025-08-25,M03,Consumption,-144.17
2025-08-25,M03,OnHandSnapshot,3991.55
2025-08-26,M03,Consumption,-146.97
2025-08-26,M03,OnHandSnapshot,3844.59
2025-08-27,M03,Consumption,-151.81
2025-08-27,M03,OnHandSnapshot,3692.77
2025-08-28,M03,Consumption,-162.62
2025-08-28,M03,OnHandSnapshot,3530.15
2025-08-29,M03,Consumption,-204.94
2025-08-29,M03,OnHandSnapshot,3325.21
2025-08-30,M03,Consumption,-145.91
2025-08-30,M03,OnHandSnapshot,3179.3
2025-08-31,M03,Consumption,-152.46
2025-08-31,M03,OnHandSnapshot,3026.83
2025-09-01,M03,Consumption,-159.02
2025-09-01,M03,OnHandSnapshot,2867.82
2025-09-02,M03,Consumption,-150.17
2025-09-02,M03,OnHandSnapshot,2717.65
2025-09-03,M03,Consumption,-151.7
2025-09-03,M03,OnHandSnapshot,2565.95
2025-09-04,M03,Consumption,-183.49
2025-09-04,M03,OnHandSnapshot,2382.46
2025-09-05,M03,Consumption,-211.75
2025-09-05,M03,OnHandSnapshot,2170.7
2025-09-06,M03,Consumption,-145.01
2025-09-06,M03,OnHandSnapshot,2025.69
2025-09-07,M03,Consumption,-142.24
2025-09-07,M03,OnHandSnapshot,1883.45
2025-09-08,M03,Consumption,-158.49
2025-09-08,M03,OnHandSnapshot,1724.96
2025-09-09,M03,Consumption,-144.98
2025-09-09,M03,OnHandSnapshot,1579.98
2025-09-10,M03,Consumption,-145.85
2025-09-10,M03,OnHandSnapshot,1434.13
2025-09-11,M03,Consumption,-173.47
2025-09-11,M03,OnHandSnapshot,1260.66
2025-09-12,M03,Receipt,2587.37
2025-09-12,M03,Consumption,-203.34
2025-09-12,M03,OnHandSnapshot,3644.69
2025-09-13,M03,Consumption,-138.81
2025-09-13,M03,OnHandSnapshot,3505.89
2025-09-14,M03,Consumption,-147.79
2025-09-14,M03,OnHandSnapshot,3358.1
2025-09-15,M03,Consumption,-158.15
2025-09-15,M03,OnHandSnapshot,3199.95
2025-09-16,M03,Consumption,-148.35
2025-09-16,M03,OnHandSnapshot,3051.6
2025-09-17,M03,Consumption,-161.38
2025-09-17,M03,OnHandSnapshot,2890.22
2025-09-18,M03,Consumption,-171.25
2025-09-18,M03,OnHandSnapshot,2718.97
2025-09-19,M03,Consumption,-207.87
2025-09-19,M03,OnHandSnapshot,2511.09
2025-09-20,M03,Consumption,-146.72
2025-09-20,M03,OnHandSnapshot,2364.37
2025-09-21,M03,Consumption,-153.23
2025-09-21,M03,OnHandSnapshot,2211.14
2025-09-22,M03,Consumption,-149.25
2025-09-22,M03,OnHandSnapshot,2061.9
2025-09-23,M03,Consumption,-155.65
2025-09-23,M03,OnHandSnapshot,1906.25
2025-09-24,M03,Consumption,-150.7
2025-09-24,M03,OnHandSnapshot,1755.55
2025-09-25,M03,Consumption,-177.15
2025-09-25,M03,OnHandSnapshot,1578.4
2025-09-26,M03,Consumption,-214.87
2025-09-26,M03,OnHandSnapshot,1363.53
2025-09-27,M03,Consumption,-148.31
2025-09-27,M03,OnHandSnapshot,1215.21
2025-09-28,M03,Consumption,-153.44
2025-09-28,M03,OnHandSnapshot,1061.77
2025-09-29,M03,Receipt,2587.37
2025-09-29,M03,Consumption,-160.73
2025-09-29,M03,OnHandSnapshot,3488.41
2025-09-30,M03,Consumption,-143.15
2025-09-30,M03,OnHandSnapshot,3345.26
2025-10-01,M03,Consumption,-148.06
2025-10-01,M03,OnHandSnapshot,3197.21
2025-10-02,M03,Consumption,-177.69
2025-10-02,M03,OnHandSnapshot,3019.52
2025-10-03,M03,Consumption,-215.57
2025-10-03,M03,OnHandSnapshot,2803.95
2025-10-04,M03,Consumption,-140.38
2025-10-04,M03,OnHandSnapshot,2663.57
2025-10-05,M03,Consumption,-150.63
2025-10-05,M03,OnHandSnapshot,2512.93
2025-10-06,M03,Consumption,-163.85
2025-10-06,M03,OnHandSnapshot,2349.09
2025-10-07,M03,Consumption,-148.84
2025-10-07,M03,OnHandSnapshot,2200.24
2025-10-08,M03,Consumption,-152.82
2025-10-08,M03,OnHandSnapshot,2047.42
2025-10-09,M03,Consumption,-177.86
2025-10-09,M03,OnHandSnapshot,1869.56
2025-10-10,M03,Consumption,-209.83
2025-10-10,M03,OnHandSnapshot,1659.73
2025-10-11,M03,Consumption,-153.59
2025-10-11,M03,OnHandSnapshot,1506.14
2025-10-12,M03,Consumption,-148.72
2025-10-12,M03,OnHandSnapshot,1357.41
2025-10-13,M03,Receipt,2587.37
2025-10-13,M03,Consumption,-145.4
2025-10-13,M03,OnHandSnapshot,3799.38
2025-10-14,M03,Consumption,-140.32
2025-10-14,M03,OnHandSnapshot,3659.06
2025-10-15,M03,Consumption,-142.5
2025-10-15,M03,OnHandSnapshot,3516.56
2025-10-16,M03,Consumption,-172.93
2025-10-16,M03,OnHandSnapshot,3343.63
2025-10-17,M03,Consumption,-206.32
2025-10-17,M03,OnHandSnapshot,3137.31
2025-10-18,M03,Consumption,-141.85
2025-10-18,M03,OnHandSnapshot,2995.46
2025-10-19,M03,Consumption,-147.27
2025-10-19,M03,OnHandSnapshot,2848.19
2025-10-20,M03,Consumption,-148.81
2025-10-20,M03,OnHandSnapshot,2699.38
2025-10-21,M03,Consumption,-159.66
2025-10-21,M03,OnHandSnapshot,2539.71
2025-10-22,M03,Consumption,-153.05
2025-10-22,M03,OnHandSnapshot,2386.67
2025-10-23,M03,Consumption,-176.5
2025-10-23,M03,OnHandSnapshot,2210.17
2025-10-24,M03,Consumption,-208.67
2025-10-24,M03,OnHandSnapshot,2001.5
2025-10-25,M03,Consumption,-142.76
2025-10-25,M03,OnHandSnapshot,1858.74
2025-10-26,M03,Consumption,-152.9
2025-10-26,M03,OnHandSnapshot,1705.84
2025-10-27,M03,Consumption,-159.45
2025-10-27,M03,OnHandSnapshot,1546.39
2025-10-28,M03,Consumption,-156.83
2025-10-28,M03,OnHandSnapshot,1389.56
2025-10-29,M03,Consumption,-161.82
2025-10-29,M03,OnHandSnapshot,1227.74
2025-10-30,M03,Receipt,2587.37
2025-10-30,M03,Consumption,-172.48
2025-10-30,M03,OnHandSnapshot,3642.63
2025-10-31,M03,Consumption,-201.49
2025-10-31,M03,OnHandSnapshot,3441.13
2025-11-01,M03,Consumption,-145.07
2025-11-01,M03,OnHandSnapshot,3296.07
2025-11-02,M03,Consumption,-144.44
2025-11-02,M03,OnHandSnapshot,3151.63
2025-11-03,M03,Consumption,-144.84
2025-11-03,M03,OnHandSnapshot,3006.79
2025-11-04,M03,Consumption,-152.4
2025-11-04,M03,OnHandSnapshot,2854.39
2025-11-05,M03,Consumption,-158.23
2025-11-05,M03,OnHandSnapshot,2696.17
2025-11-06,M03,Consumption,-167.87
2025-11-06,M03,OnHandSnapshot,2528.3
2025-11-07,M03,Consumption,-214.14
2025-11-07,M03,OnHandSnapshot,2314.16
2025-11-08,M03,Consumption,-151.91
2025-11-08,M03,OnHandSnapshot,2162.25
2025-11-09,M03,Consumption,-157.52
2025-11-09,M03,OnHandSnapshot,2004.73
2025-11-10,M03,Consumption,-155.49
2025-11-10,M03,OnHandSnapshot,1849.24
2025-11-11,M03,Consumption,-154.53
2025-11-11,M03,OnHandSnapshot,1694.7
2025-11-12,M03,Consumption,-160.66
2025-11-12,M03,OnHandSnapshot,1534.04
2025-11-13,M03,Consumption,-187.02
2025-11-13,M03,OnHandSnapshot,1347.02
2025-11-14,M03,Consumption,-198.86
2025-11-14,M03,OnHandSnapshot,1148.17
2025-11-15,M03,Receipt,2587.37
2025-11-15,M03,Consumption,-149.39
2025-11-15,M03,OnHandSnapshot,3586.15
2025-11-16,M03,Consumption,-152.53
2025-11-16,M03,OnHandSnapshot,3433.62
2025-11-17,M03,Consumption,-142.78
2025-11-17,M03,OnHandSnapshot,3290.84
2025-11-18,M03,Consumption,-146.63
2025-11-18,M03,OnHandSnapshot,3144.21
2025-11-19,M03,Consumption,-152.17
2025-11-19,M03,OnHandSnapshot,2992.04
2025-11-20,M03,Consumption,-175.58
2025-11-20,M03,OnHandSnapshot,2816.46
2025-11-21,M03,Consumption,-220.3
2025-11-21,M03,OnHandSnapshot,2596.15
2025-11-22,M03,Consumption,-147.06
2025-11-22,M03,OnHandSnapshot,2449.1
2025-11-23,M03,Consumption,-152.19
2025-11-23,M03,OnHandSnapshot,2296.91
2025-11-24,M03,Consumption,-148.86
2025-11-24,M03,OnHandSnapshot,2148.05
2025-11-25,M03,Consumption,-153.74
2025-11-25,M03,OnHandSnapshot,1994.31
2025-11-26,M03,Consumption,-152.88
2025-11-26,M03,OnHandSnapshot,1841.43
2025-11-27,M03,Consumption,-173.99
2025-11-27,M03,OnHandSnapshot,1667.43
2025-11-28,M03,Consumption,-198.84
2025-11-28,M03,OnHandSnapshot,1468.59
2025-11-29,M03,Consumption,-142.3
2025-11-29,M03,OnHandSnapshot,1326.29
2025-11-30,M03,Consumption,-158.58
2025-11-30,M03,OnHandSnapshot,1167.71
2025-12-01,M03,Receipt,2587.37
2025-12-01,M03,Consumption,-155.41
2025-12-01,M03,OnHandSnapshot,3599.67
2025-12-02,M03,Consumption,-161.62
2025-12-02,M03,OnHandSnapshot,3438.05
2025-12-03,M03,Consumption,-157.16
2025-12-03,M03,OnHandSnapshot,3280.9
2025-12-04,M03,Consumption,-178.76
2025-12-04,M03,OnHandSnapshot,3102.13
2025-12-05,M03,Consumption,-202.48
2025-12-05,M03,OnHandSnapshot,2899.65
2025-12-06,M03,Consumption,-145.13
2025-12-06,M03,OnHandSnapshot,2754.52
2025-12-07,M03,Consumption,-154.91
2025-12-07,M03,OnHandSnapshot,2599.61
2025-12-08,M03,Consumption,-153.12
2025-12-08,M03,OnHandSnapshot,2446.49
2025-12-09,M03,Consumption,-157.67
2025-12-09,M03,OnHandSnapshot,2288.82
2025-12-10,M03,Consumption,-156.25
2025-12-10,M03,OnHandSnapshot,2132.57
2025-12-11,M03,Consumption,-177.24
2025-12-11,M03,OnHandSnapshot,1955.33
2025-12-12,M03,Consumption,-210.9
2025-12-12,M03,OnHandSnapshot,1744.43
2025-12-13,M03,Consumption,-152.96
2025-12-13,M03,OnHandSnapshot,1591.46
2025-12-14,M03,Consumption,-152.37
2025-12-14,M03,OnHandSnapshot,1439.1
2025-12-15,M03,Receipt,2587.37
2025-12-15,M03,Consumption,-154.06
2025-12-15,M03,OnHandSnapshot,3872.4
2025-12-16,M03,Consumption,-167.5
2025-12-16,M03,OnHandSnapshot,3704.91
2025-12-17,M03,Consumption,-162.85
2025-12-17,M03,OnHandSnapshot,3542.05
2025-12-18,M03,Consumption,-193.2
2025-12-18,M03,OnHandSnapshot,3348.85
2025-12-19,M03,Consumption,-225.15
2025-12-19,M03,OnHandSnapshot,3123.7
2025-12-20,M03,Consumption,-160.1
2025-12-20,M03,OnHandSnapshot,2963.6
2025-12-21,M03,Consumption,-168.62
2025-12-21,M03,OnHandSnapshot,2794.98
2025-12-22,M03,Consumption,-165.44
2025-12-22,M03,OnHandSnapshot,2629.54
2025-12-23,M03,Consumption,-168.21
2025-12-23,M03,OnHandSnapshot,2461.32
2025-12-24,M03,Consumption,-167.05
2025-12-24,M03,OnHandSnapshot,2294.27
2025-12-25,M03,Consumption,-183.27
2025-12-25,M03,OnHandSnapshot,2111.01
2025-12-26,M03,Consumption,-230.12
2025-12-26,M03,OnHandSnapshot,1880.89
2025-12-27,M03,Consumption,-147.41
2025-12-27,M03,OnHandSnapshot,1733.48
2025-12-28,M03,Consumption,-165.75
2025-12-28,M03,OnHandSnapshot,1567.73
2025-12-29,M03,Consumption,-157.61
2025-12-29,M03,OnHandSnapshot,1410.12
2025-12-30,M03,Receipt,2587.37
2025-12-30,M03,Consumption,-159.85
2025-12-30,M03,OnHandSnapshot,3837.63
2025-12-31,M03,Consumption,-152.59
2025-12-31,M03,OnHandSnapshot,3685.04
2024-01-01,M04,Consumption,-233.9
2024-01-01,M04,OnHandSnapshot,2999.59
2024-01-02,M04,Consumption,-218.64
2024-01-02,M04,OnHandSnapshot,2780.95
2024-01-03,M04,Consumption,-217.63
2024-01-03,M04,OnHandSnapshot,2563.32
2024-01-04,M04,Consumption,-273.03
2024-01-04,M04,OnHandSnapshot,2290.29
2024-01-05,M04,Consumption,-293.7
2024-01-05,M04,OnHandSnapshot,1996.59
2024-01-06,M04,Consumption,-224.44
2024-01-06,M04,OnHandSnapshot,1772.15
2024-01-07,M04,Consumption,-213.52
2024-01-07,M04,OnHandSnapshot,1558.63
2024-01-08,M04,Consumption,-238.13
2024-01-08,M04,OnHandSnapshot,1320.5
2024-01-09,M04,Receipt,2020.93
2024-01-09,M04,Consumption,-239.7
2024-01-09,M04,OnHandSnapshot,3101.74
2024-01-10,M04,Consumption,-236.54
2024-01-10,M04,OnHandSnapshot,2865.2
2024-01-11,M04,Consumption,-263.07
2024-01-11,M04,OnHandSnapshot,2602.13
2024-01-12,M04,Consumption,-335.85
2024-01-12,M04,OnHandSnapshot,2266.28
2024-01-13,M04,Consumption,-240.54
2024-01-13,M04,OnHandSnapshot,2025.74
2024-01-14,M04,Consumption,-243.92
2024-01-14,M04,OnHandSnapshot,1781.82
2024-01-15,M04,Consumption,-248.28
2024-01-15,M04,OnHandSnapshot,1533.54
2024-01-16,M04,Consumption,-228.35
2024-01-16,M04,OnHandSnapshot,1305.19
2024-01-17,M04,Consumption,-229.3
2024-01-17,M04,OnHandSnapshot,1075.89
2024-01-18,M04,Consumption,-258.37
2024-01-18,M04,OnHandSnapshot,817.52
2024-01-19,M04,Receipt,2020.93
2024-01-19,M04,Consumption,-314.61
2024-01-19,M04,OnHandSnapshot,2523.84
2024-01-20,M04,Consumption,-221.69
2024-01-20,M04,OnHandSnapshot,2302.15
2024-01-21,M04,Consumption,-254.54
2024-01-21,M04,OnHandSnapshot,2047.61
2024-01-22,M04,Consumption,-230.67
2024-01-22,M04,OnHandSnapshot,1816.94
2024-01-23,M04,Consumption,-239.42
2024-01-23,M04,OnHandSnapshot,1577.52
2024-01-24,M04,Consumption,-229.44
2024-01-24,M04,OnHandSnapshot,1348.08
2024-01-25,M04,Consumption,-271.94
2024-01-25,M04,OnHandSnapshot,1076.14
2024-01-26,M04,Receipt,2020.93
2024-01-26,M04,Consumption,-325.27
2024-01-26,M04,OnHandSnapshot,2771.8
2024-01-27,M04,Consumption,-240.52
2024-01-27,M04,OnHandSnapshot,2531.28
2024-01-28,M04,Consumption,-234.14
2024-01-28,M04,OnHandSnapshot,2297.14
2024-01-29,M04,Consumption,-232.06
2024-01-29,M04,OnHandSnapshot,2065.08
2024-01-30,M04,Consumption,-236.37
2024-01-30,M04,OnHandSnapshot,1828.71
2024-01-31,M04,Consumption,-253.92
2024-01-31,M04,OnHandSnapshot,1574.79
2024-02-01,M04,Consumption,-293.43
2024-02-01,M04,OnHandSnapshot,1281.36
2024-02-02,M04,Consumption,-326.72
2024-02-02,M04,OnHandSnapshot,954.64
2024-02-03,M04,Receipt,2020.93
2024-02-03,M04,Consumption,-220.75
2024-02-03,M04,OnHandSnapshot,2754.83
2024-02-04,M04,Consumption,-248.05
2024-02-04,M04,OnHandSnapshot,2506.78
2024-02-05,M04,Consumption,-236.23
2024-02-05,M04,OnHandSnapshot,2270.55
2024-02-06,M04,Consumption,-247.44
2024-02-06,M04,OnHandSnapshot,2023.11
2024-02-07,M04,Consumption,-222.44
2024-02-07,M04,OnHandSnapshot,1800.67
2024-02-08,M04,Consumption,-271.08
2024-02-08,M04,OnHandSnapshot,1529.59
2024-02-09,M04,Consumption,-321.34
2024-02-09,M04,OnHandSnapshot,1208.25
2024-02-10,M04,Receipt,2020.93
2024-02-10,M04,Consumption,-226.25
2024-02-10,M04,OnHandSnapshot,3002.93
2024-02-11,M04,Consumption,-222.48
2024-02-11,M04,OnHandSnapshot,2780.45
2024-02-12,M04,Consumption,-252.26
2024-02-12,M04,OnHandSnapshot,2528.19
2024-02-13,M04,Consumption,-253.73
2024-02-13,M04,OnHandSnapshot,2274.46
2024-02-14,M04,Consumption,-250.02
2024-02-14,M04,OnHandSnapshot,2024.44
2024-02-15,M04,Consumption,-285.39
2024-02-15,M04,OnHandSnapshot,1739.05
2024-02-16,M04,Consumption,-323.65
2024-02-16,M04,OnHandSnapshot,1415.4
2024-02-17,M04,Consumption,-238.24
2024-02-17,M04,OnHandSnapshot,1177.16
2024-02-18,M04,Consumption,-230.08
2024-02-18,M04,OnHandSnapshot,947.08
2024-02-19,M04,Consumption,-227.91
2024-02-19,M04,OnHandSnapshot,719.17
2024-02-20,M04,Receipt,2020.93
2024-02-20,M04,Consumption,-218.32
2024-02-20,M04,OnHandSnapshot,2521.78
2024-02-21,M04,Consumption,-241.01
2024-02-21,M04,OnHandSnapshot,2280.77
2024-02-22,M04,Consumption,-279.52
2024-02-22,M04,OnHandSnapshot,2001.25
2024-02-23,M04,Consumption,-318.83
2024-02-23,M04,OnHandSnapshot,1682.42
2024-02-24,M04,Consumption,-225.6
2024-02-24,M04,OnHandSnapshot,1456.82
2024-02-25,M04,Consumption,-239.81
2024-02-25,M04,OnHandSnapshot,1217.01
2024-02-26,M04,Consumption,-238.92
2024-02-26,M04,OnHandSnapshot,978.09
2024-02-27,M04,Consumption,-246.65
2024-02-27,M04,OnHandSnapshot,731.44
2024-02-28,M04,Receipt,2020.93
2024-02-28,M04,Consumption,-230.06
2024-02-28,M04,OnHandSnapshot,2522.32
2024-02-29,M04,Consumption,-275.41
2024-02-29,M04,OnHandSnapshot,2246.91
2024-03-01,M04,Consumption,-337.65
2024-03-01,M04,OnHandSnapshot,1909.26
2024-03-02,M04,Consumption,-221.17
2024-03-02,M04,OnHandSnapshot,1688.09
2024-03-03,M04,Consumption,-253.61
2024-03-03,M04,OnHandSnapshot,1434.48
2024-03-04,M04,Consumption,-249.69
2024-03-04,M04,OnHandSnapshot,1184.79
2024-03-05,M04,Receipt,2020.93
2024-03-05,M04,Consumption,-232.71
2024-03-05,M04,OnHandSnapshot,2973.01
2024-03-06,M04,Consumption,-234.48
2024-03-06,M04,OnHandSnapshot,2738.53
2024-03-07,M04,Consumption,-268.2
2024-03-07,M04,OnHandSnapshot,2470.33
2024-03-08,M04,Consumption,-333.2
2024-03-08,M04,OnHandSnapshot,2137.13
2024-03-09,M04,Consumption,-252.97
2024-03-09,M04,OnHandSnapshot,1884.16
2024-03-10,M04,Consumption,-249.7
2024-03-10,M04,OnHandSnapshot,1634.46
2024-03-11,M04,Consumption,-255.69
2024-03-11,M04,OnHandSnapshot,1378.77
2024-03-12,M04,Consumption,-261.91
2024-03-12,M04,OnHandSnapshot,1116.86
2024-03-13,M04,Consumption,-246.67
2024-03-13,M04,OnHandSnapshot,870.19
2024-03-14,M04,Consumption,-261.59
2024-03-14,M04,OnHandSnapshot,608.6
2024-03-15,M04,Consumption,-308.48
2024-03-15,M04,OnHandSnapshot,300.12
2024-03-16,M04,Receipt,2020.93
2024-03-16,M04,Consumption,-234.88
2024-03-16,M04,OnHandSnapshot,2086.17
2024-03-17,M04,Consumption,-229.47
2024-03-17,M04,OnHandSnapshot,1856.7
2024-03-18,M04,Consumption,-240.49
2024-03-18,M04,OnHandSnapshot,1616.21
2024-03-19,M04,Consumption,-220.65
2024-03-19,M04,OnHandSnapshot,1395.56
2024-03-20,M04,Consumption,-240.04
2024-03-20,M04,OnHandSnapshot,1155.52
2024-03-21,M04,Consumption,-276.67
2024-03-21,M04,OnHandSnapshot,878.85
2024-03-22,M04,Consumption,-326.48
2024-03-22,M04,OnHandSnapshot,552.37
2024-03-23,M04,Consumption,-226.71
2024-03-23,M04,OnHandSnapshot,325.66
2024-03-24,M04,Receipt,2020.93
2024-03-24,M04,Consumption,-268.21
2024-03-24,M04,OnHandSnapshot,2078.38
2024-03-25,M04,Consumption,-226.53
2024-03-25,M04,OnHandSnapshot,1851.85
2024-03-26,M04,Consumption,-244.51
2024-03-26,M04,OnHandSnapshot,1607.34
2024-03-27,M04,Consumption,-240.36
2024-03-27,M04,OnHandSnapshot,1366.98
2024-03-28,M04,Consumption,-271.23
2024-03-28,M04,OnHandSnapshot,1095.75
2024-03-29,M04,Receipt,2020.93
2024-03-29,M04,Consumption,-342.07
2024-03-29,M04,OnHandSnapshot,2774.62
2024-03-30,M04,Consumption,-220.58
2024-03-30,M04,OnHandSnapshot,2554.04
2024-03-31,M04,Consumption,-271.9
2024-03-31,M04,OnHandSnapshot,2282.14
2024-04-01,M04,Consumption,-240.24
2024-04-01,M04,OnHandSnapshot,2041.9
2024-04-02,M04,Consumption,-244.3
2024-04-02,M04,OnHandSnapshot,1797.6
2024-04-03,M04,Consumption,-236.6
2024-04-03,M04,OnHandSnapshot,1561.0
2024-04-04,M04,Consumption,-278.14
2024-04-04,M04,OnHandSnapshot,1282.86
2024-04-05,M04,Receipt,2020.93
2024-04-05,M04,Consumption,-333.18
2024-04-05,M04,OnHandSnapshot,2970.61
2024-04-06,M04,Consumption,-237.2
2024-04-06,M04,OnHandSnapshot,2733.41
2024-04-07,M04,Consumption,-253.14
2024-04-07,M04,OnHandSnapshot,2480.27
2024-04-08,M04,Consumption,-216.38
2024-04-08,M04,OnHandSnapshot,2263.89
2024-04-09,M04,Consumption,-232.11
2024-04-09,M04,OnHandSnapshot,2031.78
2024-04-10,M04,Consumption,-244.49
2024-04-10,M04,OnHandSnapshot,1787.29
2024-04-11,M04,Consumption,-286.15
2024-04-11,M04,OnHandSnapshot,1501.14
2024-04-12,M04,Consumption,-344.18
2024-04-12,M04,OnHandSnapshot,1156.96
2024-04-13,M04,Consumption,-208.65
2024-04-13,M04,OnHandSnapshot,948.31
2024-04-14,M04,Consumption,-234.87
2024-04-14,M04,OnHandSnapshot,713.44
2024-04-15,M04,Receipt,2020.93
2024-04-15,M04,Consumption,-233.51
2024-04-15,M04,OnHandSnapshot,2500.86
2024-04-16,M04,Consumption,-233.52
2024-04-16,M04,OnHandSnapshot,2267.34
2024-04-17,M04,Consumption,-245.92
2024-04-17,M04,OnHandSnapshot,2021.42
2024-04-18,M04,Consumption,-287.62
2024-04-18,M04,OnHandSnapshot,1733.8
2024-04-19,M04,Consumption,-320.04
2024-04-19,M04,OnHandSnapshot,1413.76
2024-04-20,M04,Consumption,-211.95
2024-04-20,M04,OnHandSnapshot,1201.81
2024-04-21,M04,Receipt,2020.93
2024-04-21,M04,Consumption,-266.72
2024-04-21,M04,OnHandSnapshot,2956.03
2024-04-22,M04,Consumption,-242.84
2024-04-22,M04,OnHandSnapshot,2713.19
2024-04-23,M04,Consumption,-230.05
2024-04-23,M04,OnHandSnapshot,2483.14
2024-04-24,M04,Consumption,-251.76
2024-04-24,M04,OnHandSnapshot,2231.38
2024-04-25,M04,Consumption,-273.47
2024-04-25,M04,OnHandSnapshot,1957.91
2024-04-26,M04,Consumption,-325.68
2024-04-26,M04,OnHandSnapshot,1632.23
2024-04-27,M04,Consumption,-219.4
2024-04-27,M04,OnHandSnapshot,1412.83
2024-04-28,M04,Consumption,-227.69
2024-04-28,M04,OnHandSnapshot,1185.14
2024-04-29,M04,Consumption,-243.66
2024-04-29,M04,OnHandSnapshot,941.48
2024-04-30,M04,Receipt,2020.93
2024-04-30,M04,Consumption,-246.51
2024-04-30,M04,OnHandSnapshot,2715.9
2024-05-01,M04,Consumption,-228.83
2024-05-01,M04,OnHandSnapshot,2487.07
2024-05-02,M04,Consumption,-249.06
2024-05-02,M04,OnHandSnapshot,2238.01
2024-05-03,M04,Consumption,-305.24
2024-05-03,M04,OnHandSnapshot,1932.77
2024-05-04,M04,Consumption,-247.41
2024-05-04,M04,OnHandSnapshot,1685.36
2024-05-05,M04,Consumption,-221.74
2024-05-05,M04,OnHandSnapshot,1463.62
2024-05-06,M04,Consumption,-215.49
2024-05-06,M04,OnHandSnapshot,1248.13
2024-05-07,M04,Receipt,2020.93
2024-05-07,M04,Consumption,-274.45
2024-05-07,M04,OnHandSnapshot,2994.61
2024-05-08,M04,Consumption,-231.01
2024-05-08,M04,OnHandSnapshot,2763.6
2024-05-09,M04,Consumption,-282.23
2024-05-09,M04,OnHandSnapshot,2481.37
2024-05-10,M04,Consumption,-336.06
2024-05-10,M04,OnHandSnapshot,2145.31
2024-05-11,M04,Consumption,-231.87
2024-05-11,M04,OnHandSnapshot,1913.44
2024-05-12,M04,Consumption,-248.36
2024-05-12,M04,OnHandSnapshot,1665.08
2024-05-13,M04,Consumption,-235.07
2024-05-13,M04,OnHandSnapshot,1430.01
2024-05-14,M04,Consumption,-234.65
2024-05-14,M04,OnHandSnapshot,1195.36
2024-05-15,M04,Receipt,2020.93
2024-05-15,M04,Consumption,-272.75
2024-05-15,M04,OnHandSnapshot,2943.55
2024-05-16,M04,Consumption,-278.57
2024-05-16,M04,OnHandSnapshot,2664.98
2024-05-17,M04,Consumption,-334.08
2024-05-17,M04,OnHandSnapshot,2330.9
2024-05-18,M04,Consumption,-220.83
2024-05-18,M04,OnHandSnapshot,2110.07
2024-05-19,M04,Consumption,-268.95
2024-05-19,M04,OnHandSnapshot,1841.12
2024-05-20,M04,Consumption,-227.07
2024-05-20,M04,OnHandSnapshot,1614.05
2024-05-21,M04,Consumption,-261.43
2024-05-21,M04,OnHandSnapshot,1352.62
2024-05-22,M04,Consumption,-218.35
2024-05-22,M04,OnHandSnapshot,1134.27
2024-05-23,M04,Consumption,-272.37
2024-05-23,M04,OnHandSnapshot,861.9
2024-05-24,M04,Consumption,-323.76
2024-05-24,M04,OnHandSnapshot,538.14
2024-05-25,M04,Consumption,-246.21
2024-05-25,M04,OnHandSnapshot,291.93
2024-05-26,M04,Consumption,-230.55
2024-05-26,M04,OnHandSnapshot,61.38
2024-05-27,M04,Consumption,-232.1
2024-05-27,M04,OnHandSnapshot,-170.72
2024-05-28,M04,Receipt,2020.93
2024-05-28,M04,Consumption,-246.99
2024-05-28,M04,OnHandSnapshot,1603.22
2024-05-29,M04,Consumption,-244.83
2024-05-29,M04,OnHandSnapshot,1358.39
2024-05-30,M04,Consumption,-262.88
2024-05-30,M04,OnHandSnapshot,1095.51
2024-05-31,M04,Receipt,2020.93
2024-05-31,M04,Consumption,-339.64
2024-05-31,M04,OnHandSnapshot,2776.8
2024-06-01,M04,Consumption,-234.02
2024-06-01,M04,OnHandSnapshot,2542.78
2024-06-02,M04,Consumption,-262.5
2024-06-02,M04,OnHandSnapshot,2280.28
2024-06-03,M04,Consumption,-231.22
2024-06-03,M04,OnHandSnapshot,2049.06
2024-06-04,M04,Consumption,-225.42
2024-06-04,M04,OnHandSnapshot,1823.64
2024-06-05,M04,Consumption,-251.98
2024-06-05,M04,OnHandSnapshot,1571.66
2024-06-06,M04,Consumption,-279.93
2024-06-06,M04,OnHandSnapshot,1291.73
2024-06-07,M04,Consumption,-332.19
2024-06-07,M04,OnHandSnapshot,959.54
2024-06-08,M04,Consumption,-233.24
2024-06-08,M04,OnHandSnapshot,726.3
2024-06-09,M04,Receipt,2020.93
2024-06-09,M04,Consumption,-227.72
2024-06-09,M04,OnHandSnapshot,2519.52
2024-06-10,M04,Consumption,-248.34
2024-06-10,M04,OnHandSnapshot,2271.18
2024-06-11,M04,Consumption,-246.3
2024-06-11,M04,OnHandSnapshot,2024.88
2024-06-12,M04,Consumption,-254.04
2024-06-12,M04,OnHandSnapshot,1770.84
2024-06-13,M04,Consumption,-284.0
2024-06-13,M04,OnHandSnapshot,1486.84
2024-06-14,M04,Consumption,-305.82
2024-06-14,M04,OnHandSnapshot,1181.02
2024-06-15,M04,Consumption,-217.71
2024-06-15,M04,OnHandSnapshot,963.31
2024-06-16,M04,Receipt,2020.93
2024-06-16,M04,Consumption,-253.68
2024-06-16,M04,OnHandSnapshot,2730.56
2024-06-17,M04,Consumption,-230.68
2024-06-17,M04,OnHandSnapshot,2499.88
2024-06-18,M04,Consumption,-230.95
2024-06-18,M04,OnHandSnapshot,2268.93
2024-06-19,M04,Consumption,-237.09
2024-06-19,M04,OnHandSnapshot,2031.84
2024-06-20,M04,Consumption,-286.7
2024-06-20,M04,OnHandSnapshot,1745.14
2024-06-21,M04,Consumption,-332.38
2024-06-21,M04,OnHandSnapshot,1412.76
2024-06-22,M04,Consumption,-232.25
2024-06-22,M04,OnHandSnapshot,1180.51
2024-06-23,M04,Consumption,-224.22
2024-06-23,M04,OnHandSnapshot,956.29
2024-06-24,M04,Consumption,-236.89
2024-06-24,M04,OnHandSnapshot,719.4
2024-06-25,M04,Consumption,-238.11
2024-06-25,M04,OnHandSnapshot,481.29
2024-06-26,M04,Receipt,2020.93
2024-06-26,M04,Consumption,-233.44
2024-06-26,M04,OnHandSnapshot,2268.78
2024-06-27,M04,Consumption,-275.73
2024-06-27,M04,OnHandSnapshot,1993.05
2024-06-28,M04,Consumption,-338.67
2024-06-28,M04,OnHandSnapshot,1654.38
2024-06-29,M04,Consumption,-241.2
2024-06-29,M04,OnHandSnapshot,1413.18
2024-06-30,M04,Consumption,-255.68
2024-06-30,M04,OnHandSnapshot,1157.5
2024-07-01,M04,Consumption,-240.7
2024-07-01,M04,OnHandSnapshot,916.8
2024-07-02,M04,Consumption,-246.84
2024-07-02,M04,OnHandSnapshot,669.96
2024-07-03,M04,Receipt,2020.93
2024-07-03,M04,Consumption,-236.03
2024-07-03,M04,OnHandSnapshot,2454.87
2024-07-04,M04,Consumption,-276.7
2024-07-04,M04,OnHandSnapshot,2178.17
2024-07-05,M04,Consumption,-314.23
2024-07-05,M04,OnHandSnapshot,1863.94
2024-07-06,M04,Consumption,-218.02
2024-07-06,M04,OnHandSnapshot,1645.92
2024-07-07,M04,Consumption,-228.35
2024-07-07,M04,OnHandSnapshot,1417.57
2024-07-08,M04,Consumption,-247.95
2024-07-08,M04,OnHandSnapshot,1169.62
2024-07-09,M04,Consumption,-223.88
2024-07-09,M04,OnHandSnapshot,945.74
2024-07-10,M04,Consumption,-277.02
2024-07-10,M04,OnHandSnapshot,668.72
2024-07-11,M04,Receipt,2020.93
2024-07-11,M04,Consumption,-274.96
2024-07-11,M04,OnHandSnapshot,2414.69
2024-07-12,M04,Consumption,-321.75
2024-07-12,M04,OnHandSnapshot,2092.94
2024-07-13,M04,Consumption,-262.29
2024-07-13,M04,OnHandSnapshot,1830.65
2024-07-14,M04,Consumption,-239.58
2024-07-14,M04,OnHandSnapshot,1591.07
2024-07-15,M04,Consumption,-238.86
2024-07-15,M04,OnHandSnapshot,1352.21
2024-07-16,M04,Consumption,-236.32
2024-07-16,M04,OnHandSnapshot,1115.89
2024-07-17,M04,Receipt,2020.93
2024-07-17,M04,Consumption,-242.78
2024-07-17,M04,OnHandSnapshot,2894.04
2024-07-18,M04,Consumption,-275.26
2024-07-18,M04,OnHandSnapshot,2618.78
2024-07-19,M04,Consumption,-329.46
2024-07-19,M04,OnHandSnapshot,2289.32
2024-07-20,M04,Consumption,-238.42
2024-07-20,M04,OnHandSnapshot,2050.9
2024-07-21,M04,Consumption,-237.44
2024-07-21,M04,OnHandSnapshot,1813.46
2024-07-22,M04,Consumption,-244.68
2024-07-22,M04,OnHandSnapshot,1568.78
2024-07-23,M04,Consumption,-257.96
2024-07-23,M04,OnHandSnapshot,1310.82
2024-07-24,M04,Receipt,2020.93
2024-07-24,M04,Consumption,-244.84
2024-07-24,M04,OnHandSnapshot,3086.92
2024-07-25,M04,Consumption,-267.56
2024-07-25,M04,OnHandSnapshot,2819.36
2024-07-26,M04,Consumption,-294.58
2024-07-26,M04,OnHandSnapshot,2524.78
2024-07-27,M04,Consumption,-239.09
2024-07-27,M04,OnHandSnapshot,2285.69
2024-07-28,M04,Consumption,-243.27
2024-07-28,M04,OnHandSnapshot,2042.42
2024-07-29,M04,Consumption,-232.21
2024-07-29,M04,OnHandSnapshot,1810.21
2024-07-30,M04,Consumption,-271.64
2024-07-30,M04,OnHandSnapshot,1538.57
2024-07-31,M04,Consumption,-228.65
2024-07-31,M04,OnHandSnapshot,1309.92
2024-08-01,M04,Receipt,2020.93
2024-08-01,M04,Consumption,-291.6
2024-08-01,M04,OnHandSnapshot,3039.25
2024-08-02,M04,Consumption,-363.9
2024-08-02,M04,OnHandSnapshot,2675.35
2024-08-03,M04,Consumption,-253.61
2024-08-03,M04,OnHandSnapshot,2421.74
2024-08-04,M04,Consumption,-234.67
2024-08-04,M04,OnHandSnapshot,2187.07
2024-08-05,M04,Consumption,-267.75
2024-08-05,M04,OnHandSnapshot,1919.32
2024-08-06,M04,Consumption,-220.34
2024-08-06,M04,OnHandSnapshot,1698.98
2024-08-07,M04,Consumption,-229.24
2024-08-07,M04,OnHandSnapshot,1469.74
2024-08-08,M04,Consumption,-283.32
2024-08-08,M04,OnHandSnapshot,1186.42
2024-08-09,M04,Consumption,-312.23
2024-08-09,M04,OnHandSnapshot,874.19
2024-08-10,M04,Consumption,-231.85
2024-08-10,M04,OnHandSnapshot,642.34
2024-08-11,M04,Consumption,-236.25
2024-08-11,M04,OnHandSnapshot,406.09
2024-08-12,M04,Receipt,2020.93
2024-08-12,M04,Consumption,-276.0
2024-08-12,M04,OnHandSnapshot,2151.02
2024-08-13,M04,Consumption,-243.03
2024-08-13,M04,OnHandSnapshot,1907.99
2024-08-14,M04,Consumption,-247.84
2024-08-14,M04,OnHandSnapshot,1660.15
2024-08-15,M04,Consumption,-297.07
2024-08-15,M04,OnHandSnapshot,1363.08
2024-08-16,M04,Consumption,-320.82
2024-08-16,M04,OnHandSnapshot,1042.26
2024-08-17,M04,Receipt,2020.93
2024-08-17,M04,Consumption,-229.03
2024-08-17,M04,OnHandSnapshot,2834.17
2024-08-18,M04,Consumption,-243.53
2024-08-18,M04,OnHandSnapshot,2590.64
2024-08-19,M04,Consumption,-245.76
2024-08-19,M04,OnHandSnapshot,2344.88
2024-08-20,M04,Consumption,-284.68
2024-08-20,M04,OnHandSnapshot,2060.2
2024-08-21,M04,Consumption,-264.96
2024-08-21,M04,OnHandSnapshot,1795.24
2024-08-22,M04,Consumption,-292.61
2024-08-22,M04,OnHandSnapshot,1502.63
2024-08-23,M04,Consumption,-334.98
2024-08-23,M04,OnHandSnapshot,1167.65
2024-08-24,M04,Consumption,-256.01
2024-08-24,M04,OnHandSnapshot,911.64
2024-08-25,M04,Receipt,2020.93
2024-08-25,M04,Consumption,-256.72
2024-08-25,M04,OnHandSnapshot,2675.85
2024-08-26,M04,Consumption,-281.28
2024-08-26,M04,OnHandSnapshot,2394.57
2024-08-27,M04,Consumption,-253.04
2024-08-27,M04,OnHandSnapshot,2141.53
2024-08-28,M04,Consumption,-260.75
2024-08-28,M04,OnHandSnapshot,1880.78
2024-08-29,M04,Consumption,-304.16
2024-08-29,M04,OnHandSnapshot,1576.62
2024-08-30,M04,Consumption,-323.45
2024-08-30,M04,OnHandSnapshot,1253.17
2024-08-31,M04,Receipt,2020.93
2024-08-31,M04,Consumption,-243.31
2024-08-31,M04,OnHandSnapshot,3030.79
2024-09-01,M04,Consumption,-264.99
2024-09-01,M04,OnHandSnapshot,2765.8
2024-09-02,M04,Consumption,-254.43
2024-09-02,M04,OnHandSnapshot,2511.37
2024-09-03,M04,Consumption,-254.02
2024-09-03,M04,OnHandSnapshot,2257.35
2024-09-04,M04,Consumption,-262.23
2024-09-04,M04,OnHandSnapshot,1995.12
2024-09-05,M04,Consumption,-261.74
2024-09-05,M04,OnHandSnapshot,1733.38
2024-09-06,M04,Consumption,-329.19
2024-09-06,M04,OnHandSnapshot,1404.19
2024-09-07,M04,Consumption,-224.24
2024-09-07,M04,OnHandSnapshot,1179.95
2024-09-08,M04,Consumption,-245.0
2024-09-08,M04,OnHandSnapshot,934.95
2024-09-09,M04,Receipt,2020.93
2024-09-09,M04,Consumption,-259.32
2024-09-09,M04,OnHandSnapshot,2696.56
2024-09-10,M04,Consumption,-240.39
2024-09-10,M04,OnHandSnapshot,2456.17
2024-09-11,M04,Consumption,-272.39
2024-09-11,M04,OnHandSnapshot,2183.78
2024-09-12,M04,Consumption,-268.18
2024-09-12,M04,OnHandSnapshot,1915.6
2024-09-13,M04,Consumption,-347.77
2024-09-13,M04,OnHandSnapshot,1567.83
2024-09-14,M04,Consumption,-224.99
2024-09-14,M04,OnHandSnapshot,1342.84
2024-09-15,M04,Receipt,2020.93
2024-09-15,M04,Consumption,-265.2
2024-09-15,M04,OnHandSnapshot,3098.58
2024-09-16,M04,Consumption,-277.41
2024-09-16,M04,OnHandSnapshot,2821.17
2024-09-17,M04,Consumption,-247.75
2024-09-17,M04,OnHandSnapshot,2573.42
2024-09-18,M04,Consumption,-247.22
2024-09-18,M04,OnHandSnapshot,2326.2
2024-09-19,M04,Consumption,-297.57
2024-09-19,M04,OnHandSnapshot,2028.63
2024-09-20,M04,Consumption,-342.47
2024-09-20,M04,OnHandSnapshot,1686.16
2024-09-21,M04,Consumption,-248.04
2024-09-21,M04,OnHandSnapshot,1438.12
2024-09-22,M04,Consumption,-242.19
2024-09-22,M04,OnHandSnapshot,1195.93
2024-09-23,M04,Receipt,2020.93
2024-09-23,M04,Consumption,-253.67
2024-09-23,M04,OnHandSnapshot,2963.19
2024-09-24,M04,Consumption,-268.63
2024-09-24,M04,OnHandSnapshot,2694.56
2024-09-25,M04,Consumption,-263.44
2024-09-25,M04,OnHandSnapshot,2431.12
2024-09-26,M04,Consumption,-280.43
2024-09-26,M04,OnHandSnapshot,2150.69
2024-09-27,M04,Consumption,-320.04
2024-09-27,M04,OnHandSnapshot,1830.65
2024-09-28,M04,Consumption,-236.36
2024-09-28,M04,OnHandSnapshot,1594.29
2024-09-29,M04,Consumption,-249.23
2024-09-29,M04,OnHandSnapshot,1345.06
2024-09-30,M04,Receipt,2020.93
2024-09-30,M04,Consumption,-225.09
2024-09-30,M04,OnHandSnapshot,3140.9
2024-10-01,M04,Consumption,-243.99
2024-10-01,M04,OnHandSnapshot,2896.91
2024-10-02,M04,Consumption,-260.85
2024-10-02,M04,OnHandSnapshot,2636.06
2024-10-03,M04,Consumption,-289.41
2024-10-03,M04,OnHandSnapshot,2346.65
2024-10-04,M04,Consumption,-323.51
2024-10-04,M04,OnHandSnapshot,2023.14
2024-10-05,M04,Consumption,-244.02
2024-10-05,M04,OnHandSnapshot,1779.12
2024-10-06,M04,Consumption,-261.8
2024-10-06,M04,OnHandSnapshot,1517.32
2024-10-07,M04,Consumption,-261.58
2024-10-07,M04,OnHandSnapshot,1255.74
2024-10-08,M04,Consumption,-234.23
2024-10-08,M04,OnHandSnapshot,1021.51
2024-10-09,M04,Consumption,-276.94
2024-10-09,M04,OnHandSnapshot,744.57
2024-10-10,M04,Receipt,2020.93
2024-10-10,M04,Consumption,-286.02
2024-10-10,M04,OnHandSnapshot,2479.49
2024-10-11,M04,Consumption,-334.81
2024-10-11,M04,OnHandSnapshot,2144.68
2024-10-12,M04,Consumption,-225.93
2024-10-12,M04,OnHandSnapshot,1918.75
2024-10-13,M04,Consumption,-252.37
2024-10-13,M04,OnHandSnapshot,1666.38
2024-10-14,M04,Consumption,-239.95
2024-10-14,M04,OnHandSnapshot,1426.43
2024-10-15,M04,Consumption,-258.8
2024-10-15,M04,OnHandSnapshot,1167.63
2024-10-16,M04,Consumption,-255.94
2024-10-16,M04,OnHandSnapshot,911.69
2024-10-17,M04,Consumption,-302.24
2024-10-17,M04,OnHandSnapshot,609.45
2024-10-18,M04,Receipt,2020.93
2024-10-18,M04,Consumption,-345.73
2024-10-18,M04,OnHandSnapshot,2284.65
2024-10-19,M04,Consumption,-273.46
2024-10-19,M04,OnHandSnapshot,2011.19
2024-10-20,M04,Consumption,-247.5
2024-10-20,M04,OnHandSnapshot,1763.69
2024-10-21,M04,Consumption,-259.48
2024-10-21,M04,OnHandSnapshot,1504.21
2024-10-22,M04,Consumption,-262.5
2024-10-22,M04,OnHandSnapshot,1241.71
2024-10-23,M04,Consumption,-252.21
2024-10-23,M04,OnHandSnapshot,989.5
2024-10-24,M04,Consumption,-273.84
2024-10-24,M04,OnHandSnapshot,715.66
2024-10-25,M04,Receipt,2020.93
2024-10-25,M04,Consumption,-323.03
2024-10-25,M04,OnHandSnapshot,2413.56
2024-10-26,M04,Consumption,-243.82
2024-10-26,M04,OnHandSnapshot,2169.74
2024-10-27,M04,Consumption,-248.72
2024-10-27,M04,OnHandSnapshot,1921.02
2024-10-28,M04,Consumption,-251.37
2024-10-28,M04,OnHandSnapshot,1669.65
2024-10-29,M04,Consumption,-244.54
2024-10-29,M04,OnHandSnapshot,1425.11
2024-10-30,M04,Consumption,-246.05
2024-10-30,M04,OnHandSnapshot,1179.06
2024-10-31,M04,Consumption,-295.93
2024-10-31,M04,OnHandSnapshot,883.13
2024-11-01,M04,Receipt,2020.93
2024-11-01,M04,Consumption,-320.44
2024-11-01,M04,OnHandSnapshot,2583.63
2024-11-02,M04,Consumption,-217.14
2024-11-02,M04,OnHandSnapshot,2366.49
2024-11-03,M04,Consumption,-252.46
2024-11-03,M04,OnHandSnapshot,2114.03
2024-11-04,M04,Consumption,-250.07
2024-11-04,M04,OnHandSnapshot,1863.96
2024-11-05,M04,Consumption,-244.35
2024-11-05,M04,OnHandSnapshot,1619.61
2024-11-06,M04,Consumption,-258.66
2024-11-06,M04,OnHandSnapshot,1360.95
2024-11-07,M04,Consumption,-286.71
2024-11-07,M04,OnHandSnapshot,1074.24
2024-11-08,M04,Consumption,-343.32
2024-11-08,M04,OnHandSnapshot,730.92
2024-11-09,M04,Receipt,2020.93
2024-11-09,M04,Consumption,-253.7
2024-11-09,M04,OnHandSnapshot,2498.15
2024-11-10,M04,Consumption,-229.66
2024-11-10,M04,OnHandSnapshot,2268.49
2024-11-11,M04,Consumption,-248.79
2024-11-11,M04,OnHandSnapshot,2019.7
2024-11-12,M04,Consumption,-245.43
2024-11-12,M04,OnHandSnapshot,1774.27
2024-11-13,M04,Consumption,-236.44
2024-11-13,M04,OnHandSnapshot,1537.83
2024-11-14,M04,Consumption,-285.28
2024-11-14,M04,OnHandSnapshot,1252.55
2024-11-15,M04,Consumption,-346.76
2024-11-15,M04,OnHandSnapshot,905.79
2024-11-16,M04,Receipt,2020.93
2024-11-16,M04,Consumption,-266.19
2024-11-16,M04,OnHandSnapshot,2660.53
2024-11-17,M04,Consumption,-253.64
2024-11-17,M04,OnHandSnapshot,2406.89
2024-11-18,M04,Consumption,-254.74
2024-11-18,M04,OnHandSnapshot,2152.15
2024-11-19,M04,Consumption,-238.0
2024-11-19,M04,OnHandSnapshot,1914.15
2024-11-20,M04,Consumption,-237.7
2024-11-20,M04,OnHandSnapshot,1676.45
2024-11-21,M04,Consumption,-303.52
2024-11-21,M04,OnHandSnapshot,1372.93
2024-11-22,M04,Consumption,-332.42
2024-11-22,M04,OnHandSnapshot,1040.51
2024-11-23,M04,Receipt,2020.93
2024-11-23,M04,Consumption,-218.05
2024-11-23,M04,OnHandSnapshot,2843.4
2024-11-24,M04,Consumption,-273.88
2024-11-24,M04,OnHandSnapshot,2569.52
2024-11-25,M04,Consumption,-242.16
2024-11-25,M04,OnHandSnapshot,2327.36
2024-11-26,M04,Consumption,-255.82
2024-11-26,M04,OnHandSnapshot,2071.54
2024-11-27,M04,Consumption,-256.81
2024-11-27,M04,OnHandSnapshot,1814.73
2024-11-28,M04,Consumption,-309.25
2024-11-28,M04,OnHandSnapshot,1505.48
2024-11-29,M04,Consumption,-330.06
2024-11-29,M04,OnHandSnapshot,1175.42
2024-11-30,M04,Receipt,2020.93
2024-11-30,M04,Consumption,-239.1
2024-11-30,M04,OnHandSnapshot,2957.25
2024-12-01,M04,Consumption,-264.61
2024-12-01,M04,OnHandSnapshot,2692.64
2024-12-02,M04,Consumption,-281.66
2024-12-02,M04,OnHandSnapshot,2410.98
2024-12-03,M04,Consumption,-258.54
2024-12-03,M04,OnHandSnapshot,2152.44
2024-12-04,M04,Consumption,-238.3
2024-12-04,M04,OnHandSnapshot,1914.14
2024-12-05,M04,Consumption,-280.46
2024-12-05,M04,OnHandSnapshot,1633.68
2024-12-06,M04,Consumption,-342.14
2024-12-06,M04,OnHandSnapshot,1291.54
2024-12-07,M04,Receipt,2020.93
2024-12-07,M04,Consumption,-236.2
2024-12-07,M04,OnHandSnapshot,3076.27
2024-12-08,M04,Consumption,-249.37
2024-12-08,M04,OnHandSnapshot,2826.9
2024-12-09,M04,Consumption,-243.01
2024-12-09,M04,OnHandSnapshot,2583.89
2024-12-10,M04,Consumption,-236.87
2024-12-10,M04,OnHandSnapshot,2347.02
2024-12-11,M04,Consumption,-239.99
2024-12-11,M04,OnHandSnapshot,2107.03
2024-12-12,M04,Consumption,-325.05
2024-12-12,M04,OnHandSnapshot,1781.98
2024-12-13,M04,Consumption,-318.28
2024-12-13,M04,OnHandSnapshot,1463.7
2024-12-14,M04,Consumption,-249.56
2024-12-14,M04,OnHandSnapshot,1214.14
2024-12-15,M04,Consumption,-230.3
2024-12-15,M04,OnHandSnapshot,983.84
2024-12-16,M04,Receipt,2020.93
2024-12-16,M04,Consumption,-260.21
2024-12-16,M04,OnHandSnapshot,2744.57
2024-12-17,M04,Consumption,-265.61
2024-12-17,M04,OnHandSnapshot,2478.96
2024-12-18,M04,Consumption,-280.72
2024-12-18,M04,OnHandSnapshot,2198.24
2024-12-19,M04,Consumption,-299.84
2024-12-19,M04,OnHandSnapshot,1898.4
2024-12-20,M04,Consumption,-354.85
2024-12-20,M04,OnHandSnapshot,1543.55
2024-12-21,M04,Consumption,-217.12
2024-12-21,M04,OnHandSnapshot,1326.43
2024-12-22,M04,Receipt,2020.93
2024-12-22,M04,Consumption,-239.24
2024-12-22,M04,OnHandSnapshot,3108.12
2024-12-23,M04,Consumption,-258.12
2024-12-23,M04,OnHandSnapshot,2850.0
2024-12-24,M04,Consumption,-269.93
2024-12-24,M04,OnHandSnapshot,2580.07
2024-12-25,M04,Consumption,-248.49
2024-12-25,M04,OnHandSnapshot,2331.58
2024-12-26,M04,Consumption,-285.1
2024-12-26,M04,OnHandSnapshot,2046.48
2024-12-27,M04,Consumption,-331.41
2024-12-27,M04,OnHandSnapshot,1715.07
2024-12-28,M04,Consumption,-252.03
2024-12-28,M04,OnHandSnapshot,1463.04
2024-12-29,M04,Consumption,-256.33
2024-12-29,M04,OnHandSnapshot,1206.71
2024-12-30,M04,Receipt,2020.93
2024-12-30,M04,Consumption,-254.75
2024-12-30,M04,OnHandSnapshot,2972.89
2024-12-31,M04,Consumption,-260.08
2024-12-31,M04,OnHandSnapshot,2712.81
2025-01-01,M04,Consumption,-236.69
2025-01-01,M04,OnHandSnapshot,2476.12
2025-01-02,M04,Consumption,-274.77
2025-01-02,M04,OnHandSnapshot,2201.35
2025-01-03,M04,Consumption,-342.02
2025-01-03,M04,OnHandSnapshot,1859.33
2025-01-04,M04,Consumption,-251.01
2025-01-04,M04,OnHandSnapshot,1608.32
2025-01-05,M04,Consumption,-263.49
2025-01-05,M04,OnHandSnapshot,1344.83
2025-01-06,M04,Receipt,2020.93
2025-01-06,M04,Consumption,-255.21
2025-01-06,M04,OnHandSnapshot,3110.56
2025-01-07,M04,Consumption,-244.09
2025-01-07,M04,OnHandSnapshot,2866.47
2025-01-08,M04,Consumption,-250.66
2025-01-08,M04,OnHandSnapshot,2615.81
2025-01-09,M04,Consumption,-310.16
2025-01-09,M04,OnHandSnapshot,2305.65
2025-01-10,M04,Consumption,-331.21
2025-01-10,M04,OnHandSnapshot,1974.44
2025-01-11,M04,Consumption,-248.78
2025-01-11,M04,OnHandSnapshot,1725.66
2025-01-12,M04,Consumption,-254.25
2025-01-12,M04,OnHandSnapshot,1471.41
2025-01-13,M04,Consumption,-268.05
2025-01-13,M04,OnHandSnapshot,1203.36
2025-01-14,M04,Consumption,-232.8
2025-01-14,M04,OnHandSnapshot,970.56
2025-01-15,M04,Consumption,-265.7
2025-01-15,M04,OnHandSnapshot,704.86
2025-01-16,M04,Consumption,-291.44
2025-01-16,M04,OnHandSnapshot,413.42
2025-01-17,M04,Consumption,-342.93
2025-01-17,M04,OnHandSnapshot,70.49
2025-01-18,M04,Receipt,2020.93
2025-01-18,M04,Consumption,-240.6
2025-01-18,M04,OnHandSnapshot,1850.82
2025-01-19,M04,Consumption,-247.6
2025-01-19,M04,OnHandSnapshot,1603.22
2025-01-20,M04,Consumption,-253.05
2025-01-20,M04,OnHandSnapshot,1350.17
2025-01-21,M04,Consumption,-250.46
2025-01-21,M04,OnHandSnapshot,1099.71
2025-01-22,M04,Receipt,2020.93
2025-01-22,M04,Consumption,-246.75
2025-01-22,M04,OnHandSnapshot,2873.89
2025-01-23,M04,Consumption,-289.79
2025-01-23,M04,OnHandSnapshot,2584.1
2025-01-24,M04,Consumption,-339.72
2025-01-24,M04,OnHandSnapshot,2244.38
2025-01-25,M04,Consumption,-250.03
2025-01-25,M04,OnHandSnapshot,1994.35
2025-01-26,M04,Consumption,-253.59
2025-01-26,M04,OnHandSnapshot,1740.76
2025-01-27,M04,Consumption,-283.22
2025-01-27,M04,OnHandSnapshot,1457.54
2025-01-28,M04,Consumption,-246.13
2025-01-28,M04,OnHandSnapshot,1211.41
2025-01-29,M04,Consumption,-270.32
2025-01-29,M04,OnHandSnapshot,941.09
2025-01-30,M04,Receipt,2020.93
2025-01-30,M04,Consumption,-301.75
2025-01-30,M04,OnHandSnapshot,2660.27
2025-01-31,M04,Consumption,-350.69
2025-01-31,M04,OnHandSnapshot,2309.58
2025-02-01,M04,Consumption,-226.12
2025-02-01,M04,OnHandSnapshot,2083.46
2025-02-02,M04,Consumption,-252.03
2025-02-02,M04,OnHandSnapshot,1831.43
2025-02-03,M04,Consumption,-243.73
2025-02-03,M04,OnHandSnapshot,1587.7
2025-02-04,M04,Consumption,-230.49
2025-02-04,M04,OnHandSnapshot,1357.21
2025-02-05,M04,Consumption,-265.24
2025-02-05,M04,OnHandSnapshot,1091.97
2025-02-06,M04,Receipt,2020.93
2025-02-06,M04,Consumption,-284.53
2025-02-06,M04,OnHandSnapshot,2828.38
2025-02-07,M04,Consumption,-339.63
2025-02-07,M04,OnHandSnapshot,2488.75
2025-02-08,M04,Consumption,-244.44
2025-02-08,M04,OnHandSnapshot,2244.31
2025-02-09,M04,Consumption,-265.09
2025-02-09,M04,OnHandSnapshot,1979.22
2025-02-10,M04,Consumption,-251.61
2025-02-10,M04,OnHandSnapshot,1727.61
2025-02-11,M04,Consumption,-240.39
2025-02-11,M04,OnHandSnapshot,1487.22
2025-02-12,M04,Consumption,-260.84
2025-02-12,M04,OnHandSnapshot,1226.38
2025-02-13,M04,Consumption,-307.07
2025-02-13,M04,OnHandSnapshot,919.31
2025-02-14,M04,Consumption,-348.57
2025-02-14,M04,OnHandSnapshot,570.74
2025-02-15,M04,Receipt,2020.93
2025-02-15,M04,Consumption,-228.82
2025-02-15,M04,OnHandSnapshot,2362.85
2025-02-16,M04,Consumption,-257.38
2025-02-16,M04,OnHandSnapshot,2105.47
2025-02-17,M04,Consumption,-250.02
2025-02-17,M04,OnHandSnapshot,1855.45
2025-02-18,M04,Consumption,-246.07
2025-02-18,M04,OnHandSnapshot,1609.38
2025-02-19,M04,Consumption,-272.18
2025-02-19,M04,OnHandSnapshot,1337.2
2025-02-20,M04,Consumption,-303.32
2025-02-20,M04,OnHandSnapshot,1033.88
2025-02-21,M04,Consumption,-337.74
2025-02-21,M04,OnHandSnapshot,696.14
2025-02-22,M04,Consumption,-240.71
2025-02-22,M04,OnHandSnapshot,455.43
2025-02-23,M04,Consumption,-253.38
2025-02-23,M04,OnHandSnapshot,202.05
2025-02-24,M04,Receipt,2020.93
2025-02-24,M04,Consumption,-247.74
2025-02-24,M04,OnHandSnapshot,1975.24
2025-02-25,M04,Consumption,-283.91
2025-02-25,M04,OnHandSnapshot,1691.33
2025-02-26,M04,Consumption,-250.14
2025-02-26,M04,OnHandSnapshot,1441.19
2025-02-27,M04,Consumption,-300.07
2025-02-27,M04,OnHandSnapshot,1141.12
2025-02-28,M04,Consumption,-350.01
2025-02-28,M04,OnHandSnapshot,791.11
2025-03-01,M04,Receipt,2020.93
2025-03-01,M04,Consumption,-266.88
2025-03-01,M04,OnHandSnapshot,2545.17
2025-03-02,M04,Consumption,-255.58
2025-03-02,M04,OnHandSnapshot,2289.59
2025-03-03,M04,Consumption,-255.89
2025-03-03,M04,OnHandSnapshot,2033.7
2025-03-04,M04,Consumption,-250.91
2025-03-04,M04,OnHandSnapshot,1782.79
2025-03-05,M04,Consumption,-254.95
2025-03-05,M04,OnHandSnapshot,1527.84
2025-03-06,M04,Consumption,-301.15
2025-03-06,M04,OnHandSnapshot,1226.69
2025-03-07,M04,Consumption,-349.1
2025-03-07,M04,OnHandSnapshot,877.59
2025-03-08,M04,Consumption,-223.16
2025-03-08,M04,OnHandSnapshot,654.43
2025-03-09,M04,Consumption,-255.15
2025-03-09,M04,OnHandSnapshot,399.28
2025-03-10,M04,Receipt,2020.93
2025-03-10,M04,Consumption,-260.58
2025-03-10,M04,OnHandSnapshot,2159.63
2025-03-11,M04,Consumption,-259.65
2025-03-11,M04,OnHandSnapshot,1899.98
2025-03-12,M04,Consumption,-259.78
2025-03-12,M04,OnHandSnapshot,1640.2
2025-03-13,M04,Consumption,-293.42
2025-03-13,M04,OnHandSnapshot,1346.78
2025-03-14,M04,Receipt,2020.93
2025-03-14,M04,Consumption,-350.89
2025-03-14,M04,OnHandSnapshot,3016.82
2025-03-15,M04,Consumption,-262.89
2025-03-15,M04,OnHandSnapshot,2753.93
2025-03-16,M04,Consumption,-249.76
2025-03-16,M04,OnHandSnapshot,2504.17
2025-03-17,M04,Consumption,-251.28
2025-03-17,M04,OnHandSnapshot,2252.89
2025-03-18,M04,Consumption,-254.15
2025-03-18,M04,OnHandSnapshot,1998.74
2025-03-19,M04,Consumption,-264.31
2025-03-19,M04,OnHandSnapshot,1734.43
2025-03-20,M04,Consumption,-292.02
2025-03-20,M04,OnHandSnapshot,1442.41
2025-03-21,M04,Consumption,-414.14
2025-03-21,M04,OnHandSnapshot,1028.27
2025-03-22,M04,Receipt,2020.93
2025-03-22,M04,Consumption,-235.95
2025-03-22,M04,OnHandSnapshot,2813.26
2025-03-23,M04,Consumption,-267.35
2025-03-23,M04,OnHandSnapshot,2545.91
2025-03-24,M04,Consumption,-258.2
2025-03-24,M04,OnHandSnapshot,2287.71
2025-03-25,M04,Consumption,-257.81
2025-03-25,M04,OnHandSnapshot,2029.9
2025-03-26,M04,Consumption,-252.24
2025-03-26,M04,OnHandSnapshot,1777.66
2025-03-27,M04,Consumption,-294.46
2025-03-27,M04,OnHandSnapshot,1483.2
2025-03-28,M04,Consumption,-346.96
2025-03-28,M04,OnHandSnapshot,1136.24
2025-03-29,M04,Receipt,2020.93
2025-03-29,M04,Consumption,-252.97
2025-03-29,M04,OnHandSnapshot,2904.2
2025-03-30,M04,Consumption,-261.23
2025-03-30,M04,OnHandSnapshot,2642.97
2025-03-31,M04,Consumption,-275.17
2025-03-31,M04,OnHandSnapshot,2367.8
2025-04-01,M04,Consumption,-278.32
2025-04-01,M04,OnHandSnapshot,2089.48
2025-04-02,M04,Consumption,-234.01
2025-04-02,M04,OnHandSnapshot,1855.47
2025-04-03,M04,Consumption,-278.38
2025-04-03,M04,OnHandSnapshot,1577.09
2025-04-04,M04,Consumption,-310.89
2025-04-04,M04,OnHandSnapshot,1266.2
2025-04-05,M04,Consumption,-244.63
2025-04-05,M04,OnHandSnapshot,1021.57
2025-04-06,M04,Consumption,-249.04
2025-04-06,M04,OnHandSnapshot,772.53
2025-04-07,M04,Receipt,2020.93
2025-04-07,M04,Consumption,-251.22
2025-04-07,M04,OnHandSnapshot,2542.24
2025-04-08,M04,Consumption,-259.52
2025-04-08,M04,OnHandSnapshot,2282.72
2025-04-09,M04,Consumption,-246.13
2025-04-09,M04,OnHandSnapshot,2036.59
2025-04-10,M04,Consumption,-290.03
2025-04-10,M04,OnHandSnapshot,1746.56
2025-04-11,M04,Consumption,-360.6
2025-04-11,M04,OnHandSnapshot,1385.96
2025-04-12,M04,Consumption,-244.19
2025-04-12,M04,OnHandSnapshot,1141.77
2025-04-13,M04,Receipt,2020.93
2025-04-13,M04,Consumption,-242.16
2025-04-13,M04,OnHandSnapshot,2920.55
2025-04-14,M04,Consumption,-241.61
2025-04-14,M04,OnHandSnapshot,2678.94
2025-04-15,M04,Consumption,-247.97
2025-04-15,M04,OnHandSnapshot,2430.97
2025-04-16,M04,Consumption,-271.98
2025-04-16,M04,OnHandSnapshot,2158.99
2025-04-17,M04,Consumption,-280.53
2025-04-17,M04,OnHandSnapshot,1878.46
2025-04-18,M04,Consumption,-324.87
2025-04-18,M04,OnHandSnapshot,1553.59
2025-04-19,M04,Consumption,-243.85
2025-04-19,M04,OnHandSnapshot,1309.74
2025-04-20,M04,Receipt,2020.93
2025-04-20,M04,Consumption,-225.52
2025-04-20,M04,OnHandSnapshot,3105.15
2025-04-21,M04,Consumption,-284.62
2025-04-21,M04,OnHandSnapshot,2820.53
2025-04-22,M04,Consumption,-267.67
2025-04-22,M04,OnHandSnapshot,2552.86
2025-04-23,M04,Consumption,-248.81
2025-04-23,M04,OnHandSnapshot,2304.05
2025-04-24,M04,Consumption,-279.24
2025-04-24,M04,OnHandSnapshot,2024.81
2025-04-25,M04,Consumption,-362.25
2025-04-25,M04,OnHandSnapshot,1662.56
2025-04-26,M04,Consumption,-251.2
2025-04-26,M04,OnHandSnapshot,1411.36
2025-04-27,M04,Consumption,-249.88
2025-04-27,M04,OnHandSnapshot,1161.48
2025-04-28,M04,Consumption,-250.17
2025-04-28,M04,OnHandSnapshot,911.31
2025-04-29,M04,Consumption,-257.23
2025-04-29,M04,OnHandSnapshot,654.08
2025-04-30,M04,Receipt,2020.93
2025-04-30,M04,Consumption,-265.95
2025-04-30,M04,OnHandSnapshot,2409.06
2025-05-01,M04,Consumption,-301.7
2025-05-01,M04,OnHandSnapshot,2107.36
2025-05-02,M04,Consumption,-395.56
2025-05-02,M04,OnHandSnapshot,1711.8
2025-05-03,M04,Consumption,-238.53
2025-05-03,M04,OnHandSnapshot,1473.27
2025-05-04,M04,Consumption,-252.21
2025-05-04,M04,OnHandSnapshot,1221.06
2025-05-05,M04,Consumption,-241.98
2025-05-05,M04,OnHandSnapshot,979.08
2025-05-06,M04,Consumption,-252.28
2025-05-06,M04,OnHandSnapshot,726.8
2025-05-07,M04,Receipt,2020.93
2025-05-07,M04,Consumption,-249.02
2025-05-07,M04,OnHandSnapshot,2498.72
2025-05-08,M04,Consumption,-333.91
2025-05-08,M04,OnHandSnapshot,2164.81
2025-05-09,M04,Consumption,-356.67
2025-05-09,M04,OnHandSnapshot,1808.14
2025-05-10,M04,Consumption,-235.6
2025-05-10,M04,OnHandSnapshot,1572.54
2025-05-11,M04,Consumption,-250.32
2025-05-11,M04,OnHandSnapshot,1322.22
2025-05-12,M04,Consumption,-255.56
2025-05-12,M04,OnHandSnapshot,1066.66
2025-05-13,M04,Consumption,-239.86
2025-05-13,M04,OnHandSnapshot,826.8
2025-05-14,M04,Receipt,2020.93
2025-05-14,M04,Consumption,-256.35
2025-05-14,M04,OnHandSnapshot,2591.38
2025-05-15,M04,Consumption,-293.72
2025-05-15,M04,OnHandSnapshot,2297.66
2025-05-16,M04,Consumption,-371.46
2025-05-16,M04,OnHandSnapshot,1926.2
2025-05-17,M04,Consumption,-246.52
2025-05-17,M04,OnHandSnapshot,1679.68
2025-05-18,M04,Consumption,-251.03
2025-05-18,M04,OnHandSnapshot,1428.65
2025-05-19,M04,Consumption,-256.09
2025-05-19,M04,OnHandSnapshot,1172.56
2025-05-20,M04,Receipt,2020.93
2025-05-20,M04,Consumption,-233.59
2025-05-20,M04,OnHandSnapshot,2959.9
2025-05-21,M04,Consumption,-265.34
2025-05-21,M04,OnHandSnapshot,2694.56
2025-05-22,M04,Consumption,-299.29
2025-05-22,M04,OnHandSnapshot,2395.27
2025-05-23,M04,Consumption,-379.04
2025-05-23,M04,OnHandSnapshot,2016.23
2025-05-24,M04,Consumption,-236.59
2025-05-24,M04,OnHandSnapshot,1779.64
2025-05-25,M04,Consumption,-243.48
2025-05-25,M04,OnHandSnapshot,1536.16
2025-05-26,M04,Consumption,-274.87
2025-05-26,M04,OnHandSnapshot,1261.29
2025-05-27,M04,Receipt,2020.93
2025-05-27,M04,Consumption,-253.92
2025-05-27,M04,OnHandSnapshot,3028.31
2025-05-28,M04,Consumption,-237.1
2025-05-28,M04,OnHandSnapshot,2791.21
2025-05-29,M04,Consumption,-266.71
2025-05-29,M04,OnHandSnapshot,2524.5
2025-05-30,M04,Consumption,-333.19
2025-05-30,M04,OnHandSnapshot,2191.31
2025-05-31,M04,Consumption,-233.66
2025-05-31,M04,OnHandSnapshot,1957.65
2025-06-01,M04,Consumption,-288.46
2025-06-01,M04,OnHandSnapshot,1669.19
2025-06-02,M04,Consumption,-270.46
2025-06-02,M04,OnHandSnapshot,1398.73
2025-06-03,M04,Consumption,-248.68
2025-06-03,M04,OnHandSnapshot,1150.05
2025-06-04,M04,Consumption,-264.24
2025-06-04,M04,OnHandSnapshot,885.81
2025-06-05,M04,Consumption,-320.24
2025-06-05,M04,OnHandSnapshot,565.57
2025-06-06,M04,Receipt,2020.93
2025-06-06,M04,Consumption,-322.29
2025-06-06,M04,OnHandSnapshot,2264.21
2025-06-07,M04,Consumption,-235.56
2025-06-07,M04,OnHandSnapshot,2028.65
2025-06-08,M04,Consumption,-263.55
2025-06-08,M04,OnHandSnapshot,1765.1
2025-06-09,M04,Consumption,-245.54
2025-06-09,M04,OnHandSnapshot,1519.56
2025-06-10,M04,Consumption,-261.2
2025-06-10,M04,OnHandSnapshot,1258.36
2025-06-11,M04,Consumption,-279.21
2025-06-11,M04,OnHandSnapshot,979.15
2025-06-12,M04,Receipt,2020.93
2025-06-12,M04,Consumption,-313.34
2025-06-12,M04,OnHandSnapshot,2686.74
2025-06-13,M04,Consumption,-332.76
2025-06-13,M04,OnHandSnapshot,2353.98
2025-06-14,M04,Consumption,-236.05
2025-06-14,M04,OnHandSnapshot,2117.93
2025-06-15,M04,Consumption,-251.95
2025-06-15,M04,OnHandSnapshot,1865.98
2025-06-16,M04,Consumption,-255.03
2025-06-16,M04,OnHandSnapshot,1610.95
2025-06-17,M04,Consumption,-276.33
2025-06-17,M04,OnHandSnapshot,1334.62
2025-06-18,M04,Receipt,2020.93
2025-06-18,M04,Consumption,-282.82
2025-06-18,M04,OnHandSnapshot,3072.74
2025-06-19,M04,Consumption,-279.02
2025-06-19,M04,OnHandSnapshot,2793.72
2025-06-20,M04,Consumption,-357.31
2025-06-20,M04,OnHandSnapshot,2436.41
2025-06-21,M04,Consumption,-247.12
2025-06-21,M04,OnHandSnapshot,2189.29
2025-06-22,M04,Consumption,-256.31
2025-06-22,M04,OnHandSnapshot,1932.98
2025-06-23,M04,Consumption,-266.93
2025-06-23,M04,OnHandSnapshot,1666.05
2025-06-24,M04,Consumption,-270.18
2025-06-24,M04,OnHandSnapshot,1395.87
2025-06-25,M04,Consumption,-256.67
2025-06-25,M04,OnHandSnapshot,1139.2
2025-06-26,M04,Receipt,2020.93
2025-06-26,M04,Consumption,-287.88
2025-06-26,M04,OnHandSnapshot,2872.25
2025-06-27,M04,Consumption,-336.15
2025-06-27,M04,OnHandSnapshot,2536.1
2025-06-28,M04,Consumption,-242.04
2025-06-28,M04,OnHandSnapshot,2294.06
2025-06-29,M04,Consumption,-263.32
2025-06-29,M04,OnHandSnapshot,2030.74
2025-06-30,M04,Consumption,-248.04
2025-06-30,M04,OnHandSnapshot,1782.7
2025-07-01,M04,Consumption,-271.76
2025-07-01,M04,OnHandSnapshot,1510.94
2025-07-02,M04,Consumption,-258.35
2025-07-02,M04,OnHandSnapshot,1252.59
2025-07-03,M04,Consumption,-321.42
2025-07-03,M04,OnHandSnapshot,931.17
2025-07-04,M04,Consumption,-366.15
2025-07-04,M04,OnHandSnapshot,565.02
2025-07-05,M04,Consumption,-238.01
2025-07-05,M04,OnHandSnapshot,327.01
2025-07-06,M04,Consumption,-279.27
2025-07-06,M04,OnHandSnapshot,47.74
2025-07-07,M04,Consumption,-246.45
2025-07-07,M04,OnHandSnapshot,-198.71
2025-07-08,M04,Receipt,2020.93
2025-07-08,M04,Consumption,-251.55
2025-07-08,M04,OnHandSnapshot,1570.67
2025-07-09,M04,Consumption,-264.9
2025-07-09,M04,OnHandSnapshot,1305.77
2025-07-10,M04,Consumption,-296.13
2025-07-10,M04,OnHandSnapshot,1009.64
2025-07-11,M04,Consumption,-331.69
2025-07-11,M04,OnHandSnapshot,677.95
2025-07-12,M04,Receipt,2020.93
2025-07-12,M04,Consumption,-247.6
2025-07-12,M04,OnHandSnapshot,2451.28
2025-07-13,M04,Consumption,-281.25
2025-07-13,M04,OnHandSnapshot,2170.03
2025-07-14,M04,Consumption,-252.59
2025-07-14,M04,OnHandSnapshot,1917.44
2025-07-15,M04,Consumption,-243.46
2025-07-15,M04,OnHandSnapshot,1673.98
2025-07-16,M04,Consumption,-274.48
2025-07-16,M04,OnHandSnapshot,1399.5
2025-07-17,M04,Consumption,-299.01
2025-07-17,M04,OnHandSnapshot,1100.49
2025-07-18,M04,Receipt,2020.93
2025-07-18,M04,Consumption,-382.44
2025-07-18,M04,OnHandSnapshot,2738.99
2025-07-19,M04,Consumption,-236.53
2025-07-19,M04,OnHandSnapshot,2502.46
2025-07-20,M04,Consumption,-246.14
2025-07-20,M04,OnHandSnapshot,2256.32
2025-07-21,M04,Consumption,-264.14
2025-07-21,M04,OnHandSnapshot,1992.18
2025-07-22,M04,Consumption,-274.68
2025-07-22,M04,OnHandSnapshot,1717.5
2025-07-23,M04,Consumption,-285.64
2025-07-23,M04,OnHandSnapshot,1431.86
2025-07-24,M04,Consumption,-312.03
2025-07-24,M04,OnHandSnapshot,1119.83
2025-07-25,M04,Consumption,-374.59
2025-07-25,M04,OnHandSnapshot,745.24
2025-07-26,M04,Receipt,2020.93
2025-07-26,M04,Consumption,-231.1
2025-07-26,M04,OnHandSnapshot,2535.07
2025-07-27,M04,Consumption,-237.78
2025-07-27,M04,OnHandSnapshot,2297.29
2025-07-28,M04,Consumption,-257.51
2025-07-28,M04,OnHandSnapshot,2039.78
2025-07-29,M04,Consumption,-247.88
2025-07-29,M04,OnHandSnapshot,1791.9
2025-07-30,M04,Consumption,-261.4
2025-07-30,M04,OnHandSnapshot,1530.5
2025-07-31,M04,Consumption,-314.42
2025-07-31,M04,OnHandSnapshot,1216.08
2025-08-01,M04,Receipt,2020.93
2025-08-01,M04,Consumption,-342.85
2025-08-01,M04,OnHandSnapshot,2894.16
2025-08-02,M04,Consumption,-258.99
2025-08-02,M04,OnHandSnapshot,2635.17
2025-08-03,M04,Consumption,-244.25
2025-08-03,M04,OnHandSnapshot,2390.92
2025-08-04,M04,Consumption,-270.2
2025-08-04,M04,OnHandSnapshot,2120.72
2025-08-05,M04,Consumption,-259.95
2025-08-05,M04,OnHandSnapshot,1860.77
2025-08-06,M04,Consumption,-257.63
2025-08-06,M04,OnHandSnapshot,1603.14
2025-08-07,M04,Consumption,-299.13
2025-08-07,M04,OnHandSnapshot,1304.01
2025-08-08,M04,Consumption,-339.73
2025-08-08,M04,OnHandSnapshot,964.28
2025-08-09,M04,Receipt,2020.93
2025-08-09,M04,Consumption,-250.09
2025-08-09,M04,OnHandSnapshot,2735.13
2025-08-10,M04,Consumption,-275.33
2025-08-10,M04,OnHandSnapshot,2459.8
2025-08-11,M04,Consumption,-279.08
2025-08-11,M04,OnHandSnapshot,2180.72
2025-08-12,M04,Consumption,-266.75
2025-08-12,M04,OnHandSnapshot,1913.97
2025-08-13,M04,Consumption,-254.5
2025-08-13,M04,OnHandSnapshot,1659.47
2025-08-14,M04,Consumption,-295.38
2025-08-14,M04,OnHandSnapshot,1364.09
2025-08-15,M04,Consumption,-332.64
2025-08-15,M04,OnHandSnapshot,1031.45
2025-08-16,M04,Consumption,-279.11
2025-08-16,M04,OnHandSnapshot,752.34
2025-08-17,M04,Consumption,-287.83
2025-08-17,M04,OnHandSnapshot,464.51
2025-08-18,M04,Receipt,2020.93
2025-08-18,M04,Consumption,-251.51
2025-08-18,M04,OnHandSnapshot,2233.93
2025-08-19,M04,Consumption,-260.49
2025-08-19,M04,OnHandSnapshot,1973.44
2025-08-20,M04,Consumption,-250.77
2025-08-20,M04,OnHandSnapshot,1722.67
2025-08-21,M04,Consumption,-302.9
2025-08-21,M04,OnHandSnapshot,1419.77
2025-08-22,M04,Consumption,-364.56
2025-08-22,M04,OnHandSnapshot,1055.21
2025-08-23,M04,Receipt,2020.93
2025-08-23,M04,Consumption,-220.55
2025-08-23,M04,OnHandSnapshot,2855.59
2025-08-24,M04,Consumption,-277.2
2025-08-24,M04,OnHandSnapshot,2578.39
2025-08-25,M04,Consumption,-258.3
2025-08-25,M04,OnHandSnapshot,2320.09
2025-08-26,M04,Consumption,-251.2
2025-08-26,M04,OnHandSnapshot,2068.89
2025-08-27,M04,Consumption,-255.62
2025-08-27,M04,OnHandSnapshot,1813.27
2025-08-28,M04,Consumption,-275.05
2025-08-28,M04,OnHandSnapshot,1538.22
2025-08-29,M04,Consumption,-365.69
2025-08-29,M04,OnHandSnapshot,1172.53
2025-08-30,M04,Receipt,2020.93
2025-08-30,M04,Consumption,-249.15
2025-08-30,M04,OnHandSnapshot,2944.32
2025-08-31,M04,Consumption,-264.14
2025-08-31,M04,OnHandSnapshot,2680.18
2025-09-01,M04,Consumption,-269.42
2025-09-01,M04,OnHandSnapshot,2410.76
2025-09-02,M04,Consumption,-260.46
2025-09-02,M04,OnHandSnapshot,2150.3
2025-09-03,M04,Consumption,-253.38
2025-09-03,M04,OnHandSnapshot,1896.92
2025-09-04,M04,Consumption,-315.36
2025-09-04,M04,OnHandSnapshot,1581.56
2025-09-05,M04,Consumption,-363.32
2025-09-05,M04,OnHandSnapshot,1218.24
2025-09-06,M04,Receipt,2020.93
2025-09-06,M04,Consumption,-260.24
2025-09-06,M04,OnHandSnapshot,2978.93
2025-09-07,M04,Consumption,-246.97
2025-09-07,M04,OnHandSnapshot,2731.96
2025-09-08,M04,Consumption,-284.16
2025-09-08,M04,OnHandSnapshot,2447.8
2025-09-09,M04,Consumption,-237.36
2025-09-09,M04,OnHandSnapshot,2210.44
2025-09-10,M04,Consumption,-248.82
2025-09-10,M04,OnHandSnapshot,1961.62
2025-09-11,M04,Consumption,-295.24
2025-09-11,M04,OnHandSnapshot,1666.38
2025-09-12,M04,Consumption,-360.27
2025-09-12,M04,OnHandSnapshot,1306.11
2025-09-13,M04,Consumption,-236.38
2025-09-13,M04,OnHandSnapshot,1069.73
2025-09-14,M04,Receipt,2020.93
2025-09-14,M04,Consumption,-251.95
2025-09-14,M04,OnHandSnapshot,2838.71
2025-09-15,M04,Consumption,-273.02
2025-09-15,M04,OnHandSnapshot,2565.69
2025-09-16,M04,Consumption,-260.53
2025-09-16,M04,OnHandSnapshot,2305.16
2025-09-17,M04,Consumption,-267.86
2025-09-17,M04,OnHandSnapshot,2037.3
2025-09-18,M04,Consumption,-291.28
2025-09-18,M04,OnHandSnapshot,1746.02
2025-09-19,M04,Consumption,-337.46
2025-09-19,M04,OnHandSnapshot,1408.56
2025-09-20,M04,Consumption,-259.48
2025-09-20,M04,OnHandSnapshot,1149.08
2025-09-21,M04,Consumption,-252.99
2025-09-21,M04,OnHandSnapshot,896.09
2025-09-22,M04,Receipt,2020.93
2025-09-22,M04,Consumption,-250.53
2025-09-22,M04,OnHandSnapshot,2666.5
2025-09-23,M04,Consumption,-272.32
2025-09-23,M04,OnHandSnapshot,2394.18
2025-09-24,M04,Consumption,-280.15
2025-09-24,M04,OnHandSnapshot,2114.03
2025-09-25,M04,Consumption,-299.38
2025-09-25,M04,OnHandSnapshot,1814.65
2025-09-26,M04,Consumption,-361.23
2025-09-26,M04,OnHandSnapshot,1453.42
2025-09-27,M04,Consumption,-260.5
2025-09-27,M04,OnHandSnapshot,1192.92
2025-09-28,M04,Receipt,2020.93
2025-09-28,M04,Consumption,-262.67
2025-09-28,M04,OnHandSnapshot,2951.18
2025-09-29,M04,Consumption,-275.27
2025-09-29,M04,OnHandSnapshot,2675.91
2025-09-30,M04,Consumption,-247.27
2025-09-30,M04,OnHandSnapshot,2428.64
2025-10-01,M04,Consumption,-255.09
2025-10-01,M04,OnHandSnapshot,2173.55
2025-10-02,M04,Consumption,-315.49
2025-10-02,M04,OnHandSnapshot,1858.06
2025-10-03,M04,Consumption,-382.28
2025-10-03,M04,OnHandSnapshot,1475.78
2025-10-04,M04,Consumption,-230.77
2025-10-04,M04,OnHandSnapshot,1245.01
2025-10-05,M04,Consumption,-249.93
2025-10-05,M04,OnHandSnapshot,995.08
2025-10-06,M04,Consumption,-293.16
2025-10-06,M04,OnHandSnapshot,701.92
2025-10-07,M04,Consumption,-254.7
2025-10-07,M04,OnHandSnapshot,447.22
2025-10-08,M04,Consumption,-274.29
2025-10-08,M04,OnHandSnapshot,172.93
2025-10-09,M04,Receipt,2020.93
2025-10-09,M04,Consumption,-306.2
2025-10-09,M04,OnHandSnapshot,1887.66
2025-10-10,M04,Consumption,-367.94
2025-10-10,M04,OnHandSnapshot,1519.72
2025-10-11,M04,Consumption,-285.07
2025-10-11,M04,OnHandSnapshot,1234.65
2025-10-12,M04,Consumption,-262.15
2025-10-12,M04,OnHandSnapshot,972.5
2025-10-13,M04,Receipt,2020.93
2025-10-13,M04,Consumption,-237.92
2025-10-13,M04,OnHandSnapshot,2755.52
2025-10-14,M04,Consumption,-244.85
2025-10-14,M04,OnHandSnapshot,2510.67
2025-10-15,M04,Consumption,-244.63
2025-10-15,M04,OnHandSnapshot,2266.04
2025-10-16,M04,Consumption,-305.2
2025-10-16,M04,OnHandSnapshot,1960.84
2025-10-17,M04,Consumption,-371.19
2025-10-17,M04,OnHandSnapshot,1589.65
2025-10-18,M04,Consumption,-240.18
2025-10-18,M04,OnHandSnapshot,1349.47
2025-10-19,M04,Consumption,-256.05
2025-10-19,M04,OnHandSnapshot,1093.42
2025-10-20,M04,Consumption,-259.04
2025-10-20,M04,OnHandSnapshot,834.38
2025-10-21,M04,Receipt,2020.93
2025-10-21,M04,Consumption,-286.72
2025-10-21,M04,OnHandSnapshot,2568.59
2025-10-22,M04,Consumption,-272.89
2025-10-22,M04,OnHandSnapshot,2295.7
2025-10-23,M04,Consumption,-307.02
2025-10-23,M04,OnHandSnapshot,1988.68
2025-10-24,M04,Consumption,-364.45
2025-10-24,M04,OnHandSnapshot,1624.23
2025-10-25,M04,Consumption,-258.05
2025-10-25,M04,OnHandSnapshot,1366.18
2025-10-26,M04,Consumption,-272.84
2025-10-26,M04,OnHandSnapshot,1093.34
2025-10-27,M04,Receipt,2020.93
2025-10-27,M04,Consumption,-276.14
2025-10-27,M04,OnHandSnapshot,2838.13
2025-10-28,M04,Consumption,-266.13
2025-10-28,M04,OnHandSnapshot,2572.0
2025-10-29,M04,Consumption,-293.07
2025-10-29,M04,OnHandSnapshot,2278.93
2025-10-30,M04,Consumption,-291.28
2025-10-30,M04,OnHandSnapshot,1987.65
2025-10-31,M04,Consumption,-349.86
2025-10-31,M04,OnHandSnapshot,1637.79
2025-11-01,M04,Consumption,-257.25
2025-11-01,M04,OnHandSnapshot,1380.54
2025-11-02,M04,Consumption,-255.76
2025-11-02,M04,OnHandSnapshot,1124.78
2025-11-03,M04,Receipt,2020.93
2025-11-03,M04,Consumption,-256.02
2025-11-03,M04,OnHandSnapshot,2889.7
2025-11-04,M04,Consumption,-270.8
2025-11-04,M04,OnHandSnapshot,2618.9
2025-11-05,M04,Consumption,-283.2
2025-11-05,M04,OnHandSnapshot,2335.7
2025-11-06,M04,Consumption,-291.0
2025-11-06,M04,OnHandSnapshot,2044.7
2025-11-07,M04,Consumption,-375.58
2025-11-07,M04,OnHandSnapshot,1669.12
2025-11-08,M04,Consumption,-270.78
2025-11-08,M04,OnHandSnapshot,1398.34
2025-11-09,M04,Consumption,-292.74
2025-11-09,M04,OnHandSnapshot,1105.6
2025-11-10,M04,Consumption,-285.48
2025-11-10,M04,OnHandSnapshot,820.12
2025-11-11,M04,Consumption,-273.95
2025-11-11,M04,OnHandSnapshot,546.17
2025-11-12,M04,Consumption,-289.8
2025-11-12,M04,OnHandSnapshot,256.37
2025-11-13,M04,Receipt,2020.93
2025-11-13,M04,Consumption,-342.34
2025-11-13,M04,OnHandSnapshot,1934.96
2025-11-14,M04,Consumption,-344.41
2025-11-14,M04,OnHandSnapshot,1590.55
2025-11-15,M04,Consumption,-263.5
2025-11-15,M04,OnHandSnapshot,1327.05
2025-11-16,M04,Consumption,-270.47
2025-11-16,M04,OnHandSnapshot,1056.58
2025-11-17,M04,Consumption,-250.98
2025-11-17,M04,OnHandSnapshot,805.6
2025-11-18,M04,Receipt,2020.93
2025-11-18,M04,Consumption,-256.17
2025-11-18,M04,OnHandSnapshot,2570.36
2025-11-19,M04,Consumption,-266.69
2025-11-19,M04,OnHandSnapshot,2303.67
2025-11-20,M04,Consumption,-303.5
2025-11-20,M04,OnHandSnapshot,2000.17
2025-11-21,M04,Consumption,-390.63
2025-11-21,M04,OnHandSnapshot,1609.54
2025-11-22,M04,Consumption,-263.64
2025-11-22,M04,OnHandSnapshot,1345.9
2025-11-23,M04,Consumption,-263.56
2025-11-23,M04,OnHandSnapshot,1082.34
2025-11-24,M04,Receipt,2020.93
2025-11-24,M04,Consumption,-261.05
2025-11-24,M04,OnHandSnapshot,2842.23
2025-11-25,M04,Consumption,-274.53
2025-11-25,M04,OnHandSnapshot,2567.7
2025-11-26,M04,Consumption,-265.89
2025-11-26,M04,OnHandSnapshot,2301.81
2025-11-27,M04,Consumption,-310.67
2025-11-27,M04,OnHandSnapshot,1991.14
2025-11-28,M04,Consumption,-356.62
2025-11-28,M04,OnHandSnapshot,1634.52
2025-11-29,M04,Consumption,-245.37
2025-11-29,M04,OnHandSnapshot,1389.15
2025-11-30,M04,Consumption,-264.02
2025-11-30,M04,OnHandSnapshot,1125.13
2025-12-01,M04,Consumption,-276.69
2025-12-01,M04,OnHandSnapshot,848.44
2025-12-02,M04,Receipt,2020.93
2025-12-02,M04,Consumption,-282.79
2025-12-02,M04,OnHandSnapshot,2586.58
2025-12-03,M04,Consumption,-272.81
2025-12-03,M04,OnHandSnapshot,2313.77
2025-12-04,M04,Consumption,-327.16
2025-12-04,M04,OnHandSnapshot,1986.61
2025-12-05,M04,Consumption,-355.26
2025-12-05,M04,OnHandSnapshot,1631.35
2025-12-06,M04,Consumption,-256.56
2025-12-06,M04,OnHandSnapshot,1374.79
2025-12-07,M04,Consumption,-266.59
2025-12-07,M04,OnHandSnapshot,1108.2
2025-12-08,M04,Consumption,-282.3
2025-12-08,M04,OnHandSnapshot,825.9
2025-12-09,M04,Consumption,-273.03
2025-12-09,M04,OnHandSnapshot,552.87
2025-12-10,M04,Receipt,2020.93
2025-12-10,M04,Consumption,-271.97
2025-12-10,M04,OnHandSnapshot,2301.83
2025-12-11,M04,Consumption,-299.89
2025-12-11,M04,OnHandSnapshot,2001.94
2025-12-12,M04,Consumption,-366.02
2025-12-12,M04,OnHandSnapshot,1635.92
2025-12-13,M04,Consumption,-269.76
2025-12-13,M04,OnHandSnapshot,1366.16
2025-12-14,M04,Consumption,-255.35
2025-12-14,M04,OnHandSnapshot,1110.81
2025-12-15,M04,Consumption,-244.5
2025-12-15,M04,OnHandSnapshot,866.31
2025-12-16,M04,Receipt,2020.93
2025-12-16,M04,Consumption,-287.36
2025-12-16,M04,OnHandSnapshot,2599.88
2025-12-17,M04,Consumption,-282.49
2025-12-17,M04,OnHandSnapshot,2317.39
2025-12-18,M04,Consumption,-316.18
2025-12-18,M04,OnHandSnapshot,2001.21
2025-12-19,M04,Consumption,-362.64
2025-12-19,M04,OnHandSnapshot,1638.57
2025-12-20,M04,Consumption,-270.82
2025-12-20,M04,OnHandSnapshot,1367.75
2025-12-21,M04,Consumption,-265.56
2025-12-21,M04,OnHandSnapshot,1102.19
2025-12-22,M04,Consumption,-277.49
2025-12-22,M04,OnHandSnapshot,824.7
2025-12-23,M04,Receipt,2020.93
2025-12-23,M04,Consumption,-264.87
2025-12-23,M04,OnHandSnapshot,2580.77
2025-12-24,M04,Consumption,-274.54
2025-12-24,M04,OnHandSnapshot,2306.23
2025-12-25,M04,Consumption,-294.65
2025-12-25,M04,OnHandSnapshot,2011.58
2025-12-26,M04,Consumption,-379.64
2025-12-26,M04,OnHandSnapshot,1631.94
2025-12-27,M04,Consumption,-244.23
2025-12-27,M04,OnHandSnapshot,1387.71
2025-12-28,M04,Consumption,-301.77
2025-12-28,M04,OnHandSnapshot,1085.94
2025-12-29,M04,Receipt,2020.93
2025-12-29,M04,Consumption,-272.72
2025-12-29,M04,OnHandSnapshot,2834.15
2025-12-30,M04,Consumption,-281.24
2025-12-30,M04,OnHandSnapshot,2552.91
2025-12-31,M04,Consumption,-262.52
2025-12-31,M04,OnHandSnapshot,2290.39
2024-01-01,M05,Consumption,-93.52
2024-01-01,M05,OnHandSnapshot,1203.51
2024-01-02,M05,Consumption,-89.04
2024-01-02,M05,OnHandSnapshot,1114.47
2024-01-03,M05,Consumption,-89.81
2024-01-03,M05,OnHandSnapshot,1024.66
2024-01-04,M05,Consumption,-102.4
2024-01-04,M05,OnHandSnapshot,922.26
2024-01-05,M05,Consumption,-123.35
2024-01-05,M05,OnHandSnapshot,798.9
2024-01-06,M05,Consumption,-86.66
2024-01-06,M05,OnHandSnapshot,712.25
2024-01-07,M05,Consumption,-89.66
2024-01-07,M05,OnHandSnapshot,622.59
2024-01-08,M05,Consumption,-94.44
2024-01-08,M05,OnHandSnapshot,528.15
2024-01-09,M05,Receipt,1297.03
2024-01-09,M05,Consumption,-87.98
2024-01-09,M05,OnHandSnapshot,1737.2
2024-01-10,M05,Consumption,-89.22
2024-01-10,M05,OnHandSnapshot,1647.98
2024-01-11,M05,Consumption,-108.41
2024-01-11,M05,OnHandSnapshot,1539.57
2024-01-12,M05,Consumption,-129.05
2024-01-12,M05,OnHandSnapshot,1410.52
2024-01-13,M05,Consumption,-88.8
2024-01-13,M05,OnHandSnapshot,1321.72
2024-01-14,M05,Consumption,-94.28
2024-01-14,M05,OnHandSnapshot,1227.44
2024-01-15,M05,Consumption,-94.04
2024-01-15,M05,OnHandSnapshot,1133.4
2024-01-16,M05,Consumption,-92.71
2024-01-16,M05,OnHandSnapshot,1040.69
2024-01-17,M05,Consumption,-92.28
2024-01-17,M05,OnHandSnapshot,948.4
2024-01-18,M05,Consumption,-103.24
2024-01-18,M05,OnHandSnapshot,845.16
2024-01-19,M05,Consumption,-124.64
2024-01-19,M05,OnHandSnapshot,720.52
2024-01-20,M05,Consumption,-90.77
2024-01-20,M05,OnHandSnapshot,629.75
2024-01-21,M05,Receipt,1297.03
2024-01-21,M05,Consumption,-91.11
2024-01-21,M05,OnHandSnapshot,1835.67
2024-01-22,M05,Consumption,-90.62
2024-01-22,M05,OnHandSnapshot,1745.06
2024-01-23,M05,Consumption,-98.13
2024-01-23,M05,OnHandSnapshot,1646.93
2024-01-24,M05,Consumption,-91.28
2024-01-24,M05,OnHandSnapshot,1555.64
2024-01-25,M05,Consumption,-108.27
2024-01-25,M05,OnHandSnapshot,1447.37
2024-01-26,M05,Consumption,-125.08
2024-01-26,M05,OnHandSnapshot,1322.29
2024-01-27,M05,Consumption,-93.59
2024-01-27,M05,OnHandSnapshot,1228.7
2024-01-28,M05,Consumption,-94.58
2024-01-28,M05,OnHandSnapshot,1134.12
2024-01-29,M05,Consumption,-93.19
2024-01-29,M05,OnHandSnapshot,1040.93
2024-01-30,M05,Consumption,-92.52
2024-01-30,M05,OnHandSnapshot,948.4
2024-01-31,M05,Consumption,-96.08
2024-01-31,M05,OnHandSnapshot,852.33
2024-02-01,M05,Consumption,-108.64
2024-02-01,M05,OnHandSnapshot,743.69
2024-02-02,M05,Consumption,-124.79
2024-02-02,M05,OnHandSnapshot,618.9
2024-02-03,M05,Consumption,-88.38
2024-02-03,M05,OnHandSnapshot,530.52
2024-02-04,M05,Receipt,1297.03
2024-02-04,M05,Consumption,-92.14
2024-02-04,M05,OnHandSnapshot,1735.41
2024-02-05,M05,Consumption,-93.93
2024-02-05,M05,OnHandSnapshot,1641.48
2024-02-06,M05,Consumption,-91.0
2024-02-06,M05,OnHandSnapshot,1550.47
2024-02-07,M05,Consumption,-87.4
2024-02-07,M05,OnHandSnapshot,1463.08
2024-02-08,M05,Consumption,-107.52
2024-02-08,M05,OnHandSnapshot,1355.55
2024-02-09,M05,Consumption,-123.1
2024-02-09,M05,OnHandSnapshot,1232.45
2024-02-10,M05,Consumption,-87.52
2024-02-10,M05,OnHandSnapshot,1144.92
2024-02-11,M05,Consumption,-90.32
2024-02-11,M05,OnHandSnapshot,1054.6
2024-02-12,M05,Consumption,-96.17
2024-02-12,M05,OnHandSnapshot,958.43
2024-02-13,M05,Consumption,-96.13
2024-02-13,M05,OnHandSnapshot,862.3
2024-02-14,M05,Consumption,-94.65
2024-02-14,M05,OnHandSnapshot,767.65
2024-02-15,M05,Receipt,1297.03
2024-02-15,M05,Consumption,-109.34
2024-02-15,M05,OnHandSnapshot,1955.34
2024-02-16,M05,Consumption,-125.54
2024-02-16,M05,OnHandSnapshot,1829.8
2024-02-17,M05,Consumption,-90.67
2024-02-17,M05,OnHandSnapshot,1739.13
2024-02-18,M05,Consumption,-88.42
2024-02-18,M05,OnHandSnapshot,1650.71
2024-02-19,M05,Consumption,-87.46
2024-02-19,M05,OnHandSnapshot,1563.24
2024-02-20,M05,Consumption,-89.94
2024-02-20,M05,OnHandSnapshot,1473.3
2024-02-21,M05,Consumption,-91.16
2024-02-21,M05,OnHandSnapshot,1382.13
2024-02-22,M05,Consumption,-106.57
2024-02-22,M05,OnHandSnapshot,1275.56
2024-02-23,M05,Consumption,-127.04
2024-02-23,M05,OnHandSnapshot,1148.52
2024-02-24,M05,Consumption,-86.0
2024-02-24,M05,OnHandSnapshot,1062.53
2024-02-25,M05,Consumption,-96.07
2024-02-25,M05,OnHandSnapshot,966.46
2024-02-26,M05,Consumption,-95.6
2024-02-26,M05,OnHandSnapshot,870.86
2024-02-27,M05,Consumption,-101.14
2024-02-27,M05,OnHandSnapshot,769.72
2024-02-28,M05,Consumption,-90.7
2024-02-28,M05,OnHandSnapshot,679.02
2024-02-29,M05,Receipt,1297.03
2024-02-29,M05,Consumption,-104.12
2024-02-29,M05,OnHandSnapshot,1871.93
2024-03-01,M05,Consumption,-126.36
2024-03-01,M05,OnHandSnapshot,1745.58
2024-03-02,M05,Consumption,-95.05
2024-03-02,M05,OnHandSnapshot,1650.53
2024-03-03,M05,Consumption,-108.46
2024-03-03,M05,OnHandSnapshot,1542.07
2024-03-04,M05,Consumption,-103.25
2024-03-04,M05,OnHandSnapshot,1438.82
2024-03-05,M05,Consumption,-101.22
2024-03-05,M05,OnHandSnapshot,1337.59
2024-03-06,M05,Consumption,-107.22
2024-03-06,M05,OnHandSnapshot,1230.37
2024-03-07,M05,Consumption,-129.75
2024-03-07,M05,OnHandSnapshot,1100.62
2024-03-08,M05,Consumption,-163.94
2024-03-08,M05,OnHandSnapshot,936.68
2024-03-09,M05,Consumption,-122.18
2024-03-09,M05,OnHandSnapshot,814.5
2024-03-10,M05,Consumption,-132.28
2024-03-10,M05,OnHandSnapshot,682.22
2024-03-11,M05,Consumption,-138.93
2024-03-11,M05,OnHandSnapshot,543.29
2024-03-12,M05,Consumption,-142.92
2024-03-12,M05,OnHandSnapshot,400.37
2024-03-13,M05,Consumption,-140.86
2024-03-13,M05,OnHandSnapshot,259.51
2024-03-14,M05,Receipt,1297.03
2024-03-14,M05,Consumption,-176.66
2024-03-14,M05,OnHandSnapshot,1379.89
2024-03-15,M05,Consumption,-210.14
2024-03-15,M05,OnHandSnapshot,1169.75
2024-03-16,M05,Consumption,-151.2
2024-03-16,M05,OnHandSnapshot,1018.55
2024-03-17,M05,Consumption,-156.81
2024-03-17,M05,OnHandSnapshot,861.74
2024-03-18,M05,Receipt,1297.03
2024-03-18,M05,Consumption,-163.83
2024-03-18,M05,OnHandSnapshot,1994.94
2024-03-19,M05,Consumption,-174.44
2024-03-19,M05,OnHandSnapshot,1820.5
2024-03-20,M05,Consumption,-164.44
2024-03-20,M05,OnHandSnapshot,1656.05
2024-03-21,M05,Consumption,-115.06
2024-03-21,M05,OnHandSnapshot,1540.99
2024-03-22,M05,Consumption,-126.98
2024-03-22,M05,OnHandSnapshot,1414.01
2024-03-23,M05,Consumption,-90.32
2024-03-23,M05,OnHandSnapshot,1323.7
2024-03-24,M05,Consumption,-99.52
2024-03-24,M05,OnHandSnapshot,1224.17
2024-03-25,M05,Consumption,-92.06
2024-03-25,M05,OnHandSnapshot,1132.11
2024-03-26,M05,Consumption,-98.59
2024-03-26,M05,OnHandSnapshot,1033.52
2024-03-27,M05,Consumption,-95.62
2024-03-27,M05,OnHandSnapshot,937.9
2024-03-28,M05,Consumption,-108.67
2024-03-28,M05,OnHandSnapshot,829.23
2024-03-29,M05,Consumption,-133.79
2024-03-29,M05,OnHandSnapshot,695.44
2024-03-30,M05,Consumption,-86.76
2024-03-30,M05,OnHandSnapshot,608.68
2024-03-31,M05,Consumption,-104.07
2024-03-31,M05,OnHandSnapshot,504.61
2024-04-01,M05,Receipt,1297.03
2024-04-01,M05,Consumption,-96.55
2024-04-01,M05,OnHandSnapshot,1705.09
2024-04-02,M05,Consumption,-94.02
2024-04-02,M05,OnHandSnapshot,1611.07
2024-04-03,M05,Consumption,-91.54
2024-04-03,M05,OnHandSnapshot,1519.53
2024-04-04,M05,Consumption,-110.24
2024-04-04,M05,OnHandSnapshot,1409.29
2024-04-05,M05,Consumption,-136.43
2024-04-05,M05,OnHandSnapshot,1272.87
2024-04-06,M05,Consumption,-89.98
2024-04-06,M05,OnHandSnapshot,1182.89
2024-04-07,M05,Consumption,-95.49
2024-04-07,M05,OnHandSnapshot,1087.4
2024-04-08,M05,Consumption,-90.06
2024-04-08,M05,OnHandSnapshot,997.34
2024-04-09,M05,Consumption,-94.66
2024-04-09,M05,OnHandSnapshot,902.67
2024-04-10,M05,Consumption,-99.51
2024-04-10,M05,OnHandSnapshot,803.16
2024-04-11,M05,Consumption,-108.1
2024-04-11,M05,OnHandSnapshot,695.07
2024-04-12,M05,Consumption,-130.28
2024-04-12,M05,OnHandSnapshot,564.79
2024-04-13,M05,Receipt,1297.03
2024-04-13,M05,Consumption,-87.92
2024-04-13,M05,OnHandSnapshot,1773.91
2024-04-14,M05,Consumption,-89.12
2024-04-14,M05,OnHandSnapshot,1684.78
2024-04-15,M05,Consumption,-88.14
2024-04-15,M05,OnHandSnapshot,1596.64
2024-04-16,M05,Consumption,-91.64
2024-04-16,M05,OnHandSnapshot,1504.99
2024-04-17,M05,Consumption,-93.08
2024-04-17,M05,OnHandSnapshot,1411.92
2024-04-18,M05,Consumption,-109.4
2024-04-18,M05,OnHandSnapshot,1302.52
2024-04-19,M05,Consumption,-123.87
2024-04-19,M05,OnHandSnapshot,1178.65
2024-04-20,M05,Consumption,-85.75
2024-04-20,M05,OnHandSnapshot,1092.9
2024-04-21,M05,Consumption,-104.98
2024-04-21,M05,OnHandSnapshot,987.93
2024-04-22,M05,Consumption,-96.84
2024-04-22,M05,OnHandSnapshot,891.09
2024-04-23,M05,Consumption,-90.4
2024-04-23,M05,OnHandSnapshot,800.7
2024-04-24,M05,Consumption,-94.48
2024-04-24,M05,OnHandSnapshot,706.22
2024-04-25,M05,Consumption,-111.02
2024-04-25,M05,OnHandSnapshot,595.2
2024-04-26,M05,Consumption,-128.85
2024-04-26,M05,OnHandSnapshot,466.35
2024-04-27,M05,Consumption,-87.26
2024-04-27,M05,OnHandSnapshot,379.08
2024-04-28,M05,Consumption,-90.43
2024-04-28,M05,OnHandSnapshot,288.65
2024-04-29,M05,Receipt,1297.03
2024-04-29,M05,Consumption,-94.53
2024-04-29,M05,OnHandSnapshot,1491.16
2024-04-30,M05,Consumption,-93.79
2024-04-30,M05,OnHandSnapshot,1397.37
2024-05-01,M05,Consumption,-90.53
2024-05-01,M05,OnHandSnapshot,1306.84
2024-05-02,M05,Consumption,-105.58
2024-05-02,M05,OnHandSnapshot,1201.26
2024-05-03,M05,Consumption,-120.47
2024-05-03,M05,OnHandSnapshot,1080.79
2024-05-04,M05,Consumption,-95.03
2024-05-04,M05,OnHandSnapshot,985.76
2024-05-05,M05,Consumption,-93.46
2024-05-05,M05,OnHandSnapshot,892.3
2024-05-06,M05,Consumption,-89.18
2024-05-06,M05,OnHandSnapshot,803.13
2024-05-07,M05,Consumption,-104.78
2024-05-07,M05,OnHandSnapshot,698.34
2024-05-08,M05,Receipt,1297.03
2024-05-08,M05,Consumption,-94.2
2024-05-08,M05,OnHandSnapshot,1901.17
2024-05-09,M05,Consumption,-108.56
2024-05-09,M05,OnHandSnapshot,1792.62
2024-05-10,M05,Consumption,-127.02
2024-05-10,M05,OnHandSnapshot,1665.6
2024-05-11,M05,Consumption,-90.02
2024-05-11,M05,OnHandSnapshot,1575.58
2024-05-12,M05,Consumption,-92.7
2024-05-12,M05,OnHandSnapshot,1482.88
2024-05-13,M05,Consumption,-91.59
2024-05-13,M05,OnHandSnapshot,1391.29
2024-05-14,M05,Consumption,-93.82
2024-05-14,M05,OnHandSnapshot,1297.47
2024-05-15,M05,Consumption,-101.27
2024-05-15,M05,OnHandSnapshot,1196.2
2024-05-16,M05,Consumption,-108.6
2024-05-16,M05,OnHandSnapshot,1087.59
2024-05-17,M05,Consumption,-124.48
2024-05-17,M05,OnHandSnapshot,963.12
2024-05-18,M05,Consumption,-89.97
2024-05-18,M05,OnHandSnapshot,873.15
2024-05-19,M05,Consumption,-97.53
2024-05-19,M05,OnHandSnapshot,775.62
2024-05-20,M05,Consumption,-89.08
2024-05-20,M05,OnHandSnapshot,686.54
2024-05-21,M05,Consumption,-100.7
2024-05-21,M05,OnHandSnapshot,585.84
2024-05-22,M05,Receipt,1297.03
2024-05-22,M05,Consumption,-88.46
2024-05-22,M05,OnHandSnapshot,1794.41
2024-05-23,M05,Consumption,-102.8
2024-05-23,M05,OnHandSnapshot,1691.61
2024-05-24,M05,Consumption,-126.54
2024-05-24,M05,OnHandSnapshot,1565.07
2024-05-25,M05,Consumption,-89.72
2024-05-25,M05,OnHandSnapshot,1475.35
2024-05-26,M05,Consumption,-88.96
2024-05-26,M05,OnHandSnapshot,1386.39
2024-05-27,M05,Consumption,-94.56
2024-05-27,M05,OnHandSnapshot,1291.82
2024-05-28,M05,Consumption,-98.94
2024-05-28,M05,OnHandSnapshot,1192.88
2024-05-29,M05,Consumption,-94.0
2024-05-29,M05,OnHandSnapshot,1098.88
2024-05-30,M05,Consumption,-104.26
2024-05-30,M05,OnHandSnapshot,994.62
2024-05-31,M05,Consumption,-125.71
2024-05-31,M05,OnHandSnapshot,868.91
2024-06-01,M05,Consumption,-91.12
2024-06-01,M05,OnHandSnapshot,777.79
2024-06-02,M05,Consumption,-101.1
2024-06-02,M05,OnHandSnapshot,676.69
2024-06-03,M05,Consumption,-93.48
2024-06-03,M05,OnHandSnapshot,583.2
2024-06-04,M05,Receipt,1297.03
2024-06-04,M05,Consumption,-86.58
2024-06-04,M05,OnHandSnapshot,1793.66
2024-06-05,M05,Consumption,-99.14
2024-06-05,M05,OnHandSnapshot,1694.52
2024-06-06,M05,Consumption,-112.97
2024-06-06,M05,OnHandSnapshot,1581.55
2024-06-07,M05,Consumption,-130.08
2024-06-07,M05,OnHandSnapshot,1451.47
2024-06-08,M05,Consumption,-91.4
2024-06-08,M05,OnHandSnapshot,1360.08
2024-06-09,M05,Consumption,-94.14
2024-06-09,M05,OnHandSnapshot,1265.94
2024-06-10,M05,Consumption,-97.96
2024-06-10,M05,OnHandSnapshot,1167.98
2024-06-11,M05,Consumption,-95.56
2024-06-11,M05,OnHandSnapshot,1072.42
2024-06-12,M05,Consumption,-95.23
2024-06-12,M05,OnHandSnapshot,977.19
2024-06-13,M05,Consumption,-109.14
2024-06-13,M05,OnHandSnapshot,868.05
2024-06-14,M05,Consumption,-128.84
2024-06-14,M05,OnHandSnapshot,739.21
2024-06-15,M05,Receipt,1297.03
2024-06-15,M05,Consumption,-86.62
2024-06-15,M05,OnHandSnapshot,1949.62
2024-06-16,M05,Consumption,-99.58
2024-06-16,M05,OnHandSnapshot,1850.04
2024-06-17,M05,Consumption,-91.38
2024-06-17,M05,OnHandSnapshot,1758.66
2024-06-18,M05,Consumption,-92.38
2024-06-18,M05,OnHandSnapshot,1666.28
2024-06-19,M05,Consumption,-93.59
2024-06-19,M05,OnHandSnapshot,1572.69
2024-06-20,M05,Consumption,-113.94
2024-06-20,M05,OnHandSnapshot,1458.75
2024-06-21,M05,Consumption,-129.56
2024-06-21,M05,OnHandSnapshot,1329.19
2024-06-22,M05,Consumption,-91.88
2024-06-22,M05,OnHandSnapshot,1237.31
2024-06-23,M05,Consumption,-94.44
2024-06-23,M05,OnHandSnapshot,1142.86
2024-06-24,M05,Consumption,-94.66
2024-06-24,M05,OnHandSnapshot,1048.21
2024-06-25,M05,Consumption,-94.38
2024-06-25,M05,OnHandSnapshot,953.83
2024-06-26,M05,Consumption,-90.1
2024-06-26,M05,OnHandSnapshot,863.73
2024-06-27,M05,Consumption,-107.7
2024-06-27,M05,OnHandSnapshot,756.03
2024-06-28,M05,Consumption,-130.38
2024-06-28,M05,OnHandSnapshot,625.64
2024-06-29,M05,Receipt,1297.03
2024-06-29,M05,Consumption,-96.37
2024-06-29,M05,OnHandSnapshot,1826.31
2024-06-30,M05,Consumption,-99.25
2024-06-30,M05,OnHandSnapshot,1727.06
2024-07-01,M05,Consumption,-90.88
2024-07-01,M05,OnHandSnapshot,1636.18
2024-07-02,M05,Consumption,-90.81
2024-07-02,M05,OnHandSnapshot,1545.37
2024-07-03,M05,Consumption,-94.47
2024-07-03,M05,OnHandSnapshot,1450.9
2024-07-04,M05,Consumption,-112.46
2024-07-04,M05,OnHandSnapshot,1338.44
2024-07-05,M05,Consumption,-122.53
2024-07-05,M05,OnHandSnapshot,1215.91
2024-07-06,M05,Consumption,-86.66
2024-07-06,M05,OnHandSnapshot,1129.25
2024-07-07,M05,Consumption,-92.34
2024-07-07,M05,OnHandSnapshot,1036.91
2024-07-08,M05,Consumption,-98.54
2024-07-08,M05,OnHandSnapshot,938.38
2024-07-09,M05,Consumption,-96.09
2024-07-09,M05,OnHandSnapshot,842.29
2024-07-10,M05,Consumption,-104.38
2024-07-10,M05,OnHandSnapshot,737.91
2024-07-11,M05,Receipt,1297.03
2024-07-11,M05,Consumption,-110.98
2024-07-11,M05,OnHandSnapshot,1923.95
2024-07-12,M05,Consumption,-131.06
2024-07-12,M05,OnHandSnapshot,1792.89
2024-07-13,M05,Consumption,-99.36
2024-07-13,M05,OnHandSnapshot,1693.53
2024-07-14,M05,Consumption,-94.03
2024-07-14,M05,OnHandSnapshot,1599.5
2024-07-15,M05,Consumption,-95.42
2024-07-15,M05,OnHandSnapshot,1504.08
2024-07-16,M05,Consumption,-94.67
2024-07-16,M05,OnHandSnapshot,1409.41
2024-07-17,M05,Consumption,-97.79
2024-07-17,M05,OnHandSnapshot,1311.62
2024-07-18,M05,Consumption,-110.22
2024-07-18,M05,OnHandSnapshot,1201.4
2024-07-19,M05,Consumption,-137.98
2024-07-19,M05,OnHandSnapshot,1063.43
2024-07-20,M05,Consumption,-92.86
2024-07-20,M05,OnHandSnapshot,970.57
2024-07-21,M05,Consumption,-93.84
2024-07-21,M05,OnHandSnapshot,876.73
2024-07-22,M05,Consumption,-96.75
2024-07-22,M05,OnHandSnapshot,779.98
2024-07-23,M05,Consumption,-96.44
2024-07-23,M05,OnHandSnapshot,683.55
2024-07-24,M05,Receipt,1297.03
2024-07-24,M05,Consumption,-95.82
2024-07-24,M05,OnHandSnapshot,1884.76
2024-07-25,M05,Consumption,-106.66
2024-07-25,M05,OnHandSnapshot,1778.1
2024-07-26,M05,Consumption,-122.64
2024-07-26,M05,OnHandSnapshot,1655.46
2024-07-27,M05,Consumption,-92.68
2024-07-27,M05,OnHandSnapshot,1562.78
2024-07-28,M05,Consumption,-97.19
2024-07-28,M05,OnHandSnapshot,1465.59
2024-07-29,M05,Consumption,-94.58
2024-07-29,M05,OnHandSnapshot,1371.01
2024-07-30,M05,Consumption,-100.46
2024-07-30,M05,OnHandSnapshot,1270.56
2024-07-31,M05,Consumption,-94.5
2024-07-31,M05,OnHandSnapshot,1176.06
2024-08-01,M05,Consumption,-112.3
2024-08-01,M05,OnHandSnapshot,1063.76
2024-08-02,M05,Consumption,-130.56
2024-08-02,M05,OnHandSnapshot,933.2
2024-08-03,M05,Consumption,-96.09
2024-08-03,M05,OnHandSnapshot,837.11
2024-08-04,M05,Consumption,-93.36
2024-08-04,M05,OnHandSnapshot,743.74
2024-08-05,M05,Receipt,1297.03
2024-08-05,M05,Consumption,-99.58
2024-08-05,M05,OnHandSnapshot,1941.2
2024-08-06,M05,Consumption,-93.72
2024-08-06,M05,OnHandSnapshot,1847.48
2024-08-07,M05,Consumption,-91.7
2024-08-07,M05,OnHandSnapshot,1755.79
2024-08-08,M05,Consumption,-109.52
2024-08-08,M05,OnHandSnapshot,1646.27
2024-08-09,M05,Consumption,-126.38
2024-08-09,M05,OnHandSnapshot,1519.89
2024-08-10,M05,Consumption,-92.4
2024-08-10,M05,OnHandSnapshot,1427.5
2024-08-11,M05,Consumption,-101.07
2024-08-11,M05,OnHandSnapshot,1326.43
2024-08-12,M05,Consumption,-98.42
2024-08-12,M05,OnHandSnapshot,1228.01
2024-08-13,M05,Consumption,-95.01
2024-08-13,M05,OnHandSnapshot,1133.0
2024-08-14,M05,Consumption,-94.46
2024-08-14,M05,OnHandSnapshot,1038.53
2024-08-15,M05,Consumption,-113.0
2024-08-15,M05,OnHandSnapshot,925.53
2024-08-16,M05,Consumption,-129.51
2024-08-16,M05,OnHandSnapshot,796.01
2024-08-17,M05,Consumption,-94.41
2024-08-17,M05,OnHandSnapshot,701.6
2024-08-18,M05,Consumption,-96.0
2024-08-18,M05,OnHandSnapshot,605.61
2024-08-19,M05,Consumption,-96.14
2024-08-19,M05,OnHandSnapshot,509.47
2024-08-20,M05,Consumption,-107.32
2024-08-20,M05,OnHandSnapshot,402.16
2024-08-21,M05,Receipt,1297.03
2024-08-21,M05,Consumption,-100.72
2024-08-21,M05,OnHandSnapshot,1598.47
2024-08-22,M05,Consumption,-113.24
2024-08-22,M05,OnHandSnapshot,1485.23
2024-08-23,M05,Consumption,-130.88
2024-08-23,M05,OnHandSnapshot,1354.34
2024-08-24,M05,Consumption,-96.0
2024-08-24,M05,OnHandSnapshot,1258.35
2024-08-25,M05,Consumption,-102.87
2024-08-25,M05,OnHandSnapshot,1155.48
2024-08-26,M05,Consumption,-101.42
2024-08-26,M05,OnHandSnapshot,1054.06
2024-08-27,M05,Consumption,-100.86
2024-08-27,M05,OnHandSnapshot,953.2
2024-08-28,M05,Consumption,-98.23
2024-08-28,M05,OnHandSnapshot,854.97
2024-08-29,M05,Consumption,-115.14
2024-08-29,M05,OnHandSnapshot,739.83
2024-08-30,M05,Consumption,-133.56
2024-08-30,M05,OnHandSnapshot,606.27
2024-08-31,M05,Consumption,-91.94
2024-08-31,M05,OnHandSnapshot,514.33
2024-09-01,M05,Receipt,1297.03
2024-09-01,M05,Consumption,-101.46
2024-09-01,M05,OnHandSnapshot,1709.91
2024-09-02,M05,Consumption,-98.6
2024-09-02,M05,OnHandSnapshot,1611.31
2024-09-03,M05,Consumption,-96.12
2024-09-03,M05,OnHandSnapshot,1515.19
2024-09-04,M05,Consumption,-98.34
2024-09-04,M05,OnHandSnapshot,1416.85
2024-09-05,M05,Consumption,-106.96
2024-09-05,M05,OnHandSnapshot,1309.89
2024-09-06,M05,Consumption,-129.66
2024-09-06,M05,OnHandSnapshot,1180.23
2024-09-07,M05,Consumption,-90.35
2024-09-07,M05,OnHandSnapshot,1089.88
2024-09-08,M05,Consumption,-95.38
2024-09-08,M05,OnHandSnapshot,994.5
2024-09-09,M05,Consumption,-97.72
2024-09-09,M05,OnHandSnapshot,896.78
2024-09-10,M05,Consumption,-95.23
2024-09-10,M05,OnHandSnapshot,801.55
2024-09-11,M05,Receipt,1297.03
2024-09-11,M05,Consumption,-97.98
2024-09-11,M05,OnHandSnapshot,2000.6
2024-09-12,M05,Consumption,-109.23
2024-09-12,M05,OnHandSnapshot,1891.37
2024-09-13,M05,Consumption,-134.24
2024-09-13,M05,OnHandSnapshot,1757.13
2024-09-14,M05,Consumption,-89.2
2024-09-14,M05,OnHandSnapshot,1667.93
2024-09-15,M05,Consumption,-102.89
2024-09-15,M05,OnHandSnapshot,1565.04
2024-09-16,M05,Consumption,-106.2
2024-09-16,M05,OnHandSnapshot,1458.84
2024-09-17,M05,Consumption,-96.54
2024-09-17,M05,OnHandSnapshot,1362.31
2024-09-18,M05,Consumption,-95.22
2024-09-18,M05,OnHandSnapshot,1267.08
2024-09-19,M05,Consumption,-112.13
2024-09-19,M05,OnHandSnapshot,1154.95
2024-09-20,M05,Consumption,-137.5
2024-09-20,M05,OnHandSnapshot,1017.45
2024-09-21,M05,Consumption,-96.44
2024-09-21,M05,OnHandSnapshot,921.01
2024-09-22,M05,Consumption,-92.15
2024-09-22,M05,OnHandSnapshot,828.86
2024-09-23,M05,Consumption,-98.35
2024-09-23,M05,OnHandSnapshot,730.51
2024-09-24,M05,Receipt,1297.03
2024-09-24,M05,Consumption,-101.2
2024-09-24,M05,OnHandSnapshot,1926.35
2024-09-25,M05,Consumption,-99.26
2024-09-25,M05,OnHandSnapshot,1827.09
2024-09-26,M05,Consumption,-111.11
2024-09-26,M05,OnHandSnapshot,1715.98
2024-09-27,M05,Consumption,-129.06
2024-09-27,M05,OnHandSnapshot,1586.92
2024-09-28,M05,Consumption,-96.24
2024-09-28,M05,OnHandSnapshot,1490.68
2024-09-29,M05,Consumption,-100.02
2024-09-29,M05,OnHandSnapshot,1390.67
2024-09-30,M05,Consumption,-93.59
2024-09-30,M05,OnHandSnapshot,1297.08
2024-10-01,M05,Consumption,-98.38
2024-10-01,M05,OnHandSnapshot,1198.69
2024-10-02,M05,Consumption,-97.48
2024-10-02,M05,OnHandSnapshot,1101.22
2024-10-03,M05,Consumption,-113.62
2024-10-03,M05,OnHandSnapshot,987.59
2024-10-04,M05,Consumption,-128.72
2024-10-04,M05,OnHandSnapshot,858.88
2024-10-05,M05,Consumption,-97.8
2024-10-05,M05,OnHandSnapshot,761.08
2024-10-06,M05,Consumption,-101.12
2024-10-06,M05,OnHandSnapshot,659.97
2024-10-07,M05,Receipt,1297.03
2024-10-07,M05,Consumption,-98.33
2024-10-07,M05,OnHandSnapshot,1858.67
2024-10-08,M05,Consumption,-94.22
2024-10-08,M05,OnHandSnapshot,1764.44
2024-10-09,M05,Consumption,-104.22
2024-10-09,M05,OnHandSnapshot,1660.23
2024-10-10,M05,Consumption,-117.46
2024-10-10,M05,OnHandSnapshot,1542.77
2024-10-11,M05,Consumption,-128.86
2024-10-11,M05,OnHandSnapshot,1413.91
2024-10-12,M05,Consumption,-88.02
2024-10-12,M05,OnHandSnapshot,1325.89
2024-10-13,M05,Consumption,-96.7
2024-10-13,M05,OnHandSnapshot,1229.19
2024-10-14,M05,Consumption,-92.72
2024-10-14,M05,OnHandSnapshot,1136.47
2024-10-15,M05,Consumption,-96.4
2024-10-15,M05,OnHandSnapshot,1040.07
2024-10-16,M05,Consumption,-100.26
2024-10-16,M05,OnHandSnapshot,939.8
2024-10-17,M05,Consumption,-113.24
2024-10-17,M05,OnHandSnapshot,826.57
2024-10-18,M05,Receipt,1297.03
2024-10-18,M05,Consumption,-129.8
2024-10-18,M05,OnHandSnapshot,1993.8
2024-10-19,M05,Consumption,-97.38
2024-10-19,M05,OnHandSnapshot,1896.42
2024-10-20,M05,Consumption,-96.39
2024-10-20,M05,OnHandSnapshot,1800.03
2024-10-21,M05,Consumption,-99.0
2024-10-21,M05,OnHandSnapshot,1701.02
2024-10-22,M05,Consumption,-97.13
2024-10-22,M05,OnHandSnapshot,1603.89
2024-10-23,M05,Consumption,-100.59
2024-10-23,M05,OnHandSnapshot,1503.3
2024-10-24,M05,Consumption,-111.21
2024-10-24,M05,OnHandSnapshot,1392.09
2024-10-25,M05,Consumption,-128.61
2024-10-25,M05,OnHandSnapshot,1263.48
2024-10-26,M05,Consumption,-92.62
2024-10-26,M05,OnHandSnapshot,1170.86
2024-10-27,M05,Consumption,-96.32
2024-10-27,M05,OnHandSnapshot,1074.55
2024-10-28,M05,Consumption,-102.54
2024-10-28,M05,OnHandSnapshot,972.01
2024-10-29,M05,Consumption,-97.84
2024-10-29,M05,OnHandSnapshot,874.16
2024-10-30,M05,Consumption,-96.81
2024-10-30,M05,OnHandSnapshot,777.35
2024-10-31,M05,Consumption,-114.42
2024-10-31,M05,OnHandSnapshot,662.93
2024-11-01,M05,Receipt,1297.03
2024-11-01,M05,Consumption,-127.24
2024-11-01,M05,OnHandSnapshot,1832.73
2024-11-02,M05,Consumption,-91.22
2024-11-02,M05,OnHandSnapshot,1741.51
2024-11-03,M05,Consumption,-100.07
2024-11-03,M05,OnHandSnapshot,1641.44
2024-11-04,M05,Consumption,-98.0
2024-11-04,M05,OnHandSnapshot,1543.45
2024-11-05,M05,Consumption,-93.35
2024-11-05,M05,OnHandSnapshot,1450.1
2024-11-06,M05,Consumption,-98.22
2024-11-06,M05,OnHandSnapshot,1351.87
2024-11-07,M05,Consumption,-109.83
2024-11-07,M05,OnHandSnapshot,1242.04
2024-11-08,M05,Consumption,-131.34
2024-11-08,M05,OnHandSnapshot,1110.7
2024-11-09,M05,Consumption,-96.74
2024-11-09,M05,OnHandSnapshot,1013.95
2024-11-10,M05,Consumption,-93.28
2024-11-10,M05,OnHandSnapshot,920.67
2024-11-11,M05,Consumption,-100.81
2024-11-11,M05,OnHandSnapshot,819.86
2024-11-12,M05,Consumption,-96.48
2024-11-12,M05,OnHandSnapshot,723.38
2024-11-13,M05,Receipt,1297.03
2024-11-13,M05,Consumption,-95.21
2024-11-13,M05,OnHandSnapshot,1925.2
2024-11-14,M05,Consumption,-114.04
2024-11-14,M05,OnHandSnapshot,1811.16
2024-11-15,M05,Consumption,-131.25
2024-11-15,M05,OnHandSnapshot,1679.91
2024-11-16,M05,Consumption,-95.48
2024-11-16,M05,OnHandSnapshot,1584.44
2024-11-17,M05,Consumption,-97.12
2024-11-17,M05,OnHandSnapshot,1487.31
2024-11-18,M05,Consumption,-97.54
2024-11-18,M05,OnHandSnapshot,1389.77
2024-11-19,M05,Consumption,-97.2
2024-11-19,M05,OnHandSnapshot,1292.57
2024-11-20,M05,Consumption,-99.61
2024-11-20,M05,OnHandSnapshot,1192.96
2024-11-21,M05,Consumption,-114.23
2024-11-21,M05,OnHandSnapshot,1078.73
2024-11-22,M05,Consumption,-128.8
2024-11-22,M05,OnHandSnapshot,949.93
2024-11-23,M05,Consumption,-85.56
2024-11-23,M05,OnHandSnapshot,864.37
2024-11-24,M05,Consumption,-101.92
2024-11-24,M05,OnHandSnapshot,762.45
2024-11-25,M05,Receipt,1297.03
2024-11-25,M05,Consumption,-95.92
2024-11-25,M05,OnHandSnapshot,1963.57
2024-11-26,M05,Consumption,-95.65
2024-11-26,M05,OnHandSnapshot,1867.92
2024-11-27,M05,Consumption,-99.0
2024-11-27,M05,OnHandSnapshot,1768.91
2024-11-28,M05,Consumption,-113.7
2024-11-28,M05,OnHandSnapshot,1655.22
2024-11-29,M05,Consumption,-127.93
2024-11-29,M05,OnHandSnapshot,1527.29
2024-11-30,M05,Consumption,-96.37
2024-11-30,M05,OnHandSnapshot,1430.92
2024-12-01,M05,Consumption,-97.63
2024-12-01,M05,OnHandSnapshot,1333.29
2024-12-02,M05,Consumption,-102.06
2024-12-02,M05,OnHandSnapshot,1231.22
2024-12-03,M05,Consumption,-97.48
2024-12-03,M05,OnHandSnapshot,1133.75
2024-12-04,M05,Consumption,-98.96
2024-12-04,M05,OnHandSnapshot,1034.79
2024-12-05,M05,Consumption,-110.34
2024-12-05,M05,OnHandSnapshot,924.45
2024-12-06,M05,Consumption,-132.21
2024-12-06,M05,OnHandSnapshot,792.25
2024-12-07,M05,Consumption,-89.08
2024-12-07,M05,OnHandSnapshot,703.17
2024-12-08,M05,Receipt,1297.03
2024-12-08,M05,Consumption,-95.48
2024-12-08,M05,OnHandSnapshot,1904.72
2024-12-09,M05,Consumption,-96.16
2024-12-09,M05,OnHandSnapshot,1808.56
2024-12-10,M05,Consumption,-91.1
2024-12-10,M05,OnHandSnapshot,1717.46
2024-12-11,M05,Consumption,-95.78
2024-12-11,M05,OnHandSnapshot,1621.68
2024-12-12,M05,Consumption,-120.31
2024-12-12,M05,OnHandSnapshot,1501.37
2024-12-13,M05,Consumption,-135.32
2024-12-13,M05,OnHandSnapshot,1366.04
2024-12-14,M05,Consumption,-94.06
2024-12-14,M05,OnHandSnapshot,1271.98
2024-12-15,M05,Consumption,-97.06
2024-12-15,M05,OnHandSnapshot,1174.92
2024-12-16,M05,Consumption,-110.38
2024-12-16,M05,OnHandSnapshot,1064.53
2024-12-17,M05,Consumption,-106.78
2024-12-17,M05,OnHandSnapshot,957.75
2024-12-18,M05,Consumption,-112.09
2024-12-18,M05,OnHandSnapshot,845.66
2024-12-19,M05,Receipt,1297.03
2024-12-19,M05,Consumption,-129.12
2024-12-19,M05,OnHandSnapshot,2013.57
2024-12-20,M05,Consumption,-150.71
2024-12-20,M05,OnHandSnapshot,1862.86
2024-12-21,M05,Consumption,-101.5
2024-12-21,M05,OnHandSnapshot,1761.36
2024-12-22,M05,Consumption,-112.26
2024-12-22,M05,OnHandSnapshot,1649.1
2024-12-23,M05,Consumption,-115.12
2024-12-23,M05,OnHandSnapshot,1533.98
2024-12-24,M05,Consumption,-110.44
2024-12-24,M05,OnHandSnapshot,1423.54
2024-12-25,M05,Consumption,-110.22
2024-12-25,M05,OnHandSnapshot,1313.33
2024-12-26,M05,Consumption,-116.48
2024-12-26,M05,OnHandSnapshot,1196.84
2024-12-27,M05,Consumption,-143.98
2024-12-27,M05,OnHandSnapshot,1052.87
2024-12-28,M05,Consumption,-100.18
2024-12-28,M05,OnHandSnapshot,952.69
2024-12-29,M05,Consumption,-101.09
2024-12-29,M05,OnHandSnapshot,851.6
2024-12-30,M05,Receipt,1297.03
2024-12-30,M05,Consumption,-105.94
2024-12-30,M05,OnHandSnapshot,2042.69
2024-12-31,M05,Consumption,-97.19
2024-12-31,M05,OnHandSnapshot,1945.5
2025-01-01,M05,Consumption,-91.56
2025-01-01,M05,OnHandSnapshot,1853.94
2025-01-02,M05,Consumption,-112.79
2025-01-02,M05,OnHandSnapshot,1741.15
2025-01-03,M05,Consumption,-128.46
2025-01-03,M05,OnHandSnapshot,1612.68
2025-01-04,M05,Consumption,-90.15
2025-01-04,M05,OnHandSnapshot,1522.53
2025-01-05,M05,Consumption,-103.6
2025-01-05,M05,OnHandSnapshot,1418.93
2025-01-06,M05,Consumption,-99.08
2025-01-06,M05,OnHandSnapshot,1319.85
2025-01-07,M05,Consumption,-96.91
2025-01-07,M05,OnHandSnapshot,1222.94
2025-01-08,M05,Consumption,-96.93
2025-01-08,M05,OnHandSnapshot,1126.01
2025-01-09,M05,Consumption,-117.03
2025-01-09,M05,OnHandSnapshot,1008.98
2025-01-10,M05,Consumption,-133.08
2025-01-10,M05,OnHandSnapshot,875.89
2025-01-11,M05,Consumption,-93.5
2025-01-11,M05,OnHandSnapshot,782.39
2025-01-12,M05,Consumption,-98.9
2025-01-12,M05,OnHandSnapshot,683.49
2025-01-13,M05,Consumption,-101.38
2025-01-13,M05,OnHandSnapshot,582.11
2025-01-14,M05,Receipt,1297.03
2025-01-14,M05,Consumption,-94.37
2025-01-14,M05,OnHandSnapshot,1784.78
2025-01-15,M05,Consumption,-101.12
2025-01-15,M05,OnHandSnapshot,1683.66
2025-01-16,M05,Consumption,-113.18
2025-01-16,M05,OnHandSnapshot,1570.47
2025-01-17,M05,Consumption,-131.95
2025-01-17,M05,OnHandSnapshot,1438.52
2025-01-18,M05,Consumption,-93.74
2025-01-18,M05,OnHandSnapshot,1344.78
2025-01-19,M05,Consumption,-95.8
2025-01-19,M05,OnHandSnapshot,1248.98
2025-01-20,M05,Consumption,-102.21
2025-01-20,M05,OnHandSnapshot,1146.77
2025-01-21,M05,Consumption,-96.41
2025-01-21,M05,OnHandSnapshot,1050.36
2025-01-22,M05,Consumption,-100.38
2025-01-22,M05,OnHandSnapshot,949.98
2025-01-23,M05,Consumption,-115.04
2025-01-23,M05,OnHandSnapshot,834.93
2025-01-24,M05,Consumption,-139.3
2025-01-24,M05,OnHandSnapshot,695.63
2025-01-25,M05,Receipt,1297.03
2025-01-25,M05,Consumption,-98.46
2025-01-25,M05,OnHandSnapshot,1894.21
2025-01-26,M05,Consumption,-101.08
2025-01-26,M05,OnHandSnapshot,1793.13
2025-01-27,M05,Consumption,-105.66
2025-01-27,M05,OnHandSnapshot,1687.48
2025-01-28,M05,Consumption,-98.92
2025-01-28,M05,OnHandSnapshot,1588.56
2025-01-29,M05,Consumption,-99.58
2025-01-29,M05,OnHandSnapshot,1488.97
2025-01-30,M05,Consumption,-116.56
2025-01-30,M05,OnHandSnapshot,1372.42
2025-01-31,M05,Consumption,-132.12
2025-01-31,M05,OnHandSnapshot,1240.3
2025-02-01,M05,Consumption,-90.36
2025-02-01,M05,OnHandSnapshot,1149.93
2025-02-02,M05,Consumption,-101.1
2025-02-02,M05,OnHandSnapshot,1048.84
2025-02-03,M05,Consumption,-96.88
2025-02-03,M05,OnHandSnapshot,951.95
2025-02-04,M05,Consumption,-90.32
2025-02-04,M05,OnHandSnapshot,861.63
2025-02-05,M05,Consumption,-104.77
2025-02-05,M05,OnHandSnapshot,756.86
2025-02-06,M05,Consumption,-115.32
2025-02-06,M05,OnHandSnapshot,641.54
2025-02-07,M05,Consumption,-135.28
2025-02-07,M05,OnHandSnapshot,506.27
2025-02-08,M05,Receipt,1297.03
2025-02-08,M05,Consumption,-92.78
2025-02-08,M05,OnHandSnapshot,1710.51
2025-02-09,M05,Consumption,-101.6
2025-02-09,M05,OnHandSnapshot,1608.91
2025-02-10,M05,Consumption,-98.3
2025-02-10,M05,OnHandSnapshot,1510.61
2025-02-11,M05,Consumption,-92.48
2025-02-11,M05,OnHandSnapshot,1418.13
2025-02-12,M05,Consumption,-102.66
2025-02-12,M05,OnHandSnapshot,1315.48
2025-02-13,M05,Consumption,-119.56
2025-02-13,M05,OnHandSnapshot,1195.91
2025-02-14,M05,Consumption,-140.66
2025-02-14,M05,OnHandSnapshot,1055.26
2025-02-15,M05,Consumption,-92.1
2025-02-15,M05,OnHandSnapshot,963.16
2025-02-16,M05,Consumption,-102.66
2025-02-16,M05,OnHandSnapshot,860.5
2025-02-17,M05,Consumption,-96.51
2025-02-17,M05,OnHandSnapshot,763.99
2025-02-18,M05,Consumption,-94.67
2025-02-18,M05,OnHandSnapshot,669.32
2025-02-19,M05,Consumption,-104.36
2025-02-19,M05,OnHandSnapshot,564.96
2025-02-20,M05,Receipt,1297.03
2025-02-20,M05,Consumption,-113.1
2025-02-20,M05,OnHandSnapshot,1748.9
2025-02-21,M05,Consumption,-128.7
2025-02-21,M05,OnHandSnapshot,1620.2
2025-02-22,M05,Consumption,-98.06
2025-02-22,M05,OnHandSnapshot,1522.14
2025-02-23,M05,Consumption,-96.76
2025-02-23,M05,OnHandSnapshot,1425.38
2025-02-24,M05,Consumption,-95.72
2025-02-24,M05,OnHandSnapshot,1329.67
2025-02-25,M05,Consumption,-104.75
2025-02-25,M05,OnHandSnapshot,1224.92
2025-02-26,M05,Consumption,-96.62
2025-02-26,M05,OnHandSnapshot,1128.3
2025-02-27,M05,Consumption,-114.9
2025-02-27,M05,OnHandSnapshot,1013.39
2025-02-28,M05,Consumption,-135.84
2025-02-28,M05,OnHandSnapshot,877.55
2025-03-01,M05,Consumption,-102.6
2025-03-01,M05,OnHandSnapshot,774.96
2025-03-02,M05,Consumption,-103.56
2025-03-02,M05,OnHandSnapshot,671.39
2025-03-03,M05,Consumption,-111.56
2025-03-03,M05,OnHandSnapshot,559.84
2025-03-04,M05,Receipt,1297.03
2025-03-04,M05,Consumption,-115.4
2025-03-04,M05,OnHandSnapshot,1741.47
2025-03-05,M05,Consumption,-113.74
2025-03-05,M05,OnHandSnapshot,1627.74
2025-03-06,M05,Consumption,-136.83
2025-03-06,M05,OnHandSnapshot,1490.91
2025-03-07,M05,Consumption,-165.69
2025-03-07,M05,OnHandSnapshot,1325.22
2025-03-08,M05,Consumption,-117.92
2025-03-08,M05,OnHandSnapshot,1207.29
2025-03-09,M05,Consumption,-131.97
2025-03-09,M05,OnHandSnapshot,1075.32
2025-03-10,M05,Consumption,-133.89
2025-03-10,M05,OnHandSnapshot,941.43
2025-03-11,M05,Consumption,-148.63
2025-03-11,M05,OnHandSnapshot,792.8
2025-03-12,M05,Consumption,-148.39
2025-03-12,M05,OnHandSnapshot,644.41
2025-03-13,M05,Consumption,-174.1
2025-03-13,M05,OnHandSnapshot,470.31
2025-03-14,M05,Consumption,-228.66
2025-03-14,M05,OnHandSnapshot,241.66
2025-03-15,M05,Consumption,-161.79
2025-03-15,M05,OnHandSnapshot,79.86
2025-03-16,M05,Consumption,-176.2
2025-03-16,M05,OnHandSnapshot,-96.34
2025-03-17,M05,Consumption,-176.56
2025-03-17,M05,OnHandSnapshot,-272.9
2025-03-18,M05,Consumption,-175.94
2025-03-18,M05,OnHandSnapshot,-448.84
2025-03-19,M05,Receipt,1297.03
2025-03-19,M05,Consumption,-181.44
2025-03-19,M05,OnHandSnapshot,666.76
2025-03-20,M05,Consumption,-205.86
2025-03-20,M05,OnHandSnapshot,460.9
2025-03-21,M05,Consumption,-151.74
2025-03-21,M05,OnHandSnapshot,309.15
2025-03-22,M05,Receipt,1297.03
2025-03-22,M05,Consumption,-96.82
2025-03-22,M05,OnHandSnapshot,1509.36
2025-03-23,M05,Consumption,-102.14
2025-03-23,M05,OnHandSnapshot,1407.21
2025-03-24,M05,Consumption,-103.64
2025-03-24,M05,OnHandSnapshot,1303.58
2025-03-25,M05,Consumption,-101.46
2025-03-25,M05,OnHandSnapshot,1202.12
2025-03-26,M05,Consumption,-98.25
2025-03-26,M05,OnHandSnapshot,1103.87
2025-03-27,M05,Consumption,-113.28
2025-03-27,M05,OnHandSnapshot,990.6
2025-03-28,M05,Consumption,-141.35
2025-03-28,M05,OnHandSnapshot,849.25
2025-03-29,M05,Receipt,1297.03
2025-03-29,M05,Consumption,-99.4
2025-03-29,M05,OnHandSnapshot,2046.88
2025-03-30,M05,Consumption,-102.34
2025-03-30,M05,OnHandSnapshot,1944.55
2025-03-31,M05,Consumption,-100.68
2025-03-31,M05,OnHandSnapshot,1843.87
2025-04-01,M05,Consumption,-105.08
2025-04-01,M05,OnHandSnapshot,1738.79
2025-04-02,M05,Consumption,-96.54
2025-04-02,M05,OnHandSnapshot,1642.25
2025-04-03,M05,Consumption,-109.0
2025-04-03,M05,OnHandSnapshot,1533.25
2025-04-04,M05,Consumption,-127.06
2025-04-04,M05,OnHandSnapshot,1406.19
2025-04-05,M05,Consumption,-94.33
2025-04-05,M05,OnHandSnapshot,1311.86
2025-04-06,M05,Consumption,-99.38
2025-04-06,M05,OnHandSnapshot,1212.48
2025-04-07,M05,Consumption,-97.32
2025-04-07,M05,OnHandSnapshot,1115.16
2025-04-08,M05,Consumption,-101.65
2025-04-08,M05,OnHandSnapshot,1013.51
2025-04-09,M05,Consumption,-98.91
2025-04-09,M05,OnHandSnapshot,914.6
2025-04-10,M05,Consumption,-111.09
2025-04-10,M05,OnHandSnapshot,803.51
2025-04-11,M05,Consumption,-135.6
2025-04-11,M05,OnHandSnapshot,667.91
2025-04-12,M05,Receipt,1297.03
2025-04-12,M05,Consumption,-94.94
2025-04-12,M05,OnHandSnapshot,1870.01
2025-04-13,M05,Consumption,-99.3
2025-04-13,M05,OnHandSnapshot,1770.71
2025-04-14,M05,Consumption,-98.14
2025-04-14,M05,OnHandSnapshot,1672.57
2025-04-15,M05,Consumption,-101.36
2025-04-15,M05,OnHandSnapshot,1571.21
2025-04-16,M05,Consumption,-103.9
2025-04-16,M05,OnHandSnapshot,1467.31
2025-04-17,M05,Consumption,-114.96
2025-04-17,M05,OnHandSnapshot,1352.35
2025-04-18,M05,Consumption,-127.46
2025-04-18,M05,OnHandSnapshot,1224.9
2025-04-19,M05,Consumption,-97.38
2025-04-19,M05,OnHandSnapshot,1127.52
2025-04-20,M05,Consumption,-92.38
2025-04-20,M05,OnHandSnapshot,1035.15
2025-04-21,M05,Consumption,-104.2
2025-04-21,M05,OnHandSnapshot,930.95
2025-04-22,M05,Consumption,-103.95
2025-04-22,M05,OnHandSnapshot,827.0
2025-04-23,M05,Consumption,-96.54
2025-04-23,M05,OnHandSnapshot,730.46
2025-04-24,M05,Consumption,-114.8
2025-04-24,M05,OnHandSnapshot,615.67
2025-04-25,M05,Receipt,1297.03
2025-04-25,M05,Consumption,-137.44
2025-04-25,M05,OnHandSnapshot,1775.25
2025-04-26,M05,Consumption,-95.58
2025-04-26,M05,OnHandSnapshot,1679.68
2025-04-27,M05,Consumption,-96.16
2025-04-27,M05,OnHandSnapshot,1583.51
2025-04-28,M05,Consumption,-94.92
2025-04-28,M05,OnHandSnapshot,1488.59
2025-04-29,M05,Consumption,-99.91
2025-04-29,M05,OnHandSnapshot,1388.68
2025-04-30,M05,Consumption,-102.92
2025-04-30,M05,OnHandSnapshot,1285.76
2025-05-01,M05,Consumption,-119.16
2025-05-01,M05,OnHandSnapshot,1166.59
2025-05-02,M05,Consumption,-136.06
2025-05-02,M05,OnHandSnapshot,1030.54
2025-05-03,M05,Consumption,-92.66
2025-05-03,M05,OnHandSnapshot,937.88
2025-05-04,M05,Consumption,-100.65
2025-05-04,M05,OnHandSnapshot,837.23
2025-05-05,M05,Consumption,-94.34
2025-05-05,M05,OnHandSnapshot,742.89
2025-05-06,M05,Consumption,-94.23
2025-05-06,M05,OnHandSnapshot,648.66
2025-05-07,M05,Receipt,1297.03
2025-05-07,M05,Consumption,-98.86
2025-05-07,M05,OnHandSnapshot,1846.83
2025-05-08,M05,Consumption,-124.0
2025-05-08,M05,OnHandSnapshot,1722.83
2025-05-09,M05,Consumption,-137.15
2025-05-09,M05,OnHandSnapshot,1585.69
2025-05-10,M05,Consumption,-94.04
2025-05-10,M05,OnHandSnapshot,1491.65
2025-05-11,M05,Consumption,-103.49
2025-05-11,M05,OnHandSnapshot,1388.16
2025-05-12,M05,Consumption,-100.19
2025-05-12,M05,OnHandSnapshot,1287.97
2025-05-13,M05,Consumption,-99.44
2025-05-13,M05,OnHandSnapshot,1188.53
2025-05-14,M05,Consumption,-100.76
2025-05-14,M05,OnHandSnapshot,1087.78
2025-05-15,M05,Consumption,-121.82
2025-05-15,M05,OnHandSnapshot,965.95
2025-05-16,M05,Consumption,-145.9
2025-05-16,M05,OnHandSnapshot,820.06
2025-05-17,M05,Consumption,-95.01
2025-05-17,M05,OnHandSnapshot,725.05
2025-05-18,M05,Receipt,1297.03
2025-05-18,M05,Consumption,-101.15
2025-05-18,M05,OnHandSnapshot,1920.93
2025-05-19,M05,Consumption,-100.82
2025-05-19,M05,OnHandSnapshot,1820.11
2025-05-20,M05,Consumption,-95.91
2025-05-20,M05,OnHandSnapshot,1724.2
2025-05-21,M05,Consumption,-107.02
2025-05-21,M05,OnHandSnapshot,1617.19
2025-05-22,M05,Consumption,-115.73
2025-05-22,M05,OnHandSnapshot,1501.46
2025-05-23,M05,Consumption,-144.28
2025-05-23,M05,OnHandSnapshot,1357.18
2025-05-24,M05,Consumption,-91.95
2025-05-24,M05,OnHandSnapshot,1265.23
2025-05-25,M05,Consumption,-94.88
2025-05-25,M05,OnHandSnapshot,1170.34
2025-05-26,M05,Consumption,-108.14
2025-05-26,M05,OnHandSnapshot,1062.21
2025-05-27,M05,Consumption,-100.76
2025-05-27,M05,OnHandSnapshot,961.45
2025-05-28,M05,Consumption,-99.1
2025-05-28,M05,OnHandSnapshot,862.36
2025-05-29,M05,Consumption,-107.95
2025-05-29,M05,OnHandSnapshot,754.41
2025-05-30,M05,Consumption,-132.36
2025-05-30,M05,OnHandSnapshot,622.05
2025-05-31,M05,Consumption,-97.25
2025-05-31,M05,OnHandSnapshot,524.8
2025-06-01,M05,Receipt,1297.03
2025-06-01,M05,Consumption,-111.02
2025-06-01,M05,OnHandSnapshot,1710.81
2025-06-02,M05,Consumption,-101.75
2025-06-02,M05,OnHandSnapshot,1609.06
2025-06-03,M05,Consumption,-102.83
2025-06-03,M05,OnHandSnapshot,1506.23
2025-06-04,M05,Consumption,-103.05
2025-06-04,M05,OnHandSnapshot,1403.18
2025-06-05,M05,Consumption,-120.25
2025-06-05,M05,OnHandSnapshot,1282.93
2025-06-06,M05,Consumption,-130.51
2025-06-06,M05,OnHandSnapshot,1152.42
2025-06-07,M05,Consumption,-94.04
2025-06-07,M05,OnHandSnapshot,1058.38
2025-06-08,M05,Consumption,-102.35
2025-06-08,M05,OnHandSnapshot,956.03
2025-06-09,M05,Consumption,-98.36
2025-06-09,M05,OnHandSnapshot,857.66
2025-06-10,M05,Consumption,-103.57
2025-06-10,M05,OnHandSnapshot,754.09
2025-06-11,M05,Consumption,-108.08
2025-06-11,M05,OnHandSnapshot,646.01
2025-06-12,M05,Receipt,1297.03
2025-06-12,M05,Consumption,-119.17
2025-06-12,M05,OnHandSnapshot,1823.87
2025-06-13,M05,Consumption,-133.8
2025-06-13,M05,OnHandSnapshot,1690.07
2025-06-14,M05,Consumption,-96.02
2025-06-14,M05,OnHandSnapshot,1594.05
2025-06-15,M05,Consumption,-97.94
2025-06-15,M05,OnHandSnapshot,1496.1
2025-06-16,M05,Consumption,-100.9
2025-06-16,M05,OnHandSnapshot,1395.2
2025-06-17,M05,Consumption,-103.68
2025-06-17,M05,OnHandSnapshot,1291.52
2025-06-18,M05,Consumption,-105.66
2025-06-18,M05,OnHandSnapshot,1185.86
2025-06-19,M05,Consumption,-113.66
2025-06-19,M05,OnHandSnapshot,1072.2
2025-06-20,M05,Consumption,-137.65
2025-06-20,M05,OnHandSnapshot,934.55
2025-06-21,M05,Consumption,-97.35
2025-06-21,M05,OnHandSnapshot,837.2
2025-06-22,M05,Receipt,1297.03
2025-06-22,M05,Consumption,-103.64
2025-06-22,M05,OnHandSnapshot,2030.6
2025-06-23,M05,Consumption,-104.9
2025-06-23,M05,OnHandSnapshot,1925.69
2025-06-24,M05,Consumption,-102.68
2025-06-24,M05,OnHandSnapshot,1823.01
2025-06-25,M05,Consumption,-105.36
2025-06-25,M05,OnHandSnapshot,1717.65
2025-06-26,M05,Consumption,-113.7
2025-06-26,M05,OnHandSnapshot,1603.95
2025-06-27,M05,Consumption,-133.59
2025-06-27,M05,OnHandSnapshot,1470.36
2025-06-28,M05,Consumption,-93.78
2025-06-28,M05,OnHandSnapshot,1376.58
2025-06-29,M05,Consumption,-101.38
2025-06-29,M05,OnHandSnapshot,1275.2
2025-06-30,M05,Consumption,-101.3
2025-06-30,M05,OnHandSnapshot,1173.9
2025-07-01,M05,Consumption,-104.76
2025-07-01,M05,OnHandSnapshot,1069.14
2025-07-02,M05,Consumption,-102.52
2025-07-02,M05,OnHandSnapshot,966.63
2025-07-03,M05,Consumption,-125.46
2025-07-03,M05,OnHandSnapshot,841.16
2025-07-04,M05,Consumption,-146.52
2025-07-04,M05,OnHandSnapshot,694.64
2025-07-05,M05,Receipt,1297.03
2025-07-05,M05,Consumption,-93.76
2025-07-05,M05,OnHandSnapshot,1897.92
2025-07-06,M05,Consumption,-107.18
2025-07-06,M05,OnHandSnapshot,1790.74
2025-07-07,M05,Consumption,-101.93
2025-07-07,M05,OnHandSnapshot,1688.81
2025-07-08,M05,Consumption,-102.32
2025-07-08,M05,OnHandSnapshot,1586.49
2025-07-09,M05,Consumption,-99.94
2025-07-09,M05,OnHandSnapshot,1486.55
2025-07-10,M05,Consumption,-118.91
2025-07-10,M05,OnHandSnapshot,1367.64
2025-07-11,M05,Consumption,-131.75
2025-07-11,M05,OnHandSnapshot,1235.89
2025-07-12,M05,Consumption,-99.03
2025-07-12,M05,OnHandSnapshot,1136.86
2025-07-13,M05,Consumption,-105.52
2025-07-13,M05,OnHandSnapshot,1031.34
2025-07-14,M05,Consumption,-101.56
2025-07-14,M05,OnHandSnapshot,929.78
2025-07-15,M05,Consumption,-94.74
2025-07-15,M05,OnHandSnapshot,835.04
2025-07-16,M05,Receipt,1297.03
2025-07-16,M05,Consumption,-105.76
2025-07-16,M05,OnHandSnapshot,2026.31
2025-07-17,M05,Consumption,-113.52
2025-07-17,M05,OnHandSnapshot,1912.79
2025-07-18,M05,Consumption,-142.82
2025-07-18,M05,OnHandSnapshot,1769.96
2025-07-19,M05,Consumption,-94.77
2025-07-19,M05,OnHandSnapshot,1675.19
2025-07-20,M05,Consumption,-100.26
2025-07-20,M05,OnHandSnapshot,1574.94
2025-07-21,M05,Consumption,-100.64
2025-07-21,M05,OnHandSnapshot,1474.3
2025-07-22,M05,Consumption,-104.49
2025-07-22,M05,OnHandSnapshot,1369.81
2025-07-23,M05,Consumption,-107.02
2025-07-23,M05,OnHandSnapshot,1262.79
2025-07-24,M05,Consumption,-119.65
2025-07-24,M05,OnHandSnapshot,1143.14
2025-07-25,M05,Consumption,-150.32
2025-07-25,M05,OnHandSnapshot,992.82
2025-07-26,M05,Consumption,-94.7
2025-07-26,M05,OnHandSnapshot,898.12
2025-07-27,M05,Consumption,-99.84
2025-07-27,M05,OnHandSnapshot,798.28
2025-07-28,M05,Consumption,-103.76
2025-07-28,M05,OnHandSnapshot,694.51
2025-07-29,M05,Consumption,-104.29
2025-07-29,M05,OnHandSnapshot,590.22
2025-07-30,M05,Receipt,1297.03
2025-07-30,M05,Consumption,-104.02
2025-07-30,M05,OnHandSnapshot,1783.24
2025-07-31,M05,Consumption,-118.16
2025-07-31,M05,OnHandSnapshot,1665.08
2025-08-01,M05,Consumption,-135.74
2025-08-01,M05,OnHandSnapshot,1529.34
2025-08-02,M05,Consumption,-103.52
2025-08-02,M05,OnHandSnapshot,1425.82
2025-08-03,M05,Consumption,-96.54
2025-08-03,M05,OnHandSnapshot,1329.28
2025-08-04,M05,Consumption,-103.67
2025-08-04,M05,OnHandSnapshot,1225.61
2025-08-05,M05,Consumption,-99.58
2025-08-05,M05,OnHandSnapshot,1126.03
2025-08-06,M05,Consumption,-105.31
2025-08-06,M05,OnHandSnapshot,1020.72
2025-08-07,M05,Consumption,-118.9
2025-08-07,M05,OnHandSnapshot,901.81
2025-08-08,M05,Consumption,-135.06
2025-08-08,M05,OnHandSnapshot,766.75
2025-08-09,M05,Consumption,-95.76
2025-08-09,M05,OnHandSnapshot,670.99
2025-08-10,M05,Consumption,-103.52
2025-08-10,M05,OnHandSnapshot,567.47
2025-08-11,M05,Consumption,-111.34
2025-08-11,M05,OnHandSnapshot,456.13
2025-08-12,M05,Receipt,1297.03
2025-08-12,M05,Consumption,-106.62
2025-08-12,M05,OnHandSnapshot,1646.55
2025-08-13,M05,Consumption,-101.02
2025-08-13,M05,OnHandSnapshot,1545.53
2025-08-14,M05,Consumption,-117.06
2025-08-14,M05,OnHandSnapshot,1428.47
2025-08-15,M05,Consumption,-134.44
2025-08-15,M05,OnHandSnapshot,1294.03
2025-08-16,M05,Consumption,-103.36
2025-08-16,M05,OnHandSnapshot,1190.66
2025-08-17,M05,Consumption,-108.63
2025-08-17,M05,OnHandSnapshot,1082.03
2025-08-18,M05,Consumption,-98.04
2025-08-18,M05,OnHandSnapshot,983.99
2025-08-19,M05,Consumption,-103.5
2025-08-19,M05,OnHandSnapshot,880.5
2025-08-20,M05,Consumption,-102.82
2025-08-20,M05,OnHandSnapshot,777.67
2025-08-21,M05,Consumption,-116.9
2025-08-21,M05,OnHandSnapshot,660.77
2025-08-22,M05,Receipt,1297.03
2025-08-22,M05,Consumption,-146.55
2025-08-22,M05,OnHandSnapshot,1811.26
2025-08-23,M05,Consumption,-95.16
2025-08-23,M05,OnHandSnapshot,1716.11
2025-08-24,M05,Consumption,-105.82
2025-08-24,M05,OnHandSnapshot,1610.29
2025-08-25,M05,Consumption,-97.51
2025-08-25,M05,OnHandSnapshot,1512.78
2025-08-26,M05,Consumption,-100.24
2025-08-26,M05,OnHandSnapshot,1412.55
2025-08-27,M05,Consumption,-103.26
2025-08-27,M05,OnHandSnapshot,1309.29
2025-08-28,M05,Consumption,-109.96
2025-08-28,M05,OnHandSnapshot,1199.34
2025-08-29,M05,Consumption,-139.41
2025-08-29,M05,OnHandSnapshot,1059.93
2025-08-30,M05,Consumption,-101.46
2025-08-30,M05,OnHandSnapshot,958.47
2025-08-31,M05,Consumption,-103.53
2025-08-31,M05,OnHandSnapshot,854.94
2025-09-01,M05,Consumption,-107.48
2025-09-01,M05,OnHandSnapshot,747.46
2025-09-02,M05,Consumption,-100.49
2025-09-02,M05,OnHandSnapshot,646.97
2025-09-03,M05,Consumption,-103.45
2025-09-03,M05,OnHandSnapshot,543.52
2025-09-04,M05,Receipt,1297.03
2025-09-04,M05,Consumption,-125.94
2025-09-04,M05,OnHandSnapshot,1714.61
2025-09-05,M05,Consumption,-142.81
2025-09-05,M05,OnHandSnapshot,1571.8
2025-09-06,M05,Consumption,-97.52
2025-09-06,M05,OnHandSnapshot,1474.28
2025-09-07,M05,Consumption,-95.6
2025-09-07,M05,OnHandSnapshot,1378.69
2025-09-08,M05,Consumption,-107.42
2025-09-08,M05,OnHandSnapshot,1271.27
2025-09-09,M05,Consumption,-100.22
2025-09-09,M05,OnHandSnapshot,1171.05
2025-09-10,M05,Consumption,-98.89
2025-09-10,M05,OnHandSnapshot,1072.16
2025-09-11,M05,Consumption,-116.04
2025-09-11,M05,OnHandSnapshot,956.12
2025-09-12,M05,Consumption,-137.26
2025-09-12,M05,OnHandSnapshot,818.86
2025-09-13,M05,Consumption,-94.9
2025-09-13,M05,OnHandSnapshot,723.95
2025-09-14,M05,Consumption,-102.72
2025-09-14,M05,OnHandSnapshot,621.23
2025-09-15,M05,Receipt,1297.03
2025-09-15,M05,Consumption,-107.96
2025-09-15,M05,OnHandSnapshot,1810.3
2025-09-16,M05,Consumption,-100.48
2025-09-16,M05,OnHandSnapshot,1709.82
2025-09-17,M05,Consumption,-110.58
2025-09-17,M05,OnHandSnapshot,1599.24
2025-09-18,M05,Consumption,-116.66
2025-09-18,M05,OnHandSnapshot,1482.57
2025-09-19,M05,Consumption,-143.15
2025-09-19,M05,OnHandSnapshot,1339.42
2025-09-20,M05,Consumption,-100.32
2025-09-20,M05,OnHandSnapshot,1239.1
2025-09-21,M05,Consumption,-105.9
2025-09-21,M05,OnHandSnapshot,1133.2
2025-09-22,M05,Consumption,-101.68
2025-09-22,M05,OnHandSnapshot,1031.52
2025-09-23,M05,Consumption,-106.5
2025-09-23,M05,OnHandSnapshot,925.02
2025-09-24,M05,Consumption,-100.28
2025-09-24,M05,OnHandSnapshot,824.75
2025-09-25,M05,Receipt,1297.03
2025-09-25,M05,Consumption,-120.21
2025-09-25,M05,OnHandSnapshot,2001.57
2025-09-26,M05,Consumption,-143.88
2025-09-26,M05,OnHandSnapshot,1857.7
2025-09-27,M05,Consumption,-100.96
2025-09-27,M05,OnHandSnapshot,1756.73
2025-09-28,M05,Consumption,-103.22
2025-09-28,M05,OnHandSnapshot,1653.52
2025-09-29,M05,Consumption,-110.02
2025-09-29,M05,OnHandSnapshot,1543.49
2025-09-30,M05,Consumption,-97.1
2025-09-30,M05,OnHandSnapshot,1446.4
2025-10-01,M05,Consumption,-100.23
2025-10-01,M05,OnHandSnapshot,1346.17
2025-10-02,M05,Consumption,-121.44
2025-10-02,M05,OnHandSnapshot,1224.73
2025-10-03,M05,Consumption,-147.18
2025-10-03,M05,OnHandSnapshot,1077.54
2025-10-04,M05,Consumption,-95.97
2025-10-04,M05,OnHandSnapshot,981.57
2025-10-05,M05,Consumption,-103.66
2025-10-05,M05,OnHandSnapshot,877.92
2025-10-06,M05,Consumption,-112.8
2025-10-06,M05,OnHandSnapshot,765.11
2025-10-07,M05,Consumption,-101.81
2025-10-07,M05,OnHandSnapshot,663.3
2025-10-08,M05,Consumption,-103.64
2025-10-08,M05,OnHandSnapshot,559.66
2025-10-09,M05,Receipt,1297.03
2025-10-09,M05,Consumption,-121.77
2025-10-09,M05,OnHandSnapshot,1734.92
2025-10-10,M05,Consumption,-144.36
2025-10-10,M05,OnHandSnapshot,1590.55
2025-10-11,M05,Consumption,-104.15
2025-10-11,M05,OnHandSnapshot,1486.4
2025-10-12,M05,Consumption,-100.12
2025-10-12,M05,OnHandSnapshot,1386.28
2025-10-13,M05,Consumption,-98.2
2025-10-13,M05,OnHandSnapshot,1288.08
2025-10-14,M05,Consumption,-96.14
2025-10-14,M05,OnHandSnapshot,1191.95
2025-10-15,M05,Consumption,-95.66
2025-10-15,M05,OnHandSnapshot,1096.29
2025-10-16,M05,Consumption,-117.84
2025-10-16,M05,OnHandSnapshot,978.45
2025-10-17,M05,Consumption,-140.13
2025-10-17,M05,OnHandSnapshot,838.32
2025-10-18,M05,Consumption,-97.72
2025-10-18,M05,OnHandSnapshot,740.6
2025-10-19,M05,Consumption,-100.34
2025-10-19,M05,OnHandSnapshot,640.26
2025-10-20,M05,Receipt,1297.03
2025-10-20,M05,Consumption,-101.78
2025-10-20,M05,OnHandSnapshot,1835.52
2025-10-21,M05,Consumption,-108.22
2025-10-21,M05,OnHandSnapshot,1727.31
2025-10-22,M05,Consumption,-104.68
2025-10-22,M05,OnHandSnapshot,1622.63
2025-10-23,M05,Consumption,-120.76
2025-10-23,M05,OnHandSnapshot,1501.87
2025-10-24,M05,Consumption,-142.68
2025-10-24,M05,OnHandSnapshot,1359.2
2025-10-25,M05,Consumption,-96.72
2025-10-25,M05,OnHandSnapshot,1262.47
2025-10-26,M05,Consumption,-105.08
2025-10-26,M05,OnHandSnapshot,1157.39
2025-10-27,M05,Consumption,-109.82
2025-10-27,M05,OnHandSnapshot,1047.57
2025-10-28,M05,Consumption,-105.62
2025-10-28,M05,OnHandSnapshot,941.95
2025-10-29,M05,Consumption,-112.02
2025-10-29,M05,OnHandSnapshot,829.94
2025-10-30,M05,Consumption,-117.45
2025-10-30,M05,OnHandSnapshot,712.49
2025-10-31,M05,Receipt,1297.03
2025-10-31,M05,Consumption,-138.29
2025-10-31,M05,OnHandSnapshot,1871.22
2025-11-01,M05,Consumption,-98.89
2025-11-01,M05,OnHandSnapshot,1772.33
2025-11-02,M05,Consumption,-97.56
2025-11-02,M05,OnHandSnapshot,1674.78
2025-11-03,M05,Consumption,-98.48
2025-11-03,M05,OnHandSnapshot,1576.3
2025-11-04,M05,Consumption,-102.4
2025-11-04,M05,OnHandSnapshot,1473.91
2025-11-05,M05,Consumption,-107.93
2025-11-05,M05,OnHandSnapshot,1365.98
2025-11-06,M05,Consumption,-114.46
2025-11-06,M05,OnHandSnapshot,1251.52
2025-11-07,M05,Consumption,-147.26
2025-11-07,M05,OnHandSnapshot,1104.27
2025-11-08,M05,Consumption,-104.65
2025-11-08,M05,OnHandSnapshot,999.62
2025-11-09,M05,Consumption,-107.41
2025-11-09,M05,OnHandSnapshot,892.21
2025-11-10,M05,Consumption,-106.01
2025-11-10,M05,OnHandSnapshot,786.2
2025-11-11,M05,Receipt,1297.03
2025-11-11,M05,Consumption,-107.09
2025-11-11,M05,OnHandSnapshot,1976.14
2025-11-12,M05,Consumption,-110.0
2025-11-12,M05,OnHandSnapshot,1866.15
2025-11-13,M05,Consumption,-127.09
2025-11-13,M05,OnHandSnapshot,1739.06
2025-11-14,M05,Consumption,-135.97
2025-11-14,M05,OnHandSnapshot,1603.09
2025-11-15,M05,Consumption,-101.69
2025-11-15,M05,OnHandSnapshot,1501.4
2025-11-16,M05,Consumption,-103.5
2025-11-16,M05,OnHandSnapshot,1397.89
2025-11-17,M05,Consumption,-96.52
2025-11-17,M05,OnHandSnapshot,1301.37
2025-11-18,M05,Consumption,-101.08
2025-11-18,M05,OnHandSnapshot,1200.29
2025-11-19,M05,Consumption,-103.84
2025-11-19,M05,OnHandSnapshot,1096.44
2025-11-20,M05,Consumption,-120.7
2025-11-20,M05,OnHandSnapshot,975.75
2025-11-21,M05,Consumption,-150.14
2025-11-21,M05,OnHandSnapshot,825.61
2025-11-22,M05,Consumption,-98.62
2025-11-22,M05,OnHandSnapshot,726.98
2025-11-23,M05,Consumption,-103.63
2025-11-23,M05,OnHandSnapshot,623.35
2025-11-24,M05,Receipt,1297.03
2025-11-24,M05,Consumption,-103.22
2025-11-24,M05,OnHandSnapshot,1817.17
2025-11-25,M05,Consumption,-105.39
2025-11-25,M05,OnHandSnapshot,1711.78
2025-11-26,M05,Consumption,-105.24
2025-11-26,M05,OnHandSnapshot,1606.53
2025-11-27,M05,Consumption,-118.26
2025-11-27,M05,OnHandSnapshot,1488.28
2025-11-28,M05,Consumption,-133.76
2025-11-28,M05,OnHandSnapshot,1354.52
2025-11-29,M05,Consumption,-94.92
2025-11-29,M05,OnHandSnapshot,1259.6
2025-11-30,M05,Consumption,-106.18
2025-11-30,M05,OnHandSnapshot,1153.42
2025-12-01,M05,Consumption,-104.26
2025-12-01,M05,OnHandSnapshot,1049.16
2025-12-02,M05,Consumption,-112.81
2025-12-02,M05,OnHandSnapshot,936.35
2025-12-03,M05,Consumption,-109.24
2025-12-03,M05,OnHandSnapshot,827.11
2025-12-04,M05,Consumption,-121.68
2025-12-04,M05,OnHandSnapshot,705.43
2025-12-05,M05,Consumption,-136.1
2025-12-05,M05,OnHandSnapshot,569.34
2025-12-06,M05,Receipt,1297.03
2025-12-06,M05,Consumption,-99.29
2025-12-06,M05,OnHandSnapshot,1767.08
2025-12-07,M05,Consumption,-105.43
2025-12-07,M05,OnHandSnapshot,1661.65
2025-12-08,M05,Consumption,-102.64
2025-12-08,M05,OnHandSnapshot,1559.01
2025-12-09,M05,Consumption,-106.82
2025-12-09,M05,OnHandSnapshot,1452.19
2025-12-10,M05,Consumption,-104.52
2025-12-10,M05,OnHandSnapshot,1347.67
2025-12-11,M05,Consumption,-122.7
2025-12-11,M05,OnHandSnapshot,1224.96
2025-12-12,M05,Consumption,-143.45
2025-12-12,M05,OnHandSnapshot,1081.51
2025-12-13,M05,Consumption,-103.94
2025-12-13,M05,OnHandSnapshot,977.57
2025-12-14,M05,Consumption,-105.38
2025-12-14,M05,OnHandSnapshot,872.2
2025-12-15,M05,Consumption,-106.72
2025-12-15,M05,OnHandSnapshot,765.47
2025-12-16,M05,Consumption,-116.28
2025-12-16,M05,OnHandSnapshot,649.2
2025-12-17,M05,Consumption,-114.5
2025-12-17,M05,OnHandSnapshot,534.7
2025-12-18,M05,Consumption,-138.8
2025-12-18,M05,OnHandSnapshot,395.9
2025-12-19,M05,Consumption,-160.78
2025-12-19,M05,OnHandSnapshot,235.13
2025-12-20,M05,Receipt,1297.03
2025-12-20,M05,Consumption,-112.74
2025-12-20,M05,OnHandSnapshot,1419.43
2025-12-21,M05,Consumption,-121.95
2025-12-21,M05,OnHandSnapshot,1297.48
2025-12-22,M05,Consumption,-118.14
2025-12-22,M05,OnHandSnapshot,1179.33
2025-12-23,M05,Consumption,-120.18
2025-12-23,M05,OnHandSnapshot,1059.15
2025-12-24,M05,Consumption,-117.54
2025-12-24,M05,OnHandSnapshot,941.61
2025-12-25,M05,Consumption,-129.31
2025-12-25,M05,OnHandSnapshot,812.3
2025-12-26,M05,Consumption,-164.1
2025-12-26,M05,OnHandSnapshot,648.19
2025-12-27,M05,Consumption,-102.08
2025-12-27,M05,OnHandSnapshot,546.11
2025-12-28,M05,Receipt,1297.03
2025-12-28,M05,Consumption,-114.84
2025-12-28,M05,OnHandSnapshot,1728.3
2025-12-29,M05,Consumption,-108.86
2025-12-29,M05,OnHandSnapshot,1619.44
2025-12-30,M05,Consumption,-109.58
2025-12-30,M05,OnHandSnapshot,1509.85
2025-12-31,M05,Consumption,-104.74
2025-12-31,M05,OnHandSnapshot,1405.12
2024-01-01,M06,Consumption,-7.17
2024-01-01,M06,OnHandSnapshot,104.95
2024-01-02,M06,Consumption,-7.56
2024-01-02,M06,OnHandSnapshot,97.39
2024-01-03,M06,Consumption,-7.35
2024-01-03,M06,OnHandSnapshot,90.04
2024-01-04,M06,Consumption,-9.12
2024-01-04,M06,OnHandSnapshot,80.92
2024-01-05,M06,Consumption,-11.01
2024-01-05,M06,OnHandSnapshot,69.91
2024-01-06,M06,Receipt,154.16
2024-01-06,M06,Consumption,-6.57
2024-01-06,M06,OnHandSnapshot,217.5
2024-01-07,M06,Consumption,-8.07
2024-01-07,M06,OnHandSnapshot,209.43
2024-01-08,M06,Consumption,-8.73
2024-01-08,M06,OnHandSnapshot,200.7
2024-01-09,M06,Consumption,-7.29
2024-01-09,M06,OnHandSnapshot,193.41
2024-01-10,M06,Consumption,-7.68
2024-01-10,M06,OnHandSnapshot,185.73
2024-01-11,M06,Consumption,-9.54
2024-01-11,M06,OnHandSnapshot,176.19
2024-01-12,M06,Consumption,-12.06
2024-01-12,M06,OnHandSnapshot,164.13
2024-01-13,M06,Consumption,-7.98
2024-01-13,M06,OnHandSnapshot,156.15
2024-01-14,M06,Consumption,-8.7
2024-01-14,M06,OnHandSnapshot,147.45
2024-01-15,M06,Consumption,-8.64
2024-01-15,M06,OnHandSnapshot,138.81
2024-01-16,M06,Consumption,-8.76
2024-01-16,M06,OnHandSnapshot,130.05
2024-01-17,M06,Consumption,-7.44
2024-01-17,M06,OnHandSnapshot,122.61
2024-01-18,M06,Consumption,-9.72
2024-01-18,M06,OnHandSnapshot,112.89
2024-01-19,M06,Consumption,-11.22
2024-01-19,M06,OnHandSnapshot,101.67
2024-01-20,M06,Consumption,-8.04
2024-01-20,M06,OnHandSnapshot,93.63
2024-01-21,M06,Consumption,-8.73
2024-01-21,M06,OnHandSnapshot,84.9
2024-01-22,M06,Consumption,-8.67
2024-01-22,M06,OnHandSnapshot,76.23
2024-01-23,M06,Consumption,-8.97
2024-01-23,M06,OnHandSnapshot,67.26
2024-01-24,M06,Receipt,154.16
2024-01-24,M06,Consumption,-8.55
2024-01-24,M06,OnHandSnapshot,212.87
2024-01-25,M06,Consumption,-8.4
2024-01-25,M06,OnHandSnapshot,204.47
2024-01-26,M06,Consumption,-9.66
2024-01-26,M06,OnHandSnapshot,194.81
2024-01-27,M06,Consumption,-8.34
2024-01-27,M06,OnHandSnapshot,186.47
2024-01-28,M06,Consumption,-8.7
2024-01-28,M06,OnHandSnapshot,177.77
2024-01-29,M06,Consumption,-7.74
2024-01-29,M06,OnHandSnapshot,170.03
2024-01-30,M06,Consumption,-7.47
2024-01-30,M06,OnHandSnapshot,162.56
2024-01-31,M06,Consumption,-9.66
2024-01-31,M06,OnHandSnapshot,152.9
2024-02-01,M06,Consumption,-9.66
2024-02-01,M06,OnHandSnapshot,143.24
2024-02-02,M06,Consumption,-11.73
2024-02-02,M06,OnHandSnapshot,131.51
2024-02-03,M06,Consumption,-7.5
2024-02-03,M06,OnHandSnapshot,124.01
2024-02-04,M06,Consumption,-8.25
2024-02-04,M06,OnHandSnapshot,115.76
2024-02-05,M06,Consumption,-7.26
2024-02-05,M06,OnHandSnapshot,108.5
2024-02-06,M06,Consumption,-8.28
2024-02-06,M06,OnHandSnapshot,100.22
2024-02-07,M06,Consumption,-8.34
2024-02-07,M06,OnHandSnapshot,91.88
2024-02-08,M06,Consumption,-9.36
2024-02-08,M06,OnHandSnapshot,82.52
2024-02-09,M06,Consumption,-11.58
2024-02-09,M06,OnHandSnapshot,70.94
2024-02-10,M06,Receipt,154.16
2024-02-10,M06,Consumption,-7.59
2024-02-10,M06,OnHandSnapshot,217.52
2024-02-11,M06,Consumption,-8.46
2024-02-11,M06,OnHandSnapshot,209.06
2024-02-12,M06,Consumption,-8.43
2024-02-12,M06,OnHandSnapshot,200.63
2024-02-13,M06,Consumption,-8.61
2024-02-13,M06,OnHandSnapshot,192.02
2024-02-14,M06,Consumption,-8.22
2024-02-14,M06,OnHandSnapshot,183.8
2024-02-15,M06,Consumption,-10.11
2024-02-15,M06,OnHandSnapshot,173.69
2024-02-16,M06,Consumption,-11.67
2024-02-16,M06,OnHandSnapshot,162.02
2024-02-17,M06,Consumption,-8.52
2024-02-17,M06,OnHandSnapshot,153.5
2024-02-18,M06,Consumption,-7.83
2024-02-18,M06,OnHandSnapshot,145.67
2024-02-19,M06,Consumption,-7.95
2024-02-19,M06,OnHandSnapshot,137.72
2024-02-20,M06,Consumption,-7.92
2024-02-20,M06,OnHandSnapshot,129.8
2024-02-21,M06,Consumption,-8.55
2024-02-21,M06,OnHandSnapshot,121.25
2024-02-22,M06,Consumption,-9.42
2024-02-22,M06,OnHandSnapshot,111.83
2024-02-23,M06,Consumption,-10.62
2024-02-23,M06,OnHandSnapshot,101.21
2024-02-24,M06,Consumption,-7.11
2024-02-24,M06,OnHandSnapshot,94.1
2024-02-25,M06,Consumption,-9.6
2024-02-25,M06,OnHandSnapshot,84.5
2024-02-26,M06,Consumption,-8.73
2024-02-26,M06,OnHandSnapshot,75.77
2024-02-27,M06,Consumption,-8.94
2024-02-27,M06,OnHandSnapshot,66.83
2024-02-28,M06,Receipt,154.16
2024-02-28,M06,Consumption,-8.04
2024-02-28,M06,OnHandSnapshot,212.95
2024-02-29,M06,Consumption,-8.76
2024-02-29,M06,OnHandSnapshot,204.19
2024-03-01,M06,Consumption,-12.3
2024-03-01,M06,OnHandSnapshot,191.89
2024-03-02,M06,Consumption,-8.25
2024-03-02,M06,OnHandSnapshot,183.64
2024-03-03,M06,Consumption,-8.46
2024-03-03,M06,OnHandSnapshot,175.18
2024-03-04,M06,Consumption,-8.88
2024-03-04,M06,OnHandSnapshot,166.3
2024-03-05,M06,Consumption,-9.42
2024-03-05,M06,OnHandSnapshot,156.88
2024-03-06,M06,Consumption,-9.21
2024-03-06,M06,OnHandSnapshot,147.67
2024-03-07,M06,Consumption,-8.46
2024-03-07,M06,OnHandSnapshot,139.21
2024-03-08,M06,Consumption,-10.35
2024-03-08,M06,OnHandSnapshot,128.86
2024-03-09,M06,Consumption,-8.64
2024-03-09,M06,OnHandSnapshot,120.22
2024-03-10,M06,Consumption,-8.73
2024-03-10,M06,OnHandSnapshot,111.49
2024-03-11,M06,Consumption,-8.82
2024-03-11,M06,OnHandSnapshot,102.67
2024-03-12,M06,Consumption,-10.83
2024-03-12,M06,OnHandSnapshot,91.84
2024-03-13,M06,Consumption,-7.08
2024-03-13,M06,OnHandSnapshot,84.76
2024-03-14,M06,Consumption,-8.43
2024-03-14,M06,OnHandSnapshot,76.33
2024-03-15,M06,Receipt,154.16
2024-03-15,M06,Consumption,-12.06
2024-03-15,M06,OnHandSnapshot,218.43
2024-03-16,M06,Consumption,-8.31
2024-03-16,M06,OnHandSnapshot,210.12
2024-03-17,M06,Consumption,-7.59
2024-03-17,M06,OnHandSnapshot,202.53
2024-03-18,M06,Consumption,-9.06
2024-03-18,M06,OnHandSnapshot,193.47
2024-03-19,M06,Consumption,-7.92
2024-03-19,M06,OnHandSnapshot,185.55
2024-03-20,M06,Consumption,-8.85
2024-03-20,M06,OnHandSnapshot,176.7
2024-03-21,M06,Consumption,-8.85
2024-03-21,M06,OnHandSnapshot,167.85
2024-03-22,M06,Consumption,-10.62
2024-03-22,M06,OnHandSnapshot,157.23
2024-03-23,M06,Consumption,-7.95
2024-03-23,M06,OnHandSnapshot,149.28
2024-03-24,M06,Consumption,-8.97
2024-03-24,M06,OnHandSnapshot,140.31
2024-03-25,M06,Consumption,-6.75
2024-03-25,M06,OnHandSnapshot,133.56
2024-03-26,M06,Consumption,-7.65
2024-03-26,M06,OnHandSnapshot,125.91
2024-03-27,M06,Consumption,-8.19
2024-03-27,M06,OnHandSnapshot,117.72
2024-03-28,M06,Consumption,-9.93
2024-03-28,M06,OnHandSnapshot,107.79
2024-03-29,M06,Consumption,-11.64
2024-03-29,M06,OnHandSnapshot,96.15
2024-03-30,M06,Consumption,-7.26
2024-03-30,M06,OnHandSnapshot,88.89
2024-03-31,M06,Consumption,-9.93
2024-03-31,M06,OnHandSnapshot,78.96
2024-04-01,M06,Receipt,154.16
2024-04-01,M06,Consumption,-8.46
2024-04-01,M06,OnHandSnapshot,224.67
2024-04-02,M06,Consumption,-8.16
2024-04-02,M06,OnHandSnapshot,216.51
2024-04-03,M06,Consumption,-8.43
2024-04-03,M06,OnHandSnapshot,208.08
2024-04-04,M06,Consumption,-9.93
2024-04-04,M06,OnHandSnapshot,198.15
2024-04-05,M06,Consumption,-12.15
2024-04-05,M06,OnHandSnapshot,186.0
2024-04-06,M06,Consumption,-8.28
2024-04-06,M06,OnHandSnapshot,177.72
2024-04-07,M06,Consumption,-7.71
2024-04-07,M06,OnHandSnapshot,170.01
2024-04-08,M06,Consumption,-7.05
2024-04-08,M06,OnHandSnapshot,162.96
2024-04-09,M06,Consumption,-8.13
2024-04-09,M06,OnHandSnapshot,154.83
2024-04-10,M06,Consumption,-8.73
2024-04-10,M06,OnHandSnapshot,146.1
2024-04-11,M06,Consumption,-9.84
2024-04-11,M06,OnHandSnapshot,136.26
2024-04-12,M06,Consumption,-11.55
2024-04-12,M06,OnHandSnapshot,124.71
2024-04-13,M06,Consumption,-7.5
2024-04-13,M06,OnHandSnapshot,117.21
2024-04-14,M06,Consumption,-7.38
2024-04-14,M06,OnHandSnapshot,109.83
2024-04-15,M06,Consumption,-7.5
2024-04-15,M06,OnHandSnapshot,102.33
2024-04-16,M06,Consumption,-8.52
2024-04-16,M06,OnHandSnapshot,93.81
2024-04-17,M06,Consumption,-7.86
2024-04-17,M06,OnHandSnapshot,85.95
2024-04-18,M06,Consumption,-8.52
2024-04-18,M06,OnHandSnapshot,77.43
2024-04-19,M06,Consumption,-9.3
2024-04-19,M06,OnHandSnapshot,68.13
2024-04-20,M06,Consumption,-7.44
2024-04-20,M06,OnHandSnapshot,60.69
2024-04-21,M06,Receipt,154.16
2024-04-21,M06,Consumption,-11.04
2024-04-21,M06,OnHandSnapshot,203.81
2024-04-22,M06,Consumption,-8.16
2024-04-22,M06,OnHandSnapshot,195.65
2024-04-23,M06,Consumption,-7.38
2024-04-23,M06,OnHandSnapshot,188.27
2024-04-24,M06,Consumption,-8.76
2024-04-24,M06,OnHandSnapshot,179.51
2024-04-25,M06,Consumption,-11.16
2024-04-25,M06,OnHandSnapshot,168.35
2024-04-26,M06,Consumption,-12.3
2024-04-26,M06,OnHandSnapshot,156.05
2024-04-27,M06,Consumption,-8.01
2024-04-27,M06,OnHandSnapshot,148.04
2024-04-28,M06,Consumption,-8.67
2024-04-28,M06,OnHandSnapshot,139.37
2024-04-29,M06,Consumption,-9.03
2024-04-29,M06,OnHandSnapshot,130.34
2024-04-30,M06,Consumption,-8.25
2024-04-30,M06,OnHandSnapshot,122.09
2024-05-01,M06,Consumption,-8.58
2024-05-01,M06,OnHandSnapshot,113.51
2024-05-02,M06,Consumption,-9.42
2024-05-02,M06,OnHandSnapshot,104.09
2024-05-03,M06,Consumption,-11.55
2024-05-03,M06,OnHandSnapshot,92.54
2024-05-04,M06,Consumption,-9.27
2024-05-04,M06,OnHandSnapshot,83.27
2024-05-05,M06,Consumption,-7.2
2024-05-05,M06,OnHandSnapshot,76.07
2024-05-06,M06,Consumption,-7.53
2024-05-06,M06,OnHandSnapshot,68.54
2024-05-07,M06,Consumption,-9.87
2024-05-07,M06,OnHandSnapshot,58.67
2024-05-08,M06,Receipt,154.16
2024-05-08,M06,Consumption,-9.39
2024-05-08,M06,OnHandSnapshot,203.44
2024-05-09,M06,Consumption,-10.68
2024-05-09,M06,OnHandSnapshot,192.76
2024-05-10,M06,Consumption,-11.7
2024-05-10,M06,OnHandSnapshot,181.06
2024-05-11,M06,Consumption,-8.37
2024-05-11,M06,OnHandSnapshot,172.69
2024-05-12,M06,Consumption,-8.28
2024-05-12,M06,OnHandSnapshot,164.41
2024-05-13,M06,Consumption,-7.56
2024-05-13,M06,OnHandSnapshot,156.85
2024-05-14,M06,Consumption,-8.31
2024-05-14,M06,OnHandSnapshot,148.54
2024-05-15,M06,Consumption,-9.45
2024-05-15,M06,OnHandSnapshot,139.09
2024-05-16,M06,Consumption,-9.87
2024-05-16,M06,OnHandSnapshot,129.22
2024-05-17,M06,Consumption,-11.97
2024-05-17,M06,OnHandSnapshot,117.25
2024-05-18,M06,Consumption,-8.07
2024-05-18,M06,OnHandSnapshot,109.18
2024-05-19,M06,Consumption,-8.91
2024-05-19,M06,OnHandSnapshot,100.27
2024-05-20,M06,Consumption,-7.2
2024-05-20,M06,OnHandSnapshot,93.07
2024-05-21,M06,Receipt,154.16
2024-05-21,M06,Consumption,-9.15
2024-05-21,M06,OnHandSnapshot,238.09
2024-05-22,M06,Consumption,-7.41
2024-05-22,M06,OnHandSnapshot,230.68
2024-05-23,M06,Consumption,-10.17
2024-05-23,M06,OnHandSnapshot,220.51
2024-05-24,M06,Consumption,-11.1
2024-05-24,M06,OnHandSnapshot,209.41
2024-05-25,M06,Consumption,-8.34
2024-05-25,M06,OnHandSnapshot,201.07
2024-05-26,M06,Consumption,-8.43
2024-05-26,M06,OnHandSnapshot,192.64
2024-05-27,M06,Consumption,-8.19
2024-05-27,M06,OnHandSnapshot,184.45
2024-05-28,M06,Consumption,-9.87
2024-05-28,M06,OnHandSnapshot,174.58
2024-05-29,M06,Consumption,-8.91
2024-05-29,M06,OnHandSnapshot,165.67
2024-05-30,M06,Consumption,-9.18
2024-05-30,M06,OnHandSnapshot,156.49
2024-05-31,M06,Consumption,-10.71
2024-05-31,M06,OnHandSnapshot,145.78
2024-06-01,M06,Consumption,-8.64
2024-06-01,M06,OnHandSnapshot,137.14
2024-06-02,M06,Consumption,-9.48
2024-06-02,M06,OnHandSnapshot,127.66
2024-06-03,M06,Consumption,-8.4
2024-06-03,M06,OnHandSnapshot,119.26
2024-06-04,M06,Consumption,-6.93
2024-06-04,M06,OnHandSnapshot,112.33
2024-06-05,M06,Consumption,-8.82
2024-06-05,M06,OnHandSnapshot,103.51
2024-06-06,M06,Consumption,-10.65
2024-06-06,M06,OnHandSnapshot,92.86
2024-06-07,M06,Consumption,-12.15
2024-06-07,M06,OnHandSnapshot,80.71
2024-06-08,M06,Consumption,-8.34
2024-06-08,M06,OnHandSnapshot,72.37
2024-06-09,M06,Consumption,-7.26
2024-06-09,M06,OnHandSnapshot,65.11
2024-06-10,M06,Consumption,-8.73
2024-06-10,M06,OnHandSnapshot,56.38
2024-06-11,M06,Consumption,-8.85
2024-06-11,M06,OnHandSnapshot,47.53
2024-06-12,M06,Receipt,154.16
2024-06-12,M06,Consumption,-7.92
2024-06-12,M06,OnHandSnapshot,193.77
2024-06-13,M06,Consumption,-8.13
2024-06-13,M06,OnHandSnapshot,185.64
2024-06-14,M06,Consumption,-11.91
2024-06-14,M06,OnHandSnapshot,173.73
2024-06-15,M06,Consumption,-7.71
2024-06-15,M06,OnHandSnapshot,166.02
2024-06-16,M06,Consumption,-9.63
2024-06-16,M06,OnHandSnapshot,156.39
2024-06-17,M06,Consumption,-7.68
2024-06-17,M06,OnHandSnapshot,148.71
2024-06-18,M06,Consumption,-6.3
2024-06-18,M06,OnHandSnapshot,142.41
2024-06-19,M06,Consumption,-8.76
2024-06-19,M06,OnHandSnapshot,133.65
2024-06-20,M06,Consumption,-11.04
2024-06-20,M06,OnHandSnapshot,122.61
2024-06-21,M06,Consumption,-10.77
2024-06-21,M06,OnHandSnapshot,111.84
2024-06-22,M06,Consumption,-8.64
2024-06-22,M06,OnHandSnapshot,103.2
2024-06-23,M06,Consumption,-8.37
2024-06-23,M06,OnHandSnapshot,94.83
2024-06-24,M06,Receipt,154.16
2024-06-24,M06,Consumption,-8.49
2024-06-24,M06,OnHandSnapshot,240.5
2024-06-25,M06,Consumption,-8.73
2024-06-25,M06,OnHandSnapshot,231.77
2024-06-26,M06,Consumption,-7.56
2024-06-26,M06,OnHandSnapshot,224.21
2024-06-27,M06,Consumption,-9.12
2024-06-27,M06,OnHandSnapshot,215.09
2024-06-28,M06,Consumption,-12.18
2024-06-28,M06,OnHandSnapshot,202.91
2024-06-29,M06,Consumption,-7.86
2024-06-29,M06,OnHandSnapshot,195.05
2024-06-30,M06,Consumption,-8.91
2024-06-30,M06,OnHandSnapshot,186.14
2024-07-01,M06,Consumption,-8.7
2024-07-01,M06,OnHandSnapshot,177.44
2024-07-02,M06,Consumption,-8.01
2024-07-02,M06,OnHandSnapshot,169.43
2024-07-03,M06,Consumption,-8.43
2024-07-03,M06,OnHandSnapshot,161.0
2024-07-04,M06,Consumption,-9.69
2024-07-04,M06,OnHandSnapshot,151.31
2024-07-05,M06,Consumption,-11.31
2024-07-05,M06,OnHandSnapshot,140.0
2024-07-06,M06,Consumption,-8.76
2024-07-06,M06,OnHandSnapshot,131.24
2024-07-07,M06,Consumption,-7.56
2024-07-07,M06,OnHandSnapshot,123.68
2024-07-08,M06,Consumption,-8.55
2024-07-08,M06,OnHandSnapshot,115.13
2024-07-09,M06,Consumption,-8.88
2024-07-09,M06,OnHandSnapshot,106.25
2024-07-10,M06,Consumption,-9.72
2024-07-10,M06,OnHandSnapshot,96.53
2024-07-11,M06,Consumption,-8.25
2024-07-11,M06,OnHandSnapshot,88.28
2024-07-12,M06,Consumption,-11.7
2024-07-12,M06,OnHandSnapshot,76.58
2024-07-13,M06,Receipt,154.16
2024-07-13,M06,Consumption,-8.37
2024-07-13,M06,OnHandSnapshot,222.38
2024-07-14,M06,Consumption,-8.7
2024-07-14,M06,OnHandSnapshot,213.68
2024-07-15,M06,Consumption,-8.46
2024-07-15,M06,OnHandSnapshot,205.22
2024-07-16,M06,Consumption,-8.73
2024-07-16,M06,OnHandSnapshot,196.49
2024-07-17,M06,Consumption,-8.43
2024-07-17,M06,OnHandSnapshot,188.06
2024-07-18,M06,Consumption,-9.27
2024-07-18,M06,OnHandSnapshot,178.79
2024-07-19,M06,Consumption,-10.92
2024-07-19,M06,OnHandSnapshot,167.87
2024-07-20,M06,Consumption,-8.64
2024-07-20,M06,OnHandSnapshot,159.23
2024-07-21,M06,Consumption,-7.05
2024-07-21,M06,OnHandSnapshot,152.18
2024-07-22,M06,Consumption,-8.85
2024-07-22,M06,OnHandSnapshot,143.33
2024-07-23,M06,Consumption,-9.03
2024-07-23,M06,OnHandSnapshot,134.3
2024-07-24,M06,Consumption,-7.8
2024-07-24,M06,OnHandSnapshot,126.5
2024-07-25,M06,Consumption,-8.97
2024-07-25,M06,OnHandSnapshot,117.53
2024-07-26,M06,Consumption,-10.71
2024-07-26,M06,OnHandSnapshot,106.82
2024-07-27,M06,Consumption,-7.86
2024-07-27,M06,OnHandSnapshot,98.96
2024-07-28,M06,Consumption,-9.57
2024-07-28,M06,OnHandSnapshot,89.39
2024-07-29,M06,Consumption,-8.07
2024-07-29,M06,OnHandSnapshot,81.32
2024-07-30,M06,Consumption,-9.84
2024-07-30,M06,OnHandSnapshot,71.48
2024-07-31,M06,Consumption,-8.16
2024-07-31,M06,OnHandSnapshot,63.32
2024-08-01,M06,Receipt,154.16
2024-08-01,M06,Consumption,-9.51
2024-08-01,M06,OnHandSnapshot,207.97
2024-08-02,M06,Consumption,-11.37
2024-08-02,M06,OnHandSnapshot,196.6
2024-08-03,M06,Consumption,-8.19
2024-08-03,M06,OnHandSnapshot,188.41
2024-08-04,M06,Consumption,-8.04
2024-08-04,M06,OnHandSnapshot,180.37
2024-08-05,M06,Consumption,-10.44
2024-08-05,M06,OnHandSnapshot,169.93
2024-08-06,M06,Consumption,-8.22
2024-08-06,M06,OnHandSnapshot,161.71
2024-08-07,M06,Consumption,-8.07
2024-08-07,M06,OnHandSnapshot,153.64
2024-08-08,M06,Consumption,-10.08
2024-08-08,M06,OnHandSnapshot,143.56
2024-08-09,M06,Consumption,-11.04
2024-08-09,M06,OnHandSnapshot,132.52
2024-08-10,M06,Consumption,-9.24
2024-08-10,M06,OnHandSnapshot,123.28
2024-08-11,M06,Consumption,-8.31
2024-08-11,M06,OnHandSnapshot,114.97
2024-08-12,M06,Consumption,-9.51
2024-08-12,M06,OnHandSnapshot,105.46
2024-08-13,M06,Consumption,-7.89
2024-08-13,M06,OnHandSnapshot,97.57
2024-08-14,M06,Consumption,-7.23
2024-08-14,M06,OnHandSnapshot,90.34
2024-08-15,M06,Consumption,-10.38
2024-08-15,M06,OnHandSnapshot,79.96
2024-08-16,M06,Receipt,154.16
2024-08-16,M06,Consumption,-11.16
2024-08-16,M06,OnHandSnapshot,222.96
2024-08-17,M06,Consumption,-6.9
2024-08-17,M06,OnHandSnapshot,216.06
2024-08-18,M06,Consumption,-8.19
2024-08-18,M06,OnHandSnapshot,207.87
2024-08-19,M06,Consumption,-7.68
2024-08-19,M06,OnHandSnapshot,200.19
2024-08-20,M06,Consumption,-10.68
2024-08-20,M06,OnHandSnapshot,189.51
2024-08-21,M06,Consumption,-9.72
2024-08-21,M06,OnHandSnapshot,179.79
2024-08-22,M06,Consumption,-9.69
2024-08-22,M06,OnHandSnapshot,170.1
2024-08-23,M06,Consumption,-11.97
2024-08-23,M06,OnHandSnapshot,158.13
2024-08-24,M06,Consumption,-9.15
2024-08-24,M06,OnHandSnapshot,148.98
2024-08-25,M06,Consumption,-8.49
2024-08-25,M06,OnHandSnapshot,140.49
2024-08-26,M06,Consumption,-8.1
2024-08-26,M06,OnHandSnapshot,132.39
2024-08-27,M06,Consumption,-9.84
2024-08-27,M06,OnHandSnapshot,122.55
2024-08-28,M06,Consumption,-8.43
2024-08-28,M06,OnHandSnapshot,114.12
2024-08-29,M06,Consumption,-11.13
2024-08-29,M06,OnHandSnapshot,102.99
2024-08-30,M06,Consumption,-10.29
2024-08-30,M06,OnHandSnapshot,92.7
2024-08-31,M06,Consumption,-7.95
2024-08-31,M06,OnHandSnapshot,84.75
2024-09-01,M06,Consumption,-9.78
2024-09-01,M06,OnHandSnapshot,74.97
2024-09-02,M06,Consumption,-9.72
2024-09-02,M06,OnHandSnapshot,65.25
2024-09-03,M06,Consumption,-7.95
2024-09-03,M06,OnHandSnapshot,57.3
2024-09-04,M06,Consumption,-9.75
2024-09-04,M06,OnHandSnapshot,47.55
2024-09-05,M06,Receipt,154.16
2024-09-05,M06,Consumption,-11.19
2024-09-05,M06,OnHandSnapshot,190.52
2024-09-06,M06,Consumption,-12.06
2024-09-06,M06,OnHandSnapshot,178.46
2024-09-07,M06,Consumption,-8.16
2024-09-07,M06,OnHandSnapshot,170.3
2024-09-08,M06,Consumption,-7.74
2024-09-08,M06,OnHandSnapshot,162.56
2024-09-09,M06,Consumption,-8.58
2024-09-09,M06,OnHandSnapshot,153.98
2024-09-10,M06,Consumption,-8.79
2024-09-10,M06,OnHandSnapshot,145.19
2024-09-11,M06,Consumption,-8.49
2024-09-11,M06,OnHandSnapshot,136.7
2024-09-12,M06,Consumption,-10.65
2024-09-12,M06,OnHandSnapshot,126.05
2024-09-13,M06,Consumption,-11.73
2024-09-13,M06,OnHandSnapshot,114.32
2024-09-14,M06,Consumption,-8.04
2024-09-14,M06,OnHandSnapshot,106.28
2024-09-15,M06,Consumption,-9.24
2024-09-15,M06,OnHandSnapshot,97.04
2024-09-16,M06,Consumption,-10.2
2024-09-16,M06,OnHandSnapshot,86.84
2024-09-17,M06,Consumption,-8.58
2024-09-17,M06,OnHandSnapshot,78.26
2024-09-18,M06,Consumption,-8.91
2024-09-18,M06,OnHandSnapshot,69.35
2024-09-19,M06,Consumption,-9.87
2024-09-19,M06,OnHandSnapshot,59.48
2024-09-20,M06,Receipt,154.16
2024-09-20,M06,Consumption,-11.43
2024-09-20,M06,OnHandSnapshot,202.22
2024-09-21,M06,Consumption,-8.67
2024-09-21,M06,OnHandSnapshot,193.55
2024-09-22,M06,Consumption,-8.16
2024-09-22,M06,OnHandSnapshot,185.39
2024-09-23,M06,Consumption,-8.61
2024-09-23,M06,OnHandSnapshot,176.78
2024-09-24,M06,Consumption,-9.54
2024-09-24,M06,OnHandSnapshot,167.24
2024-09-25,M06,Consumption,-8.82
2024-09-25,M06,OnHandSnapshot,158.42
2024-09-26,M06,Consumption,-9.87
2024-09-26,M06,OnHandSnapshot,148.55
2024-09-27,M06,Consumption,-11.19
2024-09-27,M06,OnHandSnapshot,137.36
2024-09-28,M06,Consumption,-9.54
2024-09-28,M06,OnHandSnapshot,127.82
2024-09-29,M06,Consumption,-8.28
2024-09-29,M06,OnHandSnapshot,119.54
2024-09-30,M06,Consumption,-8.73
2024-09-30,M06,OnHandSnapshot,110.81
2024-10-01,M06,Consumption,-8.91
2024-10-01,M06,OnHandSnapshot,101.9
2024-10-02,M06,Consumption,-8.52
2024-10-02,M06,OnHandSnapshot,93.38
2024-10-03,M06,Consumption,-10.8
2024-10-03,M06,OnHandSnapshot,82.58
2024-10-04,M06,Consumption,-11.22
2024-10-04,M06,OnHandSnapshot,71.36
2024-10-05,M06,Receipt,154.16
2024-10-05,M06,Consumption,-8.46
2024-10-05,M06,OnHandSnapshot,217.06
2024-10-06,M06,Consumption,-8.61
2024-10-06,M06,OnHandSnapshot,208.45
2024-10-07,M06,Consumption,-8.49
2024-10-07,M06,OnHandSnapshot,199.96
2024-10-08,M06,Consumption,-8.67
2024-10-08,M06,OnHandSnapshot,191.29
2024-10-09,M06,Consumption,-8.79
2024-10-09,M06,OnHandSnapshot,182.5
2024-10-10,M06,Consumption,-10.62
2024-10-10,M06,OnHandSnapshot,171.88
2024-10-11,M06,Consumption,-11.82
2024-10-11,M06,OnHandSnapshot,160.06
2024-10-12,M06,Consumption,-8.88
2024-10-12,M06,OnHandSnapshot,151.18
2024-10-13,M06,Consumption,-8.37
2024-10-13,M06,OnHandSnapshot,142.81
2024-10-14,M06,Consumption,-9.06
2024-10-14,M06,OnHandSnapshot,133.75
2024-10-15,M06,Consumption,-8.13
2024-10-15,M06,OnHandSnapshot,125.62
2024-10-16,M06,Consumption,-9.06
2024-10-16,M06,OnHandSnapshot,116.56
2024-10-17,M06,Consumption,-10.2
2024-10-17,M06,OnHandSnapshot,106.36
2024-10-18,M06,Consumption,-11.25
2024-10-18,M06,OnHandSnapshot,95.11
2024-10-19,M06,Consumption,-8.7
2024-10-19,M06,OnHandSnapshot,86.41
2024-10-20,M06,Consumption,-8.46
2024-10-20,M06,OnHandSnapshot,77.95
2024-10-21,M06,Receipt,154.16
2024-10-21,M06,Consumption,-9.09
2024-10-21,M06,OnHandSnapshot,223.02
2024-10-22,M06,Consumption,-9.45
2024-10-22,M06,OnHandSnapshot,213.57
2024-10-23,M06,Consumption,-9.21
2024-10-23,M06,OnHandSnapshot,204.36
2024-10-24,M06,Consumption,-9.6
2024-10-24,M06,OnHandSnapshot,194.76
2024-10-25,M06,Consumption,-10.5
2024-10-25,M06,OnHandSnapshot,184.26
2024-10-26,M06,Consumption,-9.06
2024-10-26,M06,OnHandSnapshot,175.2
2024-10-27,M06,Consumption,-9.27
2024-10-27,M06,OnHandSnapshot,165.93
2024-10-28,M06,Consumption,-8.34
2024-10-28,M06,OnHandSnapshot,157.59
2024-10-29,M06,Consumption,-7.77
2024-10-29,M06,OnHandSnapshot,149.82
2024-10-30,M06,Consumption,-9.0
2024-10-30,M06,OnHandSnapshot,140.82
2024-10-31,M06,Consumption,-10.95
2024-10-31,M06,OnHandSnapshot,129.87
2024-11-01,M06,Consumption,-11.28
2024-11-01,M06,OnHandSnapshot,118.59
2024-11-02,M06,Consumption,-7.65
2024-11-02,M06,OnHandSnapshot,110.94
2024-11-03,M06,Consumption,-8.43
2024-11-03,M06,OnHandSnapshot,102.51
2024-11-04,M06,Consumption,-9.15
2024-11-04,M06,OnHandSnapshot,93.36
2024-11-05,M06,Consumption,-7.71
2024-11-05,M06,OnHandSnapshot,85.65
2024-11-06,M06,Consumption,-8.82
2024-11-06,M06,OnHandSnapshot,76.83
2024-11-07,M06,Consumption,-9.27
2024-11-07,M06,OnHandSnapshot,67.56
2024-11-08,M06,Consumption,-12.09
2024-11-08,M06,OnHandSnapshot,55.47
2024-11-09,M06,Receipt,154.16
2024-11-09,M06,Consumption,-9.42
2024-11-09,M06,OnHandSnapshot,200.22
2024-11-10,M06,Consumption,-8.31
2024-11-10,M06,OnHandSnapshot,191.91
2024-11-11,M06,Consumption,-8.49
2024-11-11,M06,OnHandSnapshot,183.42
2024-11-12,M06,Consumption,-8.64
2024-11-12,M06,OnHandSnapshot,174.78
2024-11-13,M06,Consumption,-8.4
2024-11-13,M06,OnHandSnapshot,166.38
2024-11-14,M06,Consumption,-9.24
2024-11-14,M06,OnHandSnapshot,157.14
2024-11-15,M06,Consumption,-12.03
2024-11-15,M06,OnHandSnapshot,145.11
2024-11-16,M06,Consumption,-8.1
2024-11-16,M06,OnHandSnapshot,137.01
2024-11-17,M06,Consumption,-7.59
2024-11-17,M06,OnHandSnapshot,129.42
2024-11-18,M06,Consumption,-7.95
2024-11-18,M06,OnHandSnapshot,121.47
2024-11-19,M06,Consumption,-9.3
2024-11-19,M06,OnHandSnapshot,112.17
2024-11-20,M06,Consumption,-7.2
2024-11-20,M06,OnHandSnapshot,104.97
2024-11-21,M06,Consumption,-11.46
2024-11-21,M06,OnHandSnapshot,93.51
2024-11-22,M06,Consumption,-10.83
2024-11-22,M06,OnHandSnapshot,82.68
2024-11-23,M06,Consumption,-5.55
2024-11-23,M06,OnHandSnapshot,77.13
2024-11-24,M06,Receipt,154.16
2024-11-24,M06,Consumption,-10.14
2024-11-24,M06,OnHandSnapshot,221.15
2024-11-25,M06,Consumption,-8.01
2024-11-25,M06,OnHandSnapshot,213.14
2024-11-26,M06,Consumption,-9.0
2024-11-26,M06,OnHandSnapshot,204.14
2024-11-27,M06,Consumption,-9.42
2024-11-27,M06,OnHandSnapshot,194.72
2024-11-28,M06,Consumption,-10.62
2024-11-28,M06,OnHandSnapshot,184.1
2024-11-29,M06,Consumption,-11.07
2024-11-29,M06,OnHandSnapshot,173.03
2024-11-30,M06,Consumption,-9.69
2024-11-30,M06,OnHandSnapshot,163.34
2024-12-01,M06,Consumption,-9.48
2024-12-01,M06,OnHandSnapshot,153.86
2024-12-02,M06,Consumption,-10.17
2024-12-02,M06,OnHandSnapshot,143.69
2024-12-03,M06,Consumption,-9.24
2024-12-03,M06,OnHandSnapshot,134.45
2024-12-04,M06,Consumption,-8.73
2024-12-04,M06,OnHandSnapshot,125.72
2024-12-05,M06,Consumption,-8.82
2024-12-05,M06,OnHandSnapshot,116.9
2024-12-06,M06,Consumption,-11.22
2024-12-06,M06,OnHandSnapshot,105.68
2024-12-07,M06,Consumption,-7.05
2024-12-07,M06,OnHandSnapshot,98.63
2024-12-08,M06,Consumption,-8.46
2024-12-08,M06,OnHandSnapshot,90.17
2024-12-09,M06,Receipt,154.16
2024-12-09,M06,Consumption,-8.88
2024-12-09,M06,OnHandSnapshot,235.45
2024-12-10,M06,Consumption,-7.71
2024-12-10,M06,OnHandSnapshot,227.74
2024-12-11,M06,Consumption,-8.43
2024-12-11,M06,OnHandSnapshot,219.31
2024-12-12,M06,Consumption,-11.85
2024-12-12,M06,OnHandSnapshot,207.46
2024-12-13,M06,Consumption,-11.88
2024-12-13,M06,OnHandSnapshot,195.58
2024-12-14,M06,Consumption,-7.86
2024-12-14,M06,OnHandSnapshot,187.72
2024-12-15,M06,Consumption,-6.99
2024-12-15,M06,OnHandSnapshot,180.73
2024-12-16,M06,Consumption,-9.03
2024-12-16,M06,OnHandSnapshot,171.7
2024-12-17,M06,Consumption,-9.9
2024-12-17,M06,OnHandSnapshot,161.8
2024-12-18,M06,Consumption,-7.65
2024-12-18,M06,OnHandSnapshot,154.15
2024-12-19,M06,Consumption,-10.26
2024-12-19,M06,OnHandSnapshot,143.89
2024-12-20,M06,Consumption,-9.75
2024-12-20,M06,OnHandSnapshot,134.14
2024-12-21,M06,Consumption,-8.28
2024-12-21,M06,OnHandSnapshot,125.86
2024-12-22,M06,Consumption,-9.18
2024-12-22,M06,OnHandSnapshot,116.68
2024-12-23,M06,Consumption,-9.0
2024-12-23,M06,OnHandSnapshot,107.68
2024-12-24,M06,Consumption,-10.11
2024-12-24,M06,OnHandSnapshot,97.57
2024-12-25,M06,Consumption,-8.37
2024-12-25,M06,OnHandSnapshot,89.2
2024-12-26,M06,Receipt,154.16
2024-12-26,M06,Consumption,-8.73
2024-12-26,M06,OnHandSnapshot,234.64
2024-12-27,M06,Consumption,-11.85
2024-12-27,M06,OnHandSnapshot,222.79
2024-12-28,M06,Consumption,-8.88
2024-12-28,M06,OnHandSnapshot,213.91
2024-12-29,M06,Consumption,-8.85
2024-12-29,M06,OnHandSnapshot,205.06
2024-12-30,M06,Consumption,-8.85
2024-12-30,M06,OnHandSnapshot,196.21
2024-12-31,M06,Consumption,-9.0
2024-12-31,M06,OnHandSnapshot,187.21
2025-01-01,M06,Consumption,-7.65
2025-01-01,M06,OnHandSnapshot,179.56
2025-01-02,M06,Consumption,-10.32
2025-01-02,M06,OnHandSnapshot,169.24
2025-01-03,M06,Consumption,-11.52
2025-01-03,M06,OnHandSnapshot,157.72
2025-01-04,M06,Consumption,-7.08
2025-01-04,M06,OnHandSnapshot,150.64
2025-01-05,M06,Consumption,-10.41
2025-01-05,M06,OnHandSnapshot,140.23
2025-01-06,M06,Consumption,-9.45
2025-01-06,M06,OnHandSnapshot,130.78
2025-01-07,M06,Consumption,-9.21
2025-01-07,M06,OnHandSnapshot,121.57
2025-01-08,M06,Consumption,-8.91
2025-01-08,M06,OnHandSnapshot,112.66
2025-01-09,M06,Consumption,-11.52
2025-01-09,M06,OnHandSnapshot,101.14
2025-01-10,M06,Consumption,-11.82
2025-01-10,M06,OnHandSnapshot,89.32
2025-01-11,M06,Consumption,-8.04
2025-01-11,M06,OnHandSnapshot,81.28
2025-01-12,M06,Receipt,154.16
2025-01-12,M06,Consumption,-8.46
2025-01-12,M06,OnHandSnapshot,226.98
2025-01-13,M06,Consumption,-9.36
2025-01-13,M06,OnHandSnapshot,217.62
2025-01-14,M06,Consumption,-8.01
2025-01-14,M06,OnHandSnapshot,209.61
2025-01-15,M06,Consumption,-8.64
2025-01-15,M06,OnHandSnapshot,200.97
2025-01-16,M06,Consumption,-9.93
2025-01-16,M06,OnHandSnapshot,191.04
2025-01-17,M06,Consumption,-12.45
2025-01-17,M06,OnHandSnapshot,178.59
2025-01-18,M06,Consumption,-7.74
2025-01-18,M06,OnHandSnapshot,170.85
2025-01-19,M06,Consumption,-8.94
2025-01-19,M06,OnHandSnapshot,161.91
2025-01-20,M06,Consumption,-9.0
2025-01-20,M06,OnHandSnapshot,152.91
2025-01-21,M06,Consumption,-8.4
2025-01-21,M06,OnHandSnapshot,144.51
2025-01-22,M06,Consumption,-8.49
2025-01-22,M06,OnHandSnapshot,136.02
2025-01-23,M06,Consumption,-9.21
2025-01-23,M06,OnHandSnapshot,126.81
2025-01-24,M06,Consumption,-12.06
2025-01-24,M06,OnHandSnapshot,114.75
2025-01-25,M06,Consumption,-8.94
2025-01-25,M06,OnHandSnapshot,105.81
2025-01-26,M06,Consumption,-9.42
2025-01-26,M06,OnHandSnapshot,96.39
2025-01-27,M06,Consumption,-10.38
2025-01-27,M06,OnHandSnapshot,86.01
2025-01-28,M06,Consumption,-8.31
2025-01-28,M06,OnHandSnapshot,77.7
2025-01-29,M06,Consumption,-9.33
2025-01-29,M06,OnHandSnapshot,68.37
2025-01-30,M06,Receipt,154.16
2025-01-30,M06,Consumption,-10.2
2025-01-30,M06,OnHandSnapshot,212.33
2025-01-31,M06,Consumption,-11.64
2025-01-31,M06,OnHandSnapshot,200.69
2025-02-01,M06,Consumption,-7.29
2025-02-01,M06,OnHandSnapshot,193.4
2025-02-02,M06,Consumption,-8.61
2025-02-02,M06,OnHandSnapshot,184.79
2025-02-03,M06,Consumption,-8.13
2025-02-03,M06,OnHandSnapshot,176.66
2025-02-04,M06,Consumption,-7.71
2025-02-04,M06,OnHandSnapshot,168.95
2025-02-05,M06,Consumption,-8.97
2025-02-05,M06,OnHandSnapshot,159.98
2025-02-06,M06,Consumption,-9.51
2025-02-06,M06,OnHandSnapshot,150.47
2025-02-07,M06,Consumption,-12.99
2025-02-07,M06,OnHandSnapshot,137.48
2025-02-08,M06,Consumption,-8.16
2025-02-08,M06,OnHandSnapshot,129.32
2025-02-09,M06,Consumption,-9.6
2025-02-09,M06,OnHandSnapshot,119.72
2025-02-10,M06,Consumption,-9.27
2025-02-10,M06,OnHandSnapshot,110.45
2025-02-11,M06,Consumption,-8.01
2025-02-11,M06,OnHandSnapshot,102.44
2025-02-12,M06,Consumption,-8.58
2025-02-12,M06,OnHandSnapshot,93.86
2025-02-13,M06,Consumption,-10.56
2025-02-13,M06,OnHandSnapshot,83.3
2025-02-14,M06,Consumption,-11.94
2025-02-14,M06,OnHandSnapshot,71.36
2025-02-15,M06,Receipt,154.16
2025-02-15,M06,Consumption,-8.19
2025-02-15,M06,OnHandSnapshot,217.33
2025-02-16,M06,Consumption,-8.88
2025-02-16,M06,OnHandSnapshot,208.45
2025-02-17,M06,Consumption,-8.07
2025-02-17,M06,OnHandSnapshot,200.38
2025-02-18,M06,Consumption,-7.68
2025-02-18,M06,OnHandSnapshot,192.7
2025-02-19,M06,Consumption,-9.0
2025-02-19,M06,OnHandSnapshot,183.7
2025-02-20,M06,Consumption,-10.71
2025-02-20,M06,OnHandSnapshot,172.99
2025-02-21,M06,Consumption,-11.49
2025-02-21,M06,OnHandSnapshot,161.5
2025-02-22,M06,Consumption,-8.55
2025-02-22,M06,OnHandSnapshot,152.95
2025-02-23,M06,Consumption,-9.48
2025-02-23,M06,OnHandSnapshot,143.47
2025-02-24,M06,Consumption,-8.34
2025-02-24,M06,OnHandSnapshot,135.13
2025-02-25,M06,Consumption,-10.29
2025-02-25,M06,OnHandSnapshot,124.84
2025-02-26,M06,Consumption,-8.22
2025-02-26,M06,OnHandSnapshot,116.62
2025-02-27,M06,Consumption,-10.95
2025-02-27,M06,OnHandSnapshot,105.67
2025-02-28,M06,Consumption,-12.33
2025-02-28,M06,OnHandSnapshot,93.34
2025-03-01,M06,Consumption,-9.75
2025-03-01,M06,OnHandSnapshot,83.59
2025-03-02,M06,Receipt,154.16
2025-03-02,M06,Consumption,-8.52
2025-03-02,M06,OnHandSnapshot,229.24
2025-03-03,M06,Consumption,-9.3
2025-03-03,M06,OnHandSnapshot,219.94
2025-03-04,M06,Consumption,-9.93
2025-03-04,M06,OnHandSnapshot,210.01
2025-03-05,M06,Consumption,-9.33
2025-03-05,M06,OnHandSnapshot,200.68
2025-03-06,M06,Consumption,-11.28
2025-03-06,M06,OnHandSnapshot,189.4
2025-03-07,M06,Consumption,-12.42
2025-03-07,M06,OnHandSnapshot,176.98
2025-03-08,M06,Consumption,-6.69
2025-03-08,M06,OnHandSnapshot,170.29
2025-03-09,M06,Consumption,-9.39
2025-03-09,M06,OnHandSnapshot,160.9
2025-03-10,M06,Consumption,-8.34
2025-03-10,M06,OnHandSnapshot,152.56
2025-03-11,M06,Consumption,-9.33
2025-03-11,M06,OnHandSnapshot,143.23
2025-03-12,M06,Consumption,-8.49
2025-03-12,M06,OnHandSnapshot,134.74
2025-03-13,M06,Consumption,-11.49
2025-03-13,M06,OnHandSnapshot,123.25
2025-03-14,M06,Consumption,-12.6
2025-03-14,M06,OnHandSnapshot,110.65
2025-03-15,M06,Consumption,-9.81
2025-03-15,M06,OnHandSnapshot,100.84
2025-03-16,M06,Receipt,154.16
2025-03-16,M06,Consumption,-10.02
2025-03-16,M06,OnHandSnapshot,244.98
2025-03-17,M06,Consumption,-8.31
2025-03-17,M06,OnHandSnapshot,236.67
2025-03-18,M06,Consumption,-9.09
2025-03-18,M06,OnHandSnapshot,227.58
2025-03-19,M06,Consumption,-8.85
2025-03-19,M06,OnHandSnapshot,218.73
2025-03-20,M06,Consumption,-9.96
2025-03-20,M06,OnHandSnapshot,208.77
2025-03-21,M06,Consumption,-14.76
2025-03-21,M06,OnHandSnapshot,194.01
2025-03-22,M06,Consumption,-8.88
2025-03-22,M06,OnHandSnapshot,185.13
2025-03-23,M06,Consumption,-10.2
2025-03-23,M06,OnHandSnapshot,174.93
2025-03-24,M06,Consumption,-8.58
2025-03-24,M06,OnHandSnapshot,166.35
2025-03-25,M06,Consumption,-8.76
2025-03-25,M06,OnHandSnapshot,157.59
2025-03-26,M06,Consumption,-7.71
2025-03-26,M06,OnHandSnapshot,149.88
2025-03-27,M06,Consumption,-9.36
2025-03-27,M06,OnHandSnapshot,140.52
2025-03-28,M06,Consumption,-11.31
2025-03-28,M06,OnHandSnapshot,129.21
2025-03-29,M06,Consumption,-9.99
2025-03-29,M06,OnHandSnapshot,119.22
2025-03-30,M06,Consumption,-9.42
2025-03-30,M06,OnHandSnapshot,109.8
2025-03-31,M06,Consumption,-9.0
2025-03-31,M06,OnHandSnapshot,100.8
2025-04-01,M06,Consumption,-9.63
2025-04-01,M06,OnHandSnapshot,91.17
2025-04-02,M06,Consumption,-8.31
2025-04-02,M06,OnHandSnapshot,82.86
2025-04-03,M06,Consumption,-9.78
2025-04-03,M06,OnHandSnapshot,73.08
2025-04-04,M06,Consumption,-10.59
2025-04-04,M06,OnHandSnapshot,62.49
2025-04-05,M06,Consumption,-9.24
2025-04-05,M06,OnHandSnapshot,53.25
2025-04-06,M06,Receipt,154.16
2025-04-06,M06,Consumption,-8.55
2025-04-06,M06,OnHandSnapshot,198.86
2025-04-07,M06,Consumption,-8.07
2025-04-07,M06,OnHandSnapshot,190.79
2025-04-08,M06,Consumption,-9.63
2025-04-08,M06,OnHandSnapshot,181.16
2025-04-09,M06,Consumption,-8.13
2025-04-09,M06,OnHandSnapshot,173.03
2025-04-10,M06,Consumption,-9.9
2025-04-10,M06,OnHandSnapshot,163.13
2025-04-11,M06,Consumption,-11.19
2025-04-11,M06,OnHandSnapshot,151.94
2025-04-12,M06,Consumption,-8.55
2025-04-12,M06,OnHandSnapshot,143.39
2025-04-13,M06,Consumption,-8.52
2025-04-13,M06,OnHandSnapshot,134.87
2025-04-14,M06,Consumption,-7.86
2025-04-14,M06,OnHandSnapshot,127.01
2025-04-15,M06,Consumption,-9.06
2025-04-15,M06,OnHandSnapshot,117.95
2025-04-16,M06,Consumption,-9.63
2025-04-16,M06,OnHandSnapshot,108.32
2025-04-17,M06,Consumption,-8.91
2025-04-17,M06,OnHandSnapshot,99.41
2025-04-18,M06,Consumption,-11.07
2025-04-18,M06,OnHandSnapshot,88.34
2025-04-19,M06,Receipt,154.16
2025-04-19,M06,Consumption,-8.16
2025-04-19,M06,OnHandSnapshot,234.35
2025-04-20,M06,Consumption,-8.19
2025-04-20,M06,OnHandSnapshot,226.16
2025-04-21,M06,Consumption,-9.96
2025-04-21,M06,OnHandSnapshot,216.2
2025-04-22,M06,Consumption,-9.75
2025-04-22,M06,OnHandSnapshot,206.45
2025-04-23,M06,Consumption,-8.1
2025-04-23,M06,OnHandSnapshot,198.35
2025-04-24,M06,Consumption,-9.0
2025-04-24,M06,OnHandSnapshot,189.35
2025-04-25,M06,Consumption,-12.6
2025-04-25,M06,OnHandSnapshot,176.75
2025-04-26,M06,Consumption,-8.01
2025-04-26,M06,OnHandSnapshot,168.74
2025-04-27,M06,Consumption,-8.49
2025-04-27,M06,OnHandSnapshot,160.25
2025-04-28,M06,Consumption,-8.34
2025-04-28,M06,OnHandSnapshot,151.91
2025-04-29,M06,Consumption,-9.09
2025-04-29,M06,OnHandSnapshot,142.82
2025-04-30,M06,Consumption,-8.64
2025-04-30,M06,OnHandSnapshot,134.18
2025-05-01,M06,Consumption,-10.83
2025-05-01,M06,OnHandSnapshot,123.35
2025-05-02,M06,Consumption,-11.79
2025-05-02,M06,OnHandSnapshot,111.56
2025-05-03,M06,Consumption,-8.01
2025-05-03,M06,OnHandSnapshot,103.55
2025-05-04,M06,Consumption,-8.82
2025-05-04,M06,OnHandSnapshot,94.73
2025-05-05,M06,Consumption,-7.89
2025-05-05,M06,OnHandSnapshot,86.84
2025-05-06,M06,Consumption,-8.37
2025-05-06,M06,OnHandSnapshot,78.47
2025-05-07,M06,Consumption,-7.86
2025-05-07,M06,OnHandSnapshot,70.61
2025-05-08,M06,Receipt,154.16
2025-05-08,M06,Consumption,-10.95
2025-05-08,M06,OnHandSnapshot,213.82
2025-05-09,M06,Consumption,-11.37
2025-05-09,M06,OnHandSnapshot,202.45
2025-05-10,M06,Consumption,-9.24
2025-05-10,M06,OnHandSnapshot,193.21
2025-05-11,M06,Consumption,-8.85
2025-05-11,M06,OnHandSnapshot,184.36
2025-05-12,M06,Consumption,-7.56
2025-05-12,M06,OnHandSnapshot,176.8
2025-05-13,M06,Consumption,-8.25
2025-05-13,M06,OnHandSnapshot,168.55
2025-05-14,M06,Consumption,-9.3
2025-05-14,M06,OnHandSnapshot,159.25
2025-05-15,M06,Consumption,-10.14
2025-05-15,M06,OnHandSnapshot,149.11
2025-05-16,M06,Consumption,-13.08
2025-05-16,M06,OnHandSnapshot,136.03
2025-05-17,M06,Consumption,-8.79
2025-05-17,M06,OnHandSnapshot,127.24
2025-05-18,M06,Consumption,-9.15
2025-05-18,M06,OnHandSnapshot,118.09
2025-05-19,M06,Consumption,-8.79
2025-05-19,M06,OnHandSnapshot,109.3
2025-05-20,M06,Consumption,-7.56
2025-05-20,M06,OnHandSnapshot,101.74
2025-05-21,M06,Consumption,-10.02
2025-05-21,M06,OnHandSnapshot,91.72
2025-05-22,M06,Consumption,-9.63
2025-05-22,M06,OnHandSnapshot,82.09
2025-05-23,M06,Consumption,-14.49
2025-05-23,M06,OnHandSnapshot,67.6
2025-05-24,M06,Consumption,-7.83
2025-05-24,M06,OnHandSnapshot,59.77
2025-05-25,M06,Consumption,-8.28
2025-05-25,M06,OnHandSnapshot,51.49
2025-05-26,M06,Consumption,-9.24
2025-05-26,M06,OnHandSnapshot,42.25
2025-05-27,M06,Receipt,154.16
2025-05-27,M06,Consumption,-9.51
2025-05-27,M06,OnHandSnapshot,186.9
2025-05-28,M06,Consumption,-8.82
2025-05-28,M06,OnHandSnapshot,178.08
2025-05-29,M06,Consumption,-9.21
2025-05-29,M06,OnHandSnapshot,168.87
2025-05-30,M06,Consumption,-12.57
2025-05-30,M06,OnHandSnapshot,156.3
2025-05-31,M06,Consumption,-9.42
2025-05-31,M06,OnHandSnapshot,146.88
2025-06-01,M06,Consumption,-9.72
2025-06-01,M06,OnHandSnapshot,137.16
2025-06-02,M06,Consumption,-8.7
2025-06-02,M06,OnHandSnapshot,128.46
2025-06-03,M06,Consumption,-9.3
2025-06-03,M06,OnHandSnapshot,119.16
2025-06-04,M06,Consumption,-8.97
2025-06-04,M06,OnHandSnapshot,110.19
2025-06-05,M06,Consumption,-11.43
2025-06-05,M06,OnHandSnapshot,98.76
2025-06-06,M06,Consumption,-9.66
2025-06-06,M06,OnHandSnapshot,89.1
2025-06-07,M06,Consumption,-8.07
2025-06-07,M06,OnHandSnapshot,81.03
2025-06-08,M06,Consumption,-9.09
2025-06-08,M06,OnHandSnapshot,71.94
2025-06-09,M06,Consumption,-8.25
2025-06-09,M06,OnHandSnapshot,63.69
2025-06-10,M06,Receipt,154.16
2025-06-10,M06,Consumption,-7.95
2025-06-10,M06,OnHandSnapshot,209.91
2025-06-11,M06,Consumption,-10.8
2025-06-11,M06,OnHandSnapshot,199.11
2025-06-12,M06,Consumption,-10.92
2025-06-12,M06,OnHandSnapshot,188.19
2025-06-13,M06,Consumption,-11.91
2025-06-13,M06,OnHandSnapshot,176.28
2025-06-14,M06,Consumption,-8.46
2025-06-14,M06,OnHandSnapshot,167.82
2025-06-15,M06,Consumption,-9.0
2025-06-15,M06,OnHandSnapshot,158.82
2025-06-16,M06,Consumption,-8.01
2025-06-16,M06,OnHandSnapshot,150.81
2025-06-17,M06,Consumption,-9.33
2025-06-17,M06,OnHandSnapshot,141.48
2025-06-18,M06,Consumption,-9.45
2025-06-18,M06,OnHandSnapshot,132.03
2025-06-19,M06,Consumption,-9.9
2025-06-19,M06,OnHandSnapshot,122.13
2025-06-20,M06,Consumption,-12.21
2025-06-20,M06,OnHandSnapshot,109.92
2025-06-21,M06,Consumption,-8.1
2025-06-21,M06,OnHandSnapshot,101.82
2025-06-22,M06,Consumption,-9.18
2025-06-22,M06,OnHandSnapshot,92.64
2025-06-23,M06,Consumption,-9.33
2025-06-23,M06,OnHandSnapshot,83.31
2025-06-24,M06,Consumption,-9.69
2025-06-24,M06,OnHandSnapshot,73.62
2025-06-25,M06,Receipt,154.16
2025-06-25,M06,Consumption,-8.4
2025-06-25,M06,OnHandSnapshot,219.38
2025-06-26,M06,Consumption,-9.24
2025-06-26,M06,OnHandSnapshot,210.14
2025-06-27,M06,Consumption,-11.01
2025-06-27,M06,OnHandSnapshot,199.13
2025-06-28,M06,Consumption,-8.16
2025-06-28,M06,OnHandSnapshot,190.97
2025-06-29,M06,Consumption,-9.24
2025-06-29,M06,OnHandSnapshot,181.73
2025-06-30,M06,Consumption,-9.24
2025-06-30,M06,OnHandSnapshot,172.49
2025-07-01,M06,Consumption,-8.52
2025-07-01,M06,OnHandSnapshot,163.97
2025-07-02,M06,Consumption,-9.96
2025-07-02,M06,OnHandSnapshot,154.01
2025-07-03,M06,Consumption,-11.37
2025-07-03,M06,OnHandSnapshot,142.64
2025-07-04,M06,Consumption,-13.29
2025-07-04,M06,OnHandSnapshot,129.35
2025-07-05,M06,Consumption,-8.1
2025-07-05,M06,OnHandSnapshot,121.25
2025-07-06,M06,Consumption,-11.34
2025-07-06,M06,OnHandSnapshot,109.91
2025-07-07,M06,Consumption,-7.53
2025-07-07,M06,OnHandSnapshot,102.38
2025-07-08,M06,Consumption,-8.49
2025-07-08,M06,OnHandSnapshot,93.89
2025-07-09,M06,Consumption,-9.3
2025-07-09,M06,OnHandSnapshot,84.59
2025-07-10,M06,Consumption,-10.32
2025-07-10,M06,OnHandSnapshot,74.27
2025-07-11,M06,Receipt,154.16
2025-07-11,M06,Consumption,-9.81
2025-07-11,M06,OnHandSnapshot,218.62
2025-07-12,M06,Consumption,-8.55
2025-07-12,M06,OnHandSnapshot,210.07
2025-07-13,M06,Consumption,-9.12
2025-07-13,M06,OnHandSnapshot,200.95
2025-07-14,M06,Consumption,-7.83
2025-07-14,M06,OnHandSnapshot,193.12
2025-07-15,M06,Consumption,-7.62
2025-07-15,M06,OnHandSnapshot,185.5
2025-07-16,M06,Consumption,-9.27
2025-07-16,M06,OnHandSnapshot,176.23
2025-07-17,M06,Consumption,-9.99
2025-07-17,M06,OnHandSnapshot,166.24
2025-07-18,M06,Consumption,-14.61
2025-07-18,M06,OnHandSnapshot,151.63
2025-07-19,M06,Consumption,-8.4
2025-07-19,M06,OnHandSnapshot,143.23
2025-07-20,M06,Consumption,-8.04
2025-07-20,M06,OnHandSnapshot,135.19
2025-07-21,M06,Consumption,-8.07
2025-07-21,M06,OnHandSnapshot,127.12
2025-07-22,M06,Consumption,-9.57
2025-07-22,M06,OnHandSnapshot,117.55
2025-07-23,M06,Consumption,-9.18
2025-07-23,M06,OnHandSnapshot,108.37
2025-07-24,M06,Consumption,-10.53
2025-07-24,M06,OnHandSnapshot,97.84
2025-07-25,M06,Consumption,-13.47
2025-07-25,M06,OnHandSnapshot,84.37
2025-07-26,M06,Consumption,-8.79
2025-07-26,M06,OnHandSnapshot,75.58
2025-07-27,M06,Consumption,-7.5
2025-07-27,M06,OnHandSnapshot,68.08
2025-07-28,M06,Consumption,-8.58
2025-07-28,M06,OnHandSnapshot,59.5
2025-07-29,M06,Receipt,154.16
2025-07-29,M06,Consumption,-8.94
2025-07-29,M06,OnHandSnapshot,204.73
2025-07-30,M06,Consumption,-8.28
2025-07-30,M06,OnHandSnapshot,196.45
2025-07-31,M06,Consumption,-9.03
2025-07-31,M06,OnHandSnapshot,187.42
2025-08-01,M06,Consumption,-12.93
2025-08-01,M06,OnHandSnapshot,174.49
2025-08-02,M06,Consumption,-9.69
2025-08-02,M06,OnHandSnapshot,164.8
2025-08-03,M06,Consumption,-8.22
2025-08-03,M06,OnHandSnapshot,156.58
2025-08-04,M06,Consumption,-10.41
2025-08-04,M06,OnHandSnapshot,146.17
2025-08-05,M06,Consumption,-8.31
2025-08-05,M06,OnHandSnapshot,137.86
2025-08-06,M06,Consumption,-9.63
2025-08-06,M06,OnHandSnapshot,128.23
2025-08-07,M06,Consumption,-10.5
2025-08-07,M06,OnHandSnapshot,117.73
2025-08-08,M06,Consumption,-11.88
2025-08-08,M06,OnHandSnapshot,105.85
2025-08-09,M06,Consumption,-8.76
2025-08-09,M06,OnHandSnapshot,97.09
2025-08-10,M06,Consumption,-9.6
2025-08-10,M06,OnHandSnapshot,87.49
2025-08-11,M06,Consumption,-9.12
2025-08-11,M06,OnHandSnapshot,78.37
2025-08-12,M06,Consumption,-9.12
2025-08-12,M06,OnHandSnapshot,69.25
2025-08-13,M06,Receipt,154.16
2025-08-13,M06,Consumption,-8.46
2025-08-13,M06,OnHandSnapshot,214.95
2025-08-14,M06,Consumption,-10.2
2025-08-14,M06,OnHandSnapshot,204.75
2025-08-15,M06,Consumption,-11.46
2025-08-15,M06,OnHandSnapshot,193.29
2025-08-16,M06,Consumption,-10.08
2025-08-16,M06,OnHandSnapshot,183.21
2025-08-17,M06,Consumption,-9.0
2025-08-17,M06,OnHandSnapshot,174.21
2025-08-18,M06,Consumption,-8.58
2025-08-18,M06,OnHandSnapshot,165.63
2025-08-19,M06,Consumption,-8.52
2025-08-19,M06,OnHandSnapshot,157.11
2025-08-20,M06,Consumption,-8.97
2025-08-20,M06,OnHandSnapshot,148.14
2025-08-21,M06,Consumption,-9.81
2025-08-21,M06,OnHandSnapshot,138.33
2025-08-22,M06,Consumption,-13.74
2025-08-22,M06,OnHandSnapshot,124.59
2025-08-23,M06,Consumption,-9.06
2025-08-23,M06,OnHandSnapshot,115.53
2025-08-24,M06,Consumption,-9.87
2025-08-24,M06,OnHandSnapshot,105.66
2025-08-25,M06,Consumption,-8.07
2025-08-25,M06,OnHandSnapshot,97.59
2025-08-26,M06,Consumption,-8.37
2025-08-26,M06,OnHandSnapshot,89.22
2025-08-27,M06,Consumption,-10.08
2025-08-27,M06,OnHandSnapshot,79.14
2025-08-28,M06,Consumption,-9.75
2025-08-28,M06,OnHandSnapshot,69.39
2025-08-29,M06,Consumption,-12.42
2025-08-29,M06,OnHandSnapshot,56.97
2025-08-30,M06,Receipt,154.16
2025-08-30,M06,Consumption,-9.84
2025-08-30,M06,OnHandSnapshot,201.29
2025-08-31,M06,Consumption,-9.36
2025-08-31,M06,OnHandSnapshot,191.93
2025-09-01,M06,Consumption,-8.61
2025-09-01,M06,OnHandSnapshot,183.32
2025-09-02,M06,Consumption,-8.82
2025-09-02,M06,OnHandSnapshot,174.5
2025-09-03,M06,Consumption,-8.97
2025-09-03,M06,OnHandSnapshot,165.53
2025-09-04,M06,Consumption,-9.3
2025-09-04,M06,OnHandSnapshot,156.23
2025-09-05,M06,Consumption,-12.75
2025-09-05,M06,OnHandSnapshot,143.48
2025-09-06,M06,Consumption,-8.07
2025-09-06,M06,OnHandSnapshot,135.41
2025-09-07,M06,Consumption,-8.28
2025-09-07,M06,OnHandSnapshot,127.13
2025-09-08,M06,Consumption,-10.41
2025-09-08,M06,OnHandSnapshot,116.72
2025-09-09,M06,Consumption,-9.18
2025-09-09,M06,OnHandSnapshot,107.54
2025-09-10,M06,Consumption,-9.09
2025-09-10,M06,OnHandSnapshot,98.45
2025-09-11,M06,Consumption,-9.87
2025-09-11,M06,OnHandSnapshot,88.58
2025-09-12,M06,Consumption,-10.77
2025-09-12,M06,OnHandSnapshot,77.81
2025-09-13,M06,Consumption,-8.97
2025-09-13,M06,OnHandSnapshot,68.84
2025-09-14,M06,Receipt,154.16
2025-09-14,M06,Consumption,-9.54
2025-09-14,M06,OnHandSnapshot,213.46
2025-09-15,M06,Consumption,-9.96
2025-09-15,M06,OnHandSnapshot,203.5
2025-09-16,M06,Consumption,-8.04
2025-09-16,M06,OnHandSnapshot,195.46
2025-09-17,M06,Consumption,-9.72
2025-09-17,M06,OnHandSnapshot,185.74
2025-09-18,M06,Consumption,-10.41
2025-09-18,M06,OnHandSnapshot,175.33
2025-09-19,M06,Consumption,-11.34
2025-09-19,M06,OnHandSnapshot,163.99
2025-09-20,M06,Consumption,-8.34
2025-09-20,M06,OnHandSnapshot,155.65
2025-09-21,M06,Consumption,-9.51
2025-09-21,M06,OnHandSnapshot,146.14
2025-09-22,M06,Consumption,-8.37
2025-09-22,M06,OnHandSnapshot,137.77
2025-09-23,M06,Consumption,-9.75
2025-09-23,M06,OnHandSnapshot,128.02
2025-09-24,M06,Consumption,-8.25
2025-09-24,M06,OnHandSnapshot,119.77
2025-09-25,M06,Consumption,-10.05
2025-09-25,M06,OnHandSnapshot,109.72
2025-09-26,M06,Consumption,-12.21
2025-09-26,M06,OnHandSnapshot,97.51
2025-09-27,M06,Consumption,-8.82
2025-09-27,M06,OnHandSnapshot,88.69
2025-09-28,M06,Consumption,-9.81
2025-09-28,M06,OnHandSnapshot,78.88
2025-09-29,M06,Receipt,154.16
2025-09-29,M06,Consumption,-9.12
2025-09-29,M06,OnHandSnapshot,223.93
2025-09-30,M06,Consumption,-8.34
2025-09-30,M06,OnHandSnapshot,215.59
2025-10-01,M06,Consumption,-8.49
2025-10-01,M06,OnHandSnapshot,207.1
2025-10-02,M06,Consumption,-11.19
2025-10-02,M06,OnHandSnapshot,195.91
2025-10-03,M06,Consumption,-13.98
2025-10-03,M06,OnHandSnapshot,181.93
2025-10-04,M06,Consumption,-8.52
2025-10-04,M06,OnHandSnapshot,173.41
2025-10-05,M06,Consumption,-9.09
2025-10-05,M06,OnHandSnapshot,164.32
2025-10-06,M06,Consumption,-9.45
2025-10-06,M06,OnHandSnapshot,154.87
2025-10-07,M06,Consumption,-9.12
2025-10-07,M06,OnHandSnapshot,145.75
2025-10-08,M06,Consumption,-9.69
2025-10-08,M06,OnHandSnapshot,136.06
2025-10-09,M06,Consumption,-9.21
2025-10-09,M06,OnHandSnapshot,126.85
2025-10-10,M06,Consumption,-13.2
2025-10-10,M06,OnHandSnapshot,113.65
2025-10-11,M06,Consumption,-9.81
2025-10-11,M06,OnHandSnapshot,103.84
2025-10-12,M06,Consumption,-9.06
2025-10-12,M06,OnHandSnapshot,94.78
2025-10-13,M06,Consumption,-7.56
2025-10-13,M06,OnHandSnapshot,87.22
2025-10-14,M06,Consumption,-8.58
2025-10-14,M06,OnHandSnapshot,78.64
2025-10-15,M06,Receipt,154.16
2025-10-15,M06,Consumption,-7.98
2025-10-15,M06,OnHandSnapshot,224.82
2025-10-16,M06,Consumption,-10.2
2025-10-16,M06,OnHandSnapshot,214.62
2025-10-17,M06,Consumption,-12.81
2025-10-17,M06,OnHandSnapshot,201.81
2025-10-18,M06,Consumption,-9.0
2025-10-18,M06,OnHandSnapshot,192.81
2025-10-19,M06,Consumption,-8.1
2025-10-19,M06,OnHandSnapshot,184.71
2025-10-20,M06,Consumption,-9.15
2025-10-20,M06,OnHandSnapshot,175.56
2025-10-21,M06,Consumption,-10.38
2025-10-21,M06,OnHandSnapshot,165.18
2025-10-22,M06,Consumption,-9.66
2025-10-22,M06,OnHandSnapshot,155.52
2025-10-23,M06,Consumption,-11.49
2025-10-23,M06,OnHandSnapshot,144.03
2025-10-24,M06,Consumption,-14.07
2025-10-24,M06,OnHandSnapshot,129.96
2025-10-25,M06,Consumption,-8.31
2025-10-25,M06,OnHandSnapshot,121.65
2025-10-26,M06,Consumption,-9.3
2025-10-26,M06,OnHandSnapshot,112.35
2025-10-27,M06,Consumption,-9.3
2025-10-27,M06,OnHandSnapshot,103.05
2025-10-28,M06,Consumption,-9.9
2025-10-28,M06,OnHandSnapshot,93.15
2025-10-29,M06,Consumption,-10.11
2025-10-29,M06,OnHandSnapshot,83.04
2025-10-30,M06,Consumption,-9.54
2025-10-30,M06,OnHandSnapshot,73.5
2025-10-31,M06,Consumption,-12.48
2025-10-31,M06,OnHandSnapshot,61.02
2025-11-01,M06,Consumption,-8.55
2025-11-01,M06,OnHandSnapshot,52.47
2025-11-02,M06,Consumption,-8.22
2025-11-02,M06,OnHandSnapshot,44.25
2025-11-03,M06,Receipt,154.16
2025-11-03,M06,Consumption,-8.55
2025-11-03,M06,OnHandSnapshot,189.86
2025-11-04,M06,Consumption,-8.34
2025-11-04,M06,OnHandSnapshot,181.52
2025-11-05,M06,Consumption,-10.47
2025-11-05,M06,OnHandSnapshot,171.05
2025-11-06,M06,Consumption,-9.75
2025-11-06,M06,OnHandSnapshot,161.3
2025-11-07,M06,Consumption,-14.13
2025-11-07,M06,OnHandSnapshot,147.17
2025-11-08,M06,Consumption,-9.33
2025-11-08,M06,OnHandSnapshot,137.84
2025-11-09,M06,Consumption,-10.17
2025-11-09,M06,OnHandSnapshot,127.67
2025-11-10,M06,Consumption,-9.87
2025-11-10,M06,OnHandSnapshot,117.8
2025-11-11,M06,Consumption,-10.47
2025-11-11,M06,OnHandSnapshot,107.33
2025-11-12,M06,Consumption,-9.81
2025-11-12,M06,OnHandSnapshot,97.52
2025-11-13,M06,Consumption,-11.37
2025-11-13,M06,OnHandSnapshot,86.15
2025-11-14,M06,Receipt,154.16
2025-11-14,M06,Consumption,-11.88
2025-11-14,M06,OnHandSnapshot,228.44
2025-11-15,M06,Consumption,-8.1
2025-11-15,M06,OnHandSnapshot,220.34
2025-11-16,M06,Consumption,-9.18
2025-11-16,M06,OnHandSnapshot,211.16
2025-11-17,M06,Consumption,-8.31
2025-11-17,M06,OnHandSnapshot,202.85
2025-11-18,M06,Consumption,-9.69
2025-11-18,M06,OnHandSnapshot,193.16
2025-11-19,M06,Consumption,-9.69
2025-11-19,M06,OnHandSnapshot,183.47
2025-11-20,M06,Consumption,-11.25
2025-11-20,M06,OnHandSnapshot,172.22
2025-11-21,M06,Consumption,-12.81
2025-11-21,M06,OnHandSnapshot,159.41
2025-11-22,M06,Consumption,-9.6
2025-11-22,M06,OnHandSnapshot,149.81
2025-11-23,M06,Consumption,-9.03
2025-11-23,M06,OnHandSnapshot,140.78
2025-11-24,M06,Consumption,-10.23
2025-11-24,M06,OnHandSnapshot,130.55
2025-11-25,M06,Consumption,-9.99
2025-11-25,M06,OnHandSnapshot,120.56
2025-11-26,M06,Consumption,-9.87
2025-11-26,M06,OnHandSnapshot,110.69
2025-11-27,M06,Consumption,-11.34
2025-11-27,M06,OnHandSnapshot,99.35
2025-11-28,M06,Consumption,-11.19
2025-11-28,M06,OnHandSnapshot,88.16
2025-11-29,M06,Consumption,-8.43
2025-11-29,M06,OnHandSnapshot,79.73
2025-11-30,M06,Consumption,-8.73
2025-11-30,M06,OnHandSnapshot,71.0
2025-12-01,M06,Receipt,154.16
2025-12-01,M06,Consumption,-10.35
2025-12-01,M06,OnHandSnapshot,214.81
2025-12-02,M06,Consumption,-11.13
2025-12-02,M06,OnHandSnapshot,203.68
2025-12-03,M06,Consumption,-10.17
2025-12-03,M06,OnHandSnapshot,193.51
2025-12-04,M06,Consumption,-11.76
2025-12-04,M06,OnHandSnapshot,181.75
2025-12-05,M06,Consumption,-10.41
2025-12-05,M06,OnHandSnapshot,171.34
2025-12-06,M06,Consumption,-8.73
2025-12-06,M06,OnHandSnapshot,162.61
2025-12-07,M06,Consumption,-9.3
2025-12-07,M06,OnHandSnapshot,153.31
2025-12-08,M06,Consumption,-9.03
2025-12-08,M06,OnHandSnapshot,144.28
2025-12-09,M06,Consumption,-9.48
2025-12-09,M06,OnHandSnapshot,134.8
2025-12-10,M06,Consumption,-8.91
2025-12-10,M06,OnHandSnapshot,125.89
2025-12-11,M06,Consumption,-10.35
2025-12-11,M06,OnHandSnapshot,115.54
2025-12-12,M06,Consumption,-11.64
2025-12-12,M06,OnHandSnapshot,103.9
2025-12-13,M06,Consumption,-8.31
2025-12-13,M06,OnHandSnapshot,95.59
2025-12-14,M06,Consumption,-8.1
2025-12-14,M06,OnHandSnapshot,87.49
2025-12-15,M06,Receipt,154.16
2025-12-15,M06,Consumption,-8.4
2025-12-15,M06,OnHandSnapshot,233.25
2025-12-16,M06,Consumption,-10.5
2025-12-16,M06,OnHandSnapshot,222.75
2025-12-17,M06,Consumption,-10.26
2025-12-17,M06,OnHandSnapshot,212.49
2025-12-18,M06,Consumption,-11.34
2025-12-18,M06,OnHandSnapshot,201.15
2025-12-19,M06,Consumption,-13.86
2025-12-19,M06,OnHandSnapshot,187.29
2025-12-20,M06,Consumption,-9.57
2025-12-20,M06,OnHandSnapshot,177.72
2025-12-21,M06,Consumption,-10.05
2025-12-21,M06,OnHandSnapshot,167.67
2025-12-22,M06,Consumption,-9.81
2025-12-22,M06,OnHandSnapshot,157.86
2025-12-23,M06,Consumption,-8.76
2025-12-23,M06,OnHandSnapshot,149.1
2025-12-24,M06,Consumption,-9.48
2025-12-24,M06,OnHandSnapshot,139.62
2025-12-25,M06,Consumption,-9.3
2025-12-25,M06,OnHandSnapshot,130.32
2025-12-26,M06,Consumption,-15.57
2025-12-26,M06,OnHandSnapshot,114.75
2025-12-27,M06,Consumption,-8.22
2025-12-27,M06,OnHandSnapshot,106.53
2025-12-28,M06,Consumption,-10.83
2025-12-28,M06,OnHandSnapshot,95.7
2025-12-29,M06,Consumption,-9.78
2025-12-29,M06,OnHandSnapshot,85.92
2025-12-30,M06,Consumption,-11.46
2025-12-30,M06,OnHandSnapshot,74.46
2025-12-31,M06,Consumption,-9.06
2025-12-31,M06,OnHandSnapshot,65.4
2024-01-01,M07,Consumption,-22.38
2024-01-01,M07,OnHandSnapshot,258.77
2024-01-02,M07,Consumption,-20.01
2024-01-02,M07,OnHandSnapshot,238.76
2024-01-03,M07,Consumption,-19.64
2024-01-03,M07,OnHandSnapshot,219.12
2024-01-04,M07,Consumption,-23.92
2024-01-04,M07,OnHandSnapshot,195.21
2024-01-05,M07,Consumption,-26.72
2024-01-05,M07,OnHandSnapshot,168.49
2024-01-06,M07,Receipt,421.73
2024-01-06,M07,Consumption,-20.42
2024-01-06,M07,OnHandSnapshot,569.8
2024-01-07,M07,Consumption,-18.57
2024-01-07,M07,OnHandSnapshot,551.23
2024-01-08,M07,Consumption,-19.57
2024-01-08,M07,OnHandSnapshot,531.66
2024-01-09,M07,Consumption,-21.47
2024-01-09,M07,OnHandSnapshot,510.18
2024-01-10,M07,Consumption,-22.3
2024-01-10,M07,OnHandSnapshot,487.89
2024-01-11,M07,Consumption,-22.81
2024-01-11,M07,OnHandSnapshot,465.08
2024-01-12,M07,Consumption,-28.08
2024-01-12,M07,OnHandSnapshot,436.99
2024-01-13,M07,Consumption,-20.08
2024-01-13,M07,OnHandSnapshot,416.91
2024-01-14,M07,Consumption,-20.6
2024-01-14,M07,OnHandSnapshot,396.31
2024-01-15,M07,Consumption,-21.09
2024-01-15,M07,OnHandSnapshot,375.22
2024-01-16,M07,Consumption,-19.62
2024-01-16,M07,OnHandSnapshot,355.6
2024-01-17,M07,Consumption,-19.58
2024-01-17,M07,OnHandSnapshot,336.02
2024-01-18,M07,Consumption,-22.08
2024-01-18,M07,OnHandSnapshot,313.94
2024-01-19,M07,Consumption,-27.87
2024-01-19,M07,OnHandSnapshot,286.07
2024-01-20,M07,Consumption,-19.01
2024-01-20,M07,OnHandSnapshot,267.06
2024-01-21,M07,Consumption,-20.9
2024-01-21,M07,OnHandSnapshot,246.15
2024-01-22,M07,Consumption,-20.11
2024-01-22,M07,OnHandSnapshot,226.04
2024-01-23,M07,Consumption,-21.12
2024-01-23,M07,OnHandSnapshot,204.92
2024-01-24,M07,Consumption,-19.73
2024-01-24,M07,OnHandSnapshot,185.2
2024-01-25,M07,Receipt,421.73
2024-01-25,M07,Consumption,-23.86
2024-01-25,M07,OnHandSnapshot,583.07
2024-01-26,M07,Consumption,-28.8
2024-01-26,M07,OnHandSnapshot,554.26
2024-01-27,M07,Consumption,-20.92
2024-01-27,M07,OnHandSnapshot,533.34
2024-01-28,M07,Consumption,-19.56
2024-01-28,M07,OnHandSnapshot,513.78
2024-01-29,M07,Consumption,-20.38
2024-01-29,M07,OnHandSnapshot,493.41
2024-01-30,M07,Consumption,-20.44
2024-01-30,M07,OnHandSnapshot,472.97
2024-01-31,M07,Consumption,-20.27
2024-01-31,M07,OnHandSnapshot,452.7
2024-02-01,M07,Consumption,-24.64
2024-02-01,M07,OnHandSnapshot,428.06
2024-02-02,M07,Consumption,-27.36
2024-02-02,M07,OnHandSnapshot,400.7
2024-02-03,M07,Consumption,-19.13
2024-02-03,M07,OnHandSnapshot,381.57
2024-02-04,M07,Consumption,-21.19
2024-02-04,M07,OnHandSnapshot,360.38
2024-02-05,M07,Consumption,-20.93
2024-02-05,M07,OnHandSnapshot,339.45
2024-02-06,M07,Consumption,-21.28
2024-02-06,M07,OnHandSnapshot,318.17
2024-02-07,M07,Consumption,-19.21
2024-02-07,M07,OnHandSnapshot,298.96
2024-02-08,M07,Consumption,-23.66
2024-02-08,M07,OnHandSnapshot,275.31
2024-02-09,M07,Consumption,-27.48
2024-02-09,M07,OnHandSnapshot,247.83
2024-02-10,M07,Consumption,-19.24
2024-02-10,M07,OnHandSnapshot,228.59
2024-02-11,M07,Receipt,421.73
2024-02-11,M07,Consumption,-19.13
2024-02-11,M07,OnHandSnapshot,631.19
2024-02-12,M07,Consumption,-21.49
2024-02-12,M07,OnHandSnapshot,609.7
2024-02-13,M07,Consumption,-21.0
2024-02-13,M07,OnHandSnapshot,588.7
2024-02-14,M07,Consumption,-22.13
2024-02-14,M07,OnHandSnapshot,566.57
2024-02-15,M07,Consumption,-24.5
2024-02-15,M07,OnHandSnapshot,542.07
2024-02-16,M07,Consumption,-28.31
2024-02-16,M07,OnHandSnapshot,513.76
2024-02-17,M07,Consumption,-21.19
2024-02-17,M07,OnHandSnapshot,492.57
2024-02-18,M07,Consumption,-20.27
2024-02-18,M07,OnHandSnapshot,472.3
2024-02-19,M07,Consumption,-20.55
2024-02-19,M07,OnHandSnapshot,451.75
2024-02-20,M07,Consumption,-19.66
2024-02-20,M07,OnHandSnapshot,432.09
2024-02-21,M07,Consumption,-20.88
2024-02-21,M07,OnHandSnapshot,411.21
2024-02-22,M07,Consumption,-24.7
2024-02-22,M07,OnHandSnapshot,386.51
2024-02-23,M07,Consumption,-27.87
2024-02-23,M07,OnHandSnapshot,358.64
2024-02-24,M07,Consumption,-19.43
2024-02-24,M07,OnHandSnapshot,339.21
2024-02-25,M07,Consumption,-20.52
2024-02-25,M07,OnHandSnapshot,318.68
2024-02-26,M07,Consumption,-20.81
2024-02-26,M07,OnHandSnapshot,297.87
2024-02-27,M07,Consumption,-20.9
2024-02-27,M07,OnHandSnapshot,276.97
2024-02-28,M07,Consumption,-20.98
2024-02-28,M07,OnHandSnapshot,255.99
2024-02-29,M07,Consumption,-24.48
2024-02-29,M07,OnHandSnapshot,231.51
2024-03-01,M07,Consumption,-27.86
2024-03-01,M07,OnHandSnapshot,203.65
2024-03-02,M07,Consumption,-18.61
2024-03-02,M07,OnHandSnapshot,185.03
2024-03-03,M07,Receipt,421.73
2024-03-03,M07,Consumption,-20.77
2024-03-03,M07,OnHandSnapshot,585.99
2024-03-04,M07,Consumption,-21.35
2024-03-04,M07,OnHandSnapshot,564.64
2024-03-05,M07,Consumption,-19.34
2024-03-05,M07,OnHandSnapshot,545.3
2024-03-06,M07,Consumption,-22.03
2024-03-06,M07,OnHandSnapshot,523.27
2024-03-07,M07,Consumption,-23.26
2024-03-07,M07,OnHandSnapshot,500.01
2024-03-08,M07,Consumption,-28.03
2024-03-08,M07,OnHandSnapshot,471.98
2024-03-09,M07,Consumption,-20.92
2024-03-09,M07,OnHandSnapshot,451.06
2024-03-10,M07,Consumption,-20.53
2024-03-10,M07,OnHandSnapshot,430.54
2024-03-11,M07,Consumption,-21.32
2024-03-11,M07,OnHandSnapshot,409.22
2024-03-12,M07,Consumption,-21.07
2024-03-12,M07,OnHandSnapshot,388.15
2024-03-13,M07,Consumption,-22.23
2024-03-13,M07,OnHandSnapshot,365.92
2024-03-14,M07,Consumption,-23.26
2024-03-14,M07,OnHandSnapshot,342.66
2024-03-15,M07,Consumption,-25.46
2024-03-15,M07,OnHandSnapshot,317.21
2024-03-16,M07,Consumption,-20.15
2024-03-16,M07,OnHandSnapshot,297.06
2024-03-17,M07,Consumption,-21.76
2024-03-17,M07,OnHandSnapshot,275.3
2024-03-18,M07,Consumption,-19.69
2024-03-18,M07,OnHandSnapshot,255.61
2024-03-19,M07,Consumption,-19.19
2024-03-19,M07,OnHandSnapshot,236.42
2024-03-20,M07,Consumption,-20.62
2024-03-20,M07,OnHandSnapshot,215.8
2024-03-21,M07,Consumption,-24.2
2024-03-21,M07,OnHandSnapshot,191.59
2024-03-22,M07,Consumption,-28.04
2024-03-22,M07,OnHandSnapshot,163.55
2024-03-23,M07,Consumption,-19.6
2024-03-23,M07,OnHandSnapshot,143.95
2024-03-24,M07,Consumption,-21.84
2024-03-24,M07,OnHandSnapshot,122.11
2024-03-25,M07,Consumption,-20.73
2024-03-25,M07,OnHandSnapshot,101.38
2024-03-26,M07,Receipt,421.73
2024-03-26,M07,Consumption,-20.85
2024-03-26,M07,OnHandSnapshot,502.25
2024-03-27,M07,Consumption,-20.34
2024-03-27,M07,OnHandSnapshot,481.91
2024-03-28,M07,Consumption,-23.22
2024-03-28,M07,OnHandSnapshot,458.69
2024-03-29,M07,Consumption,-28.26
2024-03-29,M07,OnHandSnapshot,430.43
2024-03-30,M07,Consumption,-19.78
2024-03-30,M07,OnHandSnapshot,410.65
2024-03-31,M07,Consumption,-21.47
2024-03-31,M07,OnHandSnapshot,389.17
2024-04-01,M07,Consumption,-22.02
2024-04-01,M07,OnHandSnapshot,367.16
2024-04-02,M07,Consumption,-20.6
2024-04-02,M07,OnHandSnapshot,346.56
2024-04-03,M07,Consumption,-20.56
2024-04-03,M07,OnHandSnapshot,326.0
2024-04-04,M07,Consumption,-23.91
2024-04-04,M07,OnHandSnapshot,302.09
2024-04-05,M07,Consumption,-27.54
2024-04-05,M07,OnHandSnapshot,274.54
2024-04-06,M07,Consumption,-20.46
2024-04-06,M07,OnHandSnapshot,254.08
2024-04-07,M07,Consumption,-23.5
2024-04-07,M07,OnHandSnapshot,230.57
2024-04-08,M07,Consumption,-21.31
2024-04-08,M07,OnHandSnapshot,209.26
2024-04-09,M07,Consumption,-20.33
2024-04-09,M07,OnHandSnapshot,188.93
2024-04-10,M07,Receipt,421.73
2024-04-10,M07,Consumption,-20.54
2024-04-10,M07,OnHandSnapshot,590.12
2024-04-11,M07,Consumption,-24.62
2024-04-11,M07,OnHandSnapshot,565.5
2024-04-12,M07,Consumption,-28.36
2024-04-12,M07,OnHandSnapshot,537.14
2024-04-13,M07,Consumption,-20.36
2024-04-13,M07,OnHandSnapshot,516.77
2024-04-14,M07,Consumption,-21.34
2024-04-14,M07,OnHandSnapshot,495.43
2024-04-15,M07,Consumption,-21.52
2024-04-15,M07,OnHandSnapshot,473.91
2024-04-16,M07,Consumption,-20.74
2024-04-16,M07,OnHandSnapshot,453.17
2024-04-17,M07,Consumption,-22.78
2024-04-17,M07,OnHandSnapshot,430.4
2024-04-18,M07,Consumption,-24.83
2024-04-18,M07,OnHandSnapshot,405.56
2024-04-19,M07,Consumption,-29.54
2024-04-19,M07,OnHandSnapshot,376.03
2024-04-20,M07,Consumption,-20.55
2024-04-20,M07,OnHandSnapshot,355.48
2024-04-21,M07,Consumption,-21.02
2024-04-21,M07,OnHandSnapshot,334.46
2024-04-22,M07,Consumption,-20.9
2024-04-22,M07,OnHandSnapshot,313.56
2024-04-23,M07,Consumption,-20.91
2024-04-23,M07,OnHandSnapshot,292.65
2024-04-24,M07,Consumption,-21.45
2024-04-24,M07,OnHandSnapshot,271.2
2024-04-25,M07,Consumption,-23.24
2024-04-25,M07,OnHandSnapshot,247.97
2024-04-26,M07,Consumption,-28.62
2024-04-26,M07,OnHandSnapshot,219.34
2024-04-27,M07,Consumption,-19.05
2024-04-27,M07,OnHandSnapshot,200.3
2024-04-28,M07,Receipt,421.73
2024-04-28,M07,Consumption,-19.84
2024-04-28,M07,OnHandSnapshot,602.19
2024-04-29,M07,Consumption,-21.45
2024-04-29,M07,OnHandSnapshot,580.74
2024-04-30,M07,Consumption,-21.01
2024-04-30,M07,OnHandSnapshot,559.73
2024-05-01,M07,Consumption,-19.96
2024-05-01,M07,OnHandSnapshot,539.77
2024-05-02,M07,Consumption,-22.92
2024-05-02,M07,OnHandSnapshot,516.85
2024-05-03,M07,Consumption,-26.43
2024-05-03,M07,OnHandSnapshot,490.42
2024-05-04,M07,Consumption,-20.12
2024-05-04,M07,OnHandSnapshot,470.3
2024-05-05,M07,Consumption,-20.15
2024-05-05,M07,OnHandSnapshot,450.15
2024-05-06,M07,Consumption,-21.88
2024-05-06,M07,OnHandSnapshot,428.27
2024-05-07,M07,Consumption,-21.93
2024-05-07,M07,OnHandSnapshot,406.34
2024-05-08,M07,Consumption,-19.24
2024-05-08,M07,OnHandSnapshot,387.11
2024-05-09,M07,Consumption,-23.22
2024-05-09,M07,OnHandSnapshot,363.89
2024-05-10,M07,Consumption,-28.22
2024-05-10,M07,OnHandSnapshot,335.67
2024-05-11,M07,Consumption,-20.05
2024-05-11,M07,OnHandSnapshot,315.62
2024-05-12,M07,Consumption,-22.55
2024-05-12,M07,OnHandSnapshot,293.07
2024-05-13,M07,Consumption,-20.83
2024-05-13,M07,OnHandSnapshot,272.24
2024-05-14,M07,Consumption,-19.8
2024-05-14,M07,OnHandSnapshot,252.44
2024-05-15,M07,Consumption,-22.28
2024-05-15,M07,OnHandSnapshot,230.17
2024-05-16,M07,Consumption,-25.53
2024-05-16,M07,OnHandSnapshot,204.63
2024-05-17,M07,Consumption,-29.12
2024-05-17,M07,OnHandSnapshot,175.51
2024-05-18,M07,Consumption,-20.74
2024-05-18,M07,OnHandSnapshot,154.77
2024-05-19,M07,Receipt,421.73
2024-05-19,M07,Consumption,-22.33
2024-05-19,M07,OnHandSnapshot,554.17
2024-05-20,M07,Consumption,-20.39
2024-05-20,M07,OnHandSnapshot,533.78
2024-05-21,M07,Consumption,-22.31
2024-05-21,M07,OnHandSnapshot,511.47
2024-05-22,M07,Consumption,-20.68
2024-05-22,M07,OnHandSnapshot,490.8
2024-05-23,M07,Consumption,-22.89
2024-05-23,M07,OnHandSnapshot,467.9
2024-05-24,M07,Consumption,-28.8
2024-05-24,M07,OnHandSnapshot,439.1
2024-05-25,M07,Consumption,-20.9
2024-05-25,M07,OnHandSnapshot,418.2
2024-05-26,M07,Consumption,-20.46
2024-05-26,M07,OnHandSnapshot,397.74
2024-05-27,M07,Consumption,-19.94
2024-05-27,M07,OnHandSnapshot,377.8
2024-05-28,M07,Consumption,-20.76
2024-05-28,M07,OnHandSnapshot,357.04
2024-05-29,M07,Consumption,-21.12
2024-05-29,M07,OnHandSnapshot,335.93
2024-05-30,M07,Consumption,-25.94
2024-05-30,M07,OnHandSnapshot,309.98
2024-05-31,M07,Consumption,-29.51
2024-05-31,M07,OnHandSnapshot,280.47
2024-06-01,M07,Consumption,-20.36
2024-06-01,M07,OnHandSnapshot,260.11
2024-06-02,M07,Consumption,-21.44
2024-06-02,M07,OnHandSnapshot,238.67
2024-06-03,M07,Consumption,-20.83
2024-06-03,M07,OnHandSnapshot,217.84
2024-06-04,M07,Consumption,-21.02
2024-06-04,M07,OnHandSnapshot,196.82
2024-06-05,M07,Consumption,-21.62
2024-06-05,M07,OnHandSnapshot,175.2
2024-06-06,M07,Receipt,421.73
2024-06-06,M07,Consumption,-23.01
2024-06-06,M07,OnHandSnapshot,573.91
2024-06-07,M07,Consumption,-27.68
2024-06-07,M07,OnHandSnapshot,546.24
2024-06-08,M07,Consumption,-20.25
2024-06-08,M07,OnHandSnapshot,525.99
2024-06-09,M07,Consumption,-20.57
2024-06-09,M07,OnHandSnapshot,505.42
2024-06-10,M07,Consumption,-20.67
2024-06-10,M07,OnHandSnapshot,484.75
2024-06-11,M07,Consumption,-20.42
2024-06-11,M07,OnHandSnapshot,464.33
2024-06-12,M07,Consumption,-21.91
2024-06-12,M07,OnHandSnapshot,442.41
2024-06-13,M07,Consumption,-26.21
2024-06-13,M07,OnHandSnapshot,416.21
2024-06-14,M07,Consumption,-26.32
2024-06-14,M07,OnHandSnapshot,389.89
2024-06-15,M07,Consumption,-18.52
2024-06-15,M07,OnHandSnapshot,371.36
2024-06-16,M07,Consumption,-21.1
2024-06-16,M07,OnHandSnapshot,350.27
2024-06-17,M07,Consumption,-20.12
2024-06-17,M07,OnHandSnapshot,330.15
2024-06-18,M07,Consumption,-21.72
2024-06-18,M07,OnHandSnapshot,308.43
2024-06-19,M07,Consumption,-20.46
2024-06-19,M07,OnHandSnapshot,287.97
2024-06-20,M07,Consumption,-23.17
2024-06-20,M07,OnHandSnapshot,264.8
2024-06-21,M07,Consumption,-28.88
2024-06-21,M07,OnHandSnapshot,235.92
2024-06-22,M07,Consumption,-19.49
2024-06-22,M07,OnHandSnapshot,216.43
2024-06-23,M07,Consumption,-20.55
2024-06-23,M07,OnHandSnapshot,195.88
2024-06-24,M07,Receipt,421.73
2024-06-24,M07,Consumption,-20.4
2024-06-24,M07,OnHandSnapshot,597.2
2024-06-25,M07,Consumption,-20.96
2024-06-25,M07,OnHandSnapshot,576.24
2024-06-26,M07,Consumption,-21.24
2024-06-26,M07,OnHandSnapshot,555.0
2024-06-27,M07,Consumption,-23.76
2024-06-27,M07,OnHandSnapshot,531.25
2024-06-28,M07,Consumption,-29.44
2024-06-28,M07,OnHandSnapshot,501.8
2024-06-29,M07,Consumption,-20.49
2024-06-29,M07,OnHandSnapshot,481.32
2024-06-30,M07,Consumption,-21.7
2024-06-30,M07,OnHandSnapshot,459.61
2024-07-01,M07,Consumption,-20.21
2024-07-01,M07,OnHandSnapshot,439.4
2024-07-02,M07,Consumption,-21.53
2024-07-02,M07,OnHandSnapshot,417.88
2024-07-03,M07,Consumption,-20.69
2024-07-03,M07,OnHandSnapshot,397.18
2024-07-04,M07,Consumption,-25.06
2024-07-04,M07,OnHandSnapshot,372.13
2024-07-05,M07,Consumption,-27.93
2024-07-05,M07,OnHandSnapshot,344.2
2024-07-06,M07,Consumption,-19.66
2024-07-06,M07,OnHandSnapshot,324.54
2024-07-07,M07,Consumption,-20.6
2024-07-07,M07,OnHandSnapshot,303.94
2024-07-08,M07,Consumption,-23.45
2024-07-08,M07,OnHandSnapshot,280.49
2024-07-09,M07,Consumption,-19.09
2024-07-09,M07,OnHandSnapshot,261.4
2024-07-10,M07,Receipt,421.73
2024-07-10,M07,Consumption,-23.54
2024-07-10,M07,OnHandSnapshot,659.59
2024-07-11,M07,Consumption,-26.87
2024-07-11,M07,OnHandSnapshot,632.72
2024-07-12,M07,Consumption,-28.4
2024-07-12,M07,OnHandSnapshot,604.32
2024-07-13,M07,Consumption,-21.36
2024-07-13,M07,OnHandSnapshot,582.95
2024-07-14,M07,Consumption,-20.78
2024-07-14,M07,OnHandSnapshot,562.18
2024-07-15,M07,Consumption,-20.94
2024-07-15,M07,OnHandSnapshot,541.23
2024-07-16,M07,Consumption,-20.43
2024-07-16,M07,OnHandSnapshot,520.8
2024-07-17,M07,Consumption,-21.94
2024-07-17,M07,OnHandSnapshot,498.86
2024-07-18,M07,Consumption,-27.42
2024-07-18,M07,OnHandSnapshot,471.43
2024-07-19,M07,Consumption,-28.95
2024-07-19,M07,OnHandSnapshot,442.48
2024-07-20,M07,Consumption,-19.45
2024-07-20,M07,OnHandSnapshot,423.03
2024-07-21,M07,Consumption,-22.24
2024-07-21,M07,OnHandSnapshot,400.79
2024-07-22,M07,Consumption,-20.84
2024-07-22,M07,OnHandSnapshot,379.95
2024-07-23,M07,Consumption,-21.9
2024-07-23,M07,OnHandSnapshot,358.05
2024-07-24,M07,Consumption,-21.64
2024-07-24,M07,OnHandSnapshot,336.41
2024-07-25,M07,Consumption,-24.28
2024-07-25,M07,OnHandSnapshot,312.13
2024-07-26,M07,Consumption,-26.74
2024-07-26,M07,OnHandSnapshot,285.39
2024-07-27,M07,Consumption,-20.4
2024-07-27,M07,OnHandSnapshot,264.99
2024-07-28,M07,Consumption,-19.93
2024-07-28,M07,OnHandSnapshot,245.06
2024-07-29,M07,Consumption,-20.47
2024-07-29,M07,OnHandSnapshot,224.59
2024-07-30,M07,Consumption,-23.09
2024-07-30,M07,OnHandSnapshot,201.5
2024-07-31,M07,Receipt,421.73
2024-07-31,M07,Consumption,-20.32
2024-07-31,M07,OnHandSnapshot,602.9
2024-08-01,M07,Consumption,-25.08
2024-08-01,M07,OnHandSnapshot,577.82
2024-08-02,M07,Consumption,-30.38
2024-08-02,M07,OnHandSnapshot,547.45
2024-08-03,M07,Consumption,-21.07
2024-08-03,M07,OnHandSnapshot,526.38
2024-08-04,M07,Consumption,-22.84
2024-08-04,M07,OnHandSnapshot,503.54
2024-08-05,M07,Consumption,-21.83
2024-08-05,M07,OnHandSnapshot,481.71
2024-08-06,M07,Consumption,-20.14
2024-08-06,M07,OnHandSnapshot,461.57
2024-08-07,M07,Consumption,-20.62
2024-08-07,M07,OnHandSnapshot,440.95
2024-08-08,M07,Consumption,-24.34
2024-08-08,M07,OnHandSnapshot,416.61
2024-08-09,M07,Consumption,-27.7
2024-08-09,M07,OnHandSnapshot,388.91
2024-08-10,M07,Consumption,-18.76
2024-08-10,M07,OnHandSnapshot,370.16
2024-08-11,M07,Consumption,-22.01
2024-08-11,M07,OnHandSnapshot,348.14
2024-08-12,M07,Consumption,-22.62
2024-08-12,M07,OnHandSnapshot,325.52
2024-08-13,M07,Consumption,-21.39
2024-08-13,M07,OnHandSnapshot,304.13
2024-08-14,M07,Consumption,-21.99
2024-08-14,M07,OnHandSnapshot,282.14
2024-08-15,M07,Consumption,-24.97
2024-08-15,M07,OnHandSnapshot,257.17
2024-08-16,M07,Consumption,-28.88
2024-08-16,M07,OnHandSnapshot,228.29
2024-08-17,M07,Consumption,-20.8
2024-08-17,M07,OnHandSnapshot,207.49
2024-08-18,M07,Consumption,-21.4
2024-08-18,M07,OnHandSnapshot,186.09
2024-08-19,M07,Receipt,421.73
2024-08-19,M07,Consumption,-21.58
2024-08-19,M07,OnHandSnapshot,586.23
2024-08-20,M07,Consumption,-21.92
2024-08-20,M07,OnHandSnapshot,564.31
2024-08-21,M07,Consumption,-23.68
2024-08-21,M07,OnHandSnapshot,540.63
2024-08-22,M07,Consumption,-25.33
2024-08-22,M07,OnHandSnapshot,515.3
2024-08-23,M07,Consumption,-28.38
2024-08-23,M07,OnHandSnapshot,486.91
2024-08-24,M07,Consumption,-22.02
2024-08-24,M07,OnHandSnapshot,464.89
2024-08-25,M07,Consumption,-21.57
2024-08-25,M07,OnHandSnapshot,443.33
2024-08-26,M07,Consumption,-23.98
2024-08-26,M07,OnHandSnapshot,419.34
2024-08-27,M07,Consumption,-20.76
2024-08-27,M07,OnHandSnapshot,398.58
2024-08-28,M07,Consumption,-22.01
2024-08-28,M07,OnHandSnapshot,376.57
2024-08-29,M07,Consumption,-25.36
2024-08-29,M07,OnHandSnapshot,351.21
2024-08-30,M07,Consumption,-28.85
2024-08-30,M07,OnHandSnapshot,322.36
2024-08-31,M07,Consumption,-20.67
2024-08-31,M07,OnHandSnapshot,301.69
2024-09-01,M07,Consumption,-22.01
2024-09-01,M07,OnHandSnapshot,279.68
2024-09-02,M07,Consumption,-22.95
2024-09-02,M07,OnHandSnapshot,256.73
2024-09-03,M07,Consumption,-21.76
2024-09-03,M07,OnHandSnapshot,234.97
2024-09-04,M07,Receipt,421.73
2024-09-04,M07,Consumption,-21.24
2024-09-04,M07,OnHandSnapshot,635.45
2024-09-05,M07,Consumption,-23.04
2024-09-05,M07,OnHandSnapshot,612.41
2024-09-06,M07,Consumption,-26.88
2024-09-06,M07,OnHandSnapshot,585.53
2024-09-07,M07,Consumption,-20.58
2024-09-07,M07,OnHandSnapshot,564.95
2024-09-08,M07,Consumption,-23.33
2024-09-08,M07,OnHandSnapshot,541.63
2024-09-09,M07,Consumption,-22.15
2024-09-09,M07,OnHandSnapshot,519.47
2024-09-10,M07,Consumption,-20.08
2024-09-10,M07,OnHandSnapshot,499.39
2024-09-11,M07,Consumption,-22.98
2024-09-11,M07,OnHandSnapshot,476.41
2024-09-12,M07,Consumption,-23.34
2024-09-12,M07,OnHandSnapshot,453.07
2024-09-13,M07,Consumption,-29.64
2024-09-13,M07,OnHandSnapshot,423.43
2024-09-14,M07,Consumption,-19.92
2024-09-14,M07,OnHandSnapshot,403.51
2024-09-15,M07,Consumption,-23.22
2024-09-15,M07,OnHandSnapshot,380.29
2024-09-16,M07,Consumption,-22.01
2024-09-16,M07,OnHandSnapshot,358.28
2024-09-17,M07,Consumption,-20.48
2024-09-17,M07,OnHandSnapshot,337.79
2024-09-18,M07,Consumption,-21.25
2024-09-18,M07,OnHandSnapshot,316.55
2024-09-19,M07,Consumption,-24.81
2024-09-19,M07,OnHandSnapshot,291.73
2024-09-20,M07,Consumption,-29.1
2024-09-20,M07,OnHandSnapshot,262.63
2024-09-21,M07,Consumption,-19.9
2024-09-21,M07,OnHandSnapshot,242.74
2024-09-22,M07,Consumption,-21.27
2024-09-22,M07,OnHandSnapshot,221.47
2024-09-23,M07,Consumption,-21.79
2024-09-23,M07,OnHandSnapshot,199.68
2024-09-24,M07,Consumption,-21.88
2024-09-24,M07,OnHandSnapshot,177.81
2024-09-25,M07,Receipt,421.73
2024-09-25,M07,Consumption,-21.74
2024-09-25,M07,OnHandSnapshot,577.79
2024-09-26,M07,Consumption,-24.68
2024-09-26,M07,OnHandSnapshot,553.11
2024-09-27,M07,Consumption,-29.02
2024-09-27,M07,OnHandSnapshot,524.1
2024-09-28,M07,Consumption,-20.36
2024-09-28,M07,OnHandSnapshot,503.74
2024-09-29,M07,Consumption,-23.18
2024-09-29,M07,OnHandSnapshot,480.56
2024-09-30,M07,Consumption,-21.63
2024-09-30,M07,OnHandSnapshot,458.93
2024-10-01,M07,Consumption,-20.51
2024-10-01,M07,OnHandSnapshot,438.42
2024-10-02,M07,Consumption,-22.27
2024-10-02,M07,OnHandSnapshot,416.15
2024-10-03,M07,Consumption,-24.72
2024-10-03,M07,OnHandSnapshot,391.44
2024-10-04,M07,Consumption,-28.96
2024-10-04,M07,OnHandSnapshot,362.48
2024-10-05,M07,Consumption,-21.12
2024-10-05,M07,OnHandSnapshot,341.36
2024-10-06,M07,Consumption,-22.21
2024-10-06,M07,OnHandSnapshot,319.15
2024-10-07,M07,Consumption,-22.54
2024-10-07,M07,OnHandSnapshot,296.62
2024-10-08,M07,Consumption,-20.04
2024-10-08,M07,OnHandSnapshot,276.57
2024-10-09,M07,Consumption,-22.38
2024-10-09,M07,OnHandSnapshot,254.19
2024-10-10,M07,Consumption,-24.71
2024-10-10,M07,OnHandSnapshot,229.48
2024-10-11,M07,Consumption,-28.45
2024-10-11,M07,OnHandSnapshot,201.02
2024-10-12,M07,Consumption,-19.89
2024-10-12,M07,OnHandSnapshot,181.13
2024-10-13,M07,Consumption,-21.19
2024-10-13,M07,OnHandSnapshot,159.94
2024-10-14,M07,Receipt,421.73
2024-10-14,M07,Consumption,-21.17
2024-10-14,M07,OnHandSnapshot,560.5
2024-10-15,M07,Consumption,-22.94
2024-10-15,M07,OnHandSnapshot,537.55
2024-10-16,M07,Consumption,-22.54
2024-10-16,M07,OnHandSnapshot,515.01
2024-10-17,M07,Consumption,-25.62
2024-10-17,M07,OnHandSnapshot,489.39
2024-10-18,M07,Consumption,-30.64
2024-10-18,M07,OnHandSnapshot,458.75
2024-10-19,M07,Consumption,-21.94
2024-10-19,M07,OnHandSnapshot,436.81
2024-10-20,M07,Consumption,-22.73
2024-10-20,M07,OnHandSnapshot,414.09
2024-10-21,M07,Consumption,-22.21
2024-10-21,M07,OnHandSnapshot,391.88
2024-10-22,M07,Consumption,-21.82
2024-10-22,M07,OnHandSnapshot,370.05
2024-10-23,M07,Consumption,-21.53
2024-10-23,M07,OnHandSnapshot,348.52
2024-10-24,M07,Consumption,-24.62
2024-10-24,M07,OnHandSnapshot,323.91
2024-10-25,M07,Consumption,-28.56
2024-10-25,M07,OnHandSnapshot,295.34
2024-10-26,M07,Consumption,-20.36
2024-10-26,M07,OnHandSnapshot,274.98
2024-10-27,M07,Consumption,-22.08
2024-10-27,M07,OnHandSnapshot,252.9
2024-10-28,M07,Consumption,-23.38
2024-10-28,M07,OnHandSnapshot,229.52
2024-10-29,M07,Consumption,-21.86
2024-10-29,M07,OnHandSnapshot,207.67
2024-10-30,M07,Consumption,-21.01
2024-10-30,M07,OnHandSnapshot,186.65
2024-10-31,M07,Consumption,-24.2
2024-10-31,M07,OnHandSnapshot,162.45
2024-11-01,M07,Receipt,421.73
2024-11-01,M07,Consumption,-27.62
2024-11-01,M07,OnHandSnapshot,556.55
2024-11-02,M07,Consumption,-18.86
2024-11-02,M07,OnHandSnapshot,537.7
2024-11-03,M07,Consumption,-22.08
2024-11-03,M07,OnHandSnapshot,515.62
2024-11-04,M07,Consumption,-21.08
2024-11-04,M07,OnHandSnapshot,494.53
2024-11-05,M07,Consumption,-21.12
2024-11-05,M07,OnHandSnapshot,473.41
2024-11-06,M07,Consumption,-22.88
2024-11-06,M07,OnHandSnapshot,450.53
2024-11-07,M07,Consumption,-24.5
2024-11-07,M07,OnHandSnapshot,426.03
2024-11-08,M07,Consumption,-29.64
2024-11-08,M07,OnHandSnapshot,396.39
2024-11-09,M07,Consumption,-20.75
2024-11-09,M07,OnHandSnapshot,375.64
2024-11-10,M07,Consumption,-21.02
2024-11-10,M07,OnHandSnapshot,354.61
2024-11-11,M07,Consumption,-22.41
2024-11-11,M07,OnHandSnapshot,332.2
2024-11-12,M07,Consumption,-20.62
2024-11-12,M07,OnHandSnapshot,311.58
2024-11-13,M07,Consumption,-22.46
2024-11-13,M07,OnHandSnapshot,289.12
2024-11-14,M07,Consumption,-25.23
2024-11-14,M07,OnHandSnapshot,263.89
2024-11-15,M07,Consumption,-30.12
2024-11-15,M07,OnHandSnapshot,233.77
2024-11-16,M07,Consumption,-21.49
2024-11-16,M07,OnHandSnapshot,212.28
2024-11-17,M07,Consumption,-21.88
2024-11-17,M07,OnHandSnapshot,190.4
2024-11-18,M07,Consumption,-23.62
2024-11-18,M07,OnHandSnapshot,166.78
2024-11-19,M07,Consumption,-20.37
2024-11-19,M07,OnHandSnapshot,146.42
2024-11-20,M07,Receipt,421.73
2024-11-20,M07,Consumption,-21.3
2024-11-20,M07,OnHandSnapshot,546.85
2024-11-21,M07,Consumption,-24.71
2024-11-21,M07,OnHandSnapshot,522.13
2024-11-22,M07,Consumption,-28.51
2024-11-22,M07,OnHandSnapshot,493.62
2024-11-23,M07,Consumption,-21.08
2024-11-23,M07,OnHandSnapshot,472.54
2024-11-24,M07,Consumption,-23.4
2024-11-24,M07,OnHandSnapshot,449.14
2024-11-25,M07,Consumption,-21.96
2024-11-25,M07,OnHandSnapshot,427.18
2024-11-26,M07,Consumption,-21.37
2024-11-26,M07,OnHandSnapshot,405.81
2024-11-27,M07,Consumption,-21.77
2024-11-27,M07,OnHandSnapshot,384.04
2024-11-28,M07,Consumption,-26.05
2024-11-28,M07,OnHandSnapshot,357.99
2024-11-29,M07,Consumption,-29.14
2024-11-29,M07,OnHandSnapshot,328.84
2024-11-30,M07,Consumption,-20.46
2024-11-30,M07,OnHandSnapshot,308.38
2024-12-01,M07,Consumption,-21.84
2024-12-01,M07,OnHandSnapshot,286.53
2024-12-02,M07,Consumption,-22.28
2024-12-02,M07,OnHandSnapshot,264.25
2024-12-03,M07,Consumption,-22.0
2024-12-03,M07,OnHandSnapshot,242.25
2024-12-04,M07,Consumption,-20.9
2024-12-04,M07,OnHandSnapshot,221.36
2024-12-05,M07,Consumption,-25.26
2024-12-05,M07,OnHandSnapshot,196.09
2024-12-06,M07,Consumption,-30.89
2024-12-06,M07,OnHandSnapshot,165.21
2024-12-07,M07,Consumption,-21.27
2024-12-07,M07,OnHandSnapshot,143.93
2024-12-08,M07,Consumption,-22.46
2024-12-08,M07,OnHandSnapshot,121.47
2024-12-09,M07,Consumption,-20.52
2024-12-09,M07,OnHandSnapshot,100.96
2024-12-10,M07,Receipt,421.73
2024-12-10,M07,Consumption,-22.22
2024-12-10,M07,OnHandSnapshot,500.46
2024-12-11,M07,Consumption,-21.31
2024-12-11,M07,OnHandSnapshot,479.16
2024-12-12,M07,Consumption,-26.54
2024-12-12,M07,OnHandSnapshot,452.62
2024-12-13,M07,Consumption,-28.0
2024-12-13,M07,OnHandSnapshot,424.62
2024-12-14,M07,Consumption,-22.78
2024-12-14,M07,OnHandSnapshot,401.84
2024-12-15,M07,Consumption,-22.85
2024-12-15,M07,OnHandSnapshot,378.99
2024-12-16,M07,Consumption,-21.74
2024-12-16,M07,OnHandSnapshot,357.25
2024-12-17,M07,Consumption,-21.97
2024-12-17,M07,OnHandSnapshot,335.28
2024-12-18,M07,Consumption,-24.01
2024-12-18,M07,OnHandSnapshot,311.27
2024-12-19,M07,Consumption,-25.67
2024-12-19,M07,OnHandSnapshot,285.6
2024-12-20,M07,Consumption,-30.71
2024-12-20,M07,OnHandSnapshot,254.89
2024-12-21,M07,Consumption,-18.92
2024-12-21,M07,OnHandSnapshot,235.97
2024-12-22,M07,Consumption,-20.7
2024-12-22,M07,OnHandSnapshot,215.27
2024-12-23,M07,Consumption,-21.45
2024-12-23,M07,OnHandSnapshot,193.82
2024-12-24,M07,Consumption,-21.4
2024-12-24,M07,OnHandSnapshot,172.42
2024-12-25,M07,Receipt,421.73
2024-12-25,M07,Consumption,-21.38
2024-12-25,M07,OnHandSnapshot,572.77
2024-12-26,M07,Consumption,-25.86
2024-12-26,M07,OnHandSnapshot,546.91
2024-12-27,M07,Consumption,-28.34
2024-12-27,M07,OnHandSnapshot,518.57
2024-12-28,M07,Consumption,-21.17
2024-12-28,M07,OnHandSnapshot,497.39
2024-12-29,M07,Consumption,-21.91
2024-12-29,M07,OnHandSnapshot,475.49
2024-12-30,M07,Consumption,-21.32
2024-12-30,M07,OnHandSnapshot,454.17
2024-12-31,M07,Consumption,-20.83
2024-12-31,M07,OnHandSnapshot,433.34
2025-01-01,M07,Consumption,-23.47
2025-01-01,M07,OnHandSnapshot,409.87
2025-01-02,M07,Consumption,-24.16
2025-01-02,M07,OnHandSnapshot,385.71
2025-01-03,M07,Consumption,-31.7
2025-01-03,M07,OnHandSnapshot,354.01
2025-01-04,M07,Consumption,-21.87
2025-01-04,M07,OnHandSnapshot,332.14
2025-01-05,M07,Consumption,-23.04
2025-01-05,M07,OnHandSnapshot,309.1
2025-01-06,M07,Consumption,-21.84
2025-01-06,M07,OnHandSnapshot,287.26
2025-01-07,M07,Consumption,-20.6
2025-01-07,M07,OnHandSnapshot,266.66
2025-01-08,M07,Consumption,-21.73
2025-01-08,M07,OnHandSnapshot,244.93
2025-01-09,M07,Consumption,-25.5
2025-01-09,M07,OnHandSnapshot,219.43
2025-01-10,M07,Consumption,-28.32
2025-01-10,M07,OnHandSnapshot,191.11
2025-01-11,M07,Consumption,-22.43
2025-01-11,M07,OnHandSnapshot,168.68
2025-01-12,M07,Consumption,-21.7
2025-01-12,M07,OnHandSnapshot,146.98
2025-01-13,M07,Receipt,421.73
2025-01-13,M07,Consumption,-22.47
2025-01-13,M07,OnHandSnapshot,546.24
2025-01-14,M07,Consumption,-21.12
2025-01-14,M07,OnHandSnapshot,525.12
2025-01-15,M07,Consumption,-23.36
2025-01-15,M07,OnHandSnapshot,501.76
2025-01-16,M07,Consumption,-25.1
2025-01-16,M07,OnHandSnapshot,476.65
2025-01-17,M07,Consumption,-28.5
2025-01-17,M07,OnHandSnapshot,448.15
2025-01-18,M07,Consumption,-21.1
2025-01-18,M07,OnHandSnapshot,427.05
2025-01-19,M07,Consumption,-21.54
2025-01-19,M07,OnHandSnapshot,405.51
2025-01-20,M07,Consumption,-21.0
2025-01-20,M07,OnHandSnapshot,384.51
2025-01-21,M07,Consumption,-22.5
2025-01-21,M07,OnHandSnapshot,362.01
2025-01-22,M07,Consumption,-23.07
2025-01-22,M07,OnHandSnapshot,338.94
2025-01-23,M07,Consumption,-25.7
2025-01-23,M07,OnHandSnapshot,313.24
2025-01-24,M07,Consumption,-31.09
2025-01-24,M07,OnHandSnapshot,282.16
2025-01-25,M07,Consumption,-20.92
2025-01-25,M07,OnHandSnapshot,261.23
2025-01-26,M07,Consumption,-21.75
2025-01-26,M07,OnHandSnapshot,239.48
2025-01-27,M07,Consumption,-22.96
2025-01-27,M07,OnHandSnapshot,216.52
2025-01-28,M07,Consumption,-22.72
2025-01-28,M07,OnHandSnapshot,193.8
2025-01-29,M07,Consumption,-23.47
2025-01-29,M07,OnHandSnapshot,170.33
2025-01-30,M07,Receipt,421.73
2025-01-30,M07,Consumption,-27.68
2025-01-30,M07,OnHandSnapshot,564.38
2025-01-31,M07,Consumption,-30.3
2025-01-31,M07,OnHandSnapshot,534.08
2025-02-01,M07,Consumption,-20.65
2025-02-01,M07,OnHandSnapshot,513.43
2025-02-02,M07,Consumption,-22.41
2025-02-02,M07,OnHandSnapshot,491.02
2025-02-03,M07,Consumption,-21.78
2025-02-03,M07,OnHandSnapshot,469.24
2025-02-04,M07,Consumption,-21.2
2025-02-04,M07,OnHandSnapshot,448.04
2025-02-05,M07,Consumption,-23.06
2025-02-05,M07,OnHandSnapshot,424.99
2025-02-06,M07,Consumption,-25.36
2025-02-06,M07,OnHandSnapshot,399.63
2025-02-07,M07,Consumption,-28.93
2025-02-07,M07,OnHandSnapshot,370.7
2025-02-08,M07,Consumption,-21.34
2025-02-08,M07,OnHandSnapshot,349.36
2025-02-09,M07,Consumption,-22.06
2025-02-09,M07,OnHandSnapshot,327.3
2025-02-10,M07,Consumption,-21.18
2025-02-10,M07,OnHandSnapshot,306.12
2025-02-11,M07,Consumption,-21.7
2025-02-11,M07,OnHandSnapshot,284.42
2025-02-12,M07,Consumption,-22.88
2025-02-12,M07,OnHandSnapshot,261.54
2025-02-13,M07,Consumption,-25.93
2025-02-13,M07,OnHandSnapshot,235.61
2025-02-14,M07,Consumption,-29.86
2025-02-14,M07,OnHandSnapshot,205.75
2025-02-15,M07,Consumption,-19.94
2025-02-15,M07,OnHandSnapshot,185.81
2025-02-16,M07,Consumption,-22.62
2025-02-16,M07,OnHandSnapshot,163.18
2025-02-17,M07,Receipt,421.73
2025-02-17,M07,Consumption,-22.11
2025-02-17,M07,OnHandSnapshot,562.8
2025-02-18,M07,Consumption,-22.47
2025-02-18,M07,OnHandSnapshot,540.33
2025-02-19,M07,Consumption,-22.65
2025-02-19,M07,OnHandSnapshot,517.68
2025-02-20,M07,Consumption,-25.42
2025-02-20,M07,OnHandSnapshot,492.26
2025-02-21,M07,Consumption,-29.58
2025-02-21,M07,OnHandSnapshot,462.69
2025-02-22,M07,Consumption,-20.53
2025-02-22,M07,OnHandSnapshot,442.16
2025-02-23,M07,Consumption,-20.31
2025-02-23,M07,OnHandSnapshot,421.84
2025-02-24,M07,Consumption,-22.12
2025-02-24,M07,OnHandSnapshot,399.72
2025-02-25,M07,Consumption,-22.81
2025-02-25,M07,OnHandSnapshot,376.91
2025-02-26,M07,Consumption,-22.57
2025-02-26,M07,OnHandSnapshot,354.34
2025-02-27,M07,Consumption,-25.25
2025-02-27,M07,OnHandSnapshot,329.09
2025-02-28,M07,Consumption,-30.24
2025-02-28,M07,OnHandSnapshot,298.85
2025-03-01,M07,Consumption,-21.77
2025-03-01,M07,OnHandSnapshot,277.08
2025-03-02,M07,Consumption,-22.03
2025-03-02,M07,OnHandSnapshot,255.05
2025-03-03,M07,Consumption,-22.68
2025-03-03,M07,OnHandSnapshot,232.37
2025-03-04,M07,Consumption,-21.57
2025-03-04,M07,OnHandSnapshot,210.8
2025-03-05,M07,Consumption,-21.91
2025-03-05,M07,OnHandSnapshot,188.89
2025-03-06,M07,Consumption,-25.44
2025-03-06,M07,OnHandSnapshot,163.45
2025-03-07,M07,Consumption,-30.43
2025-03-07,M07,OnHandSnapshot,133.02
2025-03-08,M07,Receipt,421.73
2025-03-08,M07,Consumption,-23.4
2025-03-08,M07,OnHandSnapshot,531.34
2025-03-09,M07,Consumption,-21.92
2025-03-09,M07,OnHandSnapshot,509.43
2025-03-10,M07,Consumption,-23.03
2025-03-10,M07,OnHandSnapshot,486.39
2025-03-11,M07,Consumption,-22.37
2025-03-11,M07,OnHandSnapshot,464.02
2025-03-12,M07,Consumption,-21.5
2025-03-12,M07,OnHandSnapshot,442.52
2025-03-13,M07,Consumption,-23.71
2025-03-13,M07,OnHandSnapshot,418.81
2025-03-14,M07,Consumption,-29.11
2025-03-14,M07,OnHandSnapshot,389.7
2025-03-15,M07,Consumption,-21.84
2025-03-15,M07,OnHandSnapshot,367.86
2025-03-16,M07,Consumption,-21.64
2025-03-16,M07,OnHandSnapshot,346.22
2025-03-17,M07,Consumption,-21.34
2025-03-17,M07,OnHandSnapshot,324.89
2025-03-18,M07,Consumption,-21.75
2025-03-18,M07,OnHandSnapshot,303.14
2025-03-19,M07,Consumption,-23.08
2025-03-19,M07,OnHandSnapshot,280.05
2025-03-20,M07,Consumption,-25.46
2025-03-20,M07,OnHandSnapshot,254.59
2025-03-21,M07,Consumption,-32.42
2025-03-21,M07,OnHandSnapshot,222.17
2025-03-22,M07,Consumption,-20.96
2025-03-22,M07,OnHandSnapshot,201.21
2025-03-23,M07,Consumption,-21.39
2025-03-23,M07,OnHandSnapshot,179.82
2025-03-24,M07,Consumption,-21.98
2025-03-24,M07,OnHandSnapshot,157.85
2025-03-25,M07,Receipt,421.73
2025-03-25,M07,Consumption,-24.78
2025-03-25,M07,OnHandSnapshot,554.79
2025-03-26,M07,Consumption,-22.19
2025-03-26,M07,OnHandSnapshot,532.6
2025-03-27,M07,Consumption,-25.16
2025-03-27,M07,OnHandSnapshot,507.44
2025-03-28,M07,Consumption,-29.91
2025-03-28,M07,OnHandSnapshot,477.53
2025-03-29,M07,Consumption,-21.49
2025-03-29,M07,OnHandSnapshot,456.04
2025-03-30,M07,Consumption,-22.26
2025-03-30,M07,OnHandSnapshot,433.78
2025-03-31,M07,Consumption,-23.04
2025-03-31,M07,OnHandSnapshot,410.73
2025-04-01,M07,Consumption,-23.31
2025-04-01,M07,OnHandSnapshot,387.42
2025-04-02,M07,Consumption,-21.47
2025-04-02,M07,OnHandSnapshot,365.95
2025-04-03,M07,Consumption,-24.5
2025-04-03,M07,OnHandSnapshot,341.45
2025-04-04,M07,Consumption,-29.99
2025-04-04,M07,OnHandSnapshot,311.46
2025-04-05,M07,Consumption,-20.72
2025-04-05,M07,OnHandSnapshot,290.74
2025-04-06,M07,Consumption,-21.42
2025-04-06,M07,OnHandSnapshot,269.32
2025-04-07,M07,Consumption,-21.98
2025-04-07,M07,OnHandSnapshot,247.34
2025-04-08,M07,Consumption,-22.21
2025-04-08,M07,OnHandSnapshot,225.14
2025-04-09,M07,Consumption,-22.4
2025-04-09,M07,OnHandSnapshot,202.73
2025-04-10,M07,Consumption,-26.08
2025-04-10,M07,OnHandSnapshot,176.65
2025-04-11,M07,Receipt,421.73
2025-04-11,M07,Consumption,-31.2
2025-04-11,M07,OnHandSnapshot,567.17
2025-04-12,M07,Consumption,-21.12
2025-04-12,M07,OnHandSnapshot,546.06
2025-04-13,M07,Consumption,-22.91
2025-04-13,M07,OnHandSnapshot,523.15
2025-04-14,M07,Consumption,-21.66
2025-04-14,M07,OnHandSnapshot,501.49
2025-04-15,M07,Consumption,-21.54
2025-04-15,M07,OnHandSnapshot,479.95
2025-04-16,M07,Consumption,-22.74
2025-04-16,M07,OnHandSnapshot,457.2
2025-04-17,M07,Consumption,-24.99
2025-04-17,M07,OnHandSnapshot,432.21
2025-04-18,M07,Consumption,-29.29
2025-04-18,M07,OnHandSnapshot,402.92
2025-04-19,M07,Consumption,-21.21
2025-04-19,M07,OnHandSnapshot,381.71
2025-04-20,M07,Consumption,-20.65
2025-04-20,M07,OnHandSnapshot,361.06
2025-04-21,M07,Consumption,-23.03
2025-04-21,M07,OnHandSnapshot,338.03
2025-04-22,M07,Consumption,-23.46
2025-04-22,M07,OnHandSnapshot,314.57
2025-04-23,M07,Consumption,-22.64
2025-04-23,M07,OnHandSnapshot,291.93
2025-04-24,M07,Consumption,-25.66
2025-04-24,M07,OnHandSnapshot,266.28
2025-04-25,M07,Consumption,-31.96
2025-04-25,M07,OnHandSnapshot,234.32
2025-04-26,M07,Consumption,-21.12
2025-04-26,M07,OnHandSnapshot,213.2
2025-04-27,M07,Receipt,421.73
2025-04-27,M07,Consumption,-22.64
2025-04-27,M07,OnHandSnapshot,612.29
2025-04-28,M07,Consumption,-22.47
2025-04-28,M07,OnHandSnapshot,589.82
2025-04-29,M07,Consumption,-22.04
2025-04-29,M07,OnHandSnapshot,567.79
2025-04-30,M07,Consumption,-23.46
2025-04-30,M07,OnHandSnapshot,544.33
2025-05-01,M07,Consumption,-25.89
2025-05-01,M07,OnHandSnapshot,518.44
2025-05-02,M07,Consumption,-32.5
2025-05-02,M07,OnHandSnapshot,485.94
2025-05-03,M07,Consumption,-22.15
2025-05-03,M07,OnHandSnapshot,463.79
2025-05-04,M07,Consumption,-21.95
2025-05-04,M07,OnHandSnapshot,441.85
2025-05-05,M07,Consumption,-23.86
2025-05-05,M07,OnHandSnapshot,417.98
2025-05-06,M07,Consumption,-22.22
2025-05-06,M07,OnHandSnapshot,395.76
2025-05-07,M07,Consumption,-22.17
2025-05-07,M07,OnHandSnapshot,373.59
2025-05-08,M07,Consumption,-27.16
2025-05-08,M07,OnHandSnapshot,346.43
2025-05-09,M07,Consumption,-31.12
2025-05-09,M07,OnHandSnapshot,315.31
2025-05-10,M07,Consumption,-20.31
2025-05-10,M07,OnHandSnapshot,295.0
2025-05-11,M07,Consumption,-22.59
2025-05-11,M07,OnHandSnapshot,272.41
2025-05-12,M07,Consumption,-24.01
2025-05-12,M07,OnHandSnapshot,248.4
2025-05-13,M07,Consumption,-22.47
2025-05-13,M07,OnHandSnapshot,225.93
2025-05-14,M07,Consumption,-22.39
2025-05-14,M07,OnHandSnapshot,203.54
2025-05-15,M07,Consumption,-25.4
2025-05-15,M07,OnHandSnapshot,178.14
2025-05-16,M07,Consumption,-30.34
2025-05-16,M07,OnHandSnapshot,147.79
2025-05-17,M07,Receipt,421.73
2025-05-17,M07,Consumption,-23.04
2025-05-17,M07,OnHandSnapshot,546.48
2025-05-18,M07,Consumption,-21.45
2025-05-18,M07,OnHandSnapshot,525.03
2025-05-19,M07,Consumption,-21.39
2025-05-19,M07,OnHandSnapshot,503.64
2025-05-20,M07,Consumption,-23.49
2025-05-20,M07,OnHandSnapshot,480.15
2025-05-21,M07,Consumption,-22.9
2025-05-21,M07,OnHandSnapshot,457.24
2025-05-22,M07,Consumption,-29.92
2025-05-22,M07,OnHandSnapshot,427.33
2025-05-23,M07,Consumption,-30.46
2025-05-23,M07,OnHandSnapshot,396.86
2025-05-24,M07,Consumption,-22.28
2025-05-24,M07,OnHandSnapshot,374.58
2025-05-25,M07,Consumption,-21.9
2025-05-25,M07,OnHandSnapshot,352.68
2025-05-26,M07,Consumption,-22.14
2025-05-26,M07,OnHandSnapshot,330.54
2025-05-27,M07,Consumption,-21.52
2025-05-27,M07,OnHandSnapshot,309.02
2025-05-28,M07,Consumption,-21.19
2025-05-28,M07,OnHandSnapshot,287.82
2025-05-29,M07,Consumption,-25.08
2025-05-29,M07,OnHandSnapshot,262.75
2025-05-30,M07,Consumption,-28.4
2025-05-30,M07,OnHandSnapshot,234.35
2025-05-31,M07,Consumption,-20.96
2025-05-31,M07,OnHandSnapshot,213.39
2025-06-01,M07,Consumption,-23.02
2025-06-01,M07,OnHandSnapshot,190.37
2025-06-02,M07,Receipt,421.73
2025-06-02,M07,Consumption,-23.7
2025-06-02,M07,OnHandSnapshot,588.4
2025-06-03,M07,Consumption,-21.59
2025-06-03,M07,OnHandSnapshot,566.81
2025-06-04,M07,Consumption,-22.16
2025-06-04,M07,OnHandSnapshot,544.65
2025-06-05,M07,Consumption,-26.1
2025-06-05,M07,OnHandSnapshot,518.54
2025-06-06,M07,Consumption,-30.55
2025-06-06,M07,OnHandSnapshot,487.99
2025-06-07,M07,Consumption,-20.17
2025-06-07,M07,OnHandSnapshot,467.83
2025-06-08,M07,Consumption,-23.24
2025-06-08,M07,OnHandSnapshot,444.59
2025-06-09,M07,Consumption,-21.62
2025-06-09,M07,OnHandSnapshot,422.97
2025-06-10,M07,Consumption,-22.68
2025-06-10,M07,OnHandSnapshot,400.29
2025-06-11,M07,Consumption,-22.92
2025-06-11,M07,OnHandSnapshot,377.36
2025-06-12,M07,Consumption,-26.16
2025-06-12,M07,OnHandSnapshot,351.2
2025-06-13,M07,Consumption,-29.42
2025-06-13,M07,OnHandSnapshot,321.79
2025-06-14,M07,Consumption,-20.95
2025-06-14,M07,OnHandSnapshot,300.84
2025-06-15,M07,Consumption,-23.45
2025-06-15,M07,OnHandSnapshot,277.39
2025-06-16,M07,Consumption,-22.51
2025-06-16,M07,OnHandSnapshot,254.88
2025-06-17,M07,Consumption,-24.68
2025-06-17,M07,OnHandSnapshot,230.19
2025-06-18,M07,Consumption,-22.98
2025-06-18,M07,OnHandSnapshot,207.22
2025-06-19,M07,Consumption,-25.33
2025-06-19,M07,OnHandSnapshot,181.89
2025-06-20,M07,Consumption,-30.72
2025-06-20,M07,OnHandSnapshot,151.17
2025-06-21,M07,Receipt,421.73
2025-06-21,M07,Consumption,-20.8
2025-06-21,M07,OnHandSnapshot,552.1
2025-06-22,M07,Consumption,-22.21
2025-06-22,M07,OnHandSnapshot,529.89
2025-06-23,M07,Consumption,-23.08
2025-06-23,M07,OnHandSnapshot,506.8
2025-06-24,M07,Consumption,-22.84
2025-06-24,M07,OnHandSnapshot,483.96
2025-06-25,M07,Consumption,-22.17
2025-06-25,M07,OnHandSnapshot,461.79
2025-06-26,M07,Consumption,-25.65
2025-06-26,M07,OnHandSnapshot,436.14
2025-06-27,M07,Consumption,-30.68
2025-06-27,M07,OnHandSnapshot,405.47
2025-06-28,M07,Consumption,-21.41
2025-06-28,M07,OnHandSnapshot,384.06
2025-06-29,M07,Consumption,-22.14
2025-06-29,M07,OnHandSnapshot,361.92
2025-06-30,M07,Consumption,-21.72
2025-06-30,M07,OnHandSnapshot,340.2
2025-07-01,M07,Consumption,-23.39
2025-07-01,M07,OnHandSnapshot,316.81
2025-07-02,M07,Consumption,-21.81
2025-07-02,M07,OnHandSnapshot,295.0
2025-07-03,M07,Consumption,-26.27
2025-07-03,M07,OnHandSnapshot,268.73
2025-07-04,M07,Consumption,-30.28
2025-07-04,M07,OnHandSnapshot,238.44
2025-07-05,M07,Consumption,-22.72
2025-07-05,M07,OnHandSnapshot,215.72
2025-07-06,M07,Receipt,421.73
2025-07-06,M07,Consumption,-22.15
2025-07-06,M07,OnHandSnapshot,615.3
2025-07-07,M07,Consumption,-22.53
2025-07-07,M07,OnHandSnapshot,592.77
2025-07-08,M07,Consumption,-24.2
2025-07-08,M07,OnHandSnapshot,568.57
2025-07-09,M07,Consumption,-22.75
2025-07-09,M07,OnHandSnapshot,545.82
2025-07-10,M07,Consumption,-25.92
2025-07-10,M07,OnHandSnapshot,519.9
2025-07-11,M07,Consumption,-30.92
2025-07-11,M07,OnHandSnapshot,488.98
2025-07-12,M07,Consumption,-23.26
2025-07-12,M07,OnHandSnapshot,465.72
2025-07-13,M07,Consumption,-23.11
2025-07-13,M07,OnHandSnapshot,442.61
2025-07-14,M07,Consumption,-22.4
2025-07-14,M07,OnHandSnapshot,420.21
2025-07-15,M07,Consumption,-22.4
2025-07-15,M07,OnHandSnapshot,397.81
2025-07-16,M07,Consumption,-23.55
2025-07-16,M07,OnHandSnapshot,374.26
2025-07-17,M07,Consumption,-26.76
2025-07-17,M07,OnHandSnapshot,347.5
2025-07-18,M07,Consumption,-31.59
2025-07-18,M07,OnHandSnapshot,315.91
2025-07-19,M07,Consumption,-21.29
2025-07-19,M07,OnHandSnapshot,294.62
2025-07-20,M07,Consumption,-21.59
2025-07-20,M07,OnHandSnapshot,273.03
2025-07-21,M07,Consumption,-23.08
2025-07-21,M07,OnHandSnapshot,249.95
2025-07-22,M07,Consumption,-23.14
2025-07-22,M07,OnHandSnapshot,226.81
2025-07-23,M07,Consumption,-23.13
2025-07-23,M07,OnHandSnapshot,203.68
2025-07-24,M07,Consumption,-26.17
2025-07-24,M07,OnHandSnapshot,177.51
2025-07-25,M07,Receipt,421.73
2025-07-25,M07,Consumption,-30.82
2025-07-25,M07,OnHandSnapshot,568.42
2025-07-26,M07,Consumption,-20.33
2025-07-26,M07,OnHandSnapshot,548.09
2025-07-27,M07,Consumption,-22.39
2025-07-27,M07,OnHandSnapshot,525.7
2025-07-28,M07,Consumption,-22.27
2025-07-28,M07,OnHandSnapshot,503.43
2025-07-29,M07,Consumption,-22.17
2025-07-29,M07,OnHandSnapshot,481.26
2025-07-30,M07,Consumption,-22.75
2025-07-30,M07,OnHandSnapshot,458.51
2025-07-31,M07,Consumption,-27.31
2025-07-31,M07,OnHandSnapshot,431.2
2025-08-01,M07,Consumption,-29.54
2025-08-01,M07,OnHandSnapshot,401.66
2025-08-02,M07,Consumption,-21.99
2025-08-02,M07,OnHandSnapshot,379.67
2025-08-03,M07,Consumption,-21.08
2025-08-03,M07,OnHandSnapshot,358.59
2025-08-04,M07,Consumption,-22.3
2025-08-04,M07,OnHandSnapshot,336.29
2025-08-05,M07,Consumption,-23.04
2025-08-05,M07,OnHandSnapshot,313.25
2025-08-06,M07,Consumption,-22.22
2025-08-06,M07,OnHandSnapshot,291.03
2025-08-07,M07,Consumption,-25.68
2025-08-07,M07,OnHandSnapshot,265.35
2025-08-08,M07,Consumption,-29.75
2025-08-08,M07,OnHandSnapshot,235.6
2025-08-09,M07,Consumption,-21.79
2025-08-09,M07,OnHandSnapshot,213.81
2025-08-10,M07,Consumption,-22.8
2025-08-10,M07,OnHandSnapshot,191.01
2025-08-11,M07,Consumption,-23.88
2025-08-11,M07,OnHandSnapshot,167.13
2025-08-12,M07,Consumption,-22.0
2025-08-12,M07,OnHandSnapshot,145.12
2025-08-13,M07,Receipt,421.73
2025-08-13,M07,Consumption,-22.8
2025-08-13,M07,OnHandSnapshot,544.05
2025-08-14,M07,Consumption,-24.59
2025-08-14,M07,OnHandSnapshot,519.46
2025-08-15,M07,Consumption,-29.74
2025-08-15,M07,OnHandSnapshot,489.72
2025-08-16,M07,Consumption,-23.03
2025-08-16,M07,OnHandSnapshot,466.69
2025-08-17,M07,Consumption,-24.21
2025-08-17,M07,OnHandSnapshot,442.48
2025-08-18,M07,Consumption,-22.64
2025-08-18,M07,OnHandSnapshot,419.84
2025-08-19,M07,Consumption,-22.83
2025-08-19,M07,OnHandSnapshot,397.01
2025-08-20,M07,Consumption,-22.46
2025-08-20,M07,OnHandSnapshot,374.55
2025-08-21,M07,Consumption,-27.64
2025-08-21,M07,OnHandSnapshot,346.91
2025-08-22,M07,Consumption,-30.19
2025-08-22,M07,OnHandSnapshot,316.72
2025-08-23,M07,Consumption,-19.66
2025-08-23,M07,OnHandSnapshot,297.06
2025-08-24,M07,Consumption,-23.02
2025-08-24,M07,OnHandSnapshot,274.04
2025-08-25,M07,Consumption,-22.74
2025-08-25,M07,OnHandSnapshot,251.31
2025-08-26,M07,Consumption,-22.74
2025-08-26,M07,OnHandSnapshot,228.57
2025-08-27,M07,Consumption,-23.35
2025-08-27,M07,OnHandSnapshot,205.22
2025-08-28,M07,Consumption,-25.6
2025-08-28,M07,OnHandSnapshot,179.61
2025-08-29,M07,Receipt,421.73
2025-08-29,M07,Consumption,-31.54
2025-08-29,M07,OnHandSnapshot,569.8
2025-08-30,M07,Consumption,-20.76
2025-08-30,M07,OnHandSnapshot,549.04
2025-08-31,M07,Consumption,-23.3
2025-08-31,M07,OnHandSnapshot,525.73
2025-09-01,M07,Consumption,-24.67
2025-09-01,M07,OnHandSnapshot,501.06
2025-09-02,M07,Consumption,-24.45
2025-09-02,M07,OnHandSnapshot,476.61
2025-09-03,M07,Consumption,-23.3
2025-09-03,M07,OnHandSnapshot,453.31
2025-09-04,M07,Consumption,-27.14
2025-09-04,M07,OnHandSnapshot,426.16
2025-09-05,M07,Consumption,-33.25
2025-09-05,M07,OnHandSnapshot,392.92
2025-09-06,M07,Consumption,-22.86
2025-09-06,M07,OnHandSnapshot,370.06
2025-09-07,M07,Consumption,-23.38
2025-09-07,M07,OnHandSnapshot,346.68
2025-09-08,M07,Consumption,-24.11
2025-09-08,M07,OnHandSnapshot,322.57
2025-09-09,M07,Consumption,-21.06
2025-09-09,M07,OnHandSnapshot,301.5
2025-09-10,M07,Consumption,-22.86
2025-09-10,M07,OnHandSnapshot,278.64
2025-09-11,M07,Consumption,-28.68
2025-09-11,M07,OnHandSnapshot,249.96
2025-09-12,M07,Consumption,-31.91
2025-09-12,M07,OnHandSnapshot,218.05
2025-09-13,M07,Receipt,421.73
2025-09-13,M07,Consumption,-20.98
2025-09-13,M07,OnHandSnapshot,618.79
2025-09-14,M07,Consumption,-21.06
2025-09-14,M07,OnHandSnapshot,597.73
2025-09-15,M07,Consumption,-23.22
2025-09-15,M07,OnHandSnapshot,574.52
2025-09-16,M07,Consumption,-23.43
2025-09-16,M07,OnHandSnapshot,551.09
2025-09-17,M07,Consumption,-23.95
2025-09-17,M07,OnHandSnapshot,527.14
2025-09-18,M07,Consumption,-26.1
2025-09-18,M07,OnHandSnapshot,501.03
2025-09-19,M07,Consumption,-30.05
2025-09-19,M07,OnHandSnapshot,470.99
2025-09-20,M07,Consumption,-21.98
2025-09-20,M07,OnHandSnapshot,449.01
2025-09-21,M07,Consumption,-22.28
2025-09-21,M07,OnHandSnapshot,426.73
2025-09-22,M07,Consumption,-22.94
2025-09-22,M07,OnHandSnapshot,403.79
2025-09-23,M07,Consumption,-23.35
2025-09-23,M07,OnHandSnapshot,380.44
2025-09-24,M07,Consumption,-24.92
2025-09-24,M07,OnHandSnapshot,355.53
2025-09-25,M07,Consumption,-27.44
2025-09-25,M07,OnHandSnapshot,328.09
2025-09-26,M07,Consumption,-34.08
2025-09-26,M07,OnHandSnapshot,294.0
2025-09-27,M07,Consumption,-22.29
2025-09-27,M07,OnHandSnapshot,271.71
2025-09-28,M07,Consumption,-24.55
2025-09-28,M07,OnHandSnapshot,247.17
2025-09-29,M07,Consumption,-23.15
2025-09-29,M07,OnHandSnapshot,224.02
2025-09-30,M07,Receipt,421.73
2025-09-30,M07,Consumption,-22.34
2025-09-30,M07,OnHandSnapshot,623.4
2025-10-01,M07,Consumption,-23.14
2025-10-01,M07,OnHandSnapshot,600.26
2025-10-02,M07,Consumption,-26.44
2025-10-02,M07,OnHandSnapshot,573.82
2025-10-03,M07,Consumption,-31.98
2025-10-03,M07,OnHandSnapshot,541.84
2025-10-04,M07,Consumption,-21.15
2025-10-04,M07,OnHandSnapshot,520.7
2025-10-05,M07,Consumption,-21.95
2025-10-05,M07,OnHandSnapshot,498.75
2025-10-06,M07,Consumption,-24.04
2025-10-06,M07,OnHandSnapshot,474.71
2025-10-07,M07,Consumption,-22.46
2025-10-07,M07,OnHandSnapshot,452.24
2025-10-08,M07,Consumption,-23.46
2025-10-08,M07,OnHandSnapshot,428.78
2025-10-09,M07,Consumption,-26.62
2025-10-09,M07,OnHandSnapshot,402.16
2025-10-10,M07,Consumption,-30.22
2025-10-10,M07,OnHandSnapshot,371.94
2025-10-11,M07,Consumption,-23.24
2025-10-11,M07,OnHandSnapshot,348.71
2025-10-12,M07,Consumption,-23.68
2025-10-12,M07,OnHandSnapshot,325.03
2025-10-13,M07,Consumption,-23.68
2025-10-13,M07,OnHandSnapshot,301.35
2025-10-14,M07,Consumption,-21.6
2025-10-14,M07,OnHandSnapshot,279.76
2025-10-15,M07,Consumption,-23.47
2025-10-15,M07,OnHandSnapshot,256.29
2025-10-16,M07,Consumption,-26.55
2025-10-16,M07,OnHandSnapshot,229.74
2025-10-17,M07,Consumption,-32.04
2025-10-17,M07,OnHandSnapshot,197.7
2025-10-18,M07,Consumption,-21.33
2025-10-18,M07,OnHandSnapshot,176.37
2025-10-19,M07,Receipt,421.73
2025-10-19,M07,Consumption,-22.79
2025-10-19,M07,OnHandSnapshot,575.31
2025-10-20,M07,Consumption,-22.96
2025-10-20,M07,OnHandSnapshot,552.35
2025-10-21,M07,Consumption,-24.44
2025-10-21,M07,OnHandSnapshot,527.91
2025-10-22,M07,Consumption,-23.28
2025-10-22,M07,OnHandSnapshot,504.63
2025-10-23,M07,Consumption,-26.65
2025-10-23,M07,OnHandSnapshot,477.98
2025-10-24,M07,Consumption,-31.0
2025-10-24,M07,OnHandSnapshot,446.97
2025-10-25,M07,Consumption,-21.96
2025-10-25,M07,OnHandSnapshot,425.02
2025-10-26,M07,Consumption,-22.85
2025-10-26,M07,OnHandSnapshot,402.17
2025-10-27,M07,Consumption,-23.09
2025-10-27,M07,OnHandSnapshot,379.08
2025-10-28,M07,Consumption,-25.56
2025-10-28,M07,OnHandSnapshot,353.52
2025-10-29,M07,Consumption,-23.2
2025-10-29,M07,OnHandSnapshot,330.31
2025-10-30,M07,Consumption,-26.8
2025-10-30,M07,OnHandSnapshot,303.51
2025-10-31,M07,Consumption,-29.88
2025-10-31,M07,OnHandSnapshot,273.63
2025-11-01,M07,Consumption,-22.13
2025-11-01,M07,OnHandSnapshot,251.5
2025-11-02,M07,Consumption,-23.02
2025-11-02,M07,OnHandSnapshot,228.48
2025-11-03,M07,Consumption,-22.58
2025-11-03,M07,OnHandSnapshot,205.89
2025-11-04,M07,Consumption,-24.62
2025-11-04,M07,OnHandSnapshot,181.27
2025-11-05,M07,Receipt,421.73
2025-11-05,M07,Consumption,-23.76
2025-11-05,M07,OnHandSnapshot,579.24
2025-11-06,M07,Consumption,-26.17
2025-11-06,M07,OnHandSnapshot,553.07
2025-11-07,M07,Consumption,-31.61
2025-11-07,M07,OnHandSnapshot,521.46
2025-11-08,M07,Consumption,-22.0
2025-11-08,M07,OnHandSnapshot,499.46
2025-11-09,M07,Consumption,-23.78
2025-11-09,M07,OnHandSnapshot,475.68
2025-11-10,M07,Consumption,-23.51
2025-11-10,M07,OnHandSnapshot,452.16
2025-11-11,M07,Consumption,-22.48
2025-11-11,M07,OnHandSnapshot,429.68
2025-11-12,M07,Consumption,-24.22
2025-11-12,M07,OnHandSnapshot,405.46
2025-11-13,M07,Consumption,-28.55
2025-11-13,M07,OnHandSnapshot,376.91
2025-11-14,M07,Consumption,-30.04
2025-11-14,M07,OnHandSnapshot,346.88
2025-11-15,M07,Consumption,-22.92
2025-11-15,M07,OnHandSnapshot,323.96
2025-11-16,M07,Consumption,-23.68
2025-11-16,M07,OnHandSnapshot,300.28
2025-11-17,M07,Consumption,-22.7
2025-11-17,M07,OnHandSnapshot,277.58
2025-11-18,M07,Consumption,-21.69
2025-11-18,M07,OnHandSnapshot,255.89
2025-11-19,M07,Consumption,-23.07
2025-11-19,M07,OnHandSnapshot,232.82
2025-11-20,M07,Consumption,-25.94
2025-11-20,M07,OnHandSnapshot,206.88
2025-11-21,M07,Consumption,-32.8
2025-11-21,M07,OnHandSnapshot,174.08
2025-11-22,M07,Consumption,-23.98
2025-11-22,M07,OnHandSnapshot,150.1
2025-11-23,M07,Consumption,-23.21
2025-11-23,M07,OnHandSnapshot,126.89
2025-11-24,M07,Receipt,421.73
2025-11-24,M07,Consumption,-21.4
2025-11-24,M07,OnHandSnapshot,527.22
2025-11-25,M07,Consumption,-22.6
2025-11-25,M07,OnHandSnapshot,504.62
2025-11-26,M07,Consumption,-22.28
2025-11-26,M07,OnHandSnapshot,482.34
2025-11-27,M07,Consumption,-26.85
2025-11-27,M07,OnHandSnapshot,455.48
2025-11-28,M07,Consumption,-32.12
2025-11-28,M07,OnHandSnapshot,423.36
2025-11-29,M07,Consumption,-23.57
2025-11-29,M07,OnHandSnapshot,399.79
2025-11-30,M07,Consumption,-25.8
2025-11-30,M07,OnHandSnapshot,373.99
2025-12-01,M07,Consumption,-25.16
2025-12-01,M07,OnHandSnapshot,348.83
2025-12-02,M07,Consumption,-22.13
2025-12-02,M07,OnHandSnapshot,326.7
2025-12-03,M07,Consumption,-21.65
2025-12-03,M07,OnHandSnapshot,305.04
2025-12-04,M07,Consumption,-27.08
2025-12-04,M07,OnHandSnapshot,277.96
2025-12-05,M07,Consumption,-32.82
2025-12-05,M07,OnHandSnapshot,245.14
2025-12-06,M07,Consumption,-21.9
2025-12-06,M07,OnHandSnapshot,223.24
2025-12-07,M07,Consumption,-24.2
2025-12-07,M07,OnHandSnapshot,199.03
2025-12-08,M07,Consumption,-24.34
2025-12-08,M07,OnHandSnapshot,174.69
2025-12-09,M07,Receipt,421.73
2025-12-09,M07,Consumption,-24.63
2025-12-09,M07,OnHandSnapshot,571.79
2025-12-10,M07,Consumption,-25.42
2025-12-10,M07,OnHandSnapshot,546.37
2025-12-11,M07,Consumption,-25.49
2025-12-11,M07,OnHandSnapshot,520.87
2025-12-12,M07,Consumption,-32.41
2025-12-12,M07,OnHandSnapshot,488.47
2025-12-13,M07,Consumption,-24.2
2025-12-13,M07,OnHandSnapshot,464.27
2025-12-14,M07,Consumption,-22.56
2025-12-14,M07,OnHandSnapshot,441.7
2025-12-15,M07,Consumption,-22.94
2025-12-15,M07,OnHandSnapshot,418.76
2025-12-16,M07,Consumption,-24.42
2025-12-16,M07,OnHandSnapshot,394.33
2025-12-17,M07,Consumption,-23.39
2025-12-17,M07,OnHandSnapshot,370.95
2025-12-18,M07,Consumption,-25.98
2025-12-18,M07,OnHandSnapshot,344.97
2025-12-19,M07,Consumption,-31.43
2025-12-19,M07,OnHandSnapshot,313.54
2025-12-20,M07,Consumption,-23.05
2025-12-20,M07,OnHandSnapshot,290.49
2025-12-21,M07,Consumption,-22.94
2025-12-21,M07,OnHandSnapshot,267.55
2025-12-22,M07,Consumption,-23.13
2025-12-22,M07,OnHandSnapshot,244.41
2025-12-23,M07,Consumption,-23.18
2025-12-23,M07,OnHandSnapshot,221.23
2025-12-24,M07,Consumption,-24.06
2025-12-24,M07,OnHandSnapshot,197.17
2025-12-25,M07,Consumption,-26.45
2025-12-25,M07,OnHandSnapshot,170.72
2025-12-26,M07,Consumption,-30.85
2025-12-26,M07,OnHandSnapshot,139.87
2025-12-27,M07,Receipt,421.73
2025-12-27,M07,Consumption,-21.74
2025-12-27,M07,OnHandSnapshot,539.86
2025-12-28,M07,Consumption,-24.51
2025-12-28,M07,OnHandSnapshot,515.35
2025-12-29,M07,Consumption,-23.06
2025-12-29,M07,OnHandSnapshot,492.29
2025-12-30,M07,Consumption,-24.56
2025-12-30,M07,OnHandSnapshot,467.73
2025-12-31,M07,Consumption,-22.58
2025-12-31,M07,OnHandSnapshot,445.16
2024-01-01,M08,Consumption,-24.26
2024-01-01,M08,OnHandSnapshot,287.35
2024-01-02,M08,Consumption,-22.59
2024-01-02,M08,OnHandSnapshot,264.77
2024-01-03,M08,Consumption,-22.26
2024-01-03,M08,OnHandSnapshot,242.5
2024-01-04,M08,Consumption,-24.97
2024-01-04,M08,OnHandSnapshot,217.53
2024-01-05,M08,Consumption,-31.42
2024-01-05,M08,OnHandSnapshot,186.11
2024-01-06,M08,Consumption,-21.37
2024-01-06,M08,OnHandSnapshot,164.74
2024-01-07,M08,Consumption,-22.72
2024-01-07,M08,OnHandSnapshot,142.02
2024-01-08,M08,Consumption,-22.73
2024-01-08,M08,OnHandSnapshot,119.3
2024-01-09,M08,Consumption,-20.8
2024-01-09,M08,OnHandSnapshot,98.5
2024-01-10,M08,Consumption,-22.17
2024-01-10,M08,OnHandSnapshot,76.33
2024-01-11,M08,Consumption,-27.71
2024-01-11,M08,OnHandSnapshot,48.63
2024-01-12,M08,Consumption,-32.28
2024-01-12,M08,OnHandSnapshot,16.34
2024-01-13,M08,Consumption,-20.92
2024-01-13,M08,OnHandSnapshot,-4.58
2024-01-14,M08,Consumption,-23.16
2024-01-14,M08,OnHandSnapshot,-27.73
2024-01-15,M08,Consumption,-22.72
2024-01-15,M08,OnHandSnapshot,-50.45
2024-01-16,M08,Consumption,-23.93
2024-01-16,M08,OnHandSnapshot,-74.38
2024-01-17,M08,Consumption,-23.02
2024-01-17,M08,OnHandSnapshot,-97.4
2024-01-18,M08,Receipt,1051.71
2024-01-18,M08,Consumption,-25.86
2024-01-18,M08,OnHandSnapshot,928.45
2024-01-19,M08,Consumption,-31.25
2024-01-19,M08,OnHandSnapshot,897.2
2024-01-20,M08,Consumption,-22.46
2024-01-20,M08,OnHandSnapshot,874.74
2024-01-21,M08,Consumption,-21.8
2024-01-21,M08,OnHandSnapshot,852.94
2024-01-22,M08,Consumption,-23.26
2024-01-22,M08,OnHandSnapshot,829.68
2024-01-23,M08,Consumption,-25.28
2024-01-23,M08,OnHandSnapshot,804.4
2024-01-24,M08,Consumption,-22.69
2024-01-24,M08,OnHandSnapshot,781.71
2024-01-25,M08,Consumption,-27.14
2024-01-25,M08,OnHandSnapshot,754.57
2024-01-26,M08,Consumption,-30.21
2024-01-26,M08,OnHandSnapshot,724.36
2024-01-27,M08,Consumption,-22.68
2024-01-27,M08,OnHandSnapshot,701.68
2024-01-28,M08,Consumption,-23.48
2024-01-28,M08,OnHandSnapshot,678.21
2024-01-29,M08,Consumption,-22.89
2024-01-29,M08,OnHandSnapshot,655.32
2024-01-30,M08,Consumption,-22.27
2024-01-30,M08,OnHandSnapshot,633.05
2024-01-31,M08,Consumption,-23.39
2024-01-31,M08,OnHandSnapshot,609.66
2024-02-01,M08,Consumption,-26.04
2024-02-01,M08,OnHandSnapshot,583.62
2024-02-02,M08,Consumption,-30.32
2024-02-02,M08,OnHandSnapshot,553.29
2024-02-03,M08,Consumption,-21.69
2024-02-03,M08,OnHandSnapshot,531.6
2024-02-04,M08,Consumption,-22.26
2024-02-04,M08,OnHandSnapshot,509.34
2024-02-05,M08,Consumption,-23.31
2024-02-05,M08,OnHandSnapshot,486.03
2024-02-06,M08,Consumption,-21.92
2024-02-06,M08,OnHandSnapshot,464.11
2024-02-07,M08,Consumption,-21.89
2024-02-07,M08,OnHandSnapshot,442.22
2024-02-08,M08,Consumption,-26.37
2024-02-08,M08,OnHandSnapshot,415.85
2024-02-09,M08,Receipt,1051.71
2024-02-09,M08,Consumption,-30.64
2024-02-09,M08,OnHandSnapshot,1436.91
2024-02-10,M08,Consumption,-21.44
2024-02-10,M08,OnHandSnapshot,1415.47
2024-02-11,M08,Consumption,-22.69
2024-02-11,M08,OnHandSnapshot,1392.78
2024-02-12,M08,Consumption,-23.52
2024-02-12,M08,OnHandSnapshot,1369.25
2024-02-13,M08,Consumption,-23.43
2024-02-13,M08,OnHandSnapshot,1345.83
2024-02-14,M08,Consumption,-23.05
2024-02-14,M08,OnHandSnapshot,1322.77
2024-02-15,M08,Consumption,-26.68
2024-02-15,M08,OnHandSnapshot,1296.09
2024-02-16,M08,Consumption,-31.36
2024-02-16,M08,OnHandSnapshot,1264.73
2024-02-17,M08,Consumption,-22.6
2024-02-17,M08,OnHandSnapshot,1242.13
2024-02-18,M08,Consumption,-21.83
2024-02-18,M08,OnHandSnapshot,1220.31
2024-02-19,M08,Consumption,-21.42
2024-02-19,M08,OnHandSnapshot,1198.88
2024-02-20,M08,Consumption,-22.98
2024-02-20,M08,OnHandSnapshot,1175.9
2024-02-21,M08,Consumption,-22.41
2024-02-21,M08,OnHandSnapshot,1153.49
2024-02-22,M08,Consumption,-26.28
2024-02-22,M08,OnHandSnapshot,1127.21
2024-02-23,M08,Consumption,-31.43
2024-02-23,M08,OnHandSnapshot,1095.78
2024-02-24,M08,Consumption,-20.79
2024-02-24,M08,OnHandSnapshot,1075.0
2024-02-25,M08,Consumption,-23.97
2024-02-25,M08,OnHandSnapshot,1051.03
2024-02-26,M08,Consumption,-23.66
2024-02-26,M08,OnHandSnapshot,1027.37
2024-02-27,M08,Consumption,-25.62
2024-02-27,M08,OnHandSnapshot,1001.75
2024-02-28,M08,Consumption,-22.91
2024-02-28,M08,OnHandSnapshot,978.83
2024-02-29,M08,Consumption,-25.69
2024-02-29,M08,OnHandSnapshot,953.15
2024-03-01,M08,Consumption,-30.79
2024-03-01,M08,OnHandSnapshot,922.36
2024-03-02,M08,Consumption,-22.62
2024-03-02,M08,OnHandSnapshot,899.74
2024-03-03,M08,Consumption,-24.25
2024-03-03,M08,OnHandSnapshot,875.49
2024-03-04,M08,Consumption,-23.08
2024-03-04,M08,OnHandSnapshot,852.41
2024-03-05,M08,Consumption,-22.0
2024-03-05,M08,OnHandSnapshot,830.41
2024-03-06,M08,Consumption,-24.21
2024-03-06,M08,OnHandSnapshot,806.2
2024-03-07,M08,Consumption,-25.8
2024-03-07,M08,OnHandSnapshot,780.4
2024-03-08,M08,Consumption,-33.51
2024-03-08,M08,OnHandSnapshot,746.89
2024-03-09,M08,Consumption,-22.06
2024-03-09,M08,OnHandSnapshot,724.83
2024-03-10,M08,Consumption,-23.43
2024-03-10,M08,OnHandSnapshot,701.39
2024-03-11,M08,Consumption,-25.25
2024-03-11,M08,OnHandSnapshot,676.14
2024-03-12,M08,Consumption,-24.78
2024-03-12,M08,OnHandSnapshot,651.36
2024-03-13,M08,Consumption,-21.57
2024-03-13,M08,OnHandSnapshot,629.79
2024-03-14,M08,Consumption,-27.86
2024-03-14,M08,OnHandSnapshot,601.93
2024-03-15,M08,Consumption,-31.42
2024-03-15,M08,OnHandSnapshot,570.5
2024-03-16,M08,Consumption,-22.09
2024-03-16,M08,OnHandSnapshot,548.42
2024-03-17,M08,Consumption,-22.39
2024-03-17,M08,OnHandSnapshot,526.03
2024-03-18,M08,Consumption,-23.39
2024-03-18,M08,OnHandSnapshot,502.64
2024-03-19,M08,Consumption,-24.77
2024-03-19,M08,OnHandSnapshot,477.87
2024-03-20,M08,Consumption,-22.5
2024-03-20,M08,OnHandSnapshot,455.37
2024-03-21,M08,Consumption,-28.6
2024-03-21,M08,OnHandSnapshot,426.77
2024-03-22,M08,Consumption,-29.9
2024-03-22,M08,OnHandSnapshot,396.87
2024-03-23,M08,Consumption,-21.69
2024-03-23,M08,OnHandSnapshot,375.18
2024-03-24,M08,Consumption,-22.98
2024-03-24,M08,OnHandSnapshot,352.21
2024-03-25,M08,Consumption,-22.69
2024-03-25,M08,OnHandSnapshot,329.52
2024-03-26,M08,Consumption,-24.09
2024-03-26,M08,OnHandSnapshot,305.43
2024-03-27,M08,Receipt,1051.71
2024-03-27,M08,Consumption,-22.75
2024-03-27,M08,OnHandSnapshot,1334.39
2024-03-28,M08,Consumption,-25.92
2024-03-28,M08,OnHandSnapshot,1308.47
2024-03-29,M08,Consumption,-31.73
2024-03-29,M08,OnHandSnapshot,1276.74
2024-03-30,M08,Consumption,-21.62
2024-03-30,M08,OnHandSnapshot,1255.12
2024-03-31,M08,Consumption,-24.73
2024-03-31,M08,OnHandSnapshot,1230.4
2024-04-01,M08,Consumption,-24.38
2024-04-01,M08,OnHandSnapshot,1206.02
2024-04-02,M08,Consumption,-22.22
2024-04-02,M08,OnHandSnapshot,1183.79
2024-04-03,M08,Consumption,-22.22
2024-04-03,M08,OnHandSnapshot,1161.58
2024-04-04,M08,Consumption,-26.81
2024-04-04,M08,OnHandSnapshot,1134.77
2024-04-05,M08,Consumption,-33.48
2024-04-05,M08,OnHandSnapshot,1101.28
2024-04-06,M08,Consumption,-22.01
2024-04-06,M08,OnHandSnapshot,1079.28
2024-04-07,M08,Consumption,-23.03
2024-04-07,M08,OnHandSnapshot,1056.25
2024-04-08,M08,Consumption,-22.85
2024-04-08,M08,OnHandSnapshot,1033.4
2024-04-09,M08,Consumption,-23.24
2024-04-09,M08,OnHandSnapshot,1010.16
2024-04-10,M08,Consumption,-24.71
2024-04-10,M08,OnHandSnapshot,985.45
2024-04-11,M08,Consumption,-26.43
2024-04-11,M08,OnHandSnapshot,959.02
2024-04-12,M08,Consumption,-30.98
2024-04-12,M08,OnHandSnapshot,928.04
2024-04-13,M08,Consumption,-23.04
2024-04-13,M08,OnHandSnapshot,905.0
2024-04-14,M08,Consumption,-21.67
2024-04-14,M08,OnHandSnapshot,883.33
2024-04-15,M08,Consumption,-21.56
2024-04-15,M08,OnHandSnapshot,861.77
2024-04-16,M08,Consumption,-23.19
2024-04-16,M08,OnHandSnapshot,838.58
2024-04-17,M08,Consumption,-23.31
2024-04-17,M08,OnHandSnapshot,815.27
2024-04-18,M08,Consumption,-26.58
2024-04-18,M08,OnHandSnapshot,788.7
2024-04-19,M08,Consumption,-31.02
2024-04-19,M08,OnHandSnapshot,757.68
2024-04-20,M08,Consumption,-21.66
2024-04-20,M08,OnHandSnapshot,736.02
2024-04-21,M08,Consumption,-26.11
2024-04-21,M08,OnHandSnapshot,709.91
2024-04-22,M08,Consumption,-24.0
2024-04-22,M08,OnHandSnapshot,685.91
2024-04-23,M08,Consumption,-22.2
2024-04-23,M08,OnHandSnapshot,663.71
2024-04-24,M08,Consumption,-23.05
2024-04-24,M08,OnHandSnapshot,640.65
2024-04-25,M08,Consumption,-28.46
2024-04-25,M08,OnHandSnapshot,612.19
2024-04-26,M08,Consumption,-32.28
2024-04-26,M08,OnHandSnapshot,579.91
2024-04-27,M08,Consumption,-22.33
2024-04-27,M08,OnHandSnapshot,557.58
2024-04-28,M08,Consumption,-22.52
2024-04-28,M08,OnHandSnapshot,535.06
2024-04-29,M08,Consumption,-23.85
2024-04-29,M08,OnHandSnapshot,511.21
2024-04-30,M08,Consumption,-22.66
2024-04-30,M08,OnHandSnapshot,488.55
2024-05-01,M08,Receipt,1051.71
2024-05-01,M08,Consumption,-22.96
2024-05-01,M08,OnHandSnapshot,1517.29
2024-05-02,M08,Consumption,-27.06
2024-05-02,M08,OnHandSnapshot,1490.23
2024-05-03,M08,Consumption,-29.7
2024-05-03,M08,OnHandSnapshot,1460.53
2024-05-04,M08,Consumption,-23.0
2024-05-04,M08,OnHandSnapshot,1437.53
2024-05-05,M08,Consumption,-23.63
2024-05-05,M08,OnHandSnapshot,1413.9
2024-05-06,M08,Consumption,-23.82
2024-05-06,M08,OnHandSnapshot,1390.09
2024-05-07,M08,Consumption,-25.37
2024-05-07,M08,OnHandSnapshot,1364.71
2024-05-08,M08,Consumption,-23.61
2024-05-08,M08,OnHandSnapshot,1341.11
2024-05-09,M08,Consumption,-26.32
2024-05-09,M08,OnHandSnapshot,1314.79
2024-05-10,M08,Consumption,-30.88
2024-05-10,M08,OnHandSnapshot,1283.91
2024-05-11,M08,Consumption,-22.37
2024-05-11,M08,OnHandSnapshot,1261.55
2024-05-12,M08,Consumption,-22.7
2024-05-12,M08,OnHandSnapshot,1238.85
2024-05-13,M08,Consumption,-22.51
2024-05-13,M08,OnHandSnapshot,1216.33
2024-05-14,M08,Consumption,-23.64
2024-05-14,M08,OnHandSnapshot,1192.69
2024-05-15,M08,Consumption,-24.96
2024-05-15,M08,OnHandSnapshot,1167.73
2024-05-16,M08,Consumption,-28.08
2024-05-16,M08,OnHandSnapshot,1139.65
2024-05-17,M08,Consumption,-30.72
2024-05-17,M08,OnHandSnapshot,1108.93
2024-05-18,M08,Consumption,-23.56
2024-05-18,M08,OnHandSnapshot,1085.36
2024-05-19,M08,Consumption,-23.65
2024-05-19,M08,OnHandSnapshot,1061.71
2024-05-20,M08,Consumption,-22.02
2024-05-20,M08,OnHandSnapshot,1039.69
2024-05-21,M08,Consumption,-24.53
2024-05-21,M08,OnHandSnapshot,1015.16
2024-05-22,M08,Consumption,-22.37
2024-05-22,M08,OnHandSnapshot,992.79
2024-05-23,M08,Consumption,-24.97
2024-05-23,M08,OnHandSnapshot,967.83
2024-05-24,M08,Consumption,-31.5
2024-05-24,M08,OnHandSnapshot,936.33
2024-05-25,M08,Consumption,-21.76
2024-05-25,M08,OnHandSnapshot,914.57
2024-05-26,M08,Consumption,-22.26
2024-05-26,M08,OnHandSnapshot,892.31
2024-05-27,M08,Consumption,-23.99
2024-05-27,M08,OnHandSnapshot,868.33
2024-05-28,M08,Consumption,-24.35
2024-05-28,M08,OnHandSnapshot,843.97
2024-05-29,M08,Consumption,-23.48
2024-05-29,M08,OnHandSnapshot,820.49
2024-05-30,M08,Consumption,-27.5
2024-05-30,M08,OnHandSnapshot,792.99
2024-05-31,M08,Consumption,-30.62
2024-05-31,M08,OnHandSnapshot,762.37
2024-06-01,M08,Consumption,-22.56
2024-06-01,M08,OnHandSnapshot,739.81
2024-06-02,M08,Consumption,-24.55
2024-06-02,M08,OnHandSnapshot,715.26
2024-06-03,M08,Consumption,-23.43
2024-06-03,M08,OnHandSnapshot,691.84
2024-06-04,M08,Consumption,-21.59
2024-06-04,M08,OnHandSnapshot,670.25
2024-06-05,M08,Consumption,-25.07
2024-06-05,M08,OnHandSnapshot,645.18
2024-06-06,M08,Consumption,-27.96
2024-06-06,M08,OnHandSnapshot,617.21
2024-06-07,M08,Consumption,-31.99
2024-06-07,M08,OnHandSnapshot,585.23
2024-06-08,M08,Consumption,-22.88
2024-06-08,M08,OnHandSnapshot,562.35
2024-06-09,M08,Consumption,-23.55
2024-06-09,M08,OnHandSnapshot,538.79
2024-06-10,M08,Consumption,-23.03
2024-06-10,M08,OnHandSnapshot,515.76
2024-06-11,M08,Consumption,-23.28
2024-06-11,M08,OnHandSnapshot,492.48
2024-06-12,M08,Consumption,-22.02
2024-06-12,M08,OnHandSnapshot,470.46
2024-06-13,M08,Consumption,-26.67
2024-06-13,M08,OnHandSnapshot,443.8
2024-06-14,M08,Receipt,1051.71
2024-06-14,M08,Consumption,-33.06
2024-06-14,M08,OnHandSnapshot,1462.44
2024-06-15,M08,Consumption,-20.94
2024-06-15,M08,OnHandSnapshot,1441.49
2024-06-16,M08,Consumption,-24.37
2024-06-16,M08,OnHandSnapshot,1417.13
2024-06-17,M08,Consumption,-22.14
2024-06-17,M08,OnHandSnapshot,1394.99
2024-06-18,M08,Consumption,-21.94
2024-06-18,M08,OnHandSnapshot,1373.05
2024-06-19,M08,Consumption,-22.18
2024-06-19,M08,OnHandSnapshot,1350.87
2024-06-20,M08,Consumption,-27.45
2024-06-20,M08,OnHandSnapshot,1323.41
2024-06-21,M08,Consumption,-31.53
2024-06-21,M08,OnHandSnapshot,1291.88
2024-06-22,M08,Consumption,-23.25
2024-06-22,M08,OnHandSnapshot,1268.63
2024-06-23,M08,Consumption,-24.24
2024-06-23,M08,OnHandSnapshot,1244.39
2024-06-24,M08,Consumption,-22.76
2024-06-24,M08,OnHandSnapshot,1221.63
2024-06-25,M08,Consumption,-22.86
2024-06-25,M08,OnHandSnapshot,1198.77
2024-06-26,M08,Consumption,-21.77
2024-06-26,M08,OnHandSnapshot,1177.0
2024-06-27,M08,Consumption,-26.37
2024-06-27,M08,OnHandSnapshot,1150.63
2024-06-28,M08,Consumption,-32.08
2024-06-28,M08,OnHandSnapshot,1118.55
2024-06-29,M08,Consumption,-23.53
2024-06-29,M08,OnHandSnapshot,1095.02
2024-06-30,M08,Consumption,-24.01
2024-06-30,M08,OnHandSnapshot,1071.02
2024-07-01,M08,Consumption,-21.63
2024-07-01,M08,OnHandSnapshot,1049.38
2024-07-02,M08,Consumption,-21.8
2024-07-02,M08,OnHandSnapshot,1027.58
2024-07-03,M08,Consumption,-23.76
2024-07-03,M08,OnHandSnapshot,1003.82
2024-07-04,M08,Consumption,-29.03
2024-07-04,M08,OnHandSnapshot,974.78
2024-07-05,M08,Consumption,-30.38
2024-07-05,M08,OnHandSnapshot,944.4
2024-07-06,M08,Consumption,-21.92
2024-07-06,M08,OnHandSnapshot,922.48
2024-07-07,M08,Consumption,-22.81
2024-07-07,M08,OnHandSnapshot,899.67
2024-07-08,M08,Consumption,-25.63
2024-07-08,M08,OnHandSnapshot,874.04
2024-07-09,M08,Consumption,-24.67
2024-07-09,M08,OnHandSnapshot,849.37
2024-07-10,M08,Consumption,-26.13
2024-07-10,M08,OnHandSnapshot,823.24
2024-07-11,M08,Consumption,-29.76
2024-07-11,M08,OnHandSnapshot,793.49
2024-07-12,M08,Consumption,-33.05
2024-07-12,M08,OnHandSnapshot,760.44
2024-07-13,M08,Consumption,-24.04
2024-07-13,M08,OnHandSnapshot,736.4
2024-07-14,M08,Consumption,-23.26
2024-07-14,M08,OnHandSnapshot,713.15
2024-07-15,M08,Consumption,-23.35
2024-07-15,M08,OnHandSnapshot,689.79
2024-07-16,M08,Consumption,-23.16
2024-07-16,M08,OnHandSnapshot,666.63
2024-07-17,M08,Consumption,-24.82
2024-07-17,M08,OnHandSnapshot,641.82
2024-07-18,M08,Consumption,-28.19
2024-07-18,M08,OnHandSnapshot,613.62
2024-07-19,M08,Consumption,-34.35
2024-07-19,M08,OnHandSnapshot,579.27
2024-07-20,M08,Consumption,-22.68
2024-07-20,M08,OnHandSnapshot,556.59
2024-07-21,M08,Consumption,-23.3
2024-07-21,M08,OnHandSnapshot,533.29
2024-07-22,M08,Consumption,-23.91
2024-07-22,M08,OnHandSnapshot,509.38
2024-07-23,M08,Consumption,-22.82
2024-07-23,M08,OnHandSnapshot,486.56
2024-07-24,M08,Receipt,1051.71
2024-07-24,M08,Consumption,-23.43
2024-07-24,M08,OnHandSnapshot,1514.84
2024-07-25,M08,Consumption,-26.16
2024-07-25,M08,OnHandSnapshot,1488.67
2024-07-26,M08,Consumption,-30.32
2024-07-26,M08,OnHandSnapshot,1458.36
2024-07-27,M08,Consumption,-22.72
2024-07-27,M08,OnHandSnapshot,1435.63
2024-07-28,M08,Consumption,-24.29
2024-07-28,M08,OnHandSnapshot,1411.34
2024-07-29,M08,Consumption,-23.79
2024-07-29,M08,OnHandSnapshot,1387.55
2024-07-30,M08,Consumption,-24.86
2024-07-30,M08,OnHandSnapshot,1362.69
2024-07-31,M08,Consumption,-23.7
2024-07-31,M08,OnHandSnapshot,1338.99
2024-08-01,M08,Consumption,-27.28
2024-08-01,M08,OnHandSnapshot,1311.71
2024-08-02,M08,Consumption,-30.57
2024-08-02,M08,OnHandSnapshot,1281.14
2024-08-03,M08,Consumption,-22.42
2024-08-03,M08,OnHandSnapshot,1258.72
2024-08-04,M08,Consumption,-23.76
2024-08-04,M08,OnHandSnapshot,1234.96
2024-08-05,M08,Consumption,-24.57
2024-08-05,M08,OnHandSnapshot,1210.38
2024-08-06,M08,Consumption,-24.32
2024-08-06,M08,OnHandSnapshot,1186.06
2024-08-07,M08,Consumption,-23.0
2024-08-07,M08,OnHandSnapshot,1163.06
2024-08-08,M08,Consumption,-26.61
2024-08-08,M08,OnHandSnapshot,1136.45
2024-08-09,M08,Consumption,-31.7
2024-08-09,M08,OnHandSnapshot,1104.75
2024-08-10,M08,Consumption,-22.3
2024-08-10,M08,OnHandSnapshot,1082.45
2024-08-11,M08,Consumption,-25.95
2024-08-11,M08,OnHandSnapshot,1056.5
2024-08-12,M08,Consumption,-23.62
2024-08-12,M08,OnHandSnapshot,1032.88
2024-08-13,M08,Consumption,-23.78
2024-08-13,M08,OnHandSnapshot,1009.1
2024-08-14,M08,Consumption,-22.67
2024-08-14,M08,OnHandSnapshot,986.43
2024-08-15,M08,Consumption,-27.29
2024-08-15,M08,OnHandSnapshot,959.14
2024-08-16,M08,Consumption,-32.74
2024-08-16,M08,OnHandSnapshot,926.4
2024-08-17,M08,Consumption,-23.57
2024-08-17,M08,OnHandSnapshot,902.84
2024-08-18,M08,Consumption,-23.75
2024-08-18,M08,OnHandSnapshot,879.08
2024-08-19,M08,Consumption,-23.28
2024-08-19,M08,OnHandSnapshot,855.81
2024-08-20,M08,Consumption,-25.6
2024-08-20,M08,OnHandSnapshot,830.21
2024-08-21,M08,Consumption,-25.33
2024-08-21,M08,OnHandSnapshot,804.88
2024-08-22,M08,Consumption,-27.75
2024-08-22,M08,OnHandSnapshot,777.13
2024-08-23,M08,Consumption,-32.12
2024-08-23,M08,OnHandSnapshot,745.01
2024-08-24,M08,Consumption,-23.59
2024-08-24,M08,OnHandSnapshot,721.42
2024-08-25,M08,Consumption,-24.86
2024-08-25,M08,OnHandSnapshot,696.56
2024-08-26,M08,Consumption,-23.72
2024-08-26,M08,OnHandSnapshot,672.83
2024-08-27,M08,Consumption,-24.46
2024-08-27,M08,OnHandSnapshot,648.37
2024-08-28,M08,Consumption,-23.89
2024-08-28,M08,OnHandSnapshot,624.48
2024-08-29,M08,Consumption,-27.95
2024-08-29,M08,OnHandSnapshot,596.53
2024-08-30,M08,Consumption,-33.83
2024-08-30,M08,OnHandSnapshot,562.71
2024-08-31,M08,Consumption,-21.59
2024-08-31,M08,OnHandSnapshot,541.12
2024-09-01,M08,Consumption,-24.93
2024-09-01,M08,OnHandSnapshot,516.19
2024-09-02,M08,Consumption,-24.42
2024-09-02,M08,OnHandSnapshot,491.77
2024-09-03,M08,Consumption,-23.36
2024-09-03,M08,OnHandSnapshot,468.41
2024-09-04,M08,Receipt,1051.71
2024-09-04,M08,Consumption,-23.77
2024-09-04,M08,OnHandSnapshot,1496.35
2024-09-05,M08,Consumption,-27.26
2024-09-05,M08,OnHandSnapshot,1469.09
2024-09-06,M08,Consumption,-31.59
2024-09-06,M08,OnHandSnapshot,1437.49
2024-09-07,M08,Consumption,-23.52
2024-09-07,M08,OnHandSnapshot,1413.98
2024-09-08,M08,Consumption,-24.26
2024-09-08,M08,OnHandSnapshot,1389.72
2024-09-09,M08,Consumption,-23.77
2024-09-09,M08,OnHandSnapshot,1365.95
2024-09-10,M08,Consumption,-23.72
2024-09-10,M08,OnHandSnapshot,1342.23
2024-09-11,M08,Consumption,-23.42
2024-09-11,M08,OnHandSnapshot,1318.8
2024-09-12,M08,Consumption,-27.76
2024-09-12,M08,OnHandSnapshot,1291.05
2024-09-13,M08,Consumption,-32.81
2024-09-13,M08,OnHandSnapshot,1258.23
2024-09-14,M08,Consumption,-22.12
2024-09-14,M08,OnHandSnapshot,1236.12
2024-09-15,M08,Consumption,-25.84
2024-09-15,M08,OnHandSnapshot,1210.28
2024-09-16,M08,Consumption,-24.29
2024-09-16,M08,OnHandSnapshot,1185.99
2024-09-17,M08,Consumption,-23.25
2024-09-17,M08,OnHandSnapshot,1162.75
2024-09-18,M08,Consumption,-22.88
2024-09-18,M08,OnHandSnapshot,1139.86
2024-09-19,M08,Consumption,-26.17
2024-09-19,M08,OnHandSnapshot,1113.7
2024-09-20,M08,Consumption,-32.25
2024-09-20,M08,OnHandSnapshot,1081.45
2024-09-21,M08,Consumption,-22.83
2024-09-21,M08,OnHandSnapshot,1058.62
2024-09-22,M08,Consumption,-22.34
2024-09-22,M08,OnHandSnapshot,1036.28
2024-09-23,M08,Consumption,-23.77
2024-09-23,M08,OnHandSnapshot,1012.51
2024-09-24,M08,Consumption,-23.78
2024-09-24,M08,OnHandSnapshot,988.73
2024-09-25,M08,Consumption,-22.83
2024-09-25,M08,OnHandSnapshot,965.9
2024-09-26,M08,Consumption,-27.41
2024-09-26,M08,OnHandSnapshot,938.48
2024-09-27,M08,Consumption,-32.01
2024-09-27,M08,OnHandSnapshot,906.47
2024-09-28,M08,Consumption,-24.16
2024-09-28,M08,OnHandSnapshot,882.31
2024-09-29,M08,Consumption,-25.03
2024-09-29,M08,OnHandSnapshot,857.28
2024-09-30,M08,Consumption,-23.78
2024-09-30,M08,OnHandSnapshot,833.5
2024-10-01,M08,Consumption,-23.63
2024-10-01,M08,OnHandSnapshot,809.86
2024-10-02,M08,Consumption,-22.93
2024-10-02,M08,OnHandSnapshot,786.93
2024-10-03,M08,Consumption,-27.27
2024-10-03,M08,OnHandSnapshot,759.66
2024-10-04,M08,Consumption,-31.93
2024-10-04,M08,OnHandSnapshot,727.74
2024-10-05,M08,Consumption,-23.5
2024-10-05,M08,OnHandSnapshot,704.24
2024-10-06,M08,Consumption,-23.81
2024-10-06,M08,OnHandSnapshot,680.43
2024-10-07,M08,Consumption,-23.54
2024-10-07,M08,OnHandSnapshot,656.88
2024-10-08,M08,Consumption,-22.63
2024-10-08,M08,OnHandSnapshot,634.26
2024-10-09,M08,Consumption,-24.22
2024-10-09,M08,OnHandSnapshot,610.04
2024-10-10,M08,Consumption,-29.5
2024-10-10,M08,OnHandSnapshot,580.54
2024-10-11,M08,Consumption,-31.15
2024-10-11,M08,OnHandSnapshot,549.4
2024-10-12,M08,Consumption,-21.43
2024-10-12,M08,OnHandSnapshot,527.97
2024-10-13,M08,Consumption,-23.59
2024-10-13,M08,OnHandSnapshot,504.37
2024-10-14,M08,Consumption,-23.18
2024-10-14,M08,OnHandSnapshot,481.19
2024-10-15,M08,Consumption,-23.58
2024-10-15,M08,OnHandSnapshot,457.62
2024-10-16,M08,Consumption,-25.23
2024-10-16,M08,OnHandSnapshot,432.38
2024-10-17,M08,Consumption,-27.0
2024-10-17,M08,OnHandSnapshot,405.39
2024-10-18,M08,Consumption,-31.79
2024-10-18,M08,OnHandSnapshot,373.59
2024-10-19,M08,Receipt,1051.71
2024-10-19,M08,Consumption,-22.54
2024-10-19,M08,OnHandSnapshot,1402.76
2024-10-20,M08,Consumption,-24.73
2024-10-20,M08,OnHandSnapshot,1378.03
2024-10-21,M08,Consumption,-24.24
2024-10-21,M08,OnHandSnapshot,1353.78
2024-10-22,M08,Consumption,-23.31
2024-10-22,M08,OnHandSnapshot,1330.47
2024-10-23,M08,Consumption,-24.99
2024-10-23,M08,OnHandSnapshot,1305.48
2024-10-24,M08,Consumption,-27.83
2024-10-24,M08,OnHandSnapshot,1277.65
2024-10-25,M08,Consumption,-31.39
2024-10-25,M08,OnHandSnapshot,1246.27
2024-10-26,M08,Consumption,-22.68
2024-10-26,M08,OnHandSnapshot,1223.59
2024-10-27,M08,Consumption,-24.14
2024-10-27,M08,OnHandSnapshot,1199.44
2024-10-28,M08,Consumption,-26.32
2024-10-28,M08,OnHandSnapshot,1173.12
2024-10-29,M08,Consumption,-24.06
2024-10-29,M08,OnHandSnapshot,1149.05
2024-10-30,M08,Consumption,-24.27
2024-10-30,M08,OnHandSnapshot,1124.78
2024-10-31,M08,Consumption,-28.15
2024-10-31,M08,OnHandSnapshot,1096.63
2024-11-01,M08,Consumption,-31.55
2024-11-01,M08,OnHandSnapshot,1065.08
2024-11-02,M08,Consumption,-23.0
2024-11-02,M08,OnHandSnapshot,1042.08
2024-11-03,M08,Consumption,-25.06
2024-11-03,M08,OnHandSnapshot,1017.02
2024-11-04,M08,Consumption,-24.66
2024-11-04,M08,OnHandSnapshot,992.36
2024-11-05,M08,Consumption,-22.06
2024-11-05,M08,OnHandSnapshot,970.31
2024-11-06,M08,Consumption,-23.63
2024-11-06,M08,OnHandSnapshot,946.68
2024-11-07,M08,Consumption,-27.42
2024-11-07,M08,OnHandSnapshot,919.26
2024-11-08,M08,Consumption,-32.19
2024-11-08,M08,OnHandSnapshot,887.07
2024-11-09,M08,Consumption,-23.47
2024-11-09,M08,OnHandSnapshot,863.6
2024-11-10,M08,Consumption,-23.51
2024-11-10,M08,OnHandSnapshot,840.09
2024-11-11,M08,Consumption,-25.06
2024-11-11,M08,OnHandSnapshot,815.03
2024-11-12,M08,Consumption,-23.89
2024-11-12,M08,OnHandSnapshot,791.14
2024-11-13,M08,Consumption,-24.88
2024-11-13,M08,OnHandSnapshot,766.26
2024-11-14,M08,Consumption,-28.82
2024-11-14,M08,OnHandSnapshot,737.44
2024-11-15,M08,Consumption,-32.15
2024-11-15,M08,OnHandSnapshot,705.29
2024-11-16,M08,Consumption,-21.79
2024-11-16,M08,OnHandSnapshot,683.5
2024-11-17,M08,Consumption,-22.86
2024-11-17,M08,OnHandSnapshot,660.64
2024-11-18,M08,Consumption,-24.82
2024-11-18,M08,OnHandSnapshot,635.81
2024-11-19,M08,Consumption,-24.31
2024-11-19,M08,OnHandSnapshot,611.5
2024-11-20,M08,Consumption,-24.73
2024-11-20,M08,OnHandSnapshot,586.78
2024-11-21,M08,Consumption,-27.62
2024-11-21,M08,OnHandSnapshot,559.16
2024-11-22,M08,Consumption,-30.97
2024-11-22,M08,OnHandSnapshot,528.19
2024-11-23,M08,Consumption,-21.43
2024-11-23,M08,OnHandSnapshot,506.76
2024-11-24,M08,Consumption,-25.2
2024-11-24,M08,OnHandSnapshot,481.56
2024-11-25,M08,Consumption,-23.96
2024-11-25,M08,OnHandSnapshot,457.6
2024-11-26,M08,Consumption,-22.78
2024-11-26,M08,OnHandSnapshot,434.82
2024-11-27,M08,Consumption,-23.86
2024-11-27,M08,OnHandSnapshot,410.96
2024-11-28,M08,Consumption,-27.15
2024-11-28,M08,OnHandSnapshot,383.81
2024-11-29,M08,Consumption,-31.69
2024-11-29,M08,OnHandSnapshot,352.12
2024-11-30,M08,Consumption,-24.15
2024-11-30,M08,OnHandSnapshot,327.97
2024-12-01,M08,Consumption,-23.88
2024-12-01,M08,OnHandSnapshot,304.09
2024-12-02,M08,Receipt,1051.71
2024-12-02,M08,Consumption,-24.27
2024-12-02,M08,OnHandSnapshot,1331.52
2024-12-03,M08,Consumption,-23.5
2024-12-03,M08,OnHandSnapshot,1308.02
2024-12-04,M08,Consumption,-24.88
2024-12-04,M08,OnHandSnapshot,1283.14
2024-12-05,M08,Consumption,-27.0
2024-12-05,M08,OnHandSnapshot,1256.14
2024-12-06,M08,Consumption,-31.88
2024-12-06,M08,OnHandSnapshot,1224.26
2024-12-07,M08,Consumption,-21.35
2024-12-07,M08,OnHandSnapshot,1202.92
2024-12-08,M08,Consumption,-23.54
2024-12-08,M08,OnHandSnapshot,1179.37
2024-12-09,M08,Consumption,-24.2
2024-12-09,M08,OnHandSnapshot,1155.17
2024-12-10,M08,Consumption,-22.99
2024-12-10,M08,OnHandSnapshot,1132.18
2024-12-11,M08,Consumption,-23.22
2024-12-11,M08,OnHandSnapshot,1108.96
2024-12-12,M08,Consumption,-28.66
2024-12-12,M08,OnHandSnapshot,1080.3
2024-12-13,M08,Consumption,-33.64
2024-12-13,M08,OnHandSnapshot,1046.65
2024-12-14,M08,Consumption,-22.22
2024-12-14,M08,OnHandSnapshot,1024.43
2024-12-15,M08,Consumption,-23.02
2024-12-15,M08,OnHandSnapshot,1001.41
2024-12-16,M08,Consumption,-25.24
2024-12-16,M08,OnHandSnapshot,976.17
2024-12-17,M08,Consumption,-23.46
2024-12-17,M08,OnHandSnapshot,952.71
2024-12-18,M08,Consumption,-24.21
2024-12-18,M08,OnHandSnapshot,928.5
2024-12-19,M08,Consumption,-28.09
2024-12-19,M08,OnHandSnapshot,900.41
2024-12-20,M08,Consumption,-30.93
2024-12-20,M08,OnHandSnapshot,869.48
2024-12-21,M08,Consumption,-21.98
2024-12-21,M08,OnHandSnapshot,847.5
2024-12-22,M08,Consumption,-24.59
2024-12-22,M08,OnHandSnapshot,822.91
2024-12-23,M08,Consumption,-26.18
2024-12-23,M08,OnHandSnapshot,796.73
2024-12-24,M08,Consumption,-23.89
2024-12-24,M08,OnHandSnapshot,772.84
2024-12-25,M08,Consumption,-25.14
2024-12-25,M08,OnHandSnapshot,747.7
2024-12-26,M08,Consumption,-25.95
2024-12-26,M08,OnHandSnapshot,721.75
2024-12-27,M08,Consumption,-34.88
2024-12-27,M08,OnHandSnapshot,686.88
2024-12-28,M08,Consumption,-24.21
2024-12-28,M08,OnHandSnapshot,662.67
2024-12-29,M08,Consumption,-24.19
2024-12-29,M08,OnHandSnapshot,638.48
2024-12-30,M08,Consumption,-26.52
2024-12-30,M08,OnHandSnapshot,611.96
2024-12-31,M08,Consumption,-22.99
2024-12-31,M08,OnHandSnapshot,588.97
2025-01-01,M08,Consumption,-23.89
2025-01-01,M08,OnHandSnapshot,565.08
2025-01-02,M08,Consumption,-28.55
2025-01-02,M08,OnHandSnapshot,536.53
2025-01-03,M08,Consumption,-32.33
2025-01-03,M08,OnHandSnapshot,504.2
2025-01-04,M08,Consumption,-20.83
2025-01-04,M08,OnHandSnapshot,483.37
2025-01-05,M08,Consumption,-26.55
2025-01-05,M08,OnHandSnapshot,456.82
2025-01-06,M08,Consumption,-24.66
2025-01-06,M08,OnHandSnapshot,432.16
2025-01-07,M08,Receipt,1051.71
2025-01-07,M08,Consumption,-24.43
2025-01-07,M08,OnHandSnapshot,1459.43
2025-01-08,M08,Consumption,-24.07
2025-01-08,M08,OnHandSnapshot,1435.36
2025-01-09,M08,Consumption,-28.77
2025-01-09,M08,OnHandSnapshot,1406.6
2025-01-10,M08,Consumption,-32.19
2025-01-10,M08,OnHandSnapshot,1374.4
2025-01-11,M08,Consumption,-23.51
2025-01-11,M08,OnHandSnapshot,1350.9
2025-01-12,M08,Consumption,-24.64
2025-01-12,M08,OnHandSnapshot,1326.25
2025-01-13,M08,Consumption,-24.32
2025-01-13,M08,OnHandSnapshot,1301.93
2025-01-14,M08,Consumption,-23.6
2025-01-14,M08,OnHandSnapshot,1278.32
2025-01-15,M08,Consumption,-24.93
2025-01-15,M08,OnHandSnapshot,1253.39
2025-01-16,M08,Consumption,-27.57
2025-01-16,M08,OnHandSnapshot,1225.82
2025-01-17,M08,Consumption,-32.41
2025-01-17,M08,OnHandSnapshot,1193.41
2025-01-18,M08,Consumption,-23.12
2025-01-18,M08,OnHandSnapshot,1170.3
2025-01-19,M08,Consumption,-23.11
2025-01-19,M08,OnHandSnapshot,1147.19
2025-01-20,M08,Consumption,-25.16
2025-01-20,M08,OnHandSnapshot,1122.03
2025-01-21,M08,Consumption,-22.88
2025-01-21,M08,OnHandSnapshot,1099.15
2025-01-22,M08,Consumption,-26.58
2025-01-22,M08,OnHandSnapshot,1072.56
2025-01-23,M08,Consumption,-29.1
2025-01-23,M08,OnHandSnapshot,1043.46
2025-01-24,M08,Consumption,-36.41
2025-01-24,M08,OnHandSnapshot,1007.05
2025-01-25,M08,Consumption,-23.81
2025-01-25,M08,OnHandSnapshot,983.24
2025-01-26,M08,Consumption,-25.79
2025-01-26,M08,OnHandSnapshot,957.45
2025-01-27,M08,Consumption,-25.44
2025-01-27,M08,OnHandSnapshot,932.02
2025-01-28,M08,Consumption,-25.0
2025-01-28,M08,OnHandSnapshot,907.02
2025-01-29,M08,Consumption,-24.28
2025-01-29,M08,OnHandSnapshot,882.74
2025-01-30,M08,Consumption,-29.02
2025-01-30,M08,OnHandSnapshot,853.72
2025-01-31,M08,Consumption,-32.13
2025-01-31,M08,OnHandSnapshot,821.59
2025-02-01,M08,Consumption,-22.19
2025-02-01,M08,OnHandSnapshot,799.4
2025-02-02,M08,Consumption,-25.04
2025-02-02,M08,OnHandSnapshot,774.36
2025-02-03,M08,Consumption,-23.41
2025-02-03,M08,OnHandSnapshot,750.95
2025-02-04,M08,Consumption,-22.6
2025-02-04,M08,OnHandSnapshot,728.35
2025-02-05,M08,Consumption,-25.99
2025-02-05,M08,OnHandSnapshot,702.36
2025-02-06,M08,Consumption,-28.93
2025-02-06,M08,OnHandSnapshot,673.43
2025-02-07,M08,Consumption,-33.55
2025-02-07,M08,OnHandSnapshot,639.89
2025-02-08,M08,Consumption,-22.7
2025-02-08,M08,OnHandSnapshot,617.19
2025-02-09,M08,Consumption,-24.08
2025-02-09,M08,OnHandSnapshot,593.11
2025-02-10,M08,Consumption,-24.5
2025-02-10,M08,OnHandSnapshot,568.61
2025-02-11,M08,Consumption,-22.78
2025-02-11,M08,OnHandSnapshot,545.84
2025-02-12,M08,Consumption,-25.82
2025-02-12,M08,OnHandSnapshot,520.02
2025-02-13,M08,Consumption,-29.14
2025-02-13,M08,OnHandSnapshot,490.89
2025-02-14,M08,Consumption,-35.35
2025-02-14,M08,OnHandSnapshot,455.53
2025-02-15,M08,Consumption,-23.16
2025-02-15,M08,OnHandSnapshot,432.37
2025-02-16,M08,Consumption,-25.4
2025-02-16,M08,OnHandSnapshot,406.97
2025-02-17,M08,Consumption,-24.07
2025-02-17,M08,OnHandSnapshot,382.9
2025-02-18,M08,Consumption,-23.13
2025-02-18,M08,OnHandSnapshot,359.76
2025-02-19,M08,Receipt,1051.71
2025-02-19,M08,Consumption,-25.34
2025-02-19,M08,OnHandSnapshot,1386.13
2025-02-20,M08,Consumption,-27.49
2025-02-20,M08,OnHandSnapshot,1358.64
2025-02-21,M08,Consumption,-31.53
2025-02-21,M08,OnHandSnapshot,1327.11
2025-02-22,M08,Consumption,-24.19
2025-02-22,M08,OnHandSnapshot,1302.92
2025-02-23,M08,Consumption,-23.14
2025-02-23,M08,OnHandSnapshot,1279.78
2025-02-24,M08,Consumption,-23.79
2025-02-24,M08,OnHandSnapshot,1255.99
2025-02-25,M08,Consumption,-24.59
2025-02-25,M08,OnHandSnapshot,1231.4
2025-02-26,M08,Consumption,-24.45
2025-02-26,M08,OnHandSnapshot,1206.95
2025-02-27,M08,Consumption,-27.97
2025-02-27,M08,OnHandSnapshot,1178.98
2025-02-28,M08,Consumption,-33.96
2025-02-28,M08,OnHandSnapshot,1145.02
2025-03-01,M08,Consumption,-23.97
2025-03-01,M08,OnHandSnapshot,1121.05
2025-03-02,M08,Consumption,-23.49
2025-03-02,M08,OnHandSnapshot,1097.56
2025-03-03,M08,Consumption,-25.53
2025-03-03,M08,OnHandSnapshot,1072.03
2025-03-04,M08,Consumption,-26.75
2025-03-04,M08,OnHandSnapshot,1045.28
2025-03-05,M08,Consumption,-24.78
2025-03-05,M08,OnHandSnapshot,1020.5
2025-03-06,M08,Consumption,-28.8
2025-03-06,M08,OnHandSnapshot,991.71
2025-03-07,M08,Consumption,-34.67
2025-03-07,M08,OnHandSnapshot,957.04
2025-03-08,M08,Consumption,-23.81
2025-03-08,M08,OnHandSnapshot,933.23
2025-03-09,M08,Consumption,-26.16
2025-03-09,M08,OnHandSnapshot,907.07
2025-03-10,M08,Consumption,-24.07
2025-03-10,M08,OnHandSnapshot,883.01
2025-03-11,M08,Consumption,-25.81
2025-03-11,M08,OnHandSnapshot,857.19
2025-03-12,M08,Consumption,-24.4
2025-03-12,M08,OnHandSnapshot,832.79
2025-03-13,M08,Consumption,-29.15
2025-03-13,M08,OnHandSnapshot,803.65
2025-03-14,M08,Consumption,-31.66
2025-03-14,M08,OnHandSnapshot,771.98
2025-03-15,M08,Consumption,-25.24
2025-03-15,M08,OnHandSnapshot,746.74
2025-03-16,M08,Consumption,-25.58
2025-03-16,M08,OnHandSnapshot,721.17
2025-03-17,M08,Consumption,-24.08
2025-03-17,M08,OnHandSnapshot,697.09
2025-03-18,M08,Consumption,-24.65
2025-03-18,M08,OnHandSnapshot,672.44
2025-03-19,M08,Consumption,-25.31
2025-03-19,M08,OnHandSnapshot,647.13
2025-03-20,M08,Consumption,-29.07
2025-03-20,M08,OnHandSnapshot,618.06
2025-03-21,M08,Consumption,-35.21
2025-03-21,M08,OnHandSnapshot,582.85
2025-03-22,M08,Consumption,-24.57
2025-03-22,M08,OnHandSnapshot,558.28
2025-03-23,M08,Consumption,-24.6
2025-03-23,M08,OnHandSnapshot,533.67
2025-03-24,M08,Consumption,-24.47
2025-03-24,M08,OnHandSnapshot,509.2
2025-03-25,M08,Consumption,-25.72
2025-03-25,M08,OnHandSnapshot,483.49
2025-03-26,M08,Consumption,-23.33
2025-03-26,M08,OnHandSnapshot,460.16
2025-03-27,M08,Receipt,1051.71
2025-03-27,M08,Consumption,-26.68
2025-03-27,M08,OnHandSnapshot,1485.19
2025-03-28,M08,Consumption,-34.39
2025-03-28,M08,OnHandSnapshot,1450.8
2025-03-29,M08,Consumption,-24.57
2025-03-29,M08,OnHandSnapshot,1426.22
2025-03-30,M08,Consumption,-24.69
2025-03-30,M08,OnHandSnapshot,1401.53
2025-03-31,M08,Consumption,-24.24
2025-03-31,M08,OnHandSnapshot,1377.3
2025-04-01,M08,Consumption,-25.43
2025-04-01,M08,OnHandSnapshot,1351.87
2025-04-02,M08,Consumption,-24.54
2025-04-02,M08,OnHandSnapshot,1327.33
2025-04-03,M08,Consumption,-27.22
2025-04-03,M08,OnHandSnapshot,1300.11
2025-04-04,M08,Consumption,-33.28
2025-04-04,M08,OnHandSnapshot,1266.83
2025-04-05,M08,Consumption,-23.06
2025-04-05,M08,OnHandSnapshot,1243.77
2025-04-06,M08,Consumption,-24.61
2025-04-06,M08,OnHandSnapshot,1219.16
2025-04-07,M08,Consumption,-23.81
2025-04-07,M08,OnHandSnapshot,1195.34
2025-04-08,M08,Consumption,-25.49
2025-04-08,M08,OnHandSnapshot,1169.85
2025-04-09,M08,Consumption,-25.52
2025-04-09,M08,OnHandSnapshot,1144.33
2025-04-10,M08,Consumption,-27.48
2025-04-10,M08,OnHandSnapshot,1116.85
2025-04-11,M08,Consumption,-33.01
2025-04-11,M08,OnHandSnapshot,1083.85
2025-04-12,M08,Consumption,-23.82
2025-04-12,M08,OnHandSnapshot,1060.02
2025-04-13,M08,Consumption,-25.31
2025-04-13,M08,OnHandSnapshot,1034.71
2025-04-14,M08,Consumption,-24.7
2025-04-14,M08,OnHandSnapshot,1010.02
2025-04-15,M08,Consumption,-25.56
2025-04-15,M08,OnHandSnapshot,984.45
2025-04-16,M08,Consumption,-25.29
2025-04-16,M08,OnHandSnapshot,959.16
2025-04-17,M08,Consumption,-27.66
2025-04-17,M08,OnHandSnapshot,931.5
2025-04-18,M08,Consumption,-31.42
2025-04-18,M08,OnHandSnapshot,900.08
2025-04-19,M08,Consumption,-23.56
2025-04-19,M08,OnHandSnapshot,876.52
2025-04-20,M08,Consumption,-23.76
2025-04-20,M08,OnHandSnapshot,852.76
2025-04-21,M08,Consumption,-25.58
2025-04-21,M08,OnHandSnapshot,827.18
2025-04-22,M08,Consumption,-26.23
2025-04-22,M08,OnHandSnapshot,800.95
2025-04-23,M08,Consumption,-24.04
2025-04-23,M08,OnHandSnapshot,776.92
2025-04-24,M08,Consumption,-29.96
2025-04-24,M08,OnHandSnapshot,746.96
2025-04-25,M08,Consumption,-33.98
2025-04-25,M08,OnHandSnapshot,712.98
2025-04-26,M08,Consumption,-22.69
2025-04-26,M08,OnHandSnapshot,690.29
2025-04-27,M08,Consumption,-23.54
2025-04-27,M08,OnHandSnapshot,666.75
2025-04-28,M08,Consumption,-23.33
2025-04-28,M08,OnHandSnapshot,643.42
2025-04-29,M08,Consumption,-24.38
2025-04-29,M08,OnHandSnapshot,619.04
2025-04-30,M08,Consumption,-25.98
2025-04-30,M08,OnHandSnapshot,593.05
2025-05-01,M08,Consumption,-30.05
2025-05-01,M08,OnHandSnapshot,563.0
2025-05-02,M08,Consumption,-31.25
2025-05-02,M08,OnHandSnapshot,531.75
2025-05-03,M08,Consumption,-22.69
2025-05-03,M08,OnHandSnapshot,509.06
2025-05-04,M08,Consumption,-24.59
2025-05-04,M08,OnHandSnapshot,484.46
2025-05-05,M08,Consumption,-24.51
2025-05-05,M08,OnHandSnapshot,459.96
2025-05-06,M08,Consumption,-22.68
2025-05-06,M08,OnHandSnapshot,437.27
2025-05-07,M08,Receipt,1051.71
2025-05-07,M08,Consumption,-24.24
2025-05-07,M08,OnHandSnapshot,1464.74
2025-05-08,M08,Consumption,-29.78
2025-05-08,M08,OnHandSnapshot,1434.96
2025-05-09,M08,Consumption,-32.87
2025-05-09,M08,OnHandSnapshot,1402.09
2025-05-10,M08,Consumption,-23.98
2025-05-10,M08,OnHandSnapshot,1378.11
2025-05-11,M08,Consumption,-26.84
2025-05-11,M08,OnHandSnapshot,1351.27
2025-05-12,M08,Consumption,-25.03
2025-05-12,M08,OnHandSnapshot,1326.24
2025-05-13,M08,Consumption,-25.76
2025-05-13,M08,OnHandSnapshot,1300.49
2025-05-14,M08,Consumption,-24.64
2025-05-14,M08,OnHandSnapshot,1275.85
2025-05-15,M08,Consumption,-31.26
2025-05-15,M08,OnHandSnapshot,1244.58
2025-05-16,M08,Consumption,-35.44
2025-05-16,M08,OnHandSnapshot,1209.15
2025-05-17,M08,Consumption,-24.08
2025-05-17,M08,OnHandSnapshot,1185.07
2025-05-18,M08,Consumption,-25.02
2025-05-18,M08,OnHandSnapshot,1160.05
2025-05-19,M08,Consumption,-24.7
2025-05-19,M08,OnHandSnapshot,1135.35
2025-05-20,M08,Consumption,-25.46
2025-05-20,M08,OnHandSnapshot,1109.89
2025-05-21,M08,Consumption,-26.45
2025-05-21,M08,OnHandSnapshot,1083.44
2025-05-22,M08,Consumption,-30.56
2025-05-22,M08,OnHandSnapshot,1052.88
2025-05-23,M08,Consumption,-35.36
2025-05-23,M08,OnHandSnapshot,1017.52
2025-05-24,M08,Consumption,-23.63
2025-05-24,M08,OnHandSnapshot,993.89
2025-05-25,M08,Consumption,-23.08
2025-05-25,M08,OnHandSnapshot,970.82
2025-05-26,M08,Consumption,-26.28
2025-05-26,M08,OnHandSnapshot,944.54
2025-05-27,M08,Consumption,-25.04
2025-05-27,M08,OnHandSnapshot,919.5
2025-05-28,M08,Consumption,-25.15
2025-05-28,M08,OnHandSnapshot,894.35
2025-05-29,M08,Consumption,-27.28
2025-05-29,M08,OnHandSnapshot,867.07
2025-05-30,M08,Consumption,-32.41
2025-05-30,M08,OnHandSnapshot,834.66
2025-05-31,M08,Consumption,-25.44
2025-05-31,M08,OnHandSnapshot,809.23
2025-06-01,M08,Consumption,-25.73
2025-06-01,M08,OnHandSnapshot,783.5
2025-06-02,M08,Consumption,-24.44
2025-06-02,M08,OnHandSnapshot,759.05
2025-06-03,M08,Consumption,-25.85
2025-06-03,M08,OnHandSnapshot,733.21
2025-06-04,M08,Consumption,-25.34
2025-06-04,M08,OnHandSnapshot,707.87
2025-06-05,M08,Consumption,-27.98
2025-06-05,M08,OnHandSnapshot,679.89
2025-06-06,M08,Consumption,-32.11
2025-06-06,M08,OnHandSnapshot,647.78
2025-06-07,M08,Consumption,-22.61
2025-06-07,M08,OnHandSnapshot,625.17
2025-06-08,M08,Consumption,-24.81
2025-06-08,M08,OnHandSnapshot,600.35
2025-06-09,M08,Consumption,-24.14
2025-06-09,M08,OnHandSnapshot,576.21
2025-06-10,M08,Consumption,-25.38
2025-06-10,M08,OnHandSnapshot,550.83
2025-06-11,M08,Consumption,-26.35
2025-06-11,M08,OnHandSnapshot,524.48
2025-06-12,M08,Consumption,-27.95
2025-06-12,M08,OnHandSnapshot,496.53
2025-06-13,M08,Consumption,-33.56
2025-06-13,M08,OnHandSnapshot,462.96
2025-06-14,M08,Consumption,-24.24
2025-06-14,M08,OnHandSnapshot,438.72
2025-06-15,M08,Consumption,-25.01
2025-06-15,M08,OnHandSnapshot,413.71
2025-06-16,M08,Receipt,1051.71
2025-06-16,M08,Consumption,-24.89
2025-06-16,M08,OnHandSnapshot,1440.52
2025-06-17,M08,Consumption,-25.31
2025-06-17,M08,OnHandSnapshot,1415.21
2025-06-18,M08,Consumption,-25.5
2025-06-18,M08,OnHandSnapshot,1389.71
2025-06-19,M08,Consumption,-27.84
2025-06-19,M08,OnHandSnapshot,1361.87
2025-06-20,M08,Consumption,-33.41
2025-06-20,M08,OnHandSnapshot,1328.46
2025-06-21,M08,Consumption,-23.22
2025-06-21,M08,OnHandSnapshot,1305.25
2025-06-22,M08,Consumption,-25.89
2025-06-22,M08,OnHandSnapshot,1279.36
2025-06-23,M08,Consumption,-26.18
2025-06-23,M08,OnHandSnapshot,1253.18
2025-06-24,M08,Consumption,-24.67
2025-06-24,M08,OnHandSnapshot,1228.51
2025-06-25,M08,Consumption,-25.47
2025-06-25,M08,OnHandSnapshot,1203.04
2025-06-26,M08,Consumption,-27.71
2025-06-26,M08,OnHandSnapshot,1175.33
2025-06-27,M08,Consumption,-32.8
2025-06-27,M08,OnHandSnapshot,1142.53
2025-06-28,M08,Consumption,-22.57
2025-06-28,M08,OnHandSnapshot,1119.96
2025-06-29,M08,Consumption,-24.97
2025-06-29,M08,OnHandSnapshot,1094.99
2025-06-30,M08,Consumption,-25.3
2025-06-30,M08,OnHandSnapshot,1069.69
2025-07-01,M08,Consumption,-24.86
2025-07-01,M08,OnHandSnapshot,1044.83
2025-07-02,M08,Consumption,-25.16
2025-07-02,M08,OnHandSnapshot,1019.68
2025-07-03,M08,Consumption,-30.45
2025-07-03,M08,OnHandSnapshot,989.23
2025-07-04,M08,Consumption,-36.26
2025-07-04,M08,OnHandSnapshot,952.97
2025-07-05,M08,Consumption,-24.16
2025-07-05,M08,OnHandSnapshot,928.82
2025-07-06,M08,Consumption,-26.13
2025-07-06,M08,OnHandSnapshot,902.68
2025-07-07,M08,Consumption,-25.57
2025-07-07,M08,OnHandSnapshot,877.12
2025-07-08,M08,Consumption,-26.39
2025-07-08,M08,OnHandSnapshot,850.73
2025-07-09,M08,Consumption,-24.42
2025-07-09,M08,OnHandSnapshot,826.31
2025-07-10,M08,Consumption,-29.1
2025-07-10,M08,OnHandSnapshot,797.21
2025-07-11,M08,Consumption,-32.88
2025-07-11,M08,OnHandSnapshot,764.33
2025-07-12,M08,Consumption,-25.0
2025-07-12,M08,OnHandSnapshot,739.33
2025-07-13,M08,Consumption,-24.74
2025-07-13,M08,OnHandSnapshot,714.59
2025-07-14,M08,Consumption,-24.79
2025-07-14,M08,OnHandSnapshot,689.8
2025-07-15,M08,Consumption,-23.46
2025-07-15,M08,OnHandSnapshot,666.34
2025-07-16,M08,Consumption,-26.22
2025-07-16,M08,OnHandSnapshot,640.13
2025-07-17,M08,Consumption,-27.4
2025-07-17,M08,OnHandSnapshot,612.73
2025-07-18,M08,Consumption,-34.93
2025-07-18,M08,OnHandSnapshot,577.8
2025-07-19,M08,Consumption,-24.1
2025-07-19,M08,OnHandSnapshot,553.7
2025-07-20,M08,Consumption,-24.38
2025-07-20,M08,OnHandSnapshot,529.33
2025-07-21,M08,Consumption,-24.24
2025-07-21,M08,OnHandSnapshot,505.08
2025-07-22,M08,Consumption,-24.65
2025-07-22,M08,OnHandSnapshot,480.43
2025-07-23,M08,Consumption,-25.18
2025-07-23,M08,OnHandSnapshot,455.25
2025-07-24,M08,Consumption,-27.73
2025-07-24,M08,OnHandSnapshot,427.52
2025-07-25,M08,Consumption,-36.72
2025-07-25,M08,OnHandSnapshot,390.8
2025-07-26,M08,Receipt,1051.71
2025-07-26,M08,Consumption,-23.69
2025-07-26,M08,OnHandSnapshot,1418.82
2025-07-27,M08,Consumption,-25.47
2025-07-27,M08,OnHandSnapshot,1393.35
2025-07-28,M08,Consumption,-25.46
2025-07-28,M08,OnHandSnapshot,1367.89
2025-07-29,M08,Consumption,-26.36
2025-07-29,M08,OnHandSnapshot,1341.53
2025-07-30,M08,Consumption,-26.04
2025-07-30,M08,OnHandSnapshot,1315.49
2025-07-31,M08,Consumption,-28.63
2025-07-31,M08,OnHandSnapshot,1286.86
2025-08-01,M08,Consumption,-33.95
2025-08-01,M08,OnHandSnapshot,1252.91
2025-08-02,M08,Consumption,-26.48
2025-08-02,M08,OnHandSnapshot,1226.43
2025-08-03,M08,Consumption,-23.38
2025-08-03,M08,OnHandSnapshot,1203.05
2025-08-04,M08,Consumption,-25.49
2025-08-04,M08,OnHandSnapshot,1177.56
2025-08-05,M08,Consumption,-24.62
2025-08-05,M08,OnHandSnapshot,1152.94
2025-08-06,M08,Consumption,-26.53
2025-08-06,M08,OnHandSnapshot,1126.41
2025-08-07,M08,Consumption,-28.92
2025-08-07,M08,OnHandSnapshot,1097.5
2025-08-08,M08,Consumption,-33.98
2025-08-08,M08,OnHandSnapshot,1063.51
2025-08-09,M08,Consumption,-23.88
2025-08-09,M08,OnHandSnapshot,1039.63
2025-08-10,M08,Consumption,-24.5
2025-08-10,M08,OnHandSnapshot,1015.14
2025-08-11,M08,Consumption,-27.04
2025-08-11,M08,OnHandSnapshot,988.1
2025-08-12,M08,Consumption,-25.3
2025-08-12,M08,OnHandSnapshot,962.79
2025-08-13,M08,Consumption,-24.56
2025-08-13,M08,OnHandSnapshot,938.23
2025-08-14,M08,Consumption,-28.43
2025-08-14,M08,OnHandSnapshot,909.8
2025-08-15,M08,Consumption,-32.89
2025-08-15,M08,OnHandSnapshot,876.91
2025-08-16,M08,Consumption,-24.71
2025-08-16,M08,OnHandSnapshot,852.2
2025-08-17,M08,Consumption,-25.6
2025-08-17,M08,OnHandSnapshot,826.61
2025-08-18,M08,Consumption,-23.88
2025-08-18,M08,OnHandSnapshot,802.73
2025-08-19,M08,Consumption,-25.66
2025-08-19,M08,OnHandSnapshot,777.06
2025-08-20,M08,Consumption,-26.02
2025-08-20,M08,OnHandSnapshot,751.05
2025-08-21,M08,Consumption,-28.99
2025-08-21,M08,OnHandSnapshot,722.06
2025-08-22,M08,Consumption,-36.58
2025-08-22,M08,OnHandSnapshot,685.48
2025-08-23,M08,Consumption,-24.22
2025-08-23,M08,OnHandSnapshot,661.26
2025-08-24,M08,Consumption,-25.52
2025-08-24,M08,OnHandSnapshot,635.74
2025-08-25,M08,Consumption,-22.96
2025-08-25,M08,OnHandSnapshot,612.77
2025-08-26,M08,Consumption,-24.85
2025-08-26,M08,OnHandSnapshot,587.92
2025-08-27,M08,Consumption,-26.6
2025-08-27,M08,OnHandSnapshot,561.32
2025-08-28,M08,Consumption,-27.39
2025-08-28,M08,OnHandSnapshot,533.93
2025-08-29,M08,Consumption,-33.76
2025-08-29,M08,OnHandSnapshot,500.17
2025-08-30,M08,Consumption,-25.09
2025-08-30,M08,OnHandSnapshot,475.07
2025-08-31,M08,Consumption,-25.9
2025-08-31,M08,OnHandSnapshot,449.18
2025-09-01,M08,Consumption,-28.04
2025-09-01,M08,OnHandSnapshot,421.14
2025-09-02,M08,Consumption,-25.76
2025-09-02,M08,OnHandSnapshot,395.38
2025-09-03,M08,Receipt,1051.71
2025-09-03,M08,Consumption,-26.49
2025-09-03,M08,OnHandSnapshot,1420.6
2025-09-04,M08,Consumption,-31.22
2025-09-04,M08,OnHandSnapshot,1389.38
2025-09-05,M08,Consumption,-36.85
2025-09-05,M08,OnHandSnapshot,1352.53
2025-09-06,M08,Consumption,-24.48
2025-09-06,M08,OnHandSnapshot,1328.05
2025-09-07,M08,Consumption,-23.98
2025-09-07,M08,OnHandSnapshot,1304.07
2025-09-08,M08,Consumption,-26.51
2025-09-08,M08,OnHandSnapshot,1277.56
2025-09-09,M08,Consumption,-25.54
2025-09-09,M08,OnHandSnapshot,1252.01
2025-09-10,M08,Consumption,-25.3
2025-09-10,M08,OnHandSnapshot,1226.72
2025-09-11,M08,Consumption,-29.9
2025-09-11,M08,OnHandSnapshot,1196.82
2025-09-12,M08,Consumption,-33.53
2025-09-12,M08,OnHandSnapshot,1163.29
2025-09-13,M08,Consumption,-24.02
2025-09-13,M08,OnHandSnapshot,1139.27
2025-09-14,M08,Consumption,-25.58
2025-09-14,M08,OnHandSnapshot,1113.7
2025-09-15,M08,Consumption,-26.23
2025-09-15,M08,OnHandSnapshot,1087.46
2025-09-16,M08,Consumption,-23.82
2025-09-16,M08,OnHandSnapshot,1063.64
2025-09-17,M08,Consumption,-27.64
2025-09-17,M08,OnHandSnapshot,1036.0
2025-09-18,M08,Consumption,-29.03
2025-09-18,M08,OnHandSnapshot,1006.97
2025-09-19,M08,Consumption,-35.85
2025-09-19,M08,OnHandSnapshot,971.12
2025-09-20,M08,Consumption,-23.26
2025-09-20,M08,OnHandSnapshot,947.86
2025-09-21,M08,Consumption,-26.62
2025-09-21,M08,OnHandSnapshot,921.24
2025-09-22,M08,Consumption,-24.72
2025-09-22,M08,OnHandSnapshot,896.51
2025-09-23,M08,Consumption,-25.58
2025-09-23,M08,OnHandSnapshot,870.94
2025-09-24,M08,Consumption,-23.68
2025-09-24,M08,OnHandSnapshot,847.26
2025-09-25,M08,Consumption,-29.52
2025-09-25,M08,OnHandSnapshot,817.74
2025-09-26,M08,Consumption,-37.49
2025-09-26,M08,OnHandSnapshot,780.26
2025-09-27,M08,Consumption,-24.17
2025-09-27,M08,OnHandSnapshot,756.09
2025-09-28,M08,Consumption,-26.43
2025-09-28,M08,OnHandSnapshot,729.66
2025-09-29,M08,Consumption,-26.81
2025-09-29,M08,OnHandSnapshot,702.84
2025-09-30,M08,Consumption,-23.28
2025-09-30,M08,OnHandSnapshot,679.57
2025-10-01,M08,Consumption,-24.7
2025-10-01,M08,OnHandSnapshot,654.87
2025-10-02,M08,Consumption,-29.22
2025-10-02,M08,OnHandSnapshot,625.65
2025-10-03,M08,Consumption,-36.04
2025-10-03,M08,OnHandSnapshot,589.61
2025-10-04,M08,Consumption,-23.79
2025-10-04,M08,OnHandSnapshot,565.82
2025-10-05,M08,Consumption,-25.4
2025-10-05,M08,OnHandSnapshot,540.42
2025-10-06,M08,Consumption,-26.16
2025-10-06,M08,OnHandSnapshot,514.26
2025-10-07,M08,Consumption,-24.94
2025-10-07,M08,OnHandSnapshot,489.32
2025-10-08,M08,Consumption,-25.06
2025-10-08,M08,OnHandSnapshot,464.25
2025-10-09,M08,Consumption,-29.06
2025-10-09,M08,OnHandSnapshot,435.19
2025-10-10,M08,Consumption,-34.64
2025-10-10,M08,OnHandSnapshot,400.55
2025-10-11,M08,Consumption,-25.13
2025-10-11,M08,OnHandSnapshot,375.42
2025-10-12,M08,Receipt,1051.71
2025-10-12,M08,Consumption,-25.28
2025-10-12,M08,OnHandSnapshot,1401.85
2025-10-13,M08,Consumption,-24.72
2025-10-13,M08,OnHandSnapshot,1377.13
2025-10-14,M08,Consumption,-23.26
2025-10-14,M08,OnHandSnapshot,1353.87
2025-10-15,M08,Consumption,-24.32
2025-10-15,M08,OnHandSnapshot,1329.55
2025-10-16,M08,Consumption,-28.6
2025-10-16,M08,OnHandSnapshot,1300.96
2025-10-17,M08,Consumption,-34.38
2025-10-17,M08,OnHandSnapshot,1266.57
2025-10-18,M08,Consumption,-24.11
2025-10-18,M08,OnHandSnapshot,1242.46
2025-10-19,M08,Consumption,-24.09
2025-10-19,M08,OnHandSnapshot,1218.36
2025-10-20,M08,Consumption,-24.97
2025-10-20,M08,OnHandSnapshot,1193.39
2025-10-21,M08,Consumption,-27.16
2025-10-21,M08,OnHandSnapshot,1166.23
2025-10-22,M08,Consumption,-25.22
2025-10-22,M08,OnHandSnapshot,1141.01
2025-10-23,M08,Consumption,-29.91
2025-10-23,M08,OnHandSnapshot,1111.09
2025-10-24,M08,Consumption,-36.01
2025-10-24,M08,OnHandSnapshot,1075.09
2025-10-25,M08,Consumption,-23.2
2025-10-25,M08,OnHandSnapshot,1051.89
2025-10-26,M08,Consumption,-24.97
2025-10-26,M08,OnHandSnapshot,1026.91
2025-10-27,M08,Consumption,-27.02
2025-10-27,M08,OnHandSnapshot,999.89
2025-10-28,M08,Consumption,-27.28
2025-10-28,M08,OnHandSnapshot,972.61
2025-10-29,M08,Consumption,-26.34
2025-10-29,M08,OnHandSnapshot,946.27
2025-10-30,M08,Consumption,-29.88
2025-10-30,M08,OnHandSnapshot,916.39
2025-10-31,M08,Consumption,-34.0
2025-10-31,M08,OnHandSnapshot,882.39
2025-11-01,M08,Consumption,-24.32
2025-11-01,M08,OnHandSnapshot,858.07
2025-11-02,M08,Consumption,-23.99
2025-11-02,M08,OnHandSnapshot,834.08
2025-11-03,M08,Consumption,-23.89
2025-11-03,M08,OnHandSnapshot,810.19
2025-11-04,M08,Consumption,-24.9
2025-11-04,M08,OnHandSnapshot,785.29
2025-11-05,M08,Consumption,-26.3
2025-11-05,M08,OnHandSnapshot,758.99
2025-11-06,M08,Consumption,-28.46
2025-11-06,M08,OnHandSnapshot,730.54
2025-11-07,M08,Consumption,-36.34
2025-11-07,M08,OnHandSnapshot,694.19
2025-11-08,M08,Consumption,-24.98
2025-11-08,M08,OnHandSnapshot,669.21
2025-11-09,M08,Consumption,-25.16
2025-11-09,M08,OnHandSnapshot,644.05
2025-11-10,M08,Consumption,-25.44
2025-11-10,M08,OnHandSnapshot,618.61
2025-11-11,M08,Consumption,-25.53
2025-11-11,M08,OnHandSnapshot,593.08
2025-11-12,M08,Consumption,-26.72
2025-11-12,M08,OnHandSnapshot,566.36
2025-11-13,M08,Consumption,-30.93
2025-11-13,M08,OnHandSnapshot,535.44
2025-11-14,M08,Consumption,-33.82
2025-11-14,M08,OnHandSnapshot,501.61
2025-11-15,M08,Consumption,-24.57
2025-11-15,M08,OnHandSnapshot,477.04
2025-11-16,M08,Consumption,-25.79
2025-11-16,M08,OnHandSnapshot,451.25
2025-11-17,M08,Consumption,-23.99
2025-11-17,M08,OnHandSnapshot,427.26
2025-11-18,M08,Consumption,-24.76
2025-11-18,M08,OnHandSnapshot,402.5
2025-11-19,M08,Consumption,-26.25
2025-11-19,M08,OnHandSnapshot,376.25
2025-11-20,M08,Receipt,1051.71
2025-11-20,M08,Consumption,-30.2
2025-11-20,M08,OnHandSnapshot,1397.76
2025-11-21,M08,Consumption,-37.35
2025-11-21,M08,OnHandSnapshot,1360.4
2025-11-22,M08,Consumption,-24.77
2025-11-22,M08,OnHandSnapshot,1335.64
2025-11-23,M08,Consumption,-26.03
2025-11-23,M08,OnHandSnapshot,1309.6
2025-11-24,M08,Consumption,-25.13
2025-11-24,M08,OnHandSnapshot,1284.47
2025-11-25,M08,Consumption,-25.49
2025-11-25,M08,OnHandSnapshot,1258.98
2025-11-26,M08,Consumption,-25.67
2025-11-26,M08,OnHandSnapshot,1233.32
2025-11-27,M08,Consumption,-29.15
2025-11-27,M08,OnHandSnapshot,1204.17
2025-11-28,M08,Consumption,-32.66
2025-11-28,M08,OnHandSnapshot,1171.51
2025-11-29,M08,Consumption,-24.58
2025-11-29,M08,OnHandSnapshot,1146.93
2025-11-30,M08,Consumption,-28.64
2025-11-30,M08,OnHandSnapshot,1118.3
2025-12-01,M08,Consumption,-26.48
2025-12-01,M08,OnHandSnapshot,1091.82
2025-12-02,M08,Consumption,-28.02
2025-12-02,M08,OnHandSnapshot,1063.8
2025-12-03,M08,Consumption,-26.86
2025-12-03,M08,OnHandSnapshot,1036.95
2025-12-04,M08,Consumption,-29.22
2025-12-04,M08,OnHandSnapshot,1007.73
2025-12-05,M08,Consumption,-33.51
2025-12-05,M08,OnHandSnapshot,974.22
2025-12-06,M08,Consumption,-23.82
2025-12-06,M08,OnHandSnapshot,950.4
2025-12-07,M08,Consumption,-26.14
2025-12-07,M08,OnHandSnapshot,924.26
2025-12-08,M08,Consumption,-25.4
2025-12-08,M08,OnHandSnapshot,898.86
2025-12-09,M08,Consumption,-27.23
2025-12-09,M08,OnHandSnapshot,871.63
2025-12-10,M08,Consumption,-26.36
2025-12-10,M08,OnHandSnapshot,845.27
2025-12-11,M08,Consumption,-30.42
2025-12-11,M08,OnHandSnapshot,814.85
2025-12-12,M08,Consumption,-35.14
2025-12-12,M08,OnHandSnapshot,779.71
2025-12-13,M08,Consumption,-24.66
2025-12-13,M08,OnHandSnapshot,755.05
2025-12-14,M08,Consumption,-25.09
2025-12-14,M08,OnHandSnapshot,729.96
2025-12-15,M08,Consumption,-26.27
2025-12-15,M08,OnHandSnapshot,703.69
2025-12-16,M08,Consumption,-26.82
2025-12-16,M08,OnHandSnapshot,676.88
2025-12-17,M08,Consumption,-25.65
2025-12-17,M08,OnHandSnapshot,651.23
2025-12-18,M08,Consumption,-30.39
2025-12-18,M08,OnHandSnapshot,620.84
2025-12-19,M08,Consumption,-35.48
2025-12-19,M08,OnHandSnapshot,585.36
2025-12-20,M08,Consumption,-24.44
2025-12-20,M08,OnHandSnapshot,560.92
2025-12-21,M08,Consumption,-25.88
2025-12-21,M08,OnHandSnapshot,535.04
2025-12-22,M08,Consumption,-24.85
2025-12-22,M08,OnHandSnapshot,510.19
2025-12-23,M08,Consumption,-26.4
2025-12-23,M08,OnHandSnapshot,483.8
2025-12-24,M08,Consumption,-26.17
2025-12-24,M08,OnHandSnapshot,457.63
2025-12-25,M08,Consumption,-29.24
2025-12-25,M08,OnHandSnapshot,428.39
2025-12-26,M08,Consumption,-38.98
2025-12-26,M08,OnHandSnapshot,389.41
2025-12-27,M08,Consumption,-23.7
2025-12-27,M08,OnHandSnapshot,365.72
2025-12-28,M08,Receipt,1051.71
2025-12-28,M08,Consumption,-26.42
2025-12-28,M08,OnHandSnapshot,1391.0
2025-12-29,M08,Consumption,-26.61
2025-12-29,M08,OnHandSnapshot,1364.39
2025-12-30,M08,Consumption,-27.18
2025-12-30,M08,OnHandSnapshot,1337.21
2025-12-31,M08,Consumption,-25.82
2025-12-31,M08,OnHandSnapshot,1311.39
2024-01-01,M09,Consumption,-10.08
2024-01-01,M09,OnHandSnapshot,150.33
2024-01-02,M09,Consumption,-10.2
2024-01-02,M09,OnHandSnapshot,140.13
2024-01-03,M09,Consumption,-10.86
2024-01-03,M09,OnHandSnapshot,129.27
2024-01-04,M09,Consumption,-11.27
2024-01-04,M09,OnHandSnapshot,118.0
2024-01-05,M09,Consumption,-14.59
2024-01-05,M09,OnHandSnapshot,103.41
2024-01-06,M09,Receipt,340.86
2024-01-06,M09,Consumption,-9.59
2024-01-06,M09,OnHandSnapshot,434.68
2024-01-07,M09,Consumption,-10.29
2024-01-07,M09,OnHandSnapshot,424.39
2024-01-08,M09,Consumption,-10.96
2024-01-08,M09,OnHandSnapshot,413.43
2024-01-09,M09,Consumption,-10.48
2024-01-09,M09,OnHandSnapshot,402.95
2024-01-10,M09,Consumption,-10.33
2024-01-10,M09,OnHandSnapshot,392.61
2024-01-11,M09,Consumption,-11.73
2024-01-11,M09,OnHandSnapshot,380.88
2024-01-12,M09,Consumption,-13.01
2024-01-12,M09,OnHandSnapshot,367.87
2024-01-13,M09,Consumption,-9.92
2024-01-13,M09,OnHandSnapshot,357.95
2024-01-14,M09,Consumption,-10.2
2024-01-14,M09,OnHandSnapshot,347.75
2024-01-15,M09,Consumption,-10.56
2024-01-15,M09,OnHandSnapshot,337.19
2024-01-16,M09,Consumption,-9.54
2024-01-16,M09,OnHandSnapshot,327.66
2024-01-17,M09,Consumption,-9.89
2024-01-17,M09,OnHandSnapshot,317.77
2024-01-18,M09,Consumption,-11.29
2024-01-18,M09,OnHandSnapshot,306.48
2024-01-19,M09,Consumption,-13.8
2024-01-19,M09,OnHandSnapshot,292.67
2024-01-20,M09,Consumption,-10.46
2024-01-20,M09,OnHandSnapshot,282.21
2024-01-21,M09,Consumption,-9.2
2024-01-21,M09,OnHandSnapshot,273.02
2024-01-22,M09,Consumption,-9.36
2024-01-22,M09,OnHandSnapshot,263.66
2024-01-23,M09,Consumption,-10.64
2024-01-23,M09,OnHandSnapshot,253.01
2024-01-24,M09,Consumption,-10.21
2024-01-24,M09,OnHandSnapshot,242.8
2024-01-25,M09,Consumption,-11.44
2024-01-25,M09,OnHandSnapshot,231.36
2024-01-26,M09,Consumption,-14.46
2024-01-26,M09,OnHandSnapshot,216.91
2024-01-27,M09,Consumption,-11.0
2024-01-27,M09,OnHandSnapshot,205.9
2024-01-28,M09,Consumption,-10.48
2024-01-28,M09,OnHandSnapshot,195.42
2024-01-29,M09,Consumption,-10.87
2024-01-29,M09,OnHandSnapshot,184.55
2024-01-30,M09,Consumption,-10.81
2024-01-30,M09,OnHandSnapshot,173.74
2024-01-31,M09,Consumption,-9.96
2024-01-31,M09,OnHandSnapshot,163.77
2024-02-01,M09,Consumption,-11.62
2024-02-01,M09,OnHandSnapshot,152.16
2024-02-02,M09,Receipt,340.86
2024-02-02,M09,Consumption,-13.67
2024-02-02,M09,OnHandSnapshot,479.35
2024-02-03,M09,Consumption,-10.23
2024-02-03,M09,OnHandSnapshot,469.12
2024-02-04,M09,Consumption,-10.04
2024-02-04,M09,OnHandSnapshot,459.08
2024-02-05,M09,Consumption,-10.45
2024-02-05,M09,OnHandSnapshot,448.63
2024-02-06,M09,Consumption,-9.93
2024-02-06,M09,OnHandSnapshot,438.69
2024-02-07,M09,Consumption,-9.6
2024-02-07,M09,OnHandSnapshot,429.09
2024-02-08,M09,Consumption,-12.48
2024-02-08,M09,OnHandSnapshot,416.61
2024-02-09,M09,Consumption,-12.88
2024-02-09,M09,OnHandSnapshot,403.73
2024-02-10,M09,Consumption,-9.44
2024-02-10,M09,OnHandSnapshot,394.3
2024-02-11,M09,Consumption,-10.2
2024-02-11,M09,OnHandSnapshot,384.1
2024-02-12,M09,Consumption,-10.3
2024-02-12,M09,OnHandSnapshot,373.8
2024-02-13,M09,Consumption,-9.94
2024-02-13,M09,OnHandSnapshot,363.86
2024-02-14,M09,Consumption,-10.77
2024-02-14,M09,OnHandSnapshot,353.09
2024-02-15,M09,Consumption,-12.21
2024-02-15,M09,OnHandSnapshot,340.87
2024-02-16,M09,Consumption,-13.69
2024-02-16,M09,OnHandSnapshot,327.18
2024-02-17,M09,Consumption,-10.05
2024-02-17,M09,OnHandSnapshot,317.13
2024-02-18,M09,Consumption,-9.82
2024-02-18,M09,OnHandSnapshot,307.31
2024-02-19,M09,Consumption,-10.24
2024-02-19,M09,OnHandSnapshot,297.07
2024-02-20,M09,Consumption,-10.21
2024-02-20,M09,OnHandSnapshot,286.86
2024-02-21,M09,Consumption,-10.1
2024-02-21,M09,OnHandSnapshot,276.77
2024-02-22,M09,Consumption,-11.83
2024-02-22,M09,OnHandSnapshot,264.94
2024-02-23,M09,Consumption,-14.33
2024-02-23,M09,OnHandSnapshot,250.61
2024-02-24,M09,Consumption,-9.69
2024-02-24,M09,OnHandSnapshot,240.92
2024-02-25,M09,Consumption,-11.03
2024-02-25,M09,OnHandSnapshot,229.89
2024-02-26,M09,Consumption,-11.11
2024-02-26,M09,OnHandSnapshot,218.78
2024-02-27,M09,Consumption,-10.74
2024-02-27,M09,OnHandSnapshot,208.04
2024-02-28,M09,Consumption,-10.26
2024-02-28,M09,OnHandSnapshot,197.78
2024-02-29,M09,Consumption,-11.34
2024-02-29,M09,OnHandSnapshot,186.43
2024-03-01,M09,Consumption,-13.27
2024-03-01,M09,OnHandSnapshot,173.16
2024-03-02,M09,Consumption,-12.44
2024-03-02,M09,OnHandSnapshot,160.72
2024-03-03,M09,Receipt,340.86
2024-03-03,M09,Consumption,-15.39
2024-03-03,M09,OnHandSnapshot,486.19
2024-03-04,M09,Consumption,-15.15
2024-03-04,M09,OnHandSnapshot,471.04
2024-03-05,M09,Consumption,-16.28
2024-03-05,M09,OnHandSnapshot,454.76
2024-03-06,M09,Consumption,-18.12
2024-03-06,M09,OnHandSnapshot,436.65
2024-03-07,M09,Consumption,-24.94
2024-03-07,M09,OnHandSnapshot,411.71
2024-03-08,M09,Consumption,-29.97
2024-03-08,M09,OnHandSnapshot,381.74
2024-03-09,M09,Consumption,-25.88
2024-03-09,M09,OnHandSnapshot,355.86
2024-03-10,M09,Consumption,-29.76
2024-03-10,M09,OnHandSnapshot,326.1
2024-03-11,M09,Consumption,-31.02
2024-03-11,M09,OnHandSnapshot,295.07
2024-03-12,M09,Consumption,-33.77
2024-03-12,M09,OnHandSnapshot,261.3
2024-03-13,M09,Consumption,-37.95
2024-03-13,M09,OnHandSnapshot,223.36
2024-03-14,M09,Consumption,-48.6
2024-03-14,M09,OnHandSnapshot,174.75
2024-03-15,M09,Consumption,-60.16
2024-03-15,M09,OnHandSnapshot,114.59
2024-03-16,M09,Consumption,-43.47
2024-03-16,M09,OnHandSnapshot,71.12
2024-03-17,M09,Consumption,-47.31
2024-03-17,M09,OnHandSnapshot,23.81
2024-03-18,M09,Consumption,-47.77
2024-03-18,M09,OnHandSnapshot,-23.96
2024-03-19,M09,Receipt,340.86
2024-03-19,M09,Consumption,-53.28
2024-03-19,M09,OnHandSnapshot,263.61
2024-03-20,M09,Consumption,-50.1
2024-03-20,M09,OnHandSnapshot,213.51
2024-03-21,M09,Consumption,-13.48
2024-03-21,M09,OnHandSnapshot,200.02
2024-03-22,M09,Consumption,-15.65
2024-03-22,M09,OnHandSnapshot,184.37
2024-03-23,M09,Consumption,-11.25
2024-03-23,M09,OnHandSnapshot,173.12
2024-03-24,M09,Consumption,-11.7
2024-03-24,M09,OnHandSnapshot,161.42
2024-03-25,M09,Consumption,-11.19
2024-03-25,M09,OnHandSnapshot,150.24
2024-03-26,M09,Receipt,340.86
2024-03-26,M09,Consumption,-11.26
2024-03-26,M09,OnHandSnapshot,479.84
2024-03-27,M09,Consumption,-11.85
2024-03-27,M09,OnHandSnapshot,467.99
2024-03-28,M09,Consumption,-13.91
2024-03-28,M09,OnHandSnapshot,454.08
2024-03-29,M09,Consumption,-15.83
2024-03-29,M09,OnHandSnapshot,438.25
2024-03-30,M09,Consumption,-9.89
2024-03-30,M09,OnHandSnapshot,428.36
2024-03-31,M09,Consumption,-11.65
2024-03-31,M09,OnHandSnapshot,416.71
2024-04-01,M09,Consumption,-11.32
2024-04-01,M09,OnHandSnapshot,405.39
2024-04-02,M09,Consumption,-11.24
2024-04-02,M09,OnHandSnapshot,394.15
2024-04-03,M09,Consumption,-10.78
2024-04-03,M09,OnHandSnapshot,383.37
2024-04-04,M09,Consumption,-13.18
2024-04-04,M09,OnHandSnapshot,370.18
2024-04-05,M09,Consumption,-15.69
2024-04-05,M09,OnHandSnapshot,354.49
2024-04-06,M09,Consumption,-10.03
2024-04-06,M09,OnHandSnapshot,344.46
2024-04-07,M09,Consumption,-11.81
2024-04-07,M09,OnHandSnapshot,332.65
2024-04-08,M09,Consumption,-11.49
2024-04-08,M09,OnHandSnapshot,321.16
2024-04-09,M09,Consumption,-11.6
2024-04-09,M09,OnHandSnapshot,309.56
2024-04-10,M09,Consumption,-10.98
2024-04-10,M09,OnHandSnapshot,298.59
2024-04-11,M09,Consumption,-11.7
2024-04-11,M09,OnHandSnapshot,286.89
2024-04-12,M09,Consumption,-14.43
2024-04-12,M09,OnHandSnapshot,272.46
2024-04-13,M09,Consumption,-10.26
2024-04-13,M09,OnHandSnapshot,262.2
2024-04-14,M09,Consumption,-10.39
2024-04-14,M09,OnHandSnapshot,251.81
2024-04-15,M09,Consumption,-10.38
2024-04-15,M09,OnHandSnapshot,241.43
2024-04-16,M09,Consumption,-9.98
2024-04-16,M09,OnHandSnapshot,231.45
2024-04-17,M09,Consumption,-10.43
2024-04-17,M09,OnHandSnapshot,221.02
2024-04-18,M09,Consumption,-11.74
2024-04-18,M09,OnHandSnapshot,209.27
2024-04-19,M09,Consumption,-13.64
2024-04-19,M09,OnHandSnapshot,195.63
2024-04-20,M09,Consumption,-10.73
2024-04-20,M09,OnHandSnapshot,184.9
2024-04-21,M09,Consumption,-10.9
2024-04-21,M09,OnHandSnapshot,173.99
2024-04-22,M09,Consumption,-10.68
2024-04-22,M09,OnHandSnapshot,163.31
2024-04-23,M09,Receipt,340.86
2024-04-23,M09,Consumption,-10.74
2024-04-23,M09,OnHandSnapshot,493.43
2024-04-24,M09,Consumption,-10.14
2024-04-24,M09,OnHandSnapshot,483.28
2024-04-25,M09,Consumption,-11.8
2024-04-25,M09,OnHandSnapshot,471.48
2024-04-26,M09,Consumption,-14.54
2024-04-26,M09,OnHandSnapshot,456.95
2024-04-27,M09,Consumption,-9.07
2024-04-27,M09,OnHandSnapshot,447.87
2024-04-28,M09,Consumption,-10.27
2024-04-28,M09,OnHandSnapshot,437.6
2024-04-29,M09,Consumption,-10.19
2024-04-29,M09,OnHandSnapshot,427.41
2024-04-30,M09,Consumption,-10.45
2024-04-30,M09,OnHandSnapshot,416.96
2024-05-01,M09,Consumption,-9.7
2024-05-01,M09,OnHandSnapshot,407.26
2024-05-02,M09,Consumption,-12.54
2024-05-02,M09,OnHandSnapshot,394.72
2024-05-03,M09,Consumption,-13.96
2024-05-03,M09,OnHandSnapshot,380.75
2024-05-04,M09,Consumption,-10.27
2024-05-04,M09,OnHandSnapshot,370.48
2024-05-05,M09,Consumption,-10.92
2024-05-05,M09,OnHandSnapshot,359.56
2024-05-06,M09,Consumption,-10.3
2024-05-06,M09,OnHandSnapshot,349.26
2024-05-07,M09,Consumption,-10.88
2024-05-07,M09,OnHandSnapshot,338.38
2024-05-08,M09,Consumption,-10.51
2024-05-08,M09,OnHandSnapshot,327.87
2024-05-09,M09,Consumption,-12.0
2024-05-09,M09,OnHandSnapshot,315.87
2024-05-10,M09,Consumption,-13.72
2024-05-10,M09,OnHandSnapshot,302.15
2024-05-11,M09,Consumption,-9.88
2024-05-11,M09,OnHandSnapshot,292.27
2024-05-12,M09,Consumption,-10.59
2024-05-12,M09,OnHandSnapshot,281.69
2024-05-13,M09,Consumption,-10.35
2024-05-13,M09,OnHandSnapshot,271.33
2024-05-14,M09,Consumption,-9.63
2024-05-14,M09,OnHandSnapshot,261.7
2024-05-15,M09,Consumption,-9.7
2024-05-15,M09,OnHandSnapshot,252.01
2024-05-16,M09,Consumption,-11.46
2024-05-16,M09,OnHandSnapshot,240.55
2024-05-17,M09,Consumption,-13.42
2024-05-17,M09,OnHandSnapshot,227.13
2024-05-18,M09,Consumption,-9.84
2024-05-18,M09,OnHandSnapshot,217.29
2024-05-19,M09,Consumption,-9.74
2024-05-19,M09,OnHandSnapshot,207.55
2024-05-20,M09,Consumption,-10.08
2024-05-20,M09,OnHandSnapshot,197.47
2024-05-21,M09,Consumption,-11.2
2024-05-21,M09,OnHandSnapshot,186.27
2024-05-22,M09,Consumption,-10.62
2024-05-22,M09,OnHandSnapshot,175.64
2024-05-23,M09,Consumption,-11.28
2024-05-23,M09,OnHandSnapshot,164.36
2024-05-24,M09,Consumption,-14.22
2024-05-24,M09,OnHandSnapshot,150.14
2024-05-25,M09,Consumption,-9.33
2024-05-25,M09,OnHandSnapshot,140.81
2024-05-26,M09,Consumption,-9.81
2024-05-26,M09,OnHandSnapshot,131.0
2024-05-27,M09,Receipt,340.86
2024-05-27,M09,Consumption,-10.03
2024-05-27,M09,OnHandSnapshot,461.83
2024-05-28,M09,Consumption,-11.46
2024-05-28,M09,OnHandSnapshot,450.37
2024-05-29,M09,Consumption,-9.93
2024-05-29,M09,OnHandSnapshot,440.44
2024-05-30,M09,Consumption,-11.53
2024-05-30,M09,OnHandSnapshot,428.91
2024-05-31,M09,Consumption,-13.32
2024-05-31,M09,OnHandSnapshot,415.59
2024-06-01,M09,Consumption,-10.24
2024-06-01,M09,OnHandSnapshot,405.35
2024-06-02,M09,Consumption,-10.97
2024-06-02,M09,OnHandSnapshot,394.38
2024-06-03,M09,Consumption,-11.07
2024-06-03,M09,OnHandSnapshot,383.31
2024-06-04,M09,Consumption,-9.84
2024-06-04,M09,OnHandSnapshot,373.47
2024-06-05,M09,Consumption,-10.23
2024-06-05,M09,OnHandSnapshot,363.24
2024-06-06,M09,Consumption,-12.47
2024-06-06,M09,OnHandSnapshot,350.77
2024-06-07,M09,Consumption,-14.3
2024-06-07,M09,OnHandSnapshot,336.47
2024-06-08,M09,Consumption,-10.05
2024-06-08,M09,OnHandSnapshot,326.42
2024-06-09,M09,Consumption,-10.97
2024-06-09,M09,OnHandSnapshot,315.45
2024-06-10,M09,Consumption,-12.19
2024-06-10,M09,OnHandSnapshot,303.27
2024-06-11,M09,Consumption,-10.55
2024-06-11,M09,OnHandSnapshot,292.72
2024-06-12,M09,Consumption,-11.73
2024-06-12,M09,OnHandSnapshot,280.99
2024-06-13,M09,Consumption,-12.81
2024-06-13,M09,OnHandSnapshot,268.18
2024-06-14,M09,Consumption,-14.33
2024-06-14,M09,OnHandSnapshot,253.85
2024-06-15,M09,Consumption,-10.26
2024-06-15,M09,OnHandSnapshot,243.59
2024-06-16,M09,Consumption,-11.23
2024-06-16,M09,OnHandSnapshot,232.36
2024-06-17,M09,Consumption,-10.92
2024-06-17,M09,OnHandSnapshot,221.44
2024-06-18,M09,Consumption,-12.34
2024-06-18,M09,OnHandSnapshot,209.1
2024-06-19,M09,Consumption,-11.88
2024-06-19,M09,OnHandSnapshot,197.22
2024-06-20,M09,Consumption,-13.27
2024-06-20,M09,OnHandSnapshot,183.95
2024-06-21,M09,Consumption,-14.84
2024-06-21,M09,OnHandSnapshot,169.11
2024-06-22,M09,Consumption,-9.44
2024-06-22,M09,OnHandSnapshot,159.67
2024-06-23,M09,Consumption,-11.14
2024-06-23,M09,OnHandSnapshot,148.53
2024-06-24,M09,Consumption,-11.56
2024-06-24,M09,OnHandSnapshot,136.97
2024-06-25,M09,Consumption,-11.84
2024-06-25,M09,OnHandSnapshot,125.13
2024-06-26,M09,Consumption,-10.98
2024-06-26,M09,OnHandSnapshot,114.15
2024-06-27,M09,Receipt,340.86
2024-06-27,M09,Consumption,-12.13
2024-06-27,M09,OnHandSnapshot,442.89
2024-06-28,M09,Consumption,-14.81
2024-06-28,M09,OnHandSnapshot,428.08
2024-06-29,M09,Consumption,-10.9
2024-06-29,M09,OnHandSnapshot,417.18
2024-06-30,M09,Consumption,-11.43
2024-06-30,M09,OnHandSnapshot,405.75
2024-07-01,M09,Consumption,-10.61
2024-07-01,M09,OnHandSnapshot,395.14
2024-07-02,M09,Consumption,-10.18
2024-07-02,M09,OnHandSnapshot,384.96
2024-07-03,M09,Consumption,-10.42
2024-07-03,M09,OnHandSnapshot,374.54
2024-07-04,M09,Consumption,-12.13
2024-07-04,M09,OnHandSnapshot,362.41
2024-07-05,M09,Consumption,-14.09
2024-07-05,M09,OnHandSnapshot,348.32
2024-07-06,M09,Consumption,-10.16
2024-07-06,M09,OnHandSnapshot,338.16
2024-07-07,M09,Consumption,-11.05
2024-07-07,M09,OnHandSnapshot,327.12
2024-07-08,M09,Consumption,-10.84
2024-07-08,M09,OnHandSnapshot,316.28
2024-07-09,M09,Consumption,-10.75
2024-07-09,M09,OnHandSnapshot,305.53
2024-07-10,M09,Consumption,-10.39
2024-07-10,M09,OnHandSnapshot,295.14
2024-07-11,M09,Consumption,-11.08
2024-07-11,M09,OnHandSnapshot,284.06
2024-07-12,M09,Consumption,-14.92
2024-07-12,M09,OnHandSnapshot,269.14
2024-07-13,M09,Consumption,-10.18
2024-07-13,M09,OnHandSnapshot,258.96
2024-07-14,M09,Consumption,-10.7
2024-07-14,M09,OnHandSnapshot,248.26
2024-07-15,M09,Consumption,-11.3
2024-07-15,M09,OnHandSnapshot,236.96
2024-07-16,M09,Consumption,-11.22
2024-07-16,M09,OnHandSnapshot,225.74
2024-07-17,M09,Consumption,-10.95
2024-07-17,M09,OnHandSnapshot,214.79
2024-07-18,M09,Consumption,-13.6
2024-07-18,M09,OnHandSnapshot,201.19
2024-07-19,M09,Consumption,-16.27
2024-07-19,M09,OnHandSnapshot,184.92
2024-07-20,M09,Consumption,-10.0
2024-07-20,M09,OnHandSnapshot,174.92
2024-07-21,M09,Receipt,340.86
2024-07-21,M09,Consumption,-11.16
2024-07-21,M09,OnHandSnapshot,504.61
2024-07-22,M09,Consumption,-10.87
2024-07-22,M09,OnHandSnapshot,493.74
2024-07-23,M09,Consumption,-11.4
2024-07-23,M09,OnHandSnapshot,482.34
2024-07-24,M09,Consumption,-11.01
2024-07-24,M09,OnHandSnapshot,471.32
2024-07-25,M09,Consumption,-12.91
2024-07-25,M09,OnHandSnapshot,458.42
2024-07-26,M09,Consumption,-15.59
2024-07-26,M09,OnHandSnapshot,442.82
2024-07-27,M09,Consumption,-10.1
2024-07-27,M09,OnHandSnapshot,432.73
2024-07-28,M09,Consumption,-10.24
2024-07-28,M09,OnHandSnapshot,422.48
2024-07-29,M09,Consumption,-10.74
2024-07-29,M09,OnHandSnapshot,411.74
2024-07-30,M09,Consumption,-10.34
2024-07-30,M09,OnHandSnapshot,401.4
2024-07-31,M09,Consumption,-11.13
2024-07-31,M09,OnHandSnapshot,390.28
2024-08-01,M09,Consumption,-12.57
2024-08-01,M09,OnHandSnapshot,377.7
2024-08-02,M09,Consumption,-14.16
2024-08-02,M09,OnHandSnapshot,363.55
2024-08-03,M09,Consumption,-11.33
2024-08-03,M09,OnHandSnapshot,352.22
2024-08-04,M09,Consumption,-11.36
2024-08-04,M09,OnHandSnapshot,340.86
2024-08-05,M09,Consumption,-10.12
2024-08-05,M09,OnHandSnapshot,330.74
2024-08-06,M09,Consumption,-10.73
2024-08-06,M09,OnHandSnapshot,320.0
2024-08-07,M09,Consumption,-10.53
2024-08-07,M09,OnHandSnapshot,309.47
2024-08-08,M09,Consumption,-12.62
2024-08-08,M09,OnHandSnapshot,296.86
2024-08-09,M09,Consumption,-14.51
2024-08-09,M09,OnHandSnapshot,282.34
2024-08-10,M09,Consumption,-10.82
2024-08-10,M09,OnHandSnapshot,271.53
2024-08-11,M09,Consumption,-12.16
2024-08-11,M09,OnHandSnapshot,259.37
2024-08-12,M09,Consumption,-9.87
2024-08-12,M09,OnHandSnapshot,249.5
2024-08-13,M09,Consumption,-10.22
2024-08-13,M09,OnHandSnapshot,239.28
2024-08-14,M09,Consumption,-10.93
2024-08-14,M09,OnHandSnapshot,228.36
2024-08-15,M09,Consumption,-12.6
2024-08-15,M09,OnHandSnapshot,215.76
2024-08-16,M09,Consumption,-14.69
2024-08-16,M09,OnHandSnapshot,201.06
2024-08-17,M09,Consumption,-11.07
2024-08-17,M09,OnHandSnapshot,190.0
2024-08-18,M09,Consumption,-10.84
2024-08-18,M09,OnHandSnapshot,179.15
2024-08-19,M09,Consumption,-11.28
2024-08-19,M09,OnHandSnapshot,167.87
2024-08-20,M09,Consumption,-11.26
2024-08-20,M09,OnHandSnapshot,156.61
2024-08-21,M09,Consumption,-11.04
2024-08-21,M09,OnHandSnapshot,145.58
2024-08-22,M09,Consumption,-12.54
2024-08-22,M09,OnHandSnapshot,133.04
2024-08-23,M09,Receipt,340.86
2024-08-23,M09,Consumption,-14.58
2024-08-23,M09,OnHandSnapshot,459.32
2024-08-24,M09,Consumption,-10.27
2024-08-24,M09,OnHandSnapshot,449.05
2024-08-25,M09,Consumption,-11.8
2024-08-25,M09,OnHandSnapshot,437.25
2024-08-26,M09,Consumption,-11.14
2024-08-26,M09,OnHandSnapshot,426.11
2024-08-27,M09,Consumption,-11.88
2024-08-27,M09,OnHandSnapshot,414.23
2024-08-28,M09,Consumption,-10.44
2024-08-28,M09,OnHandSnapshot,403.79
2024-08-29,M09,Consumption,-12.62
2024-08-29,M09,OnHandSnapshot,391.16
2024-08-30,M09,Consumption,-14.73
2024-08-30,M09,OnHandSnapshot,376.43
2024-08-31,M09,Consumption,-10.97
2024-08-31,M09,OnHandSnapshot,365.46
2024-09-01,M09,Consumption,-10.88
2024-09-01,M09,OnHandSnapshot,354.59
2024-09-02,M09,Consumption,-11.75
2024-09-02,M09,OnHandSnapshot,342.83
2024-09-03,M09,Consumption,-10.28
2024-09-03,M09,OnHandSnapshot,332.55
2024-09-04,M09,Consumption,-10.4
2024-09-04,M09,OnHandSnapshot,322.16
2024-09-05,M09,Consumption,-12.47
2024-09-05,M09,OnHandSnapshot,309.69
2024-09-06,M09,Consumption,-14.36
2024-09-06,M09,OnHandSnapshot,295.33
2024-09-07,M09,Consumption,-9.72
2024-09-07,M09,OnHandSnapshot,285.61
2024-09-08,M09,Consumption,-10.8
2024-09-08,M09,OnHandSnapshot,274.81
2024-09-09,M09,Consumption,-10.53
2024-09-09,M09,OnHandSnapshot,264.28
2024-09-10,M09,Consumption,-10.09
2024-09-10,M09,OnHandSnapshot,254.19
2024-09-11,M09,Consumption,-10.11
2024-09-11,M09,OnHandSnapshot,244.08
2024-09-12,M09,Consumption,-12.32
2024-09-12,M09,OnHandSnapshot,231.76
2024-09-13,M09,Consumption,-14.78
2024-09-13,M09,OnHandSnapshot,216.98
2024-09-14,M09,Consumption,-10.29
2024-09-14,M09,OnHandSnapshot,206.69
2024-09-15,M09,Consumption,-11.0
2024-09-15,M09,OnHandSnapshot,195.69
2024-09-16,M09,Consumption,-13.21
2024-09-16,M09,OnHandSnapshot,182.49
2024-09-17,M09,Consumption,-10.9
2024-09-17,M09,OnHandSnapshot,171.58
2024-09-18,M09,Consumption,-11.46
2024-09-18,M09,OnHandSnapshot,160.12
2024-09-19,M09,Receipt,340.86
2024-09-19,M09,Consumption,-13.36
2024-09-19,M09,OnHandSnapshot,487.62
2024-09-20,M09,Consumption,-17.63
2024-09-20,M09,OnHandSnapshot,469.99
2024-09-21,M09,Consumption,-11.17
2024-09-21,M09,OnHandSnapshot,458.82
2024-09-22,M09,Consumption,-10.66
2024-09-22,M09,OnHandSnapshot,448.16
2024-09-23,M09,Consumption,-11.37
2024-09-23,M09,OnHandSnapshot,436.79
2024-09-24,M09,Consumption,-11.76
2024-09-24,M09,OnHandSnapshot,425.03
2024-09-25,M09,Consumption,-12.21
2024-09-25,M09,OnHandSnapshot,412.82
2024-09-26,M09,Consumption,-13.04
2024-09-26,M09,OnHandSnapshot,399.78
2024-09-27,M09,Consumption,-15.79
2024-09-27,M09,OnHandSnapshot,383.99
2024-09-28,M09,Consumption,-11.28
2024-09-28,M09,OnHandSnapshot,372.71
2024-09-29,M09,Consumption,-12.06
2024-09-29,M09,OnHandSnapshot,360.65
2024-09-30,M09,Consumption,-12.1
2024-09-30,M09,OnHandSnapshot,348.54
2024-10-01,M09,Consumption,-12.22
2024-10-01,M09,OnHandSnapshot,336.32
2024-10-02,M09,Consumption,-11.46
2024-10-02,M09,OnHandSnapshot,324.86
2024-10-03,M09,Consumption,-13.9
2024-10-03,M09,OnHandSnapshot,310.96
2024-10-04,M09,Consumption,-15.2
2024-10-04,M09,OnHandSnapshot,295.76
2024-10-05,M09,Consumption,-12.12
2024-10-05,M09,OnHandSnapshot,283.65
2024-10-06,M09,Consumption,-12.24
2024-10-06,M09,OnHandSnapshot,271.4
2024-10-07,M09,Consumption,-11.3
2024-10-07,M09,OnHandSnapshot,260.1
2024-10-08,M09,Consumption,-11.93
2024-10-08,M09,OnHandSnapshot,248.17
2024-10-09,M09,Consumption,-11.99
2024-10-09,M09,OnHandSnapshot,236.18
2024-10-10,M09,Consumption,-13.56
2024-10-10,M09,OnHandSnapshot,222.62
2024-10-11,M09,Consumption,-14.64
2024-10-11,M09,OnHandSnapshot,207.98
2024-10-12,M09,Consumption,-10.73
2024-10-12,M09,OnHandSnapshot,197.25
2024-10-13,M09,Consumption,-10.31
2024-10-13,M09,OnHandSnapshot,186.94
2024-10-14,M09,Consumption,-10.33
2024-10-14,M09,OnHandSnapshot,176.61
2024-10-15,M09,Consumption,-10.5
2024-10-15,M09,OnHandSnapshot,166.11
2024-10-16,M09,Consumption,-10.81
2024-10-16,M09,OnHandSnapshot,155.3
2024-10-17,M09,Receipt,340.86
2024-10-17,M09,Consumption,-12.79
2024-10-17,M09,OnHandSnapshot,483.37
2024-10-18,M09,Consumption,-14.42
2024-10-18,M09,OnHandSnapshot,468.95
2024-10-19,M09,Consumption,-10.12
2024-10-19,M09,OnHandSnapshot,458.84
2024-10-20,M09,Consumption,-10.15
2024-10-20,M09,OnHandSnapshot,448.68
2024-10-21,M09,Consumption,-10.88
2024-10-21,M09,OnHandSnapshot,437.8
2024-10-22,M09,Consumption,-10.5
2024-10-22,M09,OnHandSnapshot,427.3
2024-10-23,M09,Consumption,-11.17
2024-10-23,M09,OnHandSnapshot,416.13
2024-10-24,M09,Consumption,-13.13
2024-10-24,M09,OnHandSnapshot,403.0
2024-10-25,M09,Consumption,-15.21
2024-10-25,M09,OnHandSnapshot,387.79
2024-10-26,M09,Consumption,-9.92
2024-10-26,M09,OnHandSnapshot,377.87
2024-10-27,M09,Consumption,-10.64
2024-10-27,M09,OnHandSnapshot,367.24
2024-10-28,M09,Consumption,-11.52
2024-10-28,M09,OnHandSnapshot,355.71
2024-10-29,M09,Consumption,-11.49
2024-10-29,M09,OnHandSnapshot,344.22
2024-10-30,M09,Consumption,-10.38
2024-10-30,M09,OnHandSnapshot,333.84
2024-10-31,M09,Consumption,-12.04
2024-10-31,M09,OnHandSnapshot,321.8
2024-11-01,M09,Consumption,-14.2
2024-11-01,M09,OnHandSnapshot,307.6
2024-11-02,M09,Consumption,-10.51
2024-11-02,M09,OnHandSnapshot,297.09
2024-11-03,M09,Consumption,-10.84
2024-11-03,M09,OnHandSnapshot,286.25
2024-11-04,M09,Consumption,-10.06
2024-11-04,M09,OnHandSnapshot,276.18
2024-11-05,M09,Consumption,-11.13
2024-11-05,M09,OnHandSnapshot,265.06
2024-11-06,M09,Consumption,-11.69
2024-11-06,M09,OnHandSnapshot,253.36
2024-11-07,M09,Consumption,-10.95
2024-11-07,M09,OnHandSnapshot,242.42
2024-11-08,M09,Consumption,-14.5
2024-11-08,M09,OnHandSnapshot,227.91
2024-11-09,M09,Consumption,-10.46
2024-11-09,M09,OnHandSnapshot,217.45
2024-11-10,M09,Consumption,-11.07
2024-11-10,M09,OnHandSnapshot,206.38
2024-11-11,M09,Consumption,-11.87
2024-11-11,M09,OnHandSnapshot,194.51
2024-11-12,M09,Consumption,-10.29
2024-11-12,M09,OnHandSnapshot,184.22
2024-11-13,M09,Consumption,-10.52
2024-11-13,M09,OnHandSnapshot,173.7
2024-11-14,M09,Consumption,-12.11
2024-11-14,M09,OnHandSnapshot,161.6
2024-11-15,M09,Consumption,-14.52
2024-11-15,M09,OnHandSnapshot,147.08
2024-11-16,M09,Receipt,340.86
2024-11-16,M09,Consumption,-10.43
2024-11-16,M09,OnHandSnapshot,477.51
2024-11-17,M09,Consumption,-11.54
2024-11-17,M09,OnHandSnapshot,465.97
2024-11-18,M09,Consumption,-10.3
2024-11-18,M09,OnHandSnapshot,455.68
2024-11-19,M09,Consumption,-11.21
2024-11-19,M09,OnHandSnapshot,444.46
2024-11-20,M09,Consumption,-11.75
2024-11-20,M09,OnHandSnapshot,432.71
2024-11-21,M09,Consumption,-12.12
2024-11-21,M09,OnHandSnapshot,420.59
2024-11-22,M09,Consumption,-14.83
2024-11-22,M09,OnHandSnapshot,405.76
2024-11-23,M09,Consumption,-9.81
2024-11-23,M09,OnHandSnapshot,395.95
2024-11-24,M09,Consumption,-10.68
2024-11-24,M09,OnHandSnapshot,385.26
2024-11-25,M09,Consumption,-10.98
2024-11-25,M09,OnHandSnapshot,374.28
2024-11-26,M09,Consumption,-10.74
2024-11-26,M09,OnHandSnapshot,363.54
2024-11-27,M09,Consumption,-11.52
2024-11-27,M09,OnHandSnapshot,352.02
2024-11-28,M09,Consumption,-12.55
2024-11-28,M09,OnHandSnapshot,339.48
2024-11-29,M09,Consumption,-14.14
2024-11-29,M09,OnHandSnapshot,325.34
2024-11-30,M09,Consumption,-10.89
2024-11-30,M09,OnHandSnapshot,314.45
2024-12-01,M09,Consumption,-9.88
2024-12-01,M09,OnHandSnapshot,304.56
2024-12-02,M09,Consumption,-10.44
2024-12-02,M09,OnHandSnapshot,294.13
2024-12-03,M09,Consumption,-10.96
2024-12-03,M09,OnHandSnapshot,283.17
2024-12-04,M09,Consumption,-11.49
2024-12-04,M09,OnHandSnapshot,271.68
2024-12-05,M09,Consumption,-12.98
2024-12-05,M09,OnHandSnapshot,258.7
2024-12-06,M09,Consumption,-15.92
2024-12-06,M09,OnHandSnapshot,242.78
2024-12-07,M09,Consumption,-10.47
2024-12-07,M09,OnHandSnapshot,232.32
2024-12-08,M09,Consumption,-10.88
2024-12-08,M09,OnHandSnapshot,221.44
2024-12-09,M09,Consumption,-9.96
2024-12-09,M09,OnHandSnapshot,211.48
2024-12-10,M09,Consumption,-10.14
2024-12-10,M09,OnHandSnapshot,201.34
2024-12-11,M09,Consumption,-12.0
2024-12-11,M09,OnHandSnapshot,189.34
2024-12-12,M09,Consumption,-13.22
2024-12-12,M09,OnHandSnapshot,176.12
2024-12-13,M09,Consumption,-16.64
2024-12-13,M09,OnHandSnapshot,159.48
2024-12-14,M09,Consumption,-11.96
2024-12-14,M09,OnHandSnapshot,147.52
2024-12-15,M09,Receipt,340.86
2024-12-15,M09,Consumption,-14.48
2024-12-15,M09,OnHandSnapshot,473.9
2024-12-16,M09,Consumption,-15.64
2024-12-16,M09,OnHandSnapshot,458.26
2024-12-17,M09,Consumption,-15.81
2024-12-17,M09,OnHandSnapshot,442.45
2024-12-18,M09,Consumption,-16.46
2024-12-18,M09,OnHandSnapshot,425.99
2024-12-19,M09,Consumption,-20.53
2024-12-19,M09,OnHandSnapshot,405.46
2024-12-20,M09,Consumption,-25.58
2024-12-20,M09,OnHandSnapshot,379.88
2024-12-21,M09,Consumption,-18.0
2024-12-21,M09,OnHandSnapshot,361.88
2024-12-22,M09,Consumption,-19.33
2024-12-22,M09,OnHandSnapshot,342.55
2024-12-23,M09,Consumption,-16.81
2024-12-23,M09,OnHandSnapshot,325.74
2024-12-24,M09,Consumption,-16.38
2024-12-24,M09,OnHandSnapshot,309.36
2024-12-25,M09,Consumption,-16.38
2024-12-25,M09,OnHandSnapshot,292.98
2024-12-26,M09,Consumption,-17.68
2024-12-26,M09,OnHandSnapshot,275.3
2024-12-27,M09,Consumption,-18.58
2024-12-27,M09,OnHandSnapshot,256.73
2024-12-28,M09,Consumption,-11.68
2024-12-28,M09,OnHandSnapshot,245.04
2024-12-29,M09,Consumption,-12.18
2024-12-29,M09,OnHandSnapshot,232.86
2024-12-30,M09,Consumption,-11.54
2024-12-30,M09,OnHandSnapshot,221.32
2024-12-31,M09,Consumption,-10.49
2024-12-31,M09,OnHandSnapshot,210.83
2025-01-01,M09,Consumption,-10.11
2025-01-01,M09,OnHandSnapshot,200.72
2025-01-02,M09,Consumption,-12.74
2025-01-02,M09,OnHandSnapshot,187.98
2025-01-03,M09,Consumption,-14.12
2025-01-03,M09,OnHandSnapshot,173.85
2025-01-04,M09,Consumption,-10.43
2025-01-04,M09,OnHandSnapshot,163.42
2025-01-05,M09,Receipt,340.86
2025-01-05,M09,Consumption,-10.99
2025-01-05,M09,OnHandSnapshot,493.29
2025-01-06,M09,Consumption,-10.69
2025-01-06,M09,OnHandSnapshot,482.61
2025-01-07,M09,Consumption,-10.26
2025-01-07,M09,OnHandSnapshot,472.34
2025-01-08,M09,Consumption,-10.57
2025-01-08,M09,OnHandSnapshot,461.77
2025-01-09,M09,Consumption,-12.14
2025-01-09,M09,OnHandSnapshot,449.63
2025-01-10,M09,Consumption,-15.94
2025-01-10,M09,OnHandSnapshot,433.69
2025-01-11,M09,Consumption,-9.75
2025-01-11,M09,OnHandSnapshot,423.93
2025-01-12,M09,Consumption,-10.18
2025-01-12,M09,OnHandSnapshot,413.75
2025-01-13,M09,Consumption,-11.36
2025-01-13,M09,OnHandSnapshot,402.39
2025-01-14,M09,Consumption,-11.11
2025-01-14,M09,OnHandSnapshot,391.27
2025-01-15,M09,Consumption,-11.01
2025-01-15,M09,OnHandSnapshot,380.27
2025-01-16,M09,Consumption,-12.74
2025-01-16,M09,OnHandSnapshot,367.53
2025-01-17,M09,Consumption,-14.08
2025-01-17,M09,OnHandSnapshot,353.44
2025-01-18,M09,Consumption,-10.48
2025-01-18,M09,OnHandSnapshot,342.97
2025-01-19,M09,Consumption,-11.47
2025-01-19,M09,OnHandSnapshot,331.49
2025-01-20,M09,Consumption,-11.34
2025-01-20,M09,OnHandSnapshot,320.16
2025-01-21,M09,Consumption,-12.29
2025-01-21,M09,OnHandSnapshot,307.87
2025-01-22,M09,Consumption,-10.25
2025-01-22,M09,OnHandSnapshot,297.62
2025-01-23,M09,Consumption,-12.14
2025-01-23,M09,OnHandSnapshot,285.47
2025-01-24,M09,Consumption,-14.89
2025-01-24,M09,OnHandSnapshot,270.58
2025-01-25,M09,Consumption,-11.36
2025-01-25,M09,OnHandSnapshot,259.22
2025-01-26,M09,Consumption,-10.4
2025-01-26,M09,OnHandSnapshot,248.82
2025-01-27,M09,Consumption,-11.17
2025-01-27,M09,OnHandSnapshot,237.65
2025-01-28,M09,Consumption,-11.38
2025-01-28,M09,OnHandSnapshot,226.27
2025-01-29,M09,Consumption,-10.76
2025-01-29,M09,OnHandSnapshot,215.52
2025-01-30,M09,Consumption,-13.48
2025-01-30,M09,OnHandSnapshot,202.04
2025-01-31,M09,Consumption,-14.46
2025-01-31,M09,OnHandSnapshot,187.58
2025-02-01,M09,Consumption,-10.91
2025-02-01,M09,OnHandSnapshot,176.67
2025-02-02,M09,Consumption,-11.76
2025-02-02,M09,OnHandSnapshot,164.91
2025-02-03,M09,Consumption,-11.92
2025-02-03,M09,OnHandSnapshot,153.0
2025-02-04,M09,Consumption,-10.36
2025-02-04,M09,OnHandSnapshot,142.63
2025-02-05,M09,Consumption,-11.48
2025-02-05,M09,OnHandSnapshot,131.15
2025-02-06,M09,Receipt,340.86
2025-02-06,M09,Consumption,-12.97
2025-02-06,M09,OnHandSnapshot,459.04
2025-02-07,M09,Consumption,-15.2
2025-02-07,M09,OnHandSnapshot,443.84
2025-02-08,M09,Consumption,-10.12
2025-02-08,M09,OnHandSnapshot,433.72
2025-02-09,M09,Consumption,-11.99
2025-02-09,M09,OnHandSnapshot,421.73
2025-02-10,M09,Consumption,-10.38
2025-02-10,M09,OnHandSnapshot,411.35
2025-02-11,M09,Consumption,-10.6
2025-02-11,M09,OnHandSnapshot,400.75
2025-02-12,M09,Consumption,-10.87
2025-02-12,M09,OnHandSnapshot,389.88
2025-02-13,M09,Consumption,-13.26
2025-02-13,M09,OnHandSnapshot,376.61
2025-02-14,M09,Consumption,-14.94
2025-02-14,M09,OnHandSnapshot,361.68
2025-02-15,M09,Consumption,-10.18
2025-02-15,M09,OnHandSnapshot,351.5
2025-02-16,M09,Consumption,-11.75
2025-02-16,M09,OnHandSnapshot,339.75
2025-02-17,M09,Consumption,-10.36
2025-02-17,M09,OnHandSnapshot,329.39
2025-02-18,M09,Consumption,-11.05
2025-02-18,M09,OnHandSnapshot,318.34
2025-02-19,M09,Consumption,-11.02
2025-02-19,M09,OnHandSnapshot,307.33
2025-02-20,M09,Consumption,-11.95
2025-02-20,M09,OnHandSnapshot,295.38
2025-02-21,M09,Consumption,-14.4
2025-02-21,M09,OnHandSnapshot,280.97
2025-02-22,M09,Consumption,-11.24
2025-02-22,M09,OnHandSnapshot,269.73
2025-02-23,M09,Consumption,-10.64
2025-02-23,M09,OnHandSnapshot,259.09
2025-02-24,M09,Consumption,-10.69
2025-02-24,M09,OnHandSnapshot,248.41
2025-02-25,M09,Consumption,-11.56
2025-02-25,M09,OnHandSnapshot,236.84
2025-02-26,M09,Consumption,-10.18
2025-02-26,M09,OnHandSnapshot,226.67
2025-02-27,M09,Consumption,-12.61
2025-02-27,M09,OnHandSnapshot,214.05
2025-02-28,M09,Consumption,-14.32
2025-02-28,M09,OnHandSnapshot,199.73
2025-03-01,M09,Consumption,-12.44
2025-03-01,M09,OnHandSnapshot,187.29
2025-03-02,M09,Consumption,-14.51
2025-03-02,M09,OnHandSnapshot,172.78
2025-03-03,M09,Consumption,-17.02
2025-03-03,M09,OnHandSnapshot,155.76
2025-03-04,M09,Receipt,340.86
2025-03-04,M09,Consumption,-17.53
2025-03-04,M09,OnHandSnapshot,479.09
2025-03-05,M09,Consumption,-18.63
2025-03-05,M09,OnHandSnapshot,460.46
2025-03-06,M09,Consumption,-23.92
2025-03-06,M09,OnHandSnapshot,436.53
2025-03-07,M09,Consumption,-30.38
2025-03-07,M09,OnHandSnapshot,406.15
2025-03-08,M09,Consumption,-25.88
2025-03-08,M09,OnHandSnapshot,380.27
2025-03-09,M09,Consumption,-26.8
2025-03-09,M09,OnHandSnapshot,353.47
2025-03-10,M09,Consumption,-30.24
2025-03-10,M09,OnHandSnapshot,323.23
2025-03-11,M09,Consumption,-36.26
2025-03-11,M09,OnHandSnapshot,286.98
2025-03-12,M09,Consumption,-36.93
2025-03-12,M09,OnHandSnapshot,250.04
2025-03-13,M09,Consumption,-43.47
2025-03-13,M09,OnHandSnapshot,206.58
2025-03-14,M09,Consumption,-67.38
2025-03-14,M09,OnHandSnapshot,139.2
2025-03-15,M09,Consumption,-43.62
2025-03-15,M09,OnHandSnapshot,95.58
2025-03-16,M09,Consumption,-52.36
2025-03-16,M09,OnHandSnapshot,43.22
2025-03-17,M09,Consumption,-53.36
2025-03-17,M09,OnHandSnapshot,-10.14
2025-03-18,M09,Receipt,340.86
2025-03-18,M09,Consumption,-52.55
2025-03-18,M09,OnHandSnapshot,278.17
2025-03-19,M09,Consumption,-54.56
2025-03-19,M09,OnHandSnapshot,223.61
2025-03-20,M09,Consumption,-61.63
2025-03-20,M09,OnHandSnapshot,161.98
2025-03-21,M09,Consumption,-16.72
2025-03-21,M09,OnHandSnapshot,145.26
2025-03-22,M09,Consumption,-11.14
2025-03-22,M09,OnHandSnapshot,134.12
2025-03-23,M09,Consumption,-11.21
2025-03-23,M09,OnHandSnapshot,122.91
2025-03-24,M09,Consumption,-13.09
2025-03-24,M09,OnHandSnapshot,109.82
2025-03-25,M09,Receipt,340.86
2025-03-25,M09,Consumption,-12.22
2025-03-25,M09,OnHandSnapshot,438.45
2025-03-26,M09,Consumption,-12.09
2025-03-26,M09,OnHandSnapshot,426.36
2025-03-27,M09,Consumption,-13.75
2025-03-27,M09,OnHandSnapshot,412.61
2025-03-28,M09,Consumption,-16.89
2025-03-28,M09,OnHandSnapshot,395.72
2025-03-29,M09,Consumption,-11.34
2025-03-29,M09,OnHandSnapshot,384.39
2025-03-30,M09,Consumption,-12.23
2025-03-30,M09,OnHandSnapshot,372.16
2025-03-31,M09,Consumption,-10.43
2025-03-31,M09,OnHandSnapshot,361.73
2025-04-01,M09,Consumption,-11.4
2025-04-01,M09,OnHandSnapshot,350.32
2025-04-02,M09,Consumption,-11.17
2025-04-02,M09,OnHandSnapshot,339.15
2025-04-03,M09,Consumption,-12.07
2025-04-03,M09,OnHandSnapshot,327.08
2025-04-04,M09,Consumption,-14.26
2025-04-04,M09,OnHandSnapshot,312.83
2025-04-05,M09,Consumption,-10.72
2025-04-05,M09,OnHandSnapshot,302.11
2025-04-06,M09,Consumption,-11.13
2025-04-06,M09,OnHandSnapshot,290.98
2025-04-07,M09,Consumption,-10.8
2025-04-07,M09,OnHandSnapshot,280.19
2025-04-08,M09,Consumption,-10.86
2025-04-08,M09,OnHandSnapshot,269.32
2025-04-09,M09,Consumption,-10.45
2025-04-09,M09,OnHandSnapshot,258.87
2025-04-10,M09,Consumption,-12.65
2025-04-10,M09,OnHandSnapshot,246.22
2025-04-11,M09,Consumption,-14.53
2025-04-11,M09,OnHandSnapshot,231.69
2025-04-12,M09,Consumption,-9.98
2025-04-12,M09,OnHandSnapshot,221.71
2025-04-13,M09,Consumption,-11.92
2025-04-13,M09,OnHandSnapshot,209.79
2025-04-14,M09,Consumption,-10.99
2025-04-14,M09,OnHandSnapshot,198.81
2025-04-15,M09,Consumption,-11.21
2025-04-15,M09,OnHandSnapshot,187.59
2025-04-16,M09,Consumption,-11.37
2025-04-16,M09,OnHandSnapshot,176.22
2025-04-17,M09,Consumption,-14.66
2025-04-17,M09,OnHandSnapshot,161.57
2025-04-18,M09,Receipt,340.86
2025-04-18,M09,Consumption,-15.03
2025-04-18,M09,OnHandSnapshot,487.4
2025-04-19,M09,Consumption,-11.63
2025-04-19,M09,OnHandSnapshot,475.77
2025-04-20,M09,Consumption,-10.31
2025-04-20,M09,OnHandSnapshot,465.45
2025-04-21,M09,Consumption,-9.8
2025-04-21,M09,OnHandSnapshot,455.65
2025-04-22,M09,Consumption,-11.17
2025-04-22,M09,OnHandSnapshot,444.48
2025-04-23,M09,Consumption,-10.84
2025-04-23,M09,OnHandSnapshot,433.64
2025-04-24,M09,Consumption,-11.94
2025-04-24,M09,OnHandSnapshot,421.7
2025-04-25,M09,Consumption,-15.12
2025-04-25,M09,OnHandSnapshot,406.58
2025-04-26,M09,Consumption,-10.86
2025-04-26,M09,OnHandSnapshot,395.71
2025-04-27,M09,Consumption,-11.35
2025-04-27,M09,OnHandSnapshot,384.37
2025-04-28,M09,Consumption,-10.6
2025-04-28,M09,OnHandSnapshot,373.76
2025-04-29,M09,Consumption,-11.34
2025-04-29,M09,OnHandSnapshot,362.43
2025-04-30,M09,Consumption,-10.6
2025-04-30,M09,OnHandSnapshot,351.83
2025-05-01,M09,Consumption,-12.52
2025-05-01,M09,OnHandSnapshot,339.31
2025-05-02,M09,Consumption,-14.05
2025-05-02,M09,OnHandSnapshot,325.26
2025-05-03,M09,Consumption,-11.44
2025-05-03,M09,OnHandSnapshot,313.83
2025-05-04,M09,Consumption,-11.8
2025-05-04,M09,OnHandSnapshot,302.03
2025-05-05,M09,Consumption,-10.55
2025-05-05,M09,OnHandSnapshot,291.48
2025-05-06,M09,Consumption,-10.84
2025-05-06,M09,OnHandSnapshot,280.65
2025-05-07,M09,Consumption,-11.39
2025-05-07,M09,OnHandSnapshot,269.25
2025-05-08,M09,Consumption,-12.71
2025-05-08,M09,OnHandSnapshot,256.54
2025-05-09,M09,Consumption,-16.01
2025-05-09,M09,OnHandSnapshot,240.53
2025-05-10,M09,Consumption,-9.98
2025-05-10,M09,OnHandSnapshot,230.55
2025-05-11,M09,Consumption,-11.17
2025-05-11,M09,OnHandSnapshot,219.38
2025-05-12,M09,Consumption,-11.51
2025-05-12,M09,OnHandSnapshot,207.87
2025-05-13,M09,Consumption,-11.2
2025-05-13,M09,OnHandSnapshot,196.67
2025-05-14,M09,Consumption,-11.79
2025-05-14,M09,OnHandSnapshot,184.87
2025-05-15,M09,Consumption,-12.8
2025-05-15,M09,OnHandSnapshot,172.08
2025-05-16,M09,Consumption,-15.96
2025-05-16,M09,OnHandSnapshot,156.11
2025-05-17,M09,Consumption,-10.82
2025-05-17,M09,OnHandSnapshot,145.3
2025-05-18,M09,Receipt,340.86
2025-05-18,M09,Consumption,-11.6
2025-05-18,M09,OnHandSnapshot,474.55
2025-05-19,M09,Consumption,-10.94
2025-05-19,M09,OnHandSnapshot,463.62
2025-05-20,M09,Consumption,-10.76
2025-05-20,M09,OnHandSnapshot,452.86
2025-05-21,M09,Consumption,-12.54
2025-05-21,M09,OnHandSnapshot,440.32
2025-05-22,M09,Consumption,-12.46
2025-05-22,M09,OnHandSnapshot,427.86
2025-05-23,M09,Consumption,-14.94
2025-05-23,M09,OnHandSnapshot,412.92
2025-05-24,M09,Consumption,-10.0
2025-05-24,M09,OnHandSnapshot,402.92
2025-05-25,M09,Consumption,-11.52
2025-05-25,M09,OnHandSnapshot,391.4
2025-05-26,M09,Consumption,-11.36
2025-05-26,M09,OnHandSnapshot,380.04
2025-05-27,M09,Consumption,-11.13
2025-05-27,M09,OnHandSnapshot,368.91
2025-05-28,M09,Consumption,-11.64
2025-05-28,M09,OnHandSnapshot,357.27
2025-05-29,M09,Consumption,-12.92
2025-05-29,M09,OnHandSnapshot,344.35
2025-05-30,M09,Consumption,-15.44
2025-05-30,M09,OnHandSnapshot,328.91
2025-05-31,M09,Consumption,-10.64
2025-05-31,M09,OnHandSnapshot,318.28
2025-06-01,M09,Consumption,-13.08
2025-06-01,M09,OnHandSnapshot,305.19
2025-06-02,M09,Consumption,-11.71
2025-06-02,M09,OnHandSnapshot,293.48
2025-06-03,M09,Consumption,-11.81
2025-06-03,M09,OnHandSnapshot,281.67
2025-06-04,M09,Consumption,-11.02
2025-06-04,M09,OnHandSnapshot,270.65
2025-06-05,M09,Consumption,-14.02
2025-06-05,M09,OnHandSnapshot,256.62
2025-06-06,M09,Consumption,-16.53
2025-06-06,M09,OnHandSnapshot,240.09
2025-06-07,M09,Consumption,-11.46
2025-06-07,M09,OnHandSnapshot,228.63
2025-06-08,M09,Consumption,-12.18
2025-06-08,M09,OnHandSnapshot,216.45
2025-06-09,M09,Consumption,-11.66
2025-06-09,M09,OnHandSnapshot,204.8
2025-06-10,M09,Consumption,-11.54
2025-06-10,M09,OnHandSnapshot,193.26
2025-06-11,M09,Consumption,-11.98
2025-06-11,M09,OnHandSnapshot,181.28
2025-06-12,M09,Consumption,-14.24
2025-06-12,M09,OnHandSnapshot,167.04
2025-06-13,M09,Consumption,-15.16
2025-06-13,M09,OnHandSnapshot,151.89
2025-06-14,M09,Consumption,-10.89
2025-06-14,M09,OnHandSnapshot,140.99
2025-06-15,M09,Consumption,-11.04
2025-06-15,M09,OnHandSnapshot,129.96
2025-06-16,M09,Receipt,340.86
2025-06-16,M09,Consumption,-11.48
2025-06-16,M09,OnHandSnapshot,459.34
2025-06-17,M09,Consumption,-11.84
2025-06-17,M09,OnHandSnapshot,447.5
2025-06-18,M09,Consumption,-10.76
2025-06-18,M09,OnHandSnapshot,436.74
2025-06-19,M09,Consumption,-14.44
2025-06-19,M09,OnHandSnapshot,422.3
2025-06-20,M09,Consumption,-15.7
2025-06-20,M09,OnHandSnapshot,406.6
2025-06-21,M09,Consumption,-11.56
2025-06-21,M09,OnHandSnapshot,395.04
2025-06-22,M09,Consumption,-11.78
2025-06-22,M09,OnHandSnapshot,383.26
2025-06-23,M09,Consumption,-11.38
2025-06-23,M09,OnHandSnapshot,371.88
2025-06-24,M09,Consumption,-11.8
2025-06-24,M09,OnHandSnapshot,360.08
2025-06-25,M09,Consumption,-13.01
2025-06-25,M09,OnHandSnapshot,347.07
2025-06-26,M09,Consumption,-13.58
2025-06-26,M09,OnHandSnapshot,333.48
2025-06-27,M09,Consumption,-16.46
2025-06-27,M09,OnHandSnapshot,317.03
2025-06-28,M09,Consumption,-11.34
2025-06-28,M09,OnHandSnapshot,305.69
2025-06-29,M09,Consumption,-10.83
2025-06-29,M09,OnHandSnapshot,294.86
2025-06-30,M09,Consumption,-11.8
2025-06-30,M09,OnHandSnapshot,283.06
2025-07-01,M09,Consumption,-12.52
2025-07-01,M09,OnHandSnapshot,270.53
2025-07-02,M09,Consumption,-11.8
2025-07-02,M09,OnHandSnapshot,258.73
2025-07-03,M09,Consumption,-13.77
2025-07-03,M09,OnHandSnapshot,244.96
2025-07-04,M09,Consumption,-15.93
2025-07-04,M09,OnHandSnapshot,229.03
2025-07-05,M09,Consumption,-10.57
2025-07-05,M09,OnHandSnapshot,218.46
2025-07-06,M09,Consumption,-11.53
2025-07-06,M09,OnHandSnapshot,206.94
2025-07-07,M09,Consumption,-11.98
2025-07-07,M09,OnHandSnapshot,194.96
2025-07-08,M09,Consumption,-11.94
2025-07-08,M09,OnHandSnapshot,183.02
2025-07-09,M09,Consumption,-10.88
2025-07-09,M09,OnHandSnapshot,172.14
2025-07-10,M09,Receipt,340.86
2025-07-10,M09,Consumption,-14.19
2025-07-10,M09,OnHandSnapshot,498.81
2025-07-11,M09,Consumption,-15.28
2025-07-11,M09,OnHandSnapshot,483.53
2025-07-12,M09,Consumption,-11.88
2025-07-12,M09,OnHandSnapshot,471.65
2025-07-13,M09,Consumption,-12.01
2025-07-13,M09,OnHandSnapshot,459.64
2025-07-14,M09,Consumption,-12.06
2025-07-14,M09,OnHandSnapshot,447.59
2025-07-15,M09,Consumption,-10.98
2025-07-15,M09,OnHandSnapshot,436.61
2025-07-16,M09,Consumption,-11.13
2025-07-16,M09,OnHandSnapshot,425.48
2025-07-17,M09,Consumption,-13.64
2025-07-17,M09,OnHandSnapshot,411.83
2025-07-18,M09,Consumption,-15.09
2025-07-18,M09,OnHandSnapshot,396.74
2025-07-19,M09,Consumption,-10.59
2025-07-19,M09,OnHandSnapshot,386.15
2025-07-20,M09,Consumption,-12.2
2025-07-20,M09,OnHandSnapshot,373.95
2025-07-21,M09,Consumption,-11.39
2025-07-21,M09,OnHandSnapshot,362.56
2025-07-22,M09,Consumption,-12.5
2025-07-22,M09,OnHandSnapshot,350.06
2025-07-23,M09,Consumption,-11.71
2025-07-23,M09,OnHandSnapshot,338.35
2025-07-24,M09,Consumption,-14.74
2025-07-24,M09,OnHandSnapshot,323.62
2025-07-25,M09,Consumption,-16.94
2025-07-25,M09,OnHandSnapshot,306.67
2025-07-26,M09,Consumption,-11.08
2025-07-26,M09,OnHandSnapshot,295.59
2025-07-27,M09,Consumption,-11.81
2025-07-27,M09,OnHandSnapshot,283.78
2025-07-28,M09,Consumption,-11.94
2025-07-28,M09,OnHandSnapshot,271.84
2025-07-29,M09,Consumption,-12.49
2025-07-29,M09,OnHandSnapshot,259.35
2025-07-30,M09,Consumption,-11.18
2025-07-30,M09,OnHandSnapshot,248.18
2025-07-31,M09,Consumption,-12.65
2025-07-31,M09,OnHandSnapshot,235.53
2025-08-01,M09,Consumption,-15.01
2025-08-01,M09,OnHandSnapshot,220.52
2025-08-02,M09,Consumption,-10.56
2025-08-02,M09,OnHandSnapshot,209.96
2025-08-03,M09,Consumption,-11.46
2025-08-03,M09,OnHandSnapshot,198.5
2025-08-04,M09,Consumption,-11.16
2025-08-04,M09,OnHandSnapshot,187.34
2025-08-05,M09,Consumption,-10.8
2025-08-05,M09,OnHandSnapshot,176.54
2025-08-06,M09,Consumption,-11.95
2025-08-06,M09,OnHandSnapshot,164.58
2025-08-07,M09,Receipt,340.86
2025-08-07,M09,Consumption,-13.95
2025-08-07,M09,OnHandSnapshot,491.49
2025-08-08,M09,Consumption,-14.84
2025-08-08,M09,OnHandSnapshot,476.65
2025-08-09,M09,Consumption,-10.32
2025-08-09,M09,OnHandSnapshot,466.33
2025-08-10,M09,Consumption,-11.8
2025-08-10,M09,OnHandSnapshot,454.53
2025-08-11,M09,Consumption,-12.84
2025-08-11,M09,OnHandSnapshot,441.7
2025-08-12,M09,Consumption,-12.82
2025-08-12,M09,OnHandSnapshot,428.87
2025-08-13,M09,Consumption,-12.36
2025-08-13,M09,OnHandSnapshot,416.51
2025-08-14,M09,Consumption,-13.19
2025-08-14,M09,OnHandSnapshot,403.32
2025-08-15,M09,Consumption,-16.59
2025-08-15,M09,OnHandSnapshot,386.73
2025-08-16,M09,Consumption,-11.35
2025-08-16,M09,OnHandSnapshot,375.38
2025-08-17,M09,Consumption,-12.47
2025-08-17,M09,OnHandSnapshot,362.91
2025-08-18,M09,Consumption,-11.87
2025-08-18,M09,OnHandSnapshot,351.04
2025-08-19,M09,Consumption,-11.66
2025-08-19,M09,OnHandSnapshot,339.37
2025-08-20,M09,Consumption,-11.89
2025-08-20,M09,OnHandSnapshot,327.49
2025-08-21,M09,Consumption,-13.37
2025-08-21,M09,OnHandSnapshot,314.11
2025-08-22,M09,Consumption,-15.89
2025-08-22,M09,OnHandSnapshot,298.22
2025-08-23,M09,Consumption,-11.62
2025-08-23,M09,OnHandSnapshot,286.61
2025-08-24,M09,Consumption,-11.78
2025-08-24,M09,OnHandSnapshot,274.83
2025-08-25,M09,Consumption,-11.9
2025-08-25,M09,OnHandSnapshot,262.92
2025-08-26,M09,Consumption,-11.73
2025-08-26,M09,OnHandSnapshot,251.19
2025-08-27,M09,Consumption,-11.77
2025-08-27,M09,OnHandSnapshot,239.42
2025-08-28,M09,Consumption,-13.68
2025-08-28,M09,OnHandSnapshot,225.74
2025-08-29,M09,Consumption,-15.78
2025-08-29,M09,OnHandSnapshot,209.97
2025-08-30,M09,Consumption,-11.61
2025-08-30,M09,OnHandSnapshot,198.36
2025-08-31,M09,Consumption,-11.56
2025-08-31,M09,OnHandSnapshot,186.8
2025-09-01,M09,Consumption,-10.75
2025-09-01,M09,OnHandSnapshot,176.05
2025-09-02,M09,Consumption,-10.94
2025-09-02,M09,OnHandSnapshot,165.11
2025-09-03,M09,Consumption,-11.72
2025-09-03,M09,OnHandSnapshot,153.39
2025-09-04,M09,Consumption,-13.26
2025-09-04,M09,OnHandSnapshot,140.13
2025-09-05,M09,Receipt,340.86
2025-09-05,M09,Consumption,-15.13
2025-09-05,M09,OnHandSnapshot,465.86
2025-09-06,M09,Consumption,-9.58
2025-09-06,M09,OnHandSnapshot,456.29
2025-09-07,M09,Consumption,-11.18
2025-09-07,M09,OnHandSnapshot,445.11
2025-09-08,M09,Consumption,-11.53
2025-09-08,M09,OnHandSnapshot,433.57
2025-09-09,M09,Consumption,-11.71
2025-09-09,M09,OnHandSnapshot,421.86
2025-09-10,M09,Consumption,-11.06
2025-09-10,M09,OnHandSnapshot,410.8
2025-09-11,M09,Consumption,-13.24
2025-09-11,M09,OnHandSnapshot,397.56
2025-09-12,M09,Consumption,-15.13
2025-09-12,M09,OnHandSnapshot,382.43
2025-09-13,M09,Consumption,-10.73
2025-09-13,M09,OnHandSnapshot,371.7
2025-09-14,M09,Consumption,-11.36
2025-09-14,M09,OnHandSnapshot,360.34
2025-09-15,M09,Consumption,-12.96
2025-09-15,M09,OnHandSnapshot,347.37
2025-09-16,M09,Consumption,-12.61
2025-09-16,M09,OnHandSnapshot,334.77
2025-09-17,M09,Consumption,-13.41
2025-09-17,M09,OnHandSnapshot,321.35
2025-09-18,M09,Consumption,-13.86
2025-09-18,M09,OnHandSnapshot,307.5
2025-09-19,M09,Consumption,-17.24
2025-09-19,M09,OnHandSnapshot,290.26
2025-09-20,M09,Consumption,-12.65
2025-09-20,M09,OnHandSnapshot,277.61
2025-09-21,M09,Consumption,-12.56
2025-09-21,M09,OnHandSnapshot,265.05
2025-09-22,M09,Consumption,-13.16
2025-09-22,M09,OnHandSnapshot,251.89
2025-09-23,M09,Consumption,-12.92
2025-09-23,M09,OnHandSnapshot,238.97
2025-09-24,M09,Consumption,-11.43
2025-09-24,M09,OnHandSnapshot,227.54
2025-09-25,M09,Consumption,-15.08
2025-09-25,M09,OnHandSnapshot,212.45
2025-09-26,M09,Consumption,-15.7
2025-09-26,M09,OnHandSnapshot,196.76
2025-09-27,M09,Consumption,-12.1
2025-09-27,M09,OnHandSnapshot,184.66
2025-09-28,M09,Consumption,-11.87
2025-09-28,M09,OnHandSnapshot,172.79
2025-09-29,M09,Consumption,-12.65
2025-09-29,M09,OnHandSnapshot,160.14
2025-09-30,M09,Consumption,-12.5
2025-09-30,M09,OnHandSnapshot,147.64
2025-10-01,M09,Consumption,-11.94
2025-10-01,M09,OnHandSnapshot,135.69
2025-10-02,M09,Consumption,-13.96
2025-10-02,M09,OnHandSnapshot,121.73
2025-10-03,M09,Consumption,-16.2
2025-10-03,M09,OnHandSnapshot,105.53
2025-10-04,M09,Receipt,340.86
2025-10-04,M09,Consumption,-12.47
2025-10-04,M09,OnHandSnapshot,433.93
2025-10-05,M09,Consumption,-13.12
2025-10-05,M09,OnHandSnapshot,420.81
2025-10-06,M09,Consumption,-13.46
2025-10-06,M09,OnHandSnapshot,407.35
2025-10-07,M09,Consumption,-12.35
2025-10-07,M09,OnHandSnapshot,395.0
2025-10-08,M09,Consumption,-11.8
2025-10-08,M09,OnHandSnapshot,383.2
2025-10-09,M09,Consumption,-14.76
2025-10-09,M09,OnHandSnapshot,368.45
2025-10-10,M09,Consumption,-16.77
2025-10-10,M09,OnHandSnapshot,351.67
2025-10-11,M09,Consumption,-10.52
2025-10-11,M09,OnHandSnapshot,341.15
2025-10-12,M09,Consumption,-10.74
2025-10-12,M09,OnHandSnapshot,330.42
2025-10-13,M09,Consumption,-12.74
2025-10-13,M09,OnHandSnapshot,317.68
2025-10-14,M09,Consumption,-11.61
2025-10-14,M09,OnHandSnapshot,306.07
2025-10-15,M09,Consumption,-10.96
2025-10-15,M09,OnHandSnapshot,295.11
2025-10-16,M09,Consumption,-13.52
2025-10-16,M09,OnHandSnapshot,281.59
2025-10-17,M09,Consumption,-15.07
2025-10-17,M09,OnHandSnapshot,266.52
2025-10-18,M09,Consumption,-11.94
2025-10-18,M09,OnHandSnapshot,254.59
2025-10-19,M09,Consumption,-12.23
2025-10-19,M09,OnHandSnapshot,242.35
2025-10-20,M09,Consumption,-11.93
2025-10-20,M09,OnHandSnapshot,230.43
2025-10-21,M09,Consumption,-10.87
2025-10-21,M09,OnHandSnapshot,219.56
2025-10-22,M09,Consumption,-12.05
2025-10-22,M09,OnHandSnapshot,207.51
2025-10-23,M09,Consumption,-13.78
2025-10-23,M09,OnHandSnapshot,193.73
2025-10-24,M09,Consumption,-15.08
2025-10-24,M09,OnHandSnapshot,178.65
2025-10-25,M09,Consumption,-10.72
2025-10-25,M09,OnHandSnapshot,167.92
2025-10-26,M09,Consumption,-12.16
2025-10-26,M09,OnHandSnapshot,155.76
2025-10-27,M09,Consumption,-11.88
2025-10-27,M09,OnHandSnapshot,143.88
2025-10-28,M09,Receipt,340.86
2025-10-28,M09,Consumption,-12.24
2025-10-28,M09,OnHandSnapshot,472.5
2025-10-29,M09,Consumption,-12.37
2025-10-29,M09,OnHandSnapshot,460.14
2025-10-30,M09,Consumption,-13.02
2025-10-30,M09,OnHandSnapshot,447.12
2025-10-31,M09,Consumption,-15.63
2025-10-31,M09,OnHandSnapshot,431.49
2025-11-01,M09,Consumption,-10.61
2025-11-01,M09,OnHandSnapshot,420.88
2025-11-02,M09,Consumption,-10.96
2025-11-02,M09,OnHandSnapshot,409.92
2025-11-03,M09,Consumption,-11.44
2025-11-03,M09,OnHandSnapshot,398.47
2025-11-04,M09,Consumption,-11.88
2025-11-04,M09,OnHandSnapshot,386.59
2025-11-05,M09,Consumption,-11.97
2025-11-05,M09,OnHandSnapshot,374.62
2025-11-06,M09,Consumption,-12.9
2025-11-06,M09,OnHandSnapshot,361.72
2025-11-07,M09,Consumption,-16.22
2025-11-07,M09,OnHandSnapshot,345.49
2025-11-08,M09,Consumption,-11.68
2025-11-08,M09,OnHandSnapshot,333.82
2025-11-09,M09,Consumption,-11.92
2025-11-09,M09,OnHandSnapshot,321.9
2025-11-10,M09,Consumption,-11.24
2025-11-10,M09,OnHandSnapshot,310.66
2025-11-11,M09,Consumption,-12.64
2025-11-11,M09,OnHandSnapshot,298.02
2025-11-12,M09,Consumption,-11.59
2025-11-12,M09,OnHandSnapshot,286.43
2025-11-13,M09,Consumption,-12.9
2025-11-13,M09,OnHandSnapshot,273.53
2025-11-14,M09,Consumption,-15.0
2025-11-14,M09,OnHandSnapshot,258.52
2025-11-15,M09,Consumption,-11.51
2025-11-15,M09,OnHandSnapshot,247.01
2025-11-16,M09,Consumption,-10.93
2025-11-16,M09,OnHandSnapshot,236.08
2025-11-17,M09,Consumption,-10.76
2025-11-17,M09,OnHandSnapshot,225.32
2025-11-18,M09,Consumption,-11.56
2025-11-18,M09,OnHandSnapshot,213.76
2025-11-19,M09,Consumption,-10.74
2025-11-19,M09,OnHandSnapshot,203.02
2025-11-20,M09,Consumption,-13.14
2025-11-20,M09,OnHandSnapshot,189.88
2025-11-21,M09,Consumption,-15.0
2025-11-21,M09,OnHandSnapshot,174.89
2025-11-22,M09,Receipt,340.86
2025-11-22,M09,Consumption,-10.8
2025-11-22,M09,OnHandSnapshot,504.94
2025-11-23,M09,Consumption,-11.18
2025-11-23,M09,OnHandSnapshot,493.76
2025-11-24,M09,Consumption,-11.71
2025-11-24,M09,OnHandSnapshot,482.05
2025-11-25,M09,Consumption,-11.68
2025-11-25,M09,OnHandSnapshot,470.37
2025-11-26,M09,Consumption,-12.13
2025-11-26,M09,OnHandSnapshot,458.24
2025-11-27,M09,Consumption,-13.02
2025-11-27,M09,OnHandSnapshot,445.23
2025-11-28,M09,Consumption,-14.98
2025-11-28,M09,OnHandSnapshot,430.25
2025-11-29,M09,Consumption,-10.44
2025-11-29,M09,OnHandSnapshot,419.81
2025-11-30,M09,Consumption,-10.6
2025-11-30,M09,OnHandSnapshot,409.21
2025-12-01,M09,Consumption,-11.24
2025-12-01,M09,OnHandSnapshot,397.96
2025-12-02,M09,Consumption,-11.43
2025-12-02,M09,OnHandSnapshot,386.54
2025-12-03,M09,Consumption,-11.6
2025-12-03,M09,OnHandSnapshot,374.93
2025-12-04,M09,Consumption,-13.27
2025-12-04,M09,OnHandSnapshot,361.66
2025-12-05,M09,Consumption,-15.5
2025-12-05,M09,OnHandSnapshot,346.17
2025-12-06,M09,Consumption,-11.61
2025-12-06,M09,OnHandSnapshot,334.56
2025-12-07,M09,Consumption,-12.47
2025-12-07,M09,OnHandSnapshot,322.09
2025-12-08,M09,Consumption,-10.0
2025-12-08,M09,OnHandSnapshot,312.09
2025-12-09,M09,Consumption,-11.34
2025-12-09,M09,OnHandSnapshot,300.75
2025-12-10,M09,Consumption,-11.78
2025-12-10,M09,OnHandSnapshot,288.97
2025-12-11,M09,Consumption,-13.74
2025-12-11,M09,OnHandSnapshot,275.23
2025-12-12,M09,Consumption,-16.46
2025-12-12,M09,OnHandSnapshot,258.77
2025-12-13,M09,Consumption,-12.85
2025-12-13,M09,OnHandSnapshot,245.92
2025-12-14,M09,Consumption,-13.64
2025-12-14,M09,OnHandSnapshot,232.28
2025-12-15,M09,Consumption,-14.53
2025-12-15,M09,OnHandSnapshot,217.75
2025-12-16,M09,Consumption,-16.01
2025-12-16,M09,OnHandSnapshot,201.74
2025-12-17,M09,Consumption,-16.14
2025-12-17,M09,OnHandSnapshot,185.6
2025-12-18,M09,Consumption,-21.6
2025-12-18,M09,OnHandSnapshot,164.01
2025-12-19,M09,Consumption,-26.38
2025-12-19,M09,OnHandSnapshot,137.62
2025-12-20,M09,Consumption,-17.84
2025-12-20,M09,OnHandSnapshot,119.78
2025-12-21,M09,Consumption,-21.74
2025-12-21,M09,OnHandSnapshot,98.05
2025-12-22,M09,Consumption,-19.59
2025-12-22,M09,OnHandSnapshot,78.46
2025-12-23,M09,Receipt,340.86
2025-12-23,M09,Consumption,-19.83
2025-12-23,M09,OnHandSnapshot,399.49
2025-12-24,M09,Consumption,-18.42
2025-12-24,M09,OnHandSnapshot,381.07
2025-12-25,M09,Consumption,-19.91
2025-12-25,M09,OnHandSnapshot,361.16
2025-12-26,M09,Consumption,-21.58
2025-12-26,M09,OnHandSnapshot,339.58
2025-12-27,M09,Consumption,-14.67
2025-12-27,M09,OnHandSnapshot,324.91
2025-12-28,M09,Consumption,-13.92
2025-12-28,M09,OnHandSnapshot,310.99
2025-12-29,M09,Consumption,-12.43
2025-12-29,M09,OnHandSnapshot,298.56
2025-12-30,M09,Consumption,-12.69
2025-12-30,M09,OnHandSnapshot,285.87
2025-12-31,M09,Consumption,-11.85
2025-12-31,M09,OnHandSnapshot,274.03
2024-01-01,M10,Consumption,-9.31
2024-01-01,M10,OnHandSnapshot,141.98
2024-01-02,M10,Consumption,-9.54
2024-01-02,M10,OnHandSnapshot,132.44
2024-01-03,M10,Consumption,-10.19
2024-01-03,M10,OnHandSnapshot,122.25
2024-01-04,M10,Consumption,-10.45
2024-01-04,M10,OnHandSnapshot,111.81
2024-01-05,M10,Consumption,-13.61
2024-01-05,M10,OnHandSnapshot,98.19
2024-01-06,M10,Receipt,321.5
2024-01-06,M10,Consumption,-8.62
2024-01-06,M10,OnHandSnapshot,411.07
2024-01-07,M10,Consumption,-9.88
2024-01-07,M10,OnHandSnapshot,401.2
2024-01-08,M10,Consumption,-10.44
2024-01-08,M10,OnHandSnapshot,390.76
2024-01-09,M10,Consumption,-10.16
2024-01-09,M10,OnHandSnapshot,380.6
2024-01-10,M10,Consumption,-9.68
2024-01-10,M10,OnHandSnapshot,370.91
2024-01-11,M10,Consumption,-11.39
2024-01-11,M10,OnHandSnapshot,359.52
2024-01-12,M10,Consumption,-12.31
2024-01-12,M10,OnHandSnapshot,347.21
2024-01-13,M10,Consumption,-9.29
2024-01-13,M10,OnHandSnapshot,337.93
2024-01-14,M10,Consumption,-9.42
2024-01-14,M10,OnHandSnapshot,328.51
2024-01-15,M10,Consumption,-10.18
2024-01-15,M10,OnHandSnapshot,318.32
2024-01-16,M10,Consumption,-8.95
2024-01-16,M10,OnHandSnapshot,309.37
2024-01-17,M10,Consumption,-9.38
2024-01-17,M10,OnHandSnapshot,299.99
2024-01-18,M10,Consumption,-10.42
2024-01-18,M10,OnHandSnapshot,289.57
2024-01-19,M10,Consumption,-12.5
2024-01-19,M10,OnHandSnapshot,277.07
2024-01-20,M10,Consumption,-9.63
2024-01-20,M10,OnHandSnapshot,267.44
2024-01-21,M10,Consumption,-8.5
2024-01-21,M10,OnHandSnapshot,258.94
2024-01-22,M10,Consumption,-9.09
2024-01-22,M10,OnHandSnapshot,249.85
2024-01-23,M10,Consumption,-10.34
2024-01-23,M10,OnHandSnapshot,239.51
2024-01-24,M10,Consumption,-9.44
2024-01-24,M10,OnHandSnapshot,230.07
2024-01-25,M10,Consumption,-10.5
2024-01-25,M10,OnHandSnapshot,219.57
2024-01-26,M10,Consumption,-14.02
2024-01-26,M10,OnHandSnapshot,205.55
2024-01-27,M10,Consumption,-10.46
2024-01-27,M10,OnHandSnapshot,195.09
2024-01-28,M10,Consumption,-9.98
2024-01-28,M10,OnHandSnapshot,185.11
2024-01-29,M10,Consumption,-10.21
2024-01-29,M10,OnHandSnapshot,174.91
2024-01-30,M10,Consumption,-10.4
2024-01-30,M10,OnHandSnapshot,164.5
2024-01-31,M10,Consumption,-9.53
2024-01-31,M10,OnHandSnapshot,154.97
2024-02-01,M10,Consumption,-10.78
2024-02-01,M10,OnHandSnapshot,144.19
2024-02-02,M10,Consumption,-12.8
2024-02-02,M10,OnHandSnapshot,131.39
2024-02-03,M10,Consumption,-9.76
2024-02-03,M10,OnHandSnapshot,121.63
2024-02-04,M10,Consumption,-9.69
2024-02-04,M10,OnHandSnapshot,111.94
2024-02-05,M10,Receipt,321.5
2024-02-05,M10,Consumption,-9.95
2024-02-05,M10,OnHandSnapshot,423.49
2024-02-06,M10,Consumption,-9.32
2024-02-06,M10,OnHandSnapshot,414.16
2024-02-07,M10,Consumption,-9.21
2024-02-07,M10,OnHandSnapshot,404.95
2024-02-08,M10,Consumption,-11.79
2024-02-08,M10,OnHandSnapshot,393.16
2024-02-09,M10,Consumption,-11.79
2024-02-09,M10,OnHandSnapshot,381.37
2024-02-10,M10,Consumption,-8.65
2024-02-10,M10,OnHandSnapshot,372.72
2024-02-11,M10,Consumption,-9.91
2024-02-11,M10,OnHandSnapshot,362.81
2024-02-12,M10,Consumption,-9.63
2024-02-12,M10,OnHandSnapshot,353.18
2024-02-13,M10,Consumption,-9.17
2024-02-13,M10,OnHandSnapshot,344.01
2024-02-14,M10,Consumption,-10.37
2024-02-14,M10,OnHandSnapshot,333.64
2024-02-15,M10,Consumption,-11.39
2024-02-15,M10,OnHandSnapshot,322.24
2024-02-16,M10,Consumption,-12.86
2024-02-16,M10,OnHandSnapshot,309.38
2024-02-17,M10,Consumption,-9.76
2024-02-17,M10,OnHandSnapshot,299.62
2024-02-18,M10,Consumption,-9.26
2024-02-18,M10,OnHandSnapshot,290.36
2024-02-19,M10,Consumption,-9.39
2024-02-19,M10,OnHandSnapshot,280.97
2024-02-20,M10,Consumption,-9.85
2024-02-20,M10,OnHandSnapshot,271.13
2024-02-21,M10,Consumption,-9.94
2024-02-21,M10,OnHandSnapshot,261.19
2024-02-22,M10,Consumption,-11.29
2024-02-22,M10,OnHandSnapshot,249.9
2024-02-23,M10,Consumption,-13.54
2024-02-23,M10,OnHandSnapshot,236.36
2024-02-24,M10,Consumption,-9.68
2024-02-24,M10,OnHandSnapshot,226.68
2024-02-25,M10,Consumption,-10.64
2024-02-25,M10,OnHandSnapshot,216.04
2024-02-26,M10,Consumption,-10.66
2024-02-26,M10,OnHandSnapshot,205.38
2024-02-27,M10,Consumption,-9.99
2024-02-27,M10,OnHandSnapshot,195.39
2024-02-28,M10,Consumption,-9.84
2024-02-28,M10,OnHandSnapshot,185.55
2024-02-29,M10,Consumption,-10.91
2024-02-29,M10,OnHandSnapshot,174.64
2024-03-01,M10,Consumption,-12.71
2024-03-01,M10,OnHandSnapshot,161.93
2024-03-02,M10,Consumption,-11.18
2024-03-02,M10,OnHandSnapshot,150.75
2024-03-03,M10,Receipt,321.5
2024-03-03,M10,Consumption,-13.64
2024-03-03,M10,OnHandSnapshot,458.6
2024-03-04,M10,Consumption,-13.81
2024-03-04,M10,OnHandSnapshot,444.8
2024-03-05,M10,Consumption,-14.65
2024-03-05,M10,OnHandSnapshot,430.14
2024-03-06,M10,Consumption,-16.06
2024-03-06,M10,OnHandSnapshot,414.08
2024-03-07,M10,Consumption,-21.67
2024-03-07,M10,OnHandSnapshot,392.41
2024-03-08,M10,Consumption,-26.08
2024-03-08,M10,OnHandSnapshot,366.33
2024-03-09,M10,Consumption,-22.13
2024-03-09,M10,OnHandSnapshot,344.21
2024-03-10,M10,Consumption,-25.37
2024-03-10,M10,OnHandSnapshot,318.84
2024-03-11,M10,Consumption,-26.93
2024-03-11,M10,OnHandSnapshot,291.91
2024-03-12,M10,Consumption,-29.44
2024-03-12,M10,OnHandSnapshot,262.47
2024-03-13,M10,Consumption,-33.1
2024-03-13,M10,OnHandSnapshot,229.38
2024-03-14,M10,Consumption,-41.45
2024-03-14,M10,OnHandSnapshot,187.93
2024-03-15,M10,Consumption,-52.94
2024-03-15,M10,OnHandSnapshot,134.99
2024-03-16,M10,Consumption,-37.99
2024-03-16,M10,OnHandSnapshot,97.01
2024-03-17,M10,Consumption,-40.4
2024-03-17,M10,OnHandSnapshot,56.6
2024-03-18,M10,Consumption,-40.73
2024-03-18,M10,OnHandSnapshot,15.87
2024-03-19,M10,Consumption,-45.32
2024-03-19,M10,OnHandSnapshot,-29.45
2024-03-20,M10,Consumption,-43.64
2024-03-20,M10,OnHandSnapshot,-73.09
2024-03-21,M10,Consumption,-13.64
2024-03-21,M10,OnHandSnapshot,-86.73
2024-03-22,M10,Receipt,321.5
2024-03-22,M10,Consumption,-15.11
2024-03-22,M10,OnHandSnapshot,219.66
2024-03-23,M10,Consumption,-11.23
2024-03-23,M10,OnHandSnapshot,208.43
2024-03-24,M10,Consumption,-11.76
2024-03-24,M10,OnHandSnapshot,196.67
2024-03-25,M10,Consumption,-11.14
2024-03-25,M10,OnHandSnapshot,185.53
2024-03-26,M10,Consumption,-11.13
2024-03-26,M10,OnHandSnapshot,174.4
2024-03-27,M10,Consumption,-12.07
2024-03-27,M10,OnHandSnapshot,162.34
2024-03-28,M10,Consumption,-14.06
2024-03-28,M10,OnHandSnapshot,148.27
2024-03-29,M10,Receipt,321.5
2024-03-29,M10,Consumption,-15.68
2024-03-29,M10,OnHandSnapshot,454.09
2024-03-30,M10,Consumption,-9.85
2024-03-30,M10,OnHandSnapshot,444.24
2024-03-31,M10,Consumption,-11.86
2024-03-31,M10,OnHandSnapshot,432.38
2024-04-01,M10,Consumption,-11.18
2024-04-01,M10,OnHandSnapshot,421.21
2024-04-02,M10,Consumption,-11.08
2024-04-02,M10,OnHandSnapshot,410.12
2024-04-03,M10,Consumption,-10.43
2024-04-03,M10,OnHandSnapshot,399.7
2024-04-04,M10,Consumption,-13.19
2024-04-04,M10,OnHandSnapshot,386.51
2024-04-05,M10,Consumption,-15.37
2024-04-05,M10,OnHandSnapshot,371.14
2024-04-06,M10,Consumption,-9.86
2024-04-06,M10,OnHandSnapshot,361.28
2024-04-07,M10,Consumption,-11.98
2024-04-07,M10,OnHandSnapshot,349.3
2024-04-08,M10,Consumption,-11.21
2024-04-08,M10,OnHandSnapshot,338.09
2024-04-09,M10,Consumption,-11.79
2024-04-09,M10,OnHandSnapshot,326.3
2024-04-10,M10,Consumption,-10.21
2024-04-10,M10,OnHandSnapshot,316.09
2024-04-11,M10,Consumption,-10.78
2024-04-11,M10,OnHandSnapshot,305.3
2024-04-12,M10,Consumption,-13.61
2024-04-12,M10,OnHandSnapshot,291.69
2024-04-13,M10,Consumption,-9.24
2024-04-13,M10,OnHandSnapshot,282.45
2024-04-14,M10,Consumption,-9.77
2024-04-14,M10,OnHandSnapshot,272.68
2024-04-15,M10,Consumption,-9.96
2024-04-15,M10,OnHandSnapshot,262.72
2024-04-16,M10,Consumption,-9.4
2024-04-16,M10,OnHandSnapshot,253.31
2024-04-17,M10,Consumption,-10.43
2024-04-17,M10,OnHandSnapshot,242.88
2024-04-18,M10,Consumption,-11.06
2024-04-18,M10,OnHandSnapshot,231.82
2024-04-19,M10,Consumption,-13.22
2024-04-19,M10,OnHandSnapshot,218.6
2024-04-20,M10,Consumption,-10.13
2024-04-20,M10,OnHandSnapshot,208.47
2024-04-21,M10,Consumption,-10.64
2024-04-21,M10,OnHandSnapshot,197.83
2024-04-22,M10,Consumption,-10.13
2024-04-22,M10,OnHandSnapshot,187.7
2024-04-23,M10,Consumption,-10.34
2024-04-23,M10,OnHandSnapshot,177.37
2024-04-24,M10,Consumption,-9.5
2024-04-24,M10,OnHandSnapshot,167.87
2024-04-25,M10,Consumption,-11.19
2024-04-25,M10,OnHandSnapshot,156.68
2024-04-26,M10,Receipt,321.5
2024-04-26,M10,Consumption,-13.63
2024-04-26,M10,OnHandSnapshot,464.54
2024-04-27,M10,Consumption,-8.75
2024-04-27,M10,OnHandSnapshot,455.79
2024-04-28,M10,Consumption,-9.44
2024-04-28,M10,OnHandSnapshot,446.34
2024-04-29,M10,Consumption,-9.62
2024-04-29,M10,OnHandSnapshot,436.72
2024-04-30,M10,Consumption,-9.89
2024-04-30,M10,OnHandSnapshot,426.83
2024-05-01,M10,Consumption,-9.09
2024-05-01,M10,OnHandSnapshot,417.74
2024-05-02,M10,Consumption,-11.64
2024-05-02,M10,OnHandSnapshot,406.1
2024-05-03,M10,Consumption,-13.16
2024-05-03,M10,OnHandSnapshot,392.94
2024-05-04,M10,Consumption,-9.32
2024-05-04,M10,OnHandSnapshot,383.61
2024-05-05,M10,Consumption,-10.4
2024-05-05,M10,OnHandSnapshot,373.22
2024-05-06,M10,Consumption,-9.82
2024-05-06,M10,OnHandSnapshot,363.39
2024-05-07,M10,Consumption,-10.13
2024-05-07,M10,OnHandSnapshot,353.27
2024-05-08,M10,Consumption,-9.97
2024-05-08,M10,OnHandSnapshot,343.3
2024-05-09,M10,Consumption,-11.19
2024-05-09,M10,OnHandSnapshot,332.11
2024-05-10,M10,Consumption,-13.14
2024-05-10,M10,OnHandSnapshot,318.97
2024-05-11,M10,Consumption,-9.4
2024-05-11,M10,OnHandSnapshot,309.57
2024-05-12,M10,Consumption,-9.97
2024-05-12,M10,OnHandSnapshot,299.6
2024-05-13,M10,Consumption,-9.74
2024-05-13,M10,OnHandSnapshot,289.86
2024-05-14,M10,Consumption,-8.66
2024-05-14,M10,OnHandSnapshot,281.19
2024-05-15,M10,Consumption,-8.89
2024-05-15,M10,OnHandSnapshot,272.3
2024-05-16,M10,Consumption,-11.16
2024-05-16,M10,OnHandSnapshot,261.14
2024-05-17,M10,Consumption,-12.76
2024-05-17,M10,OnHandSnapshot,248.38
2024-05-18,M10,Consumption,-9.16
2024-05-18,M10,OnHandSnapshot,239.22
2024-05-19,M10,Consumption,-9.33
2024-05-19,M10,OnHandSnapshot,229.89
2024-05-20,M10,Consumption,-9.41
2024-05-20,M10,OnHandSnapshot,220.48
2024-05-21,M10,Consumption,-10.34
2024-05-21,M10,OnHandSnapshot,210.14
2024-05-22,M10,Consumption,-10.04
2024-05-22,M10,OnHandSnapshot,200.1
2024-05-23,M10,Consumption,-10.37
2024-05-23,M10,OnHandSnapshot,189.74
2024-05-24,M10,Consumption,-13.56
2024-05-24,M10,OnHandSnapshot,176.18
2024-05-25,M10,Consumption,-8.72
2024-05-25,M10,OnHandSnapshot,167.45
2024-05-26,M10,Consumption,-9.1
2024-05-26,M10,OnHandSnapshot,158.36
2024-05-27,M10,Consumption,-9.34
2024-05-27,M10,OnHandSnapshot,149.02
2024-05-28,M10,Consumption,-10.79
2024-05-28,M10,OnHandSnapshot,138.23
2024-05-29,M10,Receipt,321.5
2024-05-29,M10,Consumption,-9.16
2024-05-29,M10,OnHandSnapshot,450.57
2024-05-30,M10,Consumption,-10.75
2024-05-30,M10,OnHandSnapshot,439.83
2024-05-31,M10,Consumption,-12.52
2024-05-31,M10,OnHandSnapshot,427.3
2024-06-01,M10,Consumption,-9.59
2024-06-01,M10,OnHandSnapshot,417.72
2024-06-02,M10,Consumption,-10.64
2024-06-02,M10,OnHandSnapshot,407.07
2024-06-03,M10,Consumption,-10.72
2024-06-03,M10,OnHandSnapshot,396.36
2024-06-04,M10,Consumption,-9.37
2024-06-04,M10,OnHandSnapshot,386.98
2024-06-05,M10,Consumption,-9.8
2024-06-05,M10,OnHandSnapshot,377.18
2024-06-06,M10,Consumption,-11.9
2024-06-06,M10,OnHandSnapshot,365.28
2024-06-07,M10,Consumption,-13.93
2024-06-07,M10,OnHandSnapshot,351.34
2024-06-08,M10,Consumption,-10.04
2024-06-08,M10,OnHandSnapshot,341.3
2024-06-09,M10,Consumption,-10.33
2024-06-09,M10,OnHandSnapshot,330.97
2024-06-10,M10,Consumption,-12.07
2024-06-10,M10,OnHandSnapshot,318.91
2024-06-11,M10,Consumption,-10.24
2024-06-11,M10,OnHandSnapshot,308.67
2024-06-12,M10,Consumption,-11.21
2024-06-12,M10,OnHandSnapshot,297.46
2024-06-13,M10,Consumption,-12.55
2024-06-13,M10,OnHandSnapshot,284.91
2024-06-14,M10,Consumption,-14.14
2024-06-14,M10,OnHandSnapshot,270.78
2024-06-15,M10,Consumption,-9.72
2024-06-15,M10,OnHandSnapshot,261.06
2024-06-16,M10,Consumption,-10.87
2024-06-16,M10,OnHandSnapshot,250.19
2024-06-17,M10,Consumption,-10.59
2024-06-17,M10,OnHandSnapshot,239.6
2024-06-18,M10,Consumption,-12.29
2024-06-18,M10,OnHandSnapshot,227.31
2024-06-19,M10,Consumption,-11.1
2024-06-19,M10,OnHandSnapshot,216.21
2024-06-20,M10,Consumption,-13.07
2024-06-20,M10,OnHandSnapshot,203.14
2024-06-21,M10,Consumption,-14.4
2024-06-21,M10,OnHandSnapshot,188.74
2024-06-22,M10,Consumption,-9.04
2024-06-22,M10,OnHandSnapshot,179.7
2024-06-23,M10,Consumption,-10.74
2024-06-23,M10,OnHandSnapshot,168.96
2024-06-24,M10,Consumption,-10.69
2024-06-24,M10,OnHandSnapshot,158.26
2024-06-25,M10,Consumption,-11.85
2024-06-25,M10,OnHandSnapshot,146.41
2024-06-26,M10,Receipt,321.5
2024-06-26,M10,Consumption,-10.32
2024-06-26,M10,OnHandSnapshot,457.59
2024-06-27,M10,Consumption,-11.92
2024-06-27,M10,OnHandSnapshot,445.67
2024-06-28,M10,Consumption,-14.54
2024-06-28,M10,OnHandSnapshot,431.13
2024-06-29,M10,Consumption,-10.47
2024-06-29,M10,OnHandSnapshot,420.66
2024-06-30,M10,Consumption,-11.11
2024-06-30,M10,OnHandSnapshot,409.55
2024-07-01,M10,Consumption,-10.39
2024-07-01,M10,OnHandSnapshot,399.17
2024-07-02,M10,Consumption,-9.81
2024-07-02,M10,OnHandSnapshot,389.36
2024-07-03,M10,Consumption,-9.75
2024-07-03,M10,OnHandSnapshot,379.61
2024-07-04,M10,Consumption,-11.6
2024-07-04,M10,OnHandSnapshot,368.0
2024-07-05,M10,Consumption,-13.42
2024-07-05,M10,OnHandSnapshot,354.59
2024-07-06,M10,Consumption,-9.82
2024-07-06,M10,OnHandSnapshot,344.77
2024-07-07,M10,Consumption,-10.51
2024-07-07,M10,OnHandSnapshot,334.26
2024-07-08,M10,Consumption,-10.69
2024-07-08,M10,OnHandSnapshot,323.57
2024-07-09,M10,Consumption,-10.39
2024-07-09,M10,OnHandSnapshot,313.18
2024-07-10,M10,Consumption,-9.79
2024-07-10,M10,OnHandSnapshot,303.4
2024-07-11,M10,Consumption,-10.25
2024-07-11,M10,OnHandSnapshot,293.15
2024-07-12,M10,Consumption,-14.29
2024-07-12,M10,OnHandSnapshot,278.86
2024-07-13,M10,Consumption,-9.8
2024-07-13,M10,OnHandSnapshot,269.06
2024-07-14,M10,Consumption,-10.41
2024-07-14,M10,OnHandSnapshot,258.65
2024-07-15,M10,Consumption,-10.39
2024-07-15,M10,OnHandSnapshot,248.26
2024-07-16,M10,Consumption,-10.41
2024-07-16,M10,OnHandSnapshot,237.85
2024-07-17,M10,Consumption,-10.4
2024-07-17,M10,OnHandSnapshot,227.44
2024-07-18,M10,Consumption,-13.04
2024-07-18,M10,OnHandSnapshot,214.4
2024-07-19,M10,Consumption,-15.82
2024-07-19,M10,OnHandSnapshot,198.59
2024-07-20,M10,Consumption,-9.62
2024-07-20,M10,OnHandSnapshot,188.97
2024-07-21,M10,Consumption,-11.03
2024-07-21,M10,OnHandSnapshot,177.94
2024-07-22,M10,Consumption,-10.64
2024-07-22,M10,OnHandSnapshot,167.3
2024-07-23,M10,Consumption,-11.27
2024-07-23,M10,OnHandSnapshot,156.03
2024-07-24,M10,Consumption,-10.46
2024-07-24,M10,OnHandSnapshot,145.57
2024-07-25,M10,Consumption,-12.04
2024-07-25,M10,OnHandSnapshot,133.53
2024-07-26,M10,Receipt,321.5
2024-07-26,M10,Consumption,-15.05
2024-07-26,M10,OnHandSnapshot,439.97
2024-07-27,M10,Consumption,-9.7
2024-07-27,M10,OnHandSnapshot,430.27
2024-07-28,M10,Consumption,-9.32
2024-07-28,M10,OnHandSnapshot,420.95
2024-07-29,M10,Consumption,-10.55
2024-07-29,M10,OnHandSnapshot,410.41
2024-07-30,M10,Consumption,-10.0
2024-07-30,M10,OnHandSnapshot,400.4
2024-07-31,M10,Consumption,-10.75
2024-07-31,M10,OnHandSnapshot,389.66
2024-08-01,M10,Consumption,-12.02
2024-08-01,M10,OnHandSnapshot,377.63
2024-08-02,M10,Consumption,-13.6
2024-08-02,M10,OnHandSnapshot,364.03
2024-08-03,M10,Consumption,-11.08
2024-08-03,M10,OnHandSnapshot,352.96
2024-08-04,M10,Consumption,-11.03
2024-08-04,M10,OnHandSnapshot,341.93
2024-08-05,M10,Consumption,-9.93
2024-08-05,M10,OnHandSnapshot,332.0
2024-08-06,M10,Consumption,-10.34
2024-08-06,M10,OnHandSnapshot,321.65
2024-08-07,M10,Consumption,-9.98
2024-08-07,M10,OnHandSnapshot,311.67
2024-08-08,M10,Consumption,-12.1
2024-08-08,M10,OnHandSnapshot,299.57
2024-08-09,M10,Consumption,-14.0
2024-08-09,M10,OnHandSnapshot,285.56
2024-08-10,M10,Consumption,-10.42
2024-08-10,M10,OnHandSnapshot,275.14
2024-08-11,M10,Consumption,-11.92
2024-08-11,M10,OnHandSnapshot,263.22
2024-08-12,M10,Consumption,-9.44
2024-08-12,M10,OnHandSnapshot,253.78
2024-08-13,M10,Consumption,-9.91
2024-08-13,M10,OnHandSnapshot,243.86
2024-08-14,M10,Consumption,-10.39
2024-08-14,M10,OnHandSnapshot,233.48
2024-08-15,M10,Consumption,-12.15
2024-08-15,M10,OnHandSnapshot,221.33
2024-08-16,M10,Consumption,-14.12
2024-08-16,M10,OnHandSnapshot,207.2
2024-08-17,M10,Consumption,-10.81
2024-08-17,M10,OnHandSnapshot,196.4
2024-08-18,M10,Consumption,-10.37
2024-08-18,M10,OnHandSnapshot,186.03
2024-08-19,M10,Consumption,-11.03
2024-08-19,M10,OnHandSnapshot,175.0
2024-08-20,M10,Consumption,-11.02
2024-08-20,M10,OnHandSnapshot,163.98
2024-08-21,M10,Consumption,-10.78
2024-08-21,M10,OnHandSnapshot,153.2
2024-08-22,M10,Receipt,321.5
2024-08-22,M10,Consumption,-11.8
2024-08-22,M10,OnHandSnapshot,462.89
2024-08-23,M10,Consumption,-13.98
2024-08-23,M10,OnHandSnapshot,448.91
2024-08-24,M10,Consumption,-9.46
2024-08-24,M10,OnHandSnapshot,439.46
2024-08-25,M10,Consumption,-11.0
2024-08-25,M10,OnHandSnapshot,428.46
2024-08-26,M10,Consumption,-10.62
2024-08-26,M10,OnHandSnapshot,417.84
2024-08-27,M10,Consumption,-11.94
2024-08-27,M10,OnHandSnapshot,405.9
2024-08-28,M10,Consumption,-10.22
2024-08-28,M10,OnHandSnapshot,395.68
2024-08-29,M10,Consumption,-12.14
2024-08-29,M10,OnHandSnapshot,383.54
2024-08-30,M10,Consumption,-13.82
2024-08-30,M10,OnHandSnapshot,369.72
2024-08-31,M10,Consumption,-10.72
2024-08-31,M10,OnHandSnapshot,359.0
2024-09-01,M10,Consumption,-10.57
2024-09-01,M10,OnHandSnapshot,348.43
2024-09-02,M10,Consumption,-11.21
2024-09-02,M10,OnHandSnapshot,337.22
2024-09-03,M10,Consumption,-9.6
2024-09-03,M10,OnHandSnapshot,327.62
2024-09-04,M10,Consumption,-9.82
2024-09-04,M10,OnHandSnapshot,317.79
2024-09-05,M10,Consumption,-12.1
2024-09-05,M10,OnHandSnapshot,305.7
2024-09-06,M10,Consumption,-13.94
2024-09-06,M10,OnHandSnapshot,291.76
2024-09-07,M10,Consumption,-9.36
2024-09-07,M10,OnHandSnapshot,282.4
2024-09-08,M10,Consumption,-10.45
2024-09-08,M10,OnHandSnapshot,271.95
2024-09-09,M10,Consumption,-9.92
2024-09-09,M10,OnHandSnapshot,262.02
2024-09-10,M10,Consumption,-9.34
2024-09-10,M10,OnHandSnapshot,252.69
2024-09-11,M10,Consumption,-9.52
2024-09-11,M10,OnHandSnapshot,243.17
2024-09-12,M10,Consumption,-12.0
2024-09-12,M10,OnHandSnapshot,231.17
2024-09-13,M10,Consumption,-14.21
2024-09-13,M10,OnHandSnapshot,216.96
2024-09-14,M10,Consumption,-9.61
2024-09-14,M10,OnHandSnapshot,207.36
2024-09-15,M10,Consumption,-10.54
2024-09-15,M10,OnHandSnapshot,196.82
2024-09-16,M10,Consumption,-13.18
2024-09-16,M10,OnHandSnapshot,183.64
2024-09-17,M10,Consumption,-10.58
2024-09-17,M10,OnHandSnapshot,173.06
2024-09-18,M10,Consumption,-11.48
2024-09-18,M10,OnHandSnapshot,161.58
2024-09-19,M10,Consumption,-13.26
2024-09-19,M10,OnHandSnapshot,148.32
2024-09-20,M10,Consumption,-17.29
2024-09-20,M10,OnHandSnapshot,131.04
2024-09-21,M10,Receipt,321.5
2024-09-21,M10,Consumption,-11.35
2024-09-21,M10,OnHandSnapshot,441.19
2024-09-22,M10,Consumption,-10.31
2024-09-22,M10,OnHandSnapshot,430.88
2024-09-23,M10,Consumption,-10.9
2024-09-23,M10,OnHandSnapshot,419.98
2024-09-24,M10,Consumption,-11.81
2024-09-24,M10,OnHandSnapshot,408.18
2024-09-25,M10,Consumption,-12.31
2024-09-25,M10,OnHandSnapshot,395.87
2024-09-26,M10,Consumption,-12.9
2024-09-26,M10,OnHandSnapshot,382.97
2024-09-27,M10,Consumption,-15.83
2024-09-27,M10,OnHandSnapshot,367.14
2024-09-28,M10,Consumption,-11.35
2024-09-28,M10,OnHandSnapshot,355.78
2024-09-29,M10,Consumption,-11.96
2024-09-29,M10,OnHandSnapshot,343.83
2024-09-30,M10,Consumption,-11.93
2024-09-30,M10,OnHandSnapshot,331.9
2024-10-01,M10,Consumption,-12.54
2024-10-01,M10,OnHandSnapshot,319.36
2024-10-02,M10,Consumption,-11.04
2024-10-02,M10,OnHandSnapshot,308.32
2024-10-03,M10,Consumption,-13.44
2024-10-03,M10,OnHandSnapshot,294.88
2024-10-04,M10,Consumption,-15.03
2024-10-04,M10,OnHandSnapshot,279.85
2024-10-05,M10,Consumption,-11.77
2024-10-05,M10,OnHandSnapshot,268.08
2024-10-06,M10,Consumption,-11.93
2024-10-06,M10,OnHandSnapshot,256.15
2024-10-07,M10,Consumption,-11.25
2024-10-07,M10,OnHandSnapshot,244.9
2024-10-08,M10,Consumption,-12.07
2024-10-08,M10,OnHandSnapshot,232.83
2024-10-09,M10,Consumption,-12.23
2024-10-09,M10,OnHandSnapshot,220.6
2024-10-10,M10,Consumption,-13.73
2024-10-10,M10,OnHandSnapshot,206.87
2024-10-11,M10,Consumption,-13.62
2024-10-11,M10,OnHandSnapshot,193.25
2024-10-12,M10,Consumption,-9.94
2024-10-12,M10,OnHandSnapshot,183.31
2024-10-13,M10,Consumption,-9.8
2024-10-13,M10,OnHandSnapshot,173.51
2024-10-14,M10,Consumption,-9.7
2024-10-14,M10,OnHandSnapshot,163.81
2024-10-15,M10,Consumption,-10.02
2024-10-15,M10,OnHandSnapshot,153.79
2024-10-16,M10,Consumption,-10.04
2024-10-16,M10,OnHandSnapshot,143.75
2024-10-17,M10,Receipt,321.5
2024-10-17,M10,Consumption,-12.04
2024-10-17,M10,OnHandSnapshot,453.21
2024-10-18,M10,Consumption,-14.01
2024-10-18,M10,OnHandSnapshot,439.2
2024-10-19,M10,Consumption,-9.19
2024-10-19,M10,OnHandSnapshot,430.01
2024-10-20,M10,Consumption,-9.26
2024-10-20,M10,OnHandSnapshot,420.74
2024-10-21,M10,Consumption,-10.41
2024-10-21,M10,OnHandSnapshot,410.33
2024-10-22,M10,Consumption,-9.71
2024-10-22,M10,OnHandSnapshot,400.63
2024-10-23,M10,Consumption,-10.48
2024-10-23,M10,OnHandSnapshot,390.15
2024-10-24,M10,Consumption,-12.82
2024-10-24,M10,OnHandSnapshot,377.33
2024-10-25,M10,Consumption,-14.45
2024-10-25,M10,OnHandSnapshot,362.88
2024-10-26,M10,Consumption,-9.24
2024-10-26,M10,OnHandSnapshot,353.64
2024-10-27,M10,Consumption,-9.73
2024-10-27,M10,OnHandSnapshot,343.91
2024-10-28,M10,Consumption,-11.0
2024-10-28,M10,OnHandSnapshot,332.91
2024-10-29,M10,Consumption,-10.99
2024-10-29,M10,OnHandSnapshot,321.92
2024-10-30,M10,Consumption,-10.01
2024-10-30,M10,OnHandSnapshot,311.92
2024-10-31,M10,Consumption,-11.44
2024-10-31,M10,OnHandSnapshot,300.47
2024-11-01,M10,Consumption,-13.49
2024-11-01,M10,OnHandSnapshot,286.99
2024-11-02,M10,Consumption,-10.51
2024-11-02,M10,OnHandSnapshot,276.48
2024-11-03,M10,Consumption,-10.28
2024-11-03,M10,OnHandSnapshot,266.2
2024-11-04,M10,Consumption,-9.38
2024-11-04,M10,OnHandSnapshot,256.82
2024-11-05,M10,Consumption,-10.54
2024-11-05,M10,OnHandSnapshot,246.29
2024-11-06,M10,Consumption,-11.12
2024-11-06,M10,OnHandSnapshot,235.16
2024-11-07,M10,Consumption,-9.97
2024-11-07,M10,OnHandSnapshot,225.2
2024-11-08,M10,Consumption,-13.4
2024-11-08,M10,OnHandSnapshot,211.8
2024-11-09,M10,Consumption,-9.9
2024-11-09,M10,OnHandSnapshot,201.9
2024-11-10,M10,Consumption,-10.55
2024-11-10,M10,OnHandSnapshot,191.35
2024-11-11,M10,Consumption,-10.99
2024-11-11,M10,OnHandSnapshot,180.36
2024-11-12,M10,Receipt,321.5
2024-11-12,M10,Consumption,-9.61
2024-11-12,M10,OnHandSnapshot,492.25
2024-11-13,M10,Consumption,-10.08
2024-11-13,M10,OnHandSnapshot,482.17
2024-11-14,M10,Consumption,-11.17
2024-11-14,M10,OnHandSnapshot,471.0
2024-11-15,M10,Consumption,-13.86
2024-11-15,M10,OnHandSnapshot,457.14
2024-11-16,M10,Consumption,-9.64
2024-11-16,M10,OnHandSnapshot,447.51
2024-11-17,M10,Consumption,-10.96
2024-11-17,M10,OnHandSnapshot,436.55
2024-11-18,M10,Consumption,-9.7
2024-11-18,M10,OnHandSnapshot,426.84
2024-11-19,M10,Consumption,-10.85
2024-11-19,M10,OnHandSnapshot,415.99
2024-11-20,M10,Consumption,-11.06
2024-11-20,M10,OnHandSnapshot,404.93
2024-11-21,M10,Consumption,-10.94
2024-11-21,M10,OnHandSnapshot,393.99
2024-11-22,M10,Consumption,-13.99
2024-11-22,M10,OnHandSnapshot,380.0
2024-11-23,M10,Consumption,-9.23
2024-11-23,M10,OnHandSnapshot,370.77
2024-11-24,M10,Consumption,-10.01
2024-11-24,M10,OnHandSnapshot,360.76
2024-11-25,M10,Consumption,-10.49
2024-11-25,M10,OnHandSnapshot,350.27
2024-11-26,M10,Consumption,-10.11
2024-11-26,M10,OnHandSnapshot,340.16
2024-11-27,M10,Consumption,-10.87
2024-11-27,M10,OnHandSnapshot,329.29
2024-11-28,M10,Consumption,-12.1
2024-11-28,M10,OnHandSnapshot,317.19
2024-11-29,M10,Consumption,-13.21
2024-11-29,M10,OnHandSnapshot,303.98
2024-11-30,M10,Consumption,-10.01
2024-11-30,M10,OnHandSnapshot,293.97
2024-12-01,M10,Consumption,-9.44
2024-12-01,M10,OnHandSnapshot,284.53
2024-12-02,M10,Consumption,-10.09
2024-12-02,M10,OnHandSnapshot,274.44
2024-12-03,M10,Consumption,-10.15
2024-12-03,M10,OnHandSnapshot,264.29
2024-12-04,M10,Consumption,-10.97
2024-12-04,M10,OnHandSnapshot,253.31
2024-12-05,M10,Consumption,-12.28
2024-12-05,M10,OnHandSnapshot,241.03
2024-12-06,M10,Consumption,-14.31
2024-12-06,M10,OnHandSnapshot,226.72
2024-12-07,M10,Consumption,-9.85
2024-12-07,M10,OnHandSnapshot,216.87
2024-12-08,M10,Consumption,-10.12
2024-12-08,M10,OnHandSnapshot,206.75
2024-12-09,M10,Consumption,-9.12
2024-12-09,M10,OnHandSnapshot,197.63
2024-12-10,M10,Consumption,-9.25
2024-12-10,M10,OnHandSnapshot,188.38
2024-12-11,M10,Consumption,-11.88
2024-12-11,M10,OnHandSnapshot,176.5
2024-12-12,M10,Consumption,-12.89
2024-12-12,M10,OnHandSnapshot,163.61
2024-12-13,M10,Consumption,-15.61
2024-12-13,M10,OnHandSnapshot,148.0
2024-12-14,M10,Consumption,-11.72
2024-12-14,M10,OnHandSnapshot,136.28
2024-12-15,M10,Consumption,-13.75
2024-12-15,M10,OnHandSnapshot,122.53
2024-12-16,M10,Receipt,321.5
2024-12-16,M10,Consumption,-15.33
2024-12-16,M10,OnHandSnapshot,428.7
2024-12-17,M10,Consumption,-15.32
2024-12-17,M10,OnHandSnapshot,413.37
2024-12-18,M10,Consumption,-15.89
2024-12-18,M10,OnHandSnapshot,397.48
2024-12-19,M10,Consumption,-19.06
2024-12-19,M10,OnHandSnapshot,378.43
2024-12-20,M10,Consumption,-24.11
2024-12-20,M10,OnHandSnapshot,354.32
2024-12-21,M10,Consumption,-17.76
2024-12-21,M10,OnHandSnapshot,336.56
2024-12-22,M10,Consumption,-18.49
2024-12-22,M10,OnHandSnapshot,318.07
2024-12-23,M10,Consumption,-15.5
2024-12-23,M10,OnHandSnapshot,302.57
2024-12-24,M10,Consumption,-15.49
2024-12-24,M10,OnHandSnapshot,287.08
2024-12-25,M10,Consumption,-15.36
2024-12-25,M10,OnHandSnapshot,271.72
2024-12-26,M10,Consumption,-16.75
2024-12-26,M10,OnHandSnapshot,254.97
2024-12-27,M10,Consumption,-17.68
2024-12-27,M10,OnHandSnapshot,237.28
2024-12-28,M10,Consumption,-11.12
2024-12-28,M10,OnHandSnapshot,226.17
2024-12-29,M10,Consumption,-11.57
2024-12-29,M10,OnHandSnapshot,214.6
2024-12-30,M10,Consumption,-10.86
2024-12-30,M10,OnHandSnapshot,203.74
2024-12-31,M10,Consumption,-9.95
2024-12-31,M10,OnHandSnapshot,193.78
2025-01-01,M10,Consumption,-9.52
2025-01-01,M10,OnHandSnapshot,184.27
2025-01-02,M10,Consumption,-11.87
2025-01-02,M10,OnHandSnapshot,172.4
2025-01-03,M10,Consumption,-13.43
2025-01-03,M10,OnHandSnapshot,158.97
2025-01-04,M10,Receipt,321.5
2025-01-04,M10,Consumption,-9.85
2025-01-04,M10,OnHandSnapshot,470.62
2025-01-05,M10,Consumption,-10.58
2025-01-05,M10,OnHandSnapshot,460.04
2025-01-06,M10,Consumption,-9.97
2025-01-06,M10,OnHandSnapshot,450.07
2025-01-07,M10,Consumption,-9.89
2025-01-07,M10,OnHandSnapshot,440.19
2025-01-08,M10,Consumption,-10.01
2025-01-08,M10,OnHandSnapshot,430.17
2025-01-09,M10,Consumption,-11.75
2025-01-09,M10,OnHandSnapshot,418.42
2025-01-10,M10,Consumption,-14.82
2025-01-10,M10,OnHandSnapshot,403.6
2025-01-11,M10,Consumption,-9.23
2025-01-11,M10,OnHandSnapshot,394.37
2025-01-12,M10,Consumption,-9.29
2025-01-12,M10,OnHandSnapshot,385.08
2025-01-13,M10,Consumption,-10.85
2025-01-13,M10,OnHandSnapshot,374.23
2025-01-14,M10,Consumption,-10.52
2025-01-14,M10,OnHandSnapshot,363.71
2025-01-15,M10,Consumption,-10.54
2025-01-15,M10,OnHandSnapshot,353.17
2025-01-16,M10,Consumption,-11.7
2025-01-16,M10,OnHandSnapshot,341.47
2025-01-17,M10,Consumption,-13.4
2025-01-17,M10,OnHandSnapshot,328.08
2025-01-18,M10,Consumption,-10.3
2025-01-18,M10,OnHandSnapshot,317.77
2025-01-19,M10,Consumption,-10.85
2025-01-19,M10,OnHandSnapshot,306.92
2025-01-20,M10,Consumption,-10.69
2025-01-20,M10,OnHandSnapshot,296.23
2025-01-21,M10,Consumption,-11.93
2025-01-21,M10,OnHandSnapshot,284.29
2025-01-22,M10,Consumption,-9.4
2025-01-22,M10,OnHandSnapshot,274.9
2025-01-23,M10,Consumption,-11.48
2025-01-23,M10,OnHandSnapshot,263.42
2025-01-24,M10,Consumption,-14.45
2025-01-24,M10,OnHandSnapshot,248.97
2025-01-25,M10,Consumption,-10.88
2025-01-25,M10,OnHandSnapshot,238.09
2025-01-26,M10,Consumption,-9.61
2025-01-26,M10,OnHandSnapshot,228.48
2025-01-27,M10,Consumption,-10.52
2025-01-27,M10,OnHandSnapshot,217.95
2025-01-28,M10,Consumption,-10.63
2025-01-28,M10,OnHandSnapshot,207.32
2025-01-29,M10,Consumption,-10.09
2025-01-29,M10,OnHandSnapshot,197.23
2025-01-30,M10,Consumption,-13.03
2025-01-30,M10,OnHandSnapshot,184.2
2025-01-31,M10,Consumption,-13.55
2025-01-31,M10,OnHandSnapshot,170.65
2025-02-01,M10,Consumption,-10.18
2025-02-01,M10,OnHandSnapshot,160.47
2025-02-02,M10,Consumption,-10.99
2025-02-02,M10,OnHandSnapshot,149.48
2025-02-03,M10,Receipt,321.5
2025-02-03,M10,Consumption,-11.05
2025-02-03,M10,OnHandSnapshot,459.92
2025-02-04,M10,Consumption,-9.71
2025-02-04,M10,OnHandSnapshot,450.22
2025-02-05,M10,Consumption,-10.52
2025-02-05,M10,OnHandSnapshot,439.7
2025-02-06,M10,Consumption,-12.02
2025-02-06,M10,OnHandSnapshot,427.67
2025-02-07,M10,Consumption,-13.99
2025-02-07,M10,OnHandSnapshot,413.68
2025-02-08,M10,Consumption,-9.11
2025-02-08,M10,OnHandSnapshot,404.57
2025-02-09,M10,Consumption,-11.41
2025-02-09,M10,OnHandSnapshot,393.17
2025-02-10,M10,Consumption,-9.64
2025-02-10,M10,OnHandSnapshot,383.53
2025-02-11,M10,Consumption,-9.89
2025-02-11,M10,OnHandSnapshot,373.64
2025-02-12,M10,Consumption,-10.25
2025-02-12,M10,OnHandSnapshot,363.38
2025-02-13,M10,Consumption,-12.5
2025-02-13,M10,OnHandSnapshot,350.89
2025-02-14,M10,Consumption,-13.72
2025-02-14,M10,OnHandSnapshot,337.16
2025-02-15,M10,Consumption,-9.63
2025-02-15,M10,OnHandSnapshot,327.53
2025-02-16,M10,Consumption,-10.96
2025-02-16,M10,OnHandSnapshot,316.58
2025-02-17,M10,Consumption,-9.9
2025-02-17,M10,OnHandSnapshot,306.68
2025-02-18,M10,Consumption,-10.24
2025-02-18,M10,OnHandSnapshot,296.44
2025-02-19,M10,Consumption,-9.97
2025-02-19,M10,OnHandSnapshot,286.47
2025-02-20,M10,Consumption,-11.11
2025-02-20,M10,OnHandSnapshot,275.36
2025-02-21,M10,Consumption,-13.73
2025-02-21,M10,OnHandSnapshot,261.64
2025-02-22,M10,Consumption,-10.52
2025-02-22,M10,OnHandSnapshot,251.12
2025-02-23,M10,Consumption,-9.94
2025-02-23,M10,OnHandSnapshot,241.18
2025-02-24,M10,Consumption,-10.27
2025-02-24,M10,OnHandSnapshot,230.91
2025-02-25,M10,Consumption,-10.82
2025-02-25,M10,OnHandSnapshot,220.09
2025-02-26,M10,Consumption,-9.43
2025-02-26,M10,OnHandSnapshot,210.66
2025-02-27,M10,Consumption,-11.42
2025-02-27,M10,OnHandSnapshot,199.24
2025-02-28,M10,Consumption,-13.08
2025-02-28,M10,OnHandSnapshot,186.16
2025-03-01,M10,Consumption,-12.21
2025-03-01,M10,OnHandSnapshot,173.95
2025-03-02,M10,Consumption,-13.61
2025-03-02,M10,OnHandSnapshot,160.33
2025-03-03,M10,Consumption,-16.16
2025-03-03,M10,OnHandSnapshot,144.17
2025-03-04,M10,Receipt,321.5
2025-03-04,M10,Consumption,-16.22
2025-03-04,M10,OnHandSnapshot,449.45
2025-03-05,M10,Consumption,-16.85
2025-03-05,M10,OnHandSnapshot,432.59
2025-03-06,M10,Consumption,-21.98
2025-03-06,M10,OnHandSnapshot,410.61
2025-03-07,M10,Consumption,-28.05
2025-03-07,M10,OnHandSnapshot,382.56
2025-03-08,M10,Consumption,-23.19
2025-03-08,M10,OnHandSnapshot,359.37
2025-03-09,M10,Consumption,-23.7
2025-03-09,M10,OnHandSnapshot,335.67
2025-03-10,M10,Consumption,-26.46
2025-03-10,M10,OnHandSnapshot,309.21
2025-03-11,M10,Consumption,-32.17
2025-03-11,M10,OnHandSnapshot,277.04
2025-03-12,M10,Consumption,-32.27
2025-03-12,M10,OnHandSnapshot,244.77
2025-03-13,M10,Consumption,-37.63
2025-03-13,M10,OnHandSnapshot,207.14
2025-03-14,M10,Consumption,-57.96
2025-03-14,M10,OnHandSnapshot,149.18
2025-03-15,M10,Consumption,-38.2
2025-03-15,M10,OnHandSnapshot,110.98
2025-03-16,M10,Consumption,-44.95
2025-03-16,M10,OnHandSnapshot,66.03
2025-03-17,M10,Consumption,-45.41
2025-03-17,M10,OnHandSnapshot,20.62
2025-03-18,M10,Consumption,-44.84
2025-03-18,M10,OnHandSnapshot,-24.22
2025-03-19,M10,Consumption,-47.49
2025-03-19,M10,OnHandSnapshot,-71.71
2025-03-20,M10,Consumption,-52.84
2025-03-20,M10,OnHandSnapshot,-124.55
2025-03-21,M10,Receipt,321.5
2025-03-21,M10,Consumption,-16.47
2025-03-21,M10,OnHandSnapshot,180.48
2025-03-22,M10,Consumption,-10.88
2025-03-22,M10,OnHandSnapshot,169.6
2025-03-23,M10,Consumption,-11.05
2025-03-23,M10,OnHandSnapshot,158.55
2025-03-24,M10,Consumption,-12.92
2025-03-24,M10,OnHandSnapshot,145.63
2025-03-25,M10,Consumption,-12.2
2025-03-25,M10,OnHandSnapshot,133.43
2025-03-26,M10,Consumption,-11.93
2025-03-26,M10,OnHandSnapshot,121.5
2025-03-27,M10,Consumption,-13.72
2025-03-27,M10,OnHandSnapshot,107.78
2025-03-28,M10,Receipt,321.5
2025-03-28,M10,Consumption,-16.61
2025-03-28,M10,OnHandSnapshot,412.66
2025-03-29,M10,Consumption,-10.93
2025-03-29,M10,OnHandSnapshot,401.73
2025-03-30,M10,Consumption,-12.1
2025-03-30,M10,OnHandSnapshot,389.63
2025-03-31,M10,Consumption,-9.77
2025-03-31,M10,OnHandSnapshot,379.86
2025-04-01,M10,Consumption,-10.82
2025-04-01,M10,OnHandSnapshot,369.04
2025-04-02,M10,Consumption,-10.18
2025-04-02,M10,OnHandSnapshot,358.87
2025-04-03,M10,Consumption,-11.51
2025-04-03,M10,OnHandSnapshot,347.35
2025-04-04,M10,Consumption,-13.63
2025-04-04,M10,OnHandSnapshot,333.72
2025-04-05,M10,Consumption,-10.42
2025-04-05,M10,OnHandSnapshot,323.3
2025-04-06,M10,Consumption,-10.78
2025-04-06,M10,OnHandSnapshot,312.52
2025-04-07,M10,Consumption,-9.85
2025-04-07,M10,OnHandSnapshot,302.67
2025-04-08,M10,Consumption,-10.25
2025-04-08,M10,OnHandSnapshot,292.42
2025-04-09,M10,Consumption,-10.01
2025-04-09,M10,OnHandSnapshot,282.41
2025-04-10,M10,Consumption,-12.16
2025-04-10,M10,OnHandSnapshot,270.25
2025-04-11,M10,Consumption,-13.73
2025-04-11,M10,OnHandSnapshot,256.52
2025-04-12,M10,Consumption,-9.39
2025-04-12,M10,OnHandSnapshot,247.13
2025-04-13,M10,Consumption,-11.38
2025-04-13,M10,OnHandSnapshot,235.75
2025-04-14,M10,Consumption,-10.27
2025-04-14,M10,OnHandSnapshot,225.48
2025-04-15,M10,Consumption,-10.28
2025-04-15,M10,OnHandSnapshot,215.2
2025-04-16,M10,Consumption,-11.06
2025-04-16,M10,OnHandSnapshot,204.13
2025-04-17,M10,Consumption,-14.32
2025-04-17,M10,OnHandSnapshot,189.81
2025-04-18,M10,Consumption,-14.32
2025-04-18,M10,OnHandSnapshot,175.49
2025-04-19,M10,Consumption,-10.85
2025-04-19,M10,OnHandSnapshot,164.64
2025-04-20,M10,Consumption,-9.47
2025-04-20,M10,OnHandSnapshot,155.17
2025-04-21,M10,Consumption,-8.94
2025-04-21,M10,OnHandSnapshot,146.23
2025-04-22,M10,Consumption,-10.85
2025-04-22,M10,OnHandSnapshot,135.37
2025-04-23,M10,Consumption,-10.05
2025-04-23,M10,OnHandSnapshot,125.32
2025-04-24,M10,Receipt,321.5
2025-04-24,M10,Consumption,-11.1
2025-04-24,M10,OnHandSnapshot,435.72
2025-04-25,M10,Consumption,-14.27
2025-04-25,M10,OnHandSnapshot,421.45
2025-04-26,M10,Consumption,-10.4
2025-04-26,M10,OnHandSnapshot,411.05
2025-04-27,M10,Consumption,-10.6
2025-04-27,M10,OnHandSnapshot,400.46
2025-04-28,M10,Consumption,-9.5
2025-04-28,M10,OnHandSnapshot,390.96
2025-04-29,M10,Consumption,-10.75
2025-04-29,M10,OnHandSnapshot,380.21
2025-04-30,M10,Consumption,-9.99
2025-04-30,M10,OnHandSnapshot,370.22
2025-05-01,M10,Consumption,-11.77
2025-05-01,M10,OnHandSnapshot,358.44
2025-05-02,M10,Consumption,-13.09
2025-05-02,M10,OnHandSnapshot,345.36
2025-05-03,M10,Consumption,-11.02
2025-05-03,M10,OnHandSnapshot,334.34
2025-05-04,M10,Consumption,-10.84
2025-05-04,M10,OnHandSnapshot,323.49
2025-05-05,M10,Consumption,-9.85
2025-05-05,M10,OnHandSnapshot,313.65
2025-05-06,M10,Consumption,-10.24
2025-05-06,M10,OnHandSnapshot,303.41
2025-05-07,M10,Consumption,-10.37
2025-05-07,M10,OnHandSnapshot,293.03
2025-05-08,M10,Consumption,-12.05
2025-05-08,M10,OnHandSnapshot,280.98
2025-05-09,M10,Consumption,-14.96
2025-05-09,M10,OnHandSnapshot,266.01
2025-05-10,M10,Consumption,-9.27
2025-05-10,M10,OnHandSnapshot,256.74
2025-05-11,M10,Consumption,-10.66
2025-05-11,M10,OnHandSnapshot,246.09
2025-05-12,M10,Consumption,-10.82
2025-05-12,M10,OnHandSnapshot,235.26
2025-05-13,M10,Consumption,-10.49
2025-05-13,M10,OnHandSnapshot,224.78
2025-05-14,M10,Consumption,-10.85
2025-05-14,M10,OnHandSnapshot,213.92
2025-05-15,M10,Consumption,-12.25
2025-05-15,M10,OnHandSnapshot,201.67
2025-05-16,M10,Consumption,-15.17
2025-05-16,M10,OnHandSnapshot,186.5
2025-05-17,M10,Consumption,-10.27
2025-05-17,M10,OnHandSnapshot,176.23
2025-05-18,M10,Consumption,-11.24
2025-05-18,M10,OnHandSnapshot,164.99
2025-05-19,M10,Consumption,-10.18
2025-05-19,M10,OnHandSnapshot,154.81
2025-05-20,M10,Receipt,321.5
2025-05-20,M10,Consumption,-10.02
2025-05-20,M10,OnHandSnapshot,466.29
2025-05-21,M10,Consumption,-11.86
2025-05-21,M10,OnHandSnapshot,454.43
2025-05-22,M10,Consumption,-11.85
2025-05-22,M10,OnHandSnapshot,442.58
2025-05-23,M10,Consumption,-14.37
2025-05-23,M10,OnHandSnapshot,428.21
2025-05-24,M10,Consumption,-9.56
2025-05-24,M10,OnHandSnapshot,418.65
2025-05-25,M10,Consumption,-11.07
2025-05-25,M10,OnHandSnapshot,407.58
2025-05-26,M10,Consumption,-10.47
2025-05-26,M10,OnHandSnapshot,397.11
2025-05-27,M10,Consumption,-10.52
2025-05-27,M10,OnHandSnapshot,386.58
2025-05-28,M10,Consumption,-11.31
2025-05-28,M10,OnHandSnapshot,375.27
2025-05-29,M10,Consumption,-12.22
2025-05-29,M10,OnHandSnapshot,363.05
2025-05-30,M10,Consumption,-14.62
2025-05-30,M10,OnHandSnapshot,348.43
2025-05-31,M10,Consumption,-10.12
2025-05-31,M10,OnHandSnapshot,338.31
2025-06-01,M10,Consumption,-12.8
2025-06-01,M10,OnHandSnapshot,325.51
2025-06-02,M10,Consumption,-11.24
2025-06-02,M10,OnHandSnapshot,314.27
2025-06-03,M10,Consumption,-11.21
2025-06-03,M10,OnHandSnapshot,303.05
2025-06-04,M10,Consumption,-10.49
2025-06-04,M10,OnHandSnapshot,292.56
2025-06-05,M10,Consumption,-12.95
2025-06-05,M10,OnHandSnapshot,279.62
2025-06-06,M10,Consumption,-16.19
2025-06-06,M10,OnHandSnapshot,263.42
2025-06-07,M10,Consumption,-11.34
2025-06-07,M10,OnHandSnapshot,252.08
2025-06-08,M10,Consumption,-11.53
2025-06-08,M10,OnHandSnapshot,240.55
2025-06-09,M10,Consumption,-11.38
2025-06-09,M10,OnHandSnapshot,229.17
2025-06-10,M10,Consumption,-10.89
2025-06-10,M10,OnHandSnapshot,218.28
2025-06-11,M10,Consumption,-11.47
2025-06-11,M10,OnHandSnapshot,206.81
2025-06-12,M10,Consumption,-13.62
2025-06-12,M10,OnHandSnapshot,193.19
2025-06-13,M10,Consumption,-14.29
2025-06-13,M10,OnHandSnapshot,178.89
2025-06-14,M10,Consumption,-10.43
2025-06-14,M10,OnHandSnapshot,168.46
2025-06-15,M10,Consumption,-10.87
2025-06-15,M10,OnHandSnapshot,157.59
2025-06-16,M10,Consumption,-11.32
2025-06-16,M10,OnHandSnapshot,146.27
2025-06-17,M10,Consumption,-11.31
2025-06-17,M10,OnHandSnapshot,134.96
2025-06-18,M10,Consumption,-10.1
2025-06-18,M10,OnHandSnapshot,124.86
2025-06-19,M10,Receipt,321.5
2025-06-19,M10,Consumption,-13.97
2025-06-19,M10,OnHandSnapshot,432.39
2025-06-20,M10,Consumption,-15.15
2025-06-20,M10,OnHandSnapshot,417.24
2025-06-21,M10,Consumption,-11.38
2025-06-21,M10,OnHandSnapshot,405.85
2025-06-22,M10,Consumption,-11.53
2025-06-22,M10,OnHandSnapshot,394.32
2025-06-23,M10,Consumption,-10.82
2025-06-23,M10,OnHandSnapshot,383.5
2025-06-24,M10,Consumption,-11.42
2025-06-24,M10,OnHandSnapshot,372.09
2025-06-25,M10,Consumption,-13.0
2025-06-25,M10,OnHandSnapshot,359.09
2025-06-26,M10,Consumption,-13.28
2025-06-26,M10,OnHandSnapshot,345.81
2025-06-27,M10,Consumption,-16.63
2025-06-27,M10,OnHandSnapshot,329.18
2025-06-28,M10,Consumption,-10.8
2025-06-28,M10,OnHandSnapshot,318.38
2025-06-29,M10,Consumption,-10.48
2025-06-29,M10,OnHandSnapshot,307.9
2025-06-30,M10,Consumption,-11.12
2025-06-30,M10,OnHandSnapshot,296.79
2025-07-01,M10,Consumption,-12.41
2025-07-01,M10,OnHandSnapshot,284.38
2025-07-02,M10,Consumption,-11.13
2025-07-02,M10,OnHandSnapshot,273.25
2025-07-03,M10,Consumption,-13.34
2025-07-03,M10,OnHandSnapshot,259.9
2025-07-04,M10,Consumption,-15.28
2025-07-04,M10,OnHandSnapshot,244.63
2025-07-05,M10,Consumption,-10.18
2025-07-05,M10,OnHandSnapshot,234.45
2025-07-06,M10,Consumption,-11.35
2025-07-06,M10,OnHandSnapshot,223.11
2025-07-07,M10,Consumption,-11.73
2025-07-07,M10,OnHandSnapshot,211.38
2025-07-08,M10,Consumption,-11.5
2025-07-08,M10,OnHandSnapshot,199.87
2025-07-09,M10,Consumption,-10.1
2025-07-09,M10,OnHandSnapshot,189.78
2025-07-10,M10,Consumption,-13.57
2025-07-10,M10,OnHandSnapshot,176.21
2025-07-11,M10,Receipt,321.5
2025-07-11,M10,Consumption,-14.58
2025-07-11,M10,OnHandSnapshot,483.13
2025-07-12,M10,Consumption,-11.68
2025-07-12,M10,OnHandSnapshot,471.44
2025-07-13,M10,Consumption,-11.83
2025-07-13,M10,OnHandSnapshot,459.62
2025-07-14,M10,Consumption,-11.56
2025-07-14,M10,OnHandSnapshot,448.06
2025-07-15,M10,Consumption,-10.5
2025-07-15,M10,OnHandSnapshot,437.56
2025-07-16,M10,Consumption,-10.31
2025-07-16,M10,OnHandSnapshot,427.24
2025-07-17,M10,Consumption,-13.43
2025-07-17,M10,OnHandSnapshot,413.81
2025-07-18,M10,Consumption,-14.48
2025-07-18,M10,OnHandSnapshot,399.33
2025-07-19,M10,Consumption,-10.34
2025-07-19,M10,OnHandSnapshot,388.99
2025-07-20,M10,Consumption,-11.79
2025-07-20,M10,OnHandSnapshot,377.2
2025-07-21,M10,Consumption,-10.75
2025-07-21,M10,OnHandSnapshot,366.45
2025-07-22,M10,Consumption,-12.19
2025-07-22,M10,OnHandSnapshot,354.26
2025-07-23,M10,Consumption,-11.3
2025-07-23,M10,OnHandSnapshot,342.95
2025-07-24,M10,Consumption,-13.81
2025-07-24,M10,OnHandSnapshot,329.14
2025-07-25,M10,Consumption,-16.49
2025-07-25,M10,OnHandSnapshot,312.65
2025-07-26,M10,Consumption,-10.2
2025-07-26,M10,OnHandSnapshot,302.45
2025-07-27,M10,Consumption,-11.39
2025-07-27,M10,OnHandSnapshot,291.06
2025-07-28,M10,Consumption,-11.2
2025-07-28,M10,OnHandSnapshot,279.86
2025-07-29,M10,Consumption,-12.59
2025-07-29,M10,OnHandSnapshot,267.26
2025-07-30,M10,Consumption,-10.93
2025-07-30,M10,OnHandSnapshot,256.33
2025-07-31,M10,Consumption,-12.07
2025-07-31,M10,OnHandSnapshot,244.27
2025-08-01,M10,Consumption,-14.14
2025-08-01,M10,OnHandSnapshot,230.13
2025-08-02,M10,Consumption,-10.08
2025-08-02,M10,OnHandSnapshot,220.05
2025-08-03,M10,Consumption,-11.33
2025-08-03,M10,OnHandSnapshot,208.72
2025-08-04,M10,Consumption,-10.72
2025-08-04,M10,OnHandSnapshot,198.0
2025-08-05,M10,Consumption,-10.01
2025-08-05,M10,OnHandSnapshot,187.99
2025-08-06,M10,Consumption,-11.96
2025-08-06,M10,OnHandSnapshot,176.03
2025-08-07,M10,Consumption,-13.19
2025-08-07,M10,OnHandSnapshot,162.83
2025-08-08,M10,Consumption,-14.55
2025-08-08,M10,OnHandSnapshot,148.28
2025-08-09,M10,Receipt,321.5
2025-08-09,M10,Consumption,-10.16
2025-08-09,M10,OnHandSnapshot,459.62
2025-08-10,M10,Consumption,-11.26
2025-08-10,M10,OnHandSnapshot,448.36
2025-08-11,M10,Consumption,-12.13
2025-08-11,M10,OnHandSnapshot,436.23
2025-08-12,M10,Consumption,-12.5
2025-08-12,M10,OnHandSnapshot,423.73
2025-08-13,M10,Consumption,-11.96
2025-08-13,M10,OnHandSnapshot,411.77
2025-08-14,M10,Consumption,-12.55
2025-08-14,M10,OnHandSnapshot,399.23
2025-08-15,M10,Consumption,-16.1
2025-08-15,M10,OnHandSnapshot,383.12
2025-08-16,M10,Consumption,-10.97
2025-08-16,M10,OnHandSnapshot,372.15
2025-08-17,M10,Consumption,-12.08
2025-08-17,M10,OnHandSnapshot,360.06
2025-08-18,M10,Consumption,-11.35
2025-08-18,M10,OnHandSnapshot,348.72
2025-08-19,M10,Consumption,-11.48
2025-08-19,M10,OnHandSnapshot,337.24
2025-08-20,M10,Consumption,-11.65
2025-08-20,M10,OnHandSnapshot,325.59
2025-08-21,M10,Consumption,-12.83
2025-08-21,M10,OnHandSnapshot,312.76
2025-08-22,M10,Consumption,-15.5
2025-08-22,M10,OnHandSnapshot,297.26
2025-08-23,M10,Consumption,-11.02
2025-08-23,M10,OnHandSnapshot,286.23
2025-08-24,M10,Consumption,-11.4
2025-08-24,M10,OnHandSnapshot,274.83
2025-08-25,M10,Consumption,-11.57
2025-08-25,M10,OnHandSnapshot,263.27
2025-08-26,M10,Consumption,-10.94
2025-08-26,M10,OnHandSnapshot,252.32
2025-08-27,M10,Consumption,-11.41
2025-08-27,M10,OnHandSnapshot,240.92
2025-08-28,M10,Consumption,-13.65
2025-08-28,M10,OnHandSnapshot,227.27
2025-08-29,M10,Consumption,-14.95
2025-08-29,M10,OnHandSnapshot,212.31
2025-08-30,M10,Consumption,-10.87
2025-08-30,M10,OnHandSnapshot,201.45
2025-08-31,M10,Consumption,-11.26
2025-08-31,M10,OnHandSnapshot,190.19
2025-09-01,M10,Consumption,-9.95
2025-09-01,M10,OnHandSnapshot,180.23
2025-09-02,M10,Consumption,-10.41
2025-09-02,M10,OnHandSnapshot,169.82
2025-09-03,M10,Consumption,-11.0
2025-09-03,M10,OnHandSnapshot,158.82
2025-09-04,M10,Consumption,-12.01
2025-09-04,M10,OnHandSnapshot,146.81
2025-09-05,M10,Receipt,321.5
2025-09-05,M10,Consumption,-14.44
2025-09-05,M10,OnHandSnapshot,453.87
2025-09-06,M10,Consumption,-8.83
2025-09-06,M10,OnHandSnapshot,445.04
2025-09-07,M10,Consumption,-10.38
2025-09-07,M10,OnHandSnapshot,434.66
2025-09-08,M10,Consumption,-11.36
2025-09-08,M10,OnHandSnapshot,423.3
2025-09-09,M10,Consumption,-11.18
2025-09-09,M10,OnHandSnapshot,412.11
2025-09-10,M10,Consumption,-10.41
2025-09-10,M10,OnHandSnapshot,401.7
2025-09-11,M10,Consumption,-12.48
2025-09-11,M10,OnHandSnapshot,389.22
2025-09-12,M10,Consumption,-14.36
2025-09-12,M10,OnHandSnapshot,374.86
2025-09-13,M10,Consumption,-10.22
2025-09-13,M10,OnHandSnapshot,364.63
2025-09-14,M10,Consumption,-10.41
2025-09-14,M10,OnHandSnapshot,354.22
2025-09-15,M10,Consumption,-13.46
2025-09-15,M10,OnHandSnapshot,340.77
2025-09-16,M10,Consumption,-12.25
2025-09-16,M10,OnHandSnapshot,328.52
2025-09-17,M10,Consumption,-13.34
2025-09-17,M10,OnHandSnapshot,315.18
2025-09-18,M10,Consumption,-13.6
2025-09-18,M10,OnHandSnapshot,301.57
2025-09-19,M10,Consumption,-17.14
2025-09-19,M10,OnHandSnapshot,284.43
2025-09-20,M10,Consumption,-12.64
2025-09-20,M10,OnHandSnapshot,271.8
2025-09-21,M10,Consumption,-12.05
2025-09-21,M10,OnHandSnapshot,259.75
2025-09-22,M10,Consumption,-13.13
2025-09-22,M10,OnHandSnapshot,246.62
2025-09-23,M10,Consumption,-12.72
2025-09-23,M10,OnHandSnapshot,233.9
2025-09-24,M10,Consumption,-11.08
2025-09-24,M10,OnHandSnapshot,222.82
2025-09-25,M10,Consumption,-15.08
2025-09-25,M10,OnHandSnapshot,207.75
2025-09-26,M10,Consumption,-15.76
2025-09-26,M10,OnHandSnapshot,191.98
2025-09-27,M10,Consumption,-12.22
2025-09-27,M10,OnHandSnapshot,179.76
2025-09-28,M10,Consumption,-11.62
2025-09-28,M10,OnHandSnapshot,168.15
2025-09-29,M10,Consumption,-12.98
2025-09-29,M10,OnHandSnapshot,155.16
2025-09-30,M10,Consumption,-12.5
2025-09-30,M10,OnHandSnapshot,142.66
2025-10-01,M10,Consumption,-11.69
2025-10-01,M10,OnHandSnapshot,130.98
2025-10-02,M10,Receipt,321.5
2025-10-02,M10,Consumption,-13.74
2025-10-02,M10,OnHandSnapshot,438.73
2025-10-03,M10,Consumption,-15.93
2025-10-03,M10,OnHandSnapshot,422.8
2025-10-04,M10,Consumption,-12.67
2025-10-04,M10,OnHandSnapshot,410.14
2025-10-05,M10,Consumption,-13.27
2025-10-05,M10,OnHandSnapshot,396.86
2025-10-06,M10,Consumption,-12.92
2025-10-06,M10,OnHandSnapshot,383.95
2025-10-07,M10,Consumption,-12.07
2025-10-07,M10,OnHandSnapshot,371.88
2025-10-08,M10,Consumption,-11.59
2025-10-08,M10,OnHandSnapshot,360.29
2025-10-09,M10,Consumption,-14.32
2025-10-09,M10,OnHandSnapshot,345.97
2025-10-10,M10,Consumption,-16.7
2025-10-10,M10,OnHandSnapshot,329.26
2025-10-11,M10,Consumption,-10.08
2025-10-11,M10,OnHandSnapshot,319.18
2025-10-12,M10,Consumption,-10.12
2025-10-12,M10,OnHandSnapshot,309.06
2025-10-13,M10,Consumption,-12.18
2025-10-13,M10,OnHandSnapshot,296.88
2025-10-14,M10,Consumption,-10.75
2025-10-14,M10,OnHandSnapshot,286.13
2025-10-15,M10,Consumption,-10.11
2025-10-15,M10,OnHandSnapshot,276.02
2025-10-16,M10,Consumption,-12.75
2025-10-16,M10,OnHandSnapshot,263.27
2025-10-17,M10,Consumption,-13.87
2025-10-17,M10,OnHandSnapshot,249.41
2025-10-18,M10,Consumption,-11.2
2025-10-18,M10,OnHandSnapshot,238.21
2025-10-19,M10,Consumption,-11.66
2025-10-19,M10,OnHandSnapshot,226.54
2025-10-20,M10,Consumption,-10.99
2025-10-20,M10,OnHandSnapshot,215.56
2025-10-21,M10,Consumption,-10.24
2025-10-21,M10,OnHandSnapshot,205.32
2025-10-22,M10,Consumption,-11.3
2025-10-22,M10,OnHandSnapshot,194.02
2025-10-23,M10,Consumption,-13.11
2025-10-23,M10,OnHandSnapshot,180.91
2025-10-24,M10,Consumption,-14.43
2025-10-24,M10,OnHandSnapshot,166.48
2025-10-25,M10,Consumption,-10.37
2025-10-25,M10,OnHandSnapshot,156.11
2025-10-26,M10,Consumption,-11.33
2025-10-26,M10,OnHandSnapshot,144.78
2025-10-27,M10,Receipt,321.5
2025-10-27,M10,Consumption,-11.19
2025-10-27,M10,OnHandSnapshot,455.09
2025-10-28,M10,Consumption,-11.44
2025-10-28,M10,OnHandSnapshot,443.65
2025-10-29,M10,Consumption,-11.47
2025-10-29,M10,OnHandSnapshot,432.18
2025-10-30,M10,Consumption,-11.85
2025-10-30,M10,OnHandSnapshot,420.33
2025-10-31,M10,Consumption,-14.86
2025-10-31,M10,OnHandSnapshot,405.47
2025-11-01,M10,Consumption,-9.77
2025-11-01,M10,OnHandSnapshot,395.7
2025-11-02,M10,Consumption,-10.17
2025-11-02,M10,OnHandSnapshot,385.53
2025-11-03,M10,Consumption,-10.73
2025-11-03,M10,OnHandSnapshot,374.8
2025-11-04,M10,Consumption,-11.33
2025-11-04,M10,OnHandSnapshot,363.47
2025-11-05,M10,Consumption,-11.63
2025-11-05,M10,OnHandSnapshot,351.84
2025-11-06,M10,Consumption,-11.64
2025-11-06,M10,OnHandSnapshot,340.2
2025-11-07,M10,Consumption,-15.2
2025-11-07,M10,OnHandSnapshot,325.0
2025-11-08,M10,Consumption,-11.14
2025-11-08,M10,OnHandSnapshot,313.86
2025-11-09,M10,Consumption,-11.4
2025-11-09,M10,OnHandSnapshot,302.46
2025-11-10,M10,Consumption,-10.5
2025-11-10,M10,OnHandSnapshot,291.96
2025-11-11,M10,Consumption,-11.8
2025-11-11,M10,OnHandSnapshot,280.16
2025-11-12,M10,Consumption,-10.43
2025-11-12,M10,OnHandSnapshot,269.72
2025-11-13,M10,Consumption,-11.85
2025-11-13,M10,OnHandSnapshot,257.87
2025-11-14,M10,Consumption,-14.0
2025-11-14,M10,OnHandSnapshot,243.88
2025-11-15,M10,Consumption,-10.82
2025-11-15,M10,OnHandSnapshot,233.05
2025-11-16,M10,Consumption,-10.04
2025-11-16,M10,OnHandSnapshot,223.01
2025-11-17,M10,Consumption,-9.96
2025-11-17,M10,OnHandSnapshot,213.05
2025-11-18,M10,Consumption,-10.75
2025-11-18,M10,OnHandSnapshot,202.3
2025-11-19,M10,Consumption,-9.84
2025-11-19,M10,OnHandSnapshot,192.46
2025-11-20,M10,Consumption,-12.24
2025-11-20,M10,OnHandSnapshot,180.22
2025-11-21,M10,Consumption,-14.08
2025-11-21,M10,OnHandSnapshot,166.13
2025-11-22,M10,Receipt,321.5
2025-11-22,M10,Consumption,-10.13
2025-11-22,M10,OnHandSnapshot,477.5
2025-11-23,M10,Consumption,-10.49
2025-11-23,M10,OnHandSnapshot,467.01
2025-11-24,M10,Consumption,-10.94
2025-11-24,M10,OnHandSnapshot,456.07
2025-11-25,M10,Consumption,-11.32
2025-11-25,M10,OnHandSnapshot,444.75
2025-11-26,M10,Consumption,-11.77
2025-11-26,M10,OnHandSnapshot,432.98
2025-11-27,M10,Consumption,-12.28
2025-11-27,M10,OnHandSnapshot,420.7
2025-11-28,M10,Consumption,-13.92
2025-11-28,M10,OnHandSnapshot,406.78
2025-11-29,M10,Consumption,-9.88
2025-11-29,M10,OnHandSnapshot,396.9
2025-11-30,M10,Consumption,-9.62
2025-11-30,M10,OnHandSnapshot,387.28
2025-12-01,M10,Consumption,-10.64
2025-12-01,M10,OnHandSnapshot,376.64
2025-12-02,M10,Consumption,-10.45
2025-12-02,M10,OnHandSnapshot,366.2
2025-12-03,M10,Consumption,-11.09
2025-12-03,M10,OnHandSnapshot,355.11
2025-12-04,M10,Consumption,-12.76
2025-12-04,M10,OnHandSnapshot,342.35
2025-12-05,M10,Consumption,-14.44
2025-12-05,M10,OnHandSnapshot,327.91
2025-12-06,M10,Consumption,-11.08
2025-12-06,M10,OnHandSnapshot,316.83
2025-12-07,M10,Consumption,-11.71
2025-12-07,M10,OnHandSnapshot,305.13
2025-12-08,M10,Consumption,-9.3
2025-12-08,M10,OnHandSnapshot,295.83
2025-12-09,M10,Consumption,-10.5
2025-12-09,M10,OnHandSnapshot,285.33
2025-12-10,M10,Consumption,-11.4
2025-12-10,M10,OnHandSnapshot,273.93
2025-12-11,M10,Consumption,-12.78
2025-12-11,M10,OnHandSnapshot,261.15
2025-12-12,M10,Consumption,-15.69
2025-12-12,M10,OnHandSnapshot,245.46
2025-12-13,M10,Consumption,-12.04
2025-12-13,M10,OnHandSnapshot,233.42
2025-12-14,M10,Consumption,-12.95
2025-12-14,M10,OnHandSnapshot,220.47
2025-12-15,M10,Consumption,-13.93
2025-12-15,M10,OnHandSnapshot,206.55
2025-12-16,M10,Consumption,-15.74
2025-12-16,M10,OnHandSnapshot,190.8
2025-12-17,M10,Consumption,-15.04
2025-12-17,M10,OnHandSnapshot,175.76
2025-12-18,M10,Consumption,-20.14
2025-12-18,M10,OnHandSnapshot,155.62
2025-12-19,M10,Consumption,-25.1
2025-12-19,M10,OnHandSnapshot,130.52
2025-12-20,M10,Consumption,-17.31
2025-12-20,M10,OnHandSnapshot,113.21
2025-12-21,M10,Consumption,-20.65
2025-12-21,M10,OnHandSnapshot,92.56
2025-12-22,M10,Receipt,321.5
2025-12-22,M10,Consumption,-18.58
2025-12-22,M10,OnHandSnapshot,395.48
2025-12-23,M10,Consumption,-19.0
2025-12-23,M10,OnHandSnapshot,376.48
2025-12-24,M10,Consumption,-17.85
2025-12-24,M10,OnHandSnapshot,358.63
2025-12-25,M10,Consumption,-18.68
2025-12-25,M10,OnHandSnapshot,339.95
2025-12-26,M10,Consumption,-19.68
2025-12-26,M10,OnHandSnapshot,320.27
2025-12-27,M10,Consumption,-14.6
2025-12-27,M10,OnHandSnapshot,305.67
2025-12-28,M10,Consumption,-12.72
2025-12-28,M10,OnHandSnapshot,292.95
2025-12-29,M10,Consumption,-11.56
2025-12-29,M10,OnHandSnapshot,281.39
2025-12-30,M10,Consumption,-11.65
2025-12-30,M10,OnHandSnapshot,269.74
2025-12-31,M10,Consumption,-11.29
2025-12-31,M10,OnHandSnapshot,258.46
2024-01-01,M11,Consumption,-0.5
2024-01-01,M11,OnHandSnapshot,7.52
2024-01-02,M11,Consumption,-0.51
2024-01-02,M11,OnHandSnapshot,7.01
2024-01-03,M11,Consumption,-0.54
2024-01-03,M11,OnHandSnapshot,6.46
2024-01-04,M11,Consumption,-0.56
2024-01-04,M11,OnHandSnapshot,5.9
2024-01-05,M11,Consumption,-0.73
2024-01-05,M11,OnHandSnapshot,5.17
2024-01-06,M11,Consumption,-0.48
2024-01-06,M11,OnHandSnapshot,4.69
2024-01-07,M11,Consumption,-0.51
2024-01-07,M11,OnHandSnapshot,4.18
2024-01-08,M11,Consumption,-0.55
2024-01-08,M11,OnHandSnapshot,3.63
2024-01-09,M11,Consumption,-0.52
2024-01-09,M11,OnHandSnapshot,3.1
2024-01-10,M11,Consumption,-0.52
2024-01-10,M11,OnHandSnapshot,2.59
2024-01-11,M11,Consumption,-0.59
2024-01-11,M11,OnHandSnapshot,2.0
2024-01-12,M11,Consumption,-0.65
2024-01-12,M11,OnHandSnapshot,1.35
2024-01-13,M11,Consumption,-0.5
2024-01-13,M11,OnHandSnapshot,0.85
2024-01-14,M11,Receipt,32.08
2024-01-14,M11,Consumption,-0.51
2024-01-14,M11,OnHandSnapshot,32.43
2024-01-15,M11,Consumption,-0.53
2024-01-15,M11,OnHandSnapshot,31.9
2024-01-16,M11,Consumption,-0.48
2024-01-16,M11,OnHandSnapshot,31.42
2024-01-17,M11,Consumption,-0.49
2024-01-17,M11,OnHandSnapshot,30.93
2024-01-18,M11,Consumption,-0.56
2024-01-18,M11,OnHandSnapshot,30.36
2024-01-19,M11,Consumption,-0.69
2024-01-19,M11,OnHandSnapshot,29.67
2024-01-20,M11,Consumption,-0.52
2024-01-20,M11,OnHandSnapshot,29.15
2024-01-21,M11,Consumption,-0.46
2024-01-21,M11,OnHandSnapshot,28.69
2024-01-22,M11,Consumption,-0.47
2024-01-22,M11,OnHandSnapshot,28.22
2024-01-23,M11,Consumption,-0.53
2024-01-23,M11,OnHandSnapshot,27.69
2024-01-24,M11,Consumption,-0.51
2024-01-24,M11,OnHandSnapshot,27.18
2024-01-25,M11,Consumption,-0.57
2024-01-25,M11,OnHandSnapshot,26.61
2024-01-26,M11,Consumption,-0.72
2024-01-26,M11,OnHandSnapshot,25.88
2024-01-27,M11,Consumption,-0.55
2024-01-27,M11,OnHandSnapshot,25.33
2024-01-28,M11,Consumption,-0.52
2024-01-28,M11,OnHandSnapshot,24.81
2024-01-29,M11,Consumption,-0.54
2024-01-29,M11,OnHandSnapshot,24.27
2024-01-30,M11,Consumption,-0.54
2024-01-30,M11,OnHandSnapshot,23.72
2024-01-31,M11,Consumption,-0.5
2024-01-31,M11,OnHandSnapshot,23.23
2024-02-01,M11,Consumption,-0.58
2024-02-01,M11,OnHandSnapshot,22.65
2024-02-02,M11,Consumption,-0.68
2024-02-02,M11,OnHandSnapshot,21.96
2024-02-03,M11,Consumption,-0.51
2024-02-03,M11,OnHandSnapshot,21.45
2024-02-04,M11,Consumption,-0.5
2024-02-04,M11,OnHandSnapshot,20.95
2024-02-05,M11,Consumption,-0.52
2024-02-05,M11,OnHandSnapshot,20.43
2024-02-06,M11,Consumption,-0.5
2024-02-06,M11,OnHandSnapshot,19.93
2024-02-07,M11,Consumption,-0.48
2024-02-07,M11,OnHandSnapshot,19.45
2024-02-08,M11,Consumption,-0.62
2024-02-08,M11,OnHandSnapshot,18.83
2024-02-09,M11,Consumption,-0.64
2024-02-09,M11,OnHandSnapshot,18.18
2024-02-10,M11,Consumption,-0.47
2024-02-10,M11,OnHandSnapshot,17.71
2024-02-11,M11,Consumption,-0.51
2024-02-11,M11,OnHandSnapshot,17.2
2024-02-12,M11,Consumption,-0.52
2024-02-12,M11,OnHandSnapshot,16.69
2024-02-13,M11,Consumption,-0.5
2024-02-13,M11,OnHandSnapshot,16.19
2024-02-14,M11,Consumption,-0.54
2024-02-14,M11,OnHandSnapshot,15.65
2024-02-15,M11,Consumption,-0.61
2024-02-15,M11,OnHandSnapshot,15.04
2024-02-16,M11,Receipt,32.08
2024-02-16,M11,Consumption,-0.68
2024-02-16,M11,OnHandSnapshot,46.44
2024-02-17,M11,Consumption,-0.5
2024-02-17,M11,OnHandSnapshot,45.93
2024-02-18,M11,Consumption,-0.49
2024-02-18,M11,OnHandSnapshot,45.44
2024-02-19,M11,Consumption,-0.51
2024-02-19,M11,OnHandSnapshot,44.93
2024-02-20,M11,Consumption,-0.51
2024-02-20,M11,OnHandSnapshot,44.42
2024-02-21,M11,Consumption,-0.5
2024-02-21,M11,OnHandSnapshot,43.91
2024-02-22,M11,Consumption,-0.59
2024-02-22,M11,OnHandSnapshot,43.32
2024-02-23,M11,Consumption,-0.72
2024-02-23,M11,OnHandSnapshot,42.61
2024-02-24,M11,Consumption,-0.48
2024-02-24,M11,OnHandSnapshot,42.12
2024-02-25,M11,Consumption,-0.55
2024-02-25,M11,OnHandSnapshot,41.57
2024-02-26,M11,Consumption,-0.56
2024-02-26,M11,OnHandSnapshot,41.01
2024-02-27,M11,Consumption,-0.54
2024-02-27,M11,OnHandSnapshot,40.48
2024-02-28,M11,Consumption,-0.51
2024-02-28,M11,OnHandSnapshot,39.96
2024-02-29,M11,Consumption,-0.57
2024-02-29,M11,OnHandSnapshot,39.4
2024-03-01,M11,Consumption,-0.66
2024-03-01,M11,OnHandSnapshot,38.73
2024-03-02,M11,Consumption,-0.62
2024-03-02,M11,OnHandSnapshot,38.11
2024-03-03,M11,Consumption,-0.77
2024-03-03,M11,OnHandSnapshot,37.34
2024-03-04,M11,Consumption,-0.76
2024-03-04,M11,OnHandSnapshot,36.58
2024-03-05,M11,Consumption,-0.81
2024-03-05,M11,OnHandSnapshot,35.77
2024-03-06,M11,Consumption,-0.91
2024-03-06,M11,OnHandSnapshot,34.87
2024-03-07,M11,Consumption,-1.25
2024-03-07,M11,OnHandSnapshot,33.62
2024-03-08,M11,Consumption,-1.5
2024-03-08,M11,OnHandSnapshot,32.12
2024-03-09,M11,Consumption,-1.29
2024-03-09,M11,OnHandSnapshot,30.83
2024-03-10,M11,Consumption,-1.49
2024-03-10,M11,OnHandSnapshot,29.34
2024-03-11,M11,Consumption,-1.55
2024-03-11,M11,OnHandSnapshot,27.79
2024-03-12,M11,Consumption,-1.69
2024-03-12,M11,OnHandSnapshot,26.1
2024-03-13,M11,Consumption,-1.9
2024-03-13,M11,OnHandSnapshot,24.2
2024-03-14,M11,Consumption,-2.43
2024-03-14,M11,OnHandSnapshot,21.77
2024-03-15,M11,Consumption,-3.01
2024-03-15,M11,OnHandSnapshot,18.76
2024-03-16,M11,Consumption,-2.17
2024-03-16,M11,OnHandSnapshot,16.59
2024-03-17,M11,Consumption,-2.37
2024-03-17,M11,OnHandSnapshot,14.22
2024-03-18,M11,Consumption,-2.39
2024-03-18,M11,OnHandSnapshot,11.83
2024-03-19,M11,Consumption,-2.66
2024-03-19,M11,OnHandSnapshot,9.17
2024-03-20,M11,Consumption,-2.51
2024-03-20,M11,OnHandSnapshot,6.67
2024-03-21,M11,Consumption,-0.67
2024-03-21,M11,OnHandSnapshot,5.99
2024-03-22,M11,Consumption,-0.78
2024-03-22,M11,OnHandSnapshot,5.21
2024-03-23,M11,Consumption,-0.56
2024-03-23,M11,OnHandSnapshot,4.65
2024-03-24,M11,Consumption,-0.59
2024-03-24,M11,OnHandSnapshot,4.06
2024-03-25,M11,Receipt,32.08
2024-03-25,M11,Consumption,-0.56
2024-03-25,M11,OnHandSnapshot,35.58
2024-03-26,M11,Consumption,-0.56
2024-03-26,M11,OnHandSnapshot,35.02
2024-03-27,M11,Consumption,-0.59
2024-03-27,M11,OnHandSnapshot,34.43
2024-03-28,M11,Consumption,-0.7
2024-03-28,M11,OnHandSnapshot,33.73
2024-03-29,M11,Consumption,-0.79
2024-03-29,M11,OnHandSnapshot,32.94
2024-03-30,M11,Consumption,-0.49
2024-03-30,M11,OnHandSnapshot,32.45
2024-03-31,M11,Consumption,-0.58
2024-03-31,M11,OnHandSnapshot,31.86
2024-04-01,M11,Consumption,-0.57
2024-04-01,M11,OnHandSnapshot,31.3
2024-04-02,M11,Consumption,-0.56
2024-04-02,M11,OnHandSnapshot,30.74
2024-04-03,M11,Consumption,-0.54
2024-04-03,M11,OnHandSnapshot,30.2
2024-04-04,M11,Consumption,-0.66
2024-04-04,M11,OnHandSnapshot,29.54
2024-04-05,M11,Consumption,-0.78
2024-04-05,M11,OnHandSnapshot,28.75
2024-04-06,M11,Consumption,-0.5
2024-04-06,M11,OnHandSnapshot,28.25
2024-04-07,M11,Consumption,-0.59
2024-04-07,M11,OnHandSnapshot,27.66
2024-04-08,M11,Consumption,-0.57
2024-04-08,M11,OnHandSnapshot,27.09
2024-04-09,M11,Consumption,-0.58
2024-04-09,M11,OnHandSnapshot,26.51
2024-04-10,M11,Consumption,-0.55
2024-04-10,M11,OnHandSnapshot,25.96
2024-04-11,M11,Consumption,-0.58
2024-04-11,M11,OnHandSnapshot,25.37
2024-04-12,M11,Consumption,-0.72
2024-04-12,M11,OnHandSnapshot,24.65
2024-04-13,M11,Consumption,-0.51
2024-04-13,M11,OnHandSnapshot,24.14
2024-04-14,M11,Consumption,-0.52
2024-04-14,M11,OnHandSnapshot,23.62
2024-04-15,M11,Consumption,-0.52
2024-04-15,M11,OnHandSnapshot,23.1
2024-04-16,M11,Consumption,-0.5
2024-04-16,M11,OnHandSnapshot,22.6
2024-04-17,M11,Consumption,-0.52
2024-04-17,M11,OnHandSnapshot,22.08
2024-04-18,M11,Consumption,-0.59
2024-04-18,M11,OnHandSnapshot,21.49
2024-04-19,M11,Consumption,-0.68
2024-04-19,M11,OnHandSnapshot,20.81
2024-04-20,M11,Consumption,-0.54
2024-04-20,M11,OnHandSnapshot,20.27
2024-04-21,M11,Consumption,-0.55
2024-04-21,M11,OnHandSnapshot,19.73
2024-04-22,M11,Consumption,-0.53
2024-04-22,M11,OnHandSnapshot,19.19
2024-04-23,M11,Consumption,-0.54
2024-04-23,M11,OnHandSnapshot,18.66
2024-04-24,M11,Consumption,-0.51
2024-04-24,M11,OnHandSnapshot,18.15
2024-04-25,M11,Consumption,-0.59
2024-04-25,M11,OnHandSnapshot,17.56
2024-04-26,M11,Consumption,-0.73
2024-04-26,M11,OnHandSnapshot,16.83
2024-04-27,M11,Consumption,-0.45
2024-04-27,M11,OnHandSnapshot,16.38
2024-04-28,M11,Consumption,-0.51
2024-04-28,M11,OnHandSnapshot,15.86
2024-04-29,M11,Consumption,-0.51
2024-04-29,M11,OnHandSnapshot,15.36
2024-04-30,M11,Consumption,-0.52
2024-04-30,M11,OnHandSnapshot,14.83
2024-05-01,M11,Consumption,-0.49
2024-05-01,M11,OnHandSnapshot,14.35
2024-05-02,M11,Receipt,32.08
2024-05-02,M11,Consumption,-0.63
2024-05-02,M11,OnHandSnapshot,45.8
2024-05-03,M11,Consumption,-0.7
2024-05-03,M11,OnHandSnapshot,45.1
2024-05-04,M11,Consumption,-0.51
2024-05-04,M11,OnHandSnapshot,44.59
2024-05-05,M11,Consumption,-0.55
2024-05-05,M11,OnHandSnapshot,44.04
2024-05-06,M11,Consumption,-0.51
2024-05-06,M11,OnHandSnapshot,43.53
2024-05-07,M11,Consumption,-0.54
2024-05-07,M11,OnHandSnapshot,42.98
2024-05-08,M11,Consumption,-0.53
2024-05-08,M11,OnHandSnapshot,42.46
2024-05-09,M11,Consumption,-0.6
2024-05-09,M11,OnHandSnapshot,41.86
2024-05-10,M11,Consumption,-0.69
2024-05-10,M11,OnHandSnapshot,41.17
2024-05-11,M11,Consumption,-0.49
2024-05-11,M11,OnHandSnapshot,40.68
2024-05-12,M11,Consumption,-0.53
2024-05-12,M11,OnHandSnapshot,40.15
2024-05-13,M11,Consumption,-0.52
2024-05-13,M11,OnHandSnapshot,39.63
2024-05-14,M11,Consumption,-0.48
2024-05-14,M11,OnHandSnapshot,39.15
2024-05-15,M11,Consumption,-0.48
2024-05-15,M11,OnHandSnapshot,38.67
2024-05-16,M11,Consumption,-0.57
2024-05-16,M11,OnHandSnapshot,38.09
2024-05-17,M11,Consumption,-0.67
2024-05-17,M11,OnHandSnapshot,37.42
2024-05-18,M11,Consumption,-0.49
2024-05-18,M11,OnHandSnapshot,36.93
2024-05-19,M11,Consumption,-0.49
2024-05-19,M11,OnHandSnapshot,36.44
2024-05-20,M11,Consumption,-0.5
2024-05-20,M11,OnHandSnapshot,35.94
2024-05-21,M11,Consumption,-0.56
2024-05-21,M11,OnHandSnapshot,35.38
2024-05-22,M11,Consumption,-0.53
2024-05-22,M11,OnHandSnapshot,34.85
2024-05-23,M11,Consumption,-0.56
2024-05-23,M11,OnHandSnapshot,34.28
2024-05-24,M11,Consumption,-0.71
2024-05-24,M11,OnHandSnapshot,33.57
2024-05-25,M11,Consumption,-0.47
2024-05-25,M11,OnHandSnapshot,33.11
2024-05-26,M11,Consumption,-0.49
2024-05-26,M11,OnHandSnapshot,32.62
2024-05-27,M11,Consumption,-0.5
2024-05-27,M11,OnHandSnapshot,32.11
2024-05-28,M11,Consumption,-0.57
2024-05-28,M11,OnHandSnapshot,31.54
2024-05-29,M11,Consumption,-0.5
2024-05-29,M11,OnHandSnapshot,31.04
2024-05-30,M11,Consumption,-0.58
2024-05-30,M11,OnHandSnapshot,30.47
2024-05-31,M11,Consumption,-0.67
2024-05-31,M11,OnHandSnapshot,29.8
2024-06-01,M11,Consumption,-0.51
2024-06-01,M11,OnHandSnapshot,29.29
2024-06-02,M11,Consumption,-0.55
2024-06-02,M11,OnHandSnapshot,28.74
2024-06-03,M11,Consumption,-0.55
2024-06-03,M11,OnHandSnapshot,28.19
2024-06-04,M11,Consumption,-0.49
2024-06-04,M11,OnHandSnapshot,27.7
2024-06-05,M11,Consumption,-0.51
2024-06-05,M11,OnHandSnapshot,27.18
2024-06-06,M11,Consumption,-0.62
2024-06-06,M11,OnHandSnapshot,26.56
2024-06-07,M11,Consumption,-0.71
2024-06-07,M11,OnHandSnapshot,25.85
2024-06-08,M11,Consumption,-0.5
2024-06-08,M11,OnHandSnapshot,25.34
2024-06-09,M11,Consumption,-0.55
2024-06-09,M11,OnHandSnapshot,24.8
2024-06-10,M11,Consumption,-0.61
2024-06-10,M11,OnHandSnapshot,24.19
2024-06-11,M11,Consumption,-0.53
2024-06-11,M11,OnHandSnapshot,23.66
2024-06-12,M11,Consumption,-0.59
2024-06-12,M11,OnHandSnapshot,23.07
2024-06-13,M11,Consumption,-0.64
2024-06-13,M11,OnHandSnapshot,22.43
2024-06-14,M11,Consumption,-0.72
2024-06-14,M11,OnHandSnapshot,21.72
2024-06-15,M11,Consumption,-0.51
2024-06-15,M11,OnHandSnapshot,21.2
2024-06-16,M11,Consumption,-0.56
2024-06-16,M11,OnHandSnapshot,20.64
2024-06-17,M11,Consumption,-0.55
2024-06-17,M11,OnHandSnapshot,20.09
2024-06-18,M11,Consumption,-0.62
2024-06-18,M11,OnHandSnapshot,19.48
2024-06-19,M11,Consumption,-0.59
2024-06-19,M11,OnHandSnapshot,18.88
2024-06-20,M11,Consumption,-0.66
2024-06-20,M11,OnHandSnapshot,18.22
2024-06-21,M11,Consumption,-0.74
2024-06-21,M11,OnHandSnapshot,17.48
2024-06-22,M11,Consumption,-0.47
2024-06-22,M11,OnHandSnapshot,17.01
2024-06-23,M11,Consumption,-0.56
2024-06-23,M11,OnHandSnapshot,16.45
2024-06-24,M11,Consumption,-0.58
2024-06-24,M11,OnHandSnapshot,15.87
2024-06-25,M11,Consumption,-0.59
2024-06-25,M11,OnHandSnapshot,15.28
2024-06-26,M11,Consumption,-0.55
2024-06-26,M11,OnHandSnapshot,14.73
2024-06-27,M11,Consumption,-0.61
2024-06-27,M11,OnHandSnapshot,14.12
2024-06-28,M11,Receipt,32.08
2024-06-28,M11,Consumption,-0.74
2024-06-28,M11,OnHandSnapshot,45.46
2024-06-29,M11,Consumption,-0.55
2024-06-29,M11,OnHandSnapshot,44.92
2024-06-30,M11,Consumption,-0.57
2024-06-30,M11,OnHandSnapshot,44.35
2024-07-01,M11,Consumption,-0.53
2024-07-01,M11,OnHandSnapshot,43.82
2024-07-02,M11,Consumption,-0.51
2024-07-02,M11,OnHandSnapshot,43.31
2024-07-03,M11,Consumption,-0.52
2024-07-03,M11,OnHandSnapshot,42.79
2024-07-04,M11,Consumption,-0.61
2024-07-04,M11,OnHandSnapshot,42.18
2024-07-05,M11,Consumption,-0.7
2024-07-05,M11,OnHandSnapshot,41.48
2024-07-06,M11,Consumption,-0.51
2024-07-06,M11,OnHandSnapshot,40.97
2024-07-07,M11,Consumption,-0.55
2024-07-07,M11,OnHandSnapshot,40.42
2024-07-08,M11,Consumption,-0.54
2024-07-08,M11,OnHandSnapshot,39.87
2024-07-09,M11,Consumption,-0.54
2024-07-09,M11,OnHandSnapshot,39.34
2024-07-10,M11,Consumption,-0.52
2024-07-10,M11,OnHandSnapshot,38.82
2024-07-11,M11,Consumption,-0.55
2024-07-11,M11,OnHandSnapshot,38.26
2024-07-12,M11,Consumption,-0.75
2024-07-12,M11,OnHandSnapshot,37.52
2024-07-13,M11,Consumption,-0.51
2024-07-13,M11,OnHandSnapshot,37.01
2024-07-14,M11,Consumption,-0.54
2024-07-14,M11,OnHandSnapshot,36.47
2024-07-15,M11,Consumption,-0.56
2024-07-15,M11,OnHandSnapshot,35.91
2024-07-16,M11,Consumption,-0.56
2024-07-16,M11,OnHandSnapshot,35.35
2024-07-17,M11,Consumption,-0.55
2024-07-17,M11,OnHandSnapshot,34.8
2024-07-18,M11,Consumption,-0.68
2024-07-18,M11,OnHandSnapshot,34.12
2024-07-19,M11,Consumption,-0.81
2024-07-19,M11,OnHandSnapshot,33.31
2024-07-20,M11,Consumption,-0.5
2024-07-20,M11,OnHandSnapshot,32.81
2024-07-21,M11,Consumption,-0.56
2024-07-21,M11,OnHandSnapshot,32.25
2024-07-22,M11,Consumption,-0.54
2024-07-22,M11,OnHandSnapshot,31.7
2024-07-23,M11,Consumption,-0.57
2024-07-23,M11,OnHandSnapshot,31.13
2024-07-24,M11,Consumption,-0.55
2024-07-24,M11,OnHandSnapshot,30.58
2024-07-25,M11,Consumption,-0.65
2024-07-25,M11,OnHandSnapshot,29.94
2024-07-26,M11,Consumption,-0.78
2024-07-26,M11,OnHandSnapshot,29.16
2024-07-27,M11,Consumption,-0.5
2024-07-27,M11,OnHandSnapshot,28.65
2024-07-28,M11,Consumption,-0.51
2024-07-28,M11,OnHandSnapshot,28.14
2024-07-29,M11,Consumption,-0.54
2024-07-29,M11,OnHandSnapshot,27.6
2024-07-30,M11,Consumption,-0.52
2024-07-30,M11,OnHandSnapshot,27.09
2024-07-31,M11,Consumption,-0.56
2024-07-31,M11,OnHandSnapshot,26.53
2024-08-01,M11,Consumption,-0.63
2024-08-01,M11,OnHandSnapshot,25.9
2024-08-02,M11,Consumption,-0.71
2024-08-02,M11,OnHandSnapshot,25.2
2024-08-03,M11,Consumption,-0.57
2024-08-03,M11,OnHandSnapshot,24.63
2024-08-04,M11,Consumption,-0.57
2024-08-04,M11,OnHandSnapshot,24.06
2024-08-05,M11,Consumption,-0.51
2024-08-05,M11,OnHandSnapshot,23.55
2024-08-06,M11,Consumption,-0.54
2024-08-06,M11,OnHandSnapshot,23.02
2024-08-07,M11,Consumption,-0.53
2024-08-07,M11,OnHandSnapshot,22.49
2024-08-08,M11,Consumption,-0.63
2024-08-08,M11,OnHandSnapshot,21.86
2024-08-09,M11,Consumption,-0.73
2024-08-09,M11,OnHandSnapshot,21.13
2024-08-10,M11,Consumption,-0.54
2024-08-10,M11,OnHandSnapshot,20.59
2024-08-11,M11,Consumption,-0.61
2024-08-11,M11,OnHandSnapshot,19.99
2024-08-12,M11,Consumption,-0.49
2024-08-12,M11,OnHandSnapshot,19.49
2024-08-13,M11,Consumption,-0.51
2024-08-13,M11,OnHandSnapshot,18.98
2024-08-14,M11,Consumption,-0.55
2024-08-14,M11,OnHandSnapshot,18.44
2024-08-15,M11,Consumption,-0.63
2024-08-15,M11,OnHandSnapshot,17.81
2024-08-16,M11,Consumption,-0.73
2024-08-16,M11,OnHandSnapshot,17.07
2024-08-17,M11,Consumption,-0.55
2024-08-17,M11,OnHandSnapshot,16.52
2024-08-18,M11,Consumption,-0.54
2024-08-18,M11,OnHandSnapshot,15.98
2024-08-19,M11,Consumption,-0.56
2024-08-19,M11,OnHandSnapshot,15.41
2024-08-20,M11,Consumption,-0.56
2024-08-20,M11,OnHandSnapshot,14.85
2024-08-21,M11,Receipt,32.08
2024-08-21,M11,Consumption,-0.55
2024-08-21,M11,OnHandSnapshot,46.38
2024-08-22,M11,Consumption,-0.63
2024-08-22,M11,OnHandSnapshot,45.75
2024-08-23,M11,Consumption,-0.73
2024-08-23,M11,OnHandSnapshot,45.02
2024-08-24,M11,Consumption,-0.51
2024-08-24,M11,OnHandSnapshot,44.51
2024-08-25,M11,Consumption,-0.59
2024-08-25,M11,OnHandSnapshot,43.92
2024-08-26,M11,Consumption,-0.56
2024-08-26,M11,OnHandSnapshot,43.36
2024-08-27,M11,Consumption,-0.59
2024-08-27,M11,OnHandSnapshot,42.77
2024-08-28,M11,Consumption,-0.52
2024-08-28,M11,OnHandSnapshot,42.24
2024-08-29,M11,Consumption,-0.63
2024-08-29,M11,OnHandSnapshot,41.61
2024-08-30,M11,Consumption,-0.74
2024-08-30,M11,OnHandSnapshot,40.88
2024-08-31,M11,Consumption,-0.55
2024-08-31,M11,OnHandSnapshot,40.33
2024-09-01,M11,Consumption,-0.54
2024-09-01,M11,OnHandSnapshot,39.78
2024-09-02,M11,Consumption,-0.59
2024-09-02,M11,OnHandSnapshot,39.2
2024-09-03,M11,Consumption,-0.51
2024-09-03,M11,OnHandSnapshot,38.68
2024-09-04,M11,Consumption,-0.52
2024-09-04,M11,OnHandSnapshot,38.16
2024-09-05,M11,Consumption,-0.62
2024-09-05,M11,OnHandSnapshot,37.54
2024-09-06,M11,Consumption,-0.72
2024-09-06,M11,OnHandSnapshot,36.82
2024-09-07,M11,Consumption,-0.49
2024-09-07,M11,OnHandSnapshot,36.34
2024-09-08,M11,Consumption,-0.54
2024-09-08,M11,OnHandSnapshot,35.8
2024-09-09,M11,Consumption,-0.53
2024-09-09,M11,OnHandSnapshot,35.27
2024-09-10,M11,Consumption,-0.5
2024-09-10,M11,OnHandSnapshot,34.77
2024-09-11,M11,Consumption,-0.51
2024-09-11,M11,OnHandSnapshot,34.26
2024-09-12,M11,Consumption,-0.62
2024-09-12,M11,OnHandSnapshot,33.64
2024-09-13,M11,Consumption,-0.74
2024-09-13,M11,OnHandSnapshot,32.9
2024-09-14,M11,Consumption,-0.51
2024-09-14,M11,OnHandSnapshot,32.39
2024-09-15,M11,Consumption,-0.55
2024-09-15,M11,OnHandSnapshot,31.84
2024-09-16,M11,Consumption,-0.66
2024-09-16,M11,OnHandSnapshot,31.18
2024-09-17,M11,Consumption,-0.55
2024-09-17,M11,OnHandSnapshot,30.63
2024-09-18,M11,Consumption,-0.57
2024-09-18,M11,OnHandSnapshot,30.06
2024-09-19,M11,Consumption,-0.67
2024-09-19,M11,OnHandSnapshot,29.39
2024-09-20,M11,Consumption,-0.88
2024-09-20,M11,OnHandSnapshot,28.51
2024-09-21,M11,Consumption,-0.56
2024-09-21,M11,OnHandSnapshot,27.95
2024-09-22,M11,Consumption,-0.53
2024-09-22,M11,OnHandSnapshot,27.42
2024-09-23,M11,Consumption,-0.57
2024-09-23,M11,OnHandSnapshot,26.85
2024-09-24,M11,Consumption,-0.59
2024-09-24,M11,OnHandSnapshot,26.26
2024-09-25,M11,Consumption,-0.61
2024-09-25,M11,OnHandSnapshot,25.65
2024-09-26,M11,Consumption,-0.65
2024-09-26,M11,OnHandSnapshot,25.0
2024-09-27,M11,Consumption,-0.79
2024-09-27,M11,OnHandSnapshot,24.21
2024-09-28,M11,Consumption,-0.56
2024-09-28,M11,OnHandSnapshot,23.65
2024-09-29,M11,Consumption,-0.6
2024-09-29,M11,OnHandSnapshot,23.04
2024-09-30,M11,Consumption,-0.61
2024-09-30,M11,OnHandSnapshot,22.44
2024-10-01,M11,Consumption,-0.61
2024-10-01,M11,OnHandSnapshot,21.83
2024-10-02,M11,Consumption,-0.57
2024-10-02,M11,OnHandSnapshot,21.26
2024-10-03,M11,Consumption,-0.7
2024-10-03,M11,OnHandSnapshot,20.56
2024-10-04,M11,Consumption,-0.76
2024-10-04,M11,OnHandSnapshot,19.8
2024-10-05,M11,Consumption,-0.61
2024-10-05,M11,OnHandSnapshot,19.19
2024-10-06,M11,Consumption,-0.61
2024-10-06,M11,OnHandSnapshot,18.58
2024-10-07,M11,Consumption,-0.56
2024-10-07,M11,OnHandSnapshot,18.02
2024-10-08,M11,Consumption,-0.6
2024-10-08,M11,OnHandSnapshot,17.42
2024-10-09,M11,Consumption,-0.6
2024-10-09,M11,OnHandSnapshot,16.82
2024-10-10,M11,Consumption,-0.68
2024-10-10,M11,OnHandSnapshot,16.14
2024-10-11,M11,Consumption,-0.73
2024-10-11,M11,OnHandSnapshot,15.41
2024-10-12,M11,Consumption,-0.54
2024-10-12,M11,OnHandSnapshot,14.88
2024-10-13,M11,Receipt,32.08
2024-10-13,M11,Consumption,-0.52
2024-10-13,M11,OnHandSnapshot,46.44
2024-10-14,M11,Consumption,-0.52
2024-10-14,M11,OnHandSnapshot,45.92
2024-10-15,M11,Consumption,-0.52
2024-10-15,M11,OnHandSnapshot,45.4
2024-10-16,M11,Consumption,-0.54
2024-10-16,M11,OnHandSnapshot,44.86
2024-10-17,M11,Consumption,-0.64
2024-10-17,M11,OnHandSnapshot,44.22
2024-10-18,M11,Consumption,-0.72
2024-10-18,M11,OnHandSnapshot,43.5
2024-10-19,M11,Consumption,-0.51
2024-10-19,M11,OnHandSnapshot,42.99
2024-10-20,M11,Consumption,-0.51
2024-10-20,M11,OnHandSnapshot,42.48
2024-10-21,M11,Consumption,-0.54
2024-10-21,M11,OnHandSnapshot,41.94
2024-10-22,M11,Consumption,-0.53
2024-10-22,M11,OnHandSnapshot,41.42
2024-10-23,M11,Consumption,-0.56
2024-10-23,M11,OnHandSnapshot,40.86
2024-10-24,M11,Consumption,-0.66
2024-10-24,M11,OnHandSnapshot,40.2
2024-10-25,M11,Consumption,-0.76
2024-10-25,M11,OnHandSnapshot,39.44
2024-10-26,M11,Consumption,-0.5
2024-10-26,M11,OnHandSnapshot,38.94
2024-10-27,M11,Consumption,-0.53
2024-10-27,M11,OnHandSnapshot,38.41
2024-10-28,M11,Consumption,-0.58
2024-10-28,M11,OnHandSnapshot,37.84
2024-10-29,M11,Consumption,-0.57
2024-10-29,M11,OnHandSnapshot,37.26
2024-10-30,M11,Consumption,-0.52
2024-10-30,M11,OnHandSnapshot,36.74
2024-10-31,M11,Consumption,-0.6
2024-10-31,M11,OnHandSnapshot,36.14
2024-11-01,M11,Consumption,-0.71
2024-11-01,M11,OnHandSnapshot,35.43
2024-11-02,M11,Consumption,-0.53
2024-11-02,M11,OnHandSnapshot,34.91
2024-11-03,M11,Consumption,-0.54
2024-11-03,M11,OnHandSnapshot,34.36
2024-11-04,M11,Consumption,-0.5
2024-11-04,M11,OnHandSnapshot,33.86
2024-11-05,M11,Consumption,-0.56
2024-11-05,M11,OnHandSnapshot,33.3
2024-11-06,M11,Consumption,-0.58
2024-11-06,M11,OnHandSnapshot,32.72
2024-11-07,M11,Consumption,-0.55
2024-11-07,M11,OnHandSnapshot,32.17
2024-11-08,M11,Consumption,-0.73
2024-11-08,M11,OnHandSnapshot,31.45
2024-11-09,M11,Consumption,-0.52
2024-11-09,M11,OnHandSnapshot,30.92
2024-11-10,M11,Consumption,-0.55
2024-11-10,M11,OnHandSnapshot,30.37
2024-11-11,M11,Consumption,-0.59
2024-11-11,M11,OnHandSnapshot,29.78
2024-11-12,M11,Consumption,-0.51
2024-11-12,M11,OnHandSnapshot,29.26
2024-11-13,M11,Consumption,-0.53
2024-11-13,M11,OnHandSnapshot,28.74
2024-11-14,M11,Consumption,-0.61
2024-11-14,M11,OnHandSnapshot,28.13
2024-11-15,M11,Consumption,-0.73
2024-11-15,M11,OnHandSnapshot,27.4
2024-11-16,M11,Consumption,-0.52
2024-11-16,M11,OnHandSnapshot,26.88
2024-11-17,M11,Consumption,-0.58
2024-11-17,M11,OnHandSnapshot,26.31
2024-11-18,M11,Consumption,-0.51
2024-11-18,M11,OnHandSnapshot,25.79
2024-11-19,M11,Consumption,-0.56
2024-11-19,M11,OnHandSnapshot,25.23
2024-11-20,M11,Consumption,-0.59
2024-11-20,M11,OnHandSnapshot,24.64
2024-11-21,M11,Consumption,-0.61
2024-11-21,M11,OnHandSnapshot,24.04
2024-11-22,M11,Consumption,-0.74
2024-11-22,M11,OnHandSnapshot,23.3
2024-11-23,M11,Consumption,-0.49
2024-11-23,M11,OnHandSnapshot,22.8
2024-11-24,M11,Consumption,-0.53
2024-11-24,M11,OnHandSnapshot,22.27
2024-11-25,M11,Consumption,-0.55
2024-11-25,M11,OnHandSnapshot,21.72
2024-11-26,M11,Consumption,-0.54
2024-11-26,M11,OnHandSnapshot,21.18
2024-11-27,M11,Consumption,-0.58
2024-11-27,M11,OnHandSnapshot,20.61
2024-11-28,M11,Consumption,-0.63
2024-11-28,M11,OnHandSnapshot,19.98
2024-11-29,M11,Consumption,-0.71
2024-11-29,M11,OnHandSnapshot,19.27
2024-11-30,M11,Consumption,-0.54
2024-11-30,M11,OnHandSnapshot,18.73
2024-12-01,M11,Consumption,-0.49
2024-12-01,M11,OnHandSnapshot,18.24
2024-12-02,M11,Consumption,-0.52
2024-12-02,M11,OnHandSnapshot,17.71
2024-12-03,M11,Consumption,-0.55
2024-12-03,M11,OnHandSnapshot,17.17
2024-12-04,M11,Consumption,-0.57
2024-12-04,M11,OnHandSnapshot,16.59
2024-12-05,M11,Consumption,-0.65
2024-12-05,M11,OnHandSnapshot,15.94
2024-12-06,M11,Consumption,-0.8
2024-12-06,M11,OnHandSnapshot,15.15
2024-12-07,M11,Consumption,-0.52
2024-12-07,M11,OnHandSnapshot,14.62
2024-12-08,M11,Receipt,32.08
2024-12-08,M11,Consumption,-0.54
2024-12-08,M11,OnHandSnapshot,46.16
2024-12-09,M11,Consumption,-0.5
2024-12-09,M11,OnHandSnapshot,45.66
2024-12-10,M11,Consumption,-0.51
2024-12-10,M11,OnHandSnapshot,45.16
2024-12-11,M11,Consumption,-0.6
2024-12-11,M11,OnHandSnapshot,44.56
2024-12-12,M11,Consumption,-0.66
2024-12-12,M11,OnHandSnapshot,43.89
2024-12-13,M11,Consumption,-0.83
2024-12-13,M11,OnHandSnapshot,43.06
2024-12-14,M11,Consumption,-0.6
2024-12-14,M11,OnHandSnapshot,42.46
2024-12-15,M11,Consumption,-0.72
2024-12-15,M11,OnHandSnapshot,41.74
2024-12-16,M11,Consumption,-0.78
2024-12-16,M11,OnHandSnapshot,40.96
2024-12-17,M11,Consumption,-0.79
2024-12-17,M11,OnHandSnapshot,40.17
2024-12-18,M11,Consumption,-0.82
2024-12-18,M11,OnHandSnapshot,39.35
2024-12-19,M11,Consumption,-1.03
2024-12-19,M11,OnHandSnapshot,38.32
2024-12-20,M11,Consumption,-1.28
2024-12-20,M11,OnHandSnapshot,37.04
2024-12-21,M11,Consumption,-0.9
2024-12-21,M11,OnHandSnapshot,36.14
2024-12-22,M11,Consumption,-0.97
2024-12-22,M11,OnHandSnapshot,35.17
2024-12-23,M11,Consumption,-0.84
2024-12-23,M11,OnHandSnapshot,34.33
2024-12-24,M11,Consumption,-0.82
2024-12-24,M11,OnHandSnapshot,33.51
2024-12-25,M11,Consumption,-0.82
2024-12-25,M11,OnHandSnapshot,32.69
2024-12-26,M11,Consumption,-0.88
2024-12-26,M11,OnHandSnapshot,31.81
2024-12-27,M11,Consumption,-0.93
2024-12-27,M11,OnHandSnapshot,30.88
2024-12-28,M11,Consumption,-0.58
2024-12-28,M11,OnHandSnapshot,30.3
2024-12-29,M11,Consumption,-0.61
2024-12-29,M11,OnHandSnapshot,29.69
2024-12-30,M11,Consumption,-0.58
2024-12-30,M11,OnHandSnapshot,29.11
2024-12-31,M11,Consumption,-0.52
2024-12-31,M11,OnHandSnapshot,28.59
2025-01-01,M11,Consumption,-0.51
2025-01-01,M11,OnHandSnapshot,28.08
2025-01-02,M11,Consumption,-0.64
2025-01-02,M11,OnHandSnapshot,27.44
2025-01-03,M11,Consumption,-0.71
2025-01-03,M11,OnHandSnapshot,26.74
2025-01-04,M11,Consumption,-0.52
2025-01-04,M11,OnHandSnapshot,26.22
2025-01-05,M11,Consumption,-0.55
2025-01-05,M11,OnHandSnapshot,25.67
2025-01-06,M11,Consumption,-0.53
2025-01-06,M11,OnHandSnapshot,25.13
2025-01-07,M11,Consumption,-0.51
2025-01-07,M11,OnHandSnapshot,24.62
2025-01-08,M11,Consumption,-0.53
2025-01-08,M11,OnHandSnapshot,24.09
2025-01-09,M11,Consumption,-0.61
2025-01-09,M11,OnHandSnapshot,23.48
2025-01-10,M11,Consumption,-0.8
2025-01-10,M11,OnHandSnapshot,22.69
2025-01-11,M11,Consumption,-0.49
2025-01-11,M11,OnHandSnapshot,22.2
2025-01-12,M11,Consumption,-0.51
2025-01-12,M11,OnHandSnapshot,21.69
2025-01-13,M11,Consumption,-0.57
2025-01-13,M11,OnHandSnapshot,21.12
2025-01-14,M11,Consumption,-0.56
2025-01-14,M11,OnHandSnapshot,20.57
2025-01-15,M11,Consumption,-0.55
2025-01-15,M11,OnHandSnapshot,20.02
2025-01-16,M11,Consumption,-0.64
2025-01-16,M11,OnHandSnapshot,19.38
2025-01-17,M11,Consumption,-0.7
2025-01-17,M11,OnHandSnapshot,18.67
2025-01-18,M11,Consumption,-0.52
2025-01-18,M11,OnHandSnapshot,18.15
2025-01-19,M11,Consumption,-0.57
2025-01-19,M11,OnHandSnapshot,17.58
2025-01-20,M11,Consumption,-0.57
2025-01-20,M11,OnHandSnapshot,17.01
2025-01-21,M11,Consumption,-0.61
2025-01-21,M11,OnHandSnapshot,16.4
2025-01-22,M11,Consumption,-0.51
2025-01-22,M11,OnHandSnapshot,15.88
2025-01-23,M11,Consumption,-0.61
2025-01-23,M11,OnHandSnapshot,15.28
2025-01-24,M11,Consumption,-0.74
2025-01-24,M11,OnHandSnapshot,14.53
2025-01-25,M11,Consumption,-0.57
2025-01-25,M11,OnHandSnapshot,13.96
2025-01-26,M11,Receipt,32.08
2025-01-26,M11,Consumption,-0.52
2025-01-26,M11,OnHandSnapshot,45.52
2025-01-27,M11,Consumption,-0.56
2025-01-27,M11,OnHandSnapshot,44.97
2025-01-28,M11,Consumption,-0.57
2025-01-28,M11,OnHandSnapshot,44.4
2025-01-29,M11,Consumption,-0.54
2025-01-29,M11,OnHandSnapshot,43.86
2025-01-30,M11,Consumption,-0.67
2025-01-30,M11,OnHandSnapshot,43.19
2025-01-31,M11,Consumption,-0.72
2025-01-31,M11,OnHandSnapshot,42.46
2025-02-01,M11,Consumption,-0.55
2025-02-01,M11,OnHandSnapshot,41.92
2025-02-02,M11,Consumption,-0.59
2025-02-02,M11,OnHandSnapshot,41.33
2025-02-03,M11,Consumption,-0.6
2025-02-03,M11,OnHandSnapshot,40.73
2025-02-04,M11,Consumption,-0.52
2025-02-04,M11,OnHandSnapshot,40.22
2025-02-05,M11,Consumption,-0.57
2025-02-05,M11,OnHandSnapshot,39.64
2025-02-06,M11,Consumption,-0.65
2025-02-06,M11,OnHandSnapshot,38.99
2025-02-07,M11,Consumption,-0.76
2025-02-07,M11,OnHandSnapshot,38.23
2025-02-08,M11,Consumption,-0.51
2025-02-08,M11,OnHandSnapshot,37.73
2025-02-09,M11,Consumption,-0.6
2025-02-09,M11,OnHandSnapshot,37.13
2025-02-10,M11,Consumption,-0.52
2025-02-10,M11,OnHandSnapshot,36.61
2025-02-11,M11,Consumption,-0.53
2025-02-11,M11,OnHandSnapshot,36.08
2025-02-12,M11,Consumption,-0.54
2025-02-12,M11,OnHandSnapshot,35.53
2025-02-13,M11,Consumption,-0.66
2025-02-13,M11,OnHandSnapshot,34.87
2025-02-14,M11,Consumption,-0.75
2025-02-14,M11,OnHandSnapshot,34.12
2025-02-15,M11,Consumption,-0.51
2025-02-15,M11,OnHandSnapshot,33.62
2025-02-16,M11,Consumption,-0.59
2025-02-16,M11,OnHandSnapshot,33.03
2025-02-17,M11,Consumption,-0.52
2025-02-17,M11,OnHandSnapshot,32.51
2025-02-18,M11,Consumption,-0.55
2025-02-18,M11,OnHandSnapshot,31.96
2025-02-19,M11,Consumption,-0.55
2025-02-19,M11,OnHandSnapshot,31.41
2025-02-20,M11,Consumption,-0.6
2025-02-20,M11,OnHandSnapshot,30.81
2025-02-21,M11,Consumption,-0.72
2025-02-21,M11,OnHandSnapshot,30.09
2025-02-22,M11,Consumption,-0.56
2025-02-22,M11,OnHandSnapshot,29.53
2025-02-23,M11,Consumption,-0.53
2025-02-23,M11,OnHandSnapshot,29.0
2025-02-24,M11,Consumption,-0.53
2025-02-24,M11,OnHandSnapshot,28.46
2025-02-25,M11,Consumption,-0.58
2025-02-25,M11,OnHandSnapshot,27.88
2025-02-26,M11,Consumption,-0.51
2025-02-26,M11,OnHandSnapshot,27.37
2025-02-27,M11,Consumption,-0.63
2025-02-27,M11,OnHandSnapshot,26.74
2025-02-28,M11,Consumption,-0.72
2025-02-28,M11,OnHandSnapshot,26.03
2025-03-01,M11,Consumption,-0.62
2025-03-01,M11,OnHandSnapshot,25.41
2025-03-02,M11,Consumption,-0.73
2025-03-02,M11,OnHandSnapshot,24.68
2025-03-03,M11,Consumption,-0.85
2025-03-03,M11,OnHandSnapshot,23.83
2025-03-04,M11,Consumption,-0.88
2025-03-04,M11,OnHandSnapshot,22.95
2025-03-05,M11,Consumption,-0.93
2025-03-05,M11,OnHandSnapshot,22.02
2025-03-06,M11,Consumption,-1.2
2025-03-06,M11,OnHandSnapshot,20.82
2025-03-07,M11,Consumption,-1.52
2025-03-07,M11,OnHandSnapshot,19.31
2025-03-08,M11,Consumption,-1.29
2025-03-08,M11,OnHandSnapshot,18.01
2025-03-09,M11,Consumption,-1.34
2025-03-09,M11,OnHandSnapshot,16.67
2025-03-10,M11,Consumption,-1.51
2025-03-10,M11,OnHandSnapshot,15.16
2025-03-11,M11,Consumption,-1.81
2025-03-11,M11,OnHandSnapshot,13.35
2025-03-12,M11,Consumption,-1.85
2025-03-12,M11,OnHandSnapshot,11.5
2025-03-13,M11,Consumption,-2.17
2025-03-13,M11,OnHandSnapshot,9.33
2025-03-14,M11,Consumption,-3.37
2025-03-14,M11,OnHandSnapshot,5.96
2025-03-15,M11,Receipt,32.08
2025-03-15,M11,Consumption,-2.18
2025-03-15,M11,OnHandSnapshot,35.86
2025-03-16,M11,Consumption,-2.62
2025-03-16,M11,OnHandSnapshot,33.24
2025-03-17,M11,Consumption,-2.67
2025-03-17,M11,OnHandSnapshot,30.57
2025-03-18,M11,Consumption,-2.63
2025-03-18,M11,OnHandSnapshot,27.94
2025-03-19,M11,Consumption,-2.73
2025-03-19,M11,OnHandSnapshot,25.22
2025-03-20,M11,Consumption,-3.08
2025-03-20,M11,OnHandSnapshot,22.13
2025-03-21,M11,Consumption,-0.84
2025-03-21,M11,OnHandSnapshot,21.3
2025-03-22,M11,Consumption,-0.56
2025-03-22,M11,OnHandSnapshot,20.74
2025-03-23,M11,Consumption,-0.56
2025-03-23,M11,OnHandSnapshot,20.18
2025-03-24,M11,Consumption,-0.65
2025-03-24,M11,OnHandSnapshot,19.53
2025-03-25,M11,Consumption,-0.61
2025-03-25,M11,OnHandSnapshot,18.92
2025-03-26,M11,Consumption,-0.6
2025-03-26,M11,OnHandSnapshot,18.31
2025-03-27,M11,Consumption,-0.69
2025-03-27,M11,OnHandSnapshot,17.62
2025-03-28,M11,Consumption,-0.84
2025-03-28,M11,OnHandSnapshot,16.78
2025-03-29,M11,Consumption,-0.57
2025-03-29,M11,OnHandSnapshot,16.21
2025-03-30,M11,Consumption,-0.61
2025-03-30,M11,OnHandSnapshot,15.6
2025-03-31,M11,Consumption,-0.52
2025-03-31,M11,OnHandSnapshot,15.08
2025-04-01,M11,Consumption,-0.57
2025-04-01,M11,OnHandSnapshot,14.51
2025-04-02,M11,Consumption,-0.56
2025-04-02,M11,OnHandSnapshot,13.95
2025-04-03,M11,Receipt,32.08
2025-04-03,M11,Consumption,-0.6
2025-04-03,M11,OnHandSnapshot,45.43
2025-04-04,M11,Consumption,-0.71
2025-04-04,M11,OnHandSnapshot,44.71
2025-04-05,M11,Consumption,-0.54
2025-04-05,M11,OnHandSnapshot,44.18
2025-04-06,M11,Consumption,-0.56
2025-04-06,M11,OnHandSnapshot,43.62
2025-04-07,M11,Consumption,-0.54
2025-04-07,M11,OnHandSnapshot,43.08
2025-04-08,M11,Consumption,-0.54
2025-04-08,M11,OnHandSnapshot,42.54
2025-04-09,M11,Consumption,-0.52
2025-04-09,M11,OnHandSnapshot,42.02
2025-04-10,M11,Consumption,-0.63
2025-04-10,M11,OnHandSnapshot,41.38
2025-04-11,M11,Consumption,-0.73
2025-04-11,M11,OnHandSnapshot,40.66
2025-04-12,M11,Consumption,-0.5
2025-04-12,M11,OnHandSnapshot,40.16
2025-04-13,M11,Consumption,-0.6
2025-04-13,M11,OnHandSnapshot,39.56
2025-04-14,M11,Consumption,-0.55
2025-04-14,M11,OnHandSnapshot,39.01
2025-04-15,M11,Consumption,-0.56
2025-04-15,M11,OnHandSnapshot,38.45
2025-04-16,M11,Consumption,-0.57
2025-04-16,M11,OnHandSnapshot,37.88
2025-04-17,M11,Consumption,-0.73
2025-04-17,M11,OnHandSnapshot,37.15
2025-04-18,M11,Consumption,-0.75
2025-04-18,M11,OnHandSnapshot,36.4
2025-04-19,M11,Consumption,-0.58
2025-04-19,M11,OnHandSnapshot,35.82
2025-04-20,M11,Consumption,-0.52
2025-04-20,M11,OnHandSnapshot,35.3
2025-04-21,M11,Consumption,-0.49
2025-04-21,M11,OnHandSnapshot,34.81
2025-04-22,M11,Consumption,-0.56
2025-04-22,M11,OnHandSnapshot,34.25
2025-04-23,M11,Consumption,-0.54
2025-04-23,M11,OnHandSnapshot,33.71
2025-04-24,M11,Consumption,-0.6
2025-04-24,M11,OnHandSnapshot,33.12
2025-04-25,M11,Consumption,-0.76
2025-04-25,M11,OnHandSnapshot,32.36
2025-04-26,M11,Consumption,-0.54
2025-04-26,M11,OnHandSnapshot,31.82
2025-04-27,M11,Consumption,-0.57
2025-04-27,M11,OnHandSnapshot,31.25
2025-04-28,M11,Consumption,-0.53
2025-04-28,M11,OnHandSnapshot,30.72
2025-04-29,M11,Consumption,-0.57
2025-04-29,M11,OnHandSnapshot,30.15
2025-04-30,M11,Consumption,-0.53
2025-04-30,M11,OnHandSnapshot,29.62
2025-05-01,M11,Consumption,-0.63
2025-05-01,M11,OnHandSnapshot,29.0
2025-05-02,M11,Consumption,-0.7
2025-05-02,M11,OnHandSnapshot,28.29
2025-05-03,M11,Consumption,-0.57
2025-05-03,M11,OnHandSnapshot,27.72
2025-05-04,M11,Consumption,-0.59
2025-05-04,M11,OnHandSnapshot,27.13
2025-05-05,M11,Consumption,-0.53
2025-05-05,M11,OnHandSnapshot,26.6
2025-05-06,M11,Consumption,-0.54
2025-05-06,M11,OnHandSnapshot,26.06
2025-05-07,M11,Consumption,-0.57
2025-05-07,M11,OnHandSnapshot,25.49
2025-05-08,M11,Consumption,-0.64
2025-05-08,M11,OnHandSnapshot,24.86
2025-05-09,M11,Consumption,-0.8
2025-05-09,M11,OnHandSnapshot,24.06
2025-05-10,M11,Consumption,-0.5
2025-05-10,M11,OnHandSnapshot,23.56
2025-05-11,M11,Consumption,-0.56
2025-05-11,M11,OnHandSnapshot,23.0
2025-05-12,M11,Consumption,-0.58
2025-05-12,M11,OnHandSnapshot,22.42
2025-05-13,M11,Consumption,-0.56
2025-05-13,M11,OnHandSnapshot,21.86
2025-05-14,M11,Consumption,-0.59
2025-05-14,M11,OnHandSnapshot,21.27
2025-05-15,M11,Consumption,-0.64
2025-05-15,M11,OnHandSnapshot,20.63
2025-05-16,M11,Consumption,-0.8
2025-05-16,M11,OnHandSnapshot,19.84
2025-05-17,M11,Consumption,-0.54
2025-05-17,M11,OnHandSnapshot,19.3
2025-05-18,M11,Consumption,-0.58
2025-05-18,M11,OnHandSnapshot,18.72
2025-05-19,M11,Consumption,-0.55
2025-05-19,M11,OnHandSnapshot,18.17
2025-05-20,M11,Consumption,-0.54
2025-05-20,M11,OnHandSnapshot,17.63
2025-05-21,M11,Consumption,-0.63
2025-05-21,M11,OnHandSnapshot,17.0
2025-05-22,M11,Consumption,-0.62
2025-05-22,M11,OnHandSnapshot,16.38
2025-05-23,M11,Consumption,-0.75
2025-05-23,M11,OnHandSnapshot,15.63
2025-05-24,M11,Consumption,-0.5
2025-05-24,M11,OnHandSnapshot,15.13
2025-05-25,M11,Consumption,-0.58
2025-05-25,M11,OnHandSnapshot,14.56
2025-05-26,M11,Receipt,32.08
2025-05-26,M11,Consumption,-0.57
2025-05-26,M11,OnHandSnapshot,46.07
2025-05-27,M11,Consumption,-0.56
2025-05-27,M11,OnHandSnapshot,45.51
2025-05-28,M11,Consumption,-0.58
2025-05-28,M11,OnHandSnapshot,44.93
2025-05-29,M11,Consumption,-0.65
2025-05-29,M11,OnHandSnapshot,44.29
2025-05-30,M11,Consumption,-0.77
2025-05-30,M11,OnHandSnapshot,43.51
2025-05-31,M11,Consumption,-0.53
2025-05-31,M11,OnHandSnapshot,42.98
2025-06-01,M11,Consumption,-0.65
2025-06-01,M11,OnHandSnapshot,42.33
2025-06-02,M11,Consumption,-0.59
2025-06-02,M11,OnHandSnapshot,41.74
2025-06-03,M11,Consumption,-0.59
2025-06-03,M11,OnHandSnapshot,41.15
2025-06-04,M11,Consumption,-0.55
2025-06-04,M11,OnHandSnapshot,40.6
2025-06-05,M11,Consumption,-0.7
2025-06-05,M11,OnHandSnapshot,39.9
2025-06-06,M11,Consumption,-0.83
2025-06-06,M11,OnHandSnapshot,39.07
2025-06-07,M11,Consumption,-0.57
2025-06-07,M11,OnHandSnapshot,38.5
2025-06-08,M11,Consumption,-0.61
2025-06-08,M11,OnHandSnapshot,37.89
2025-06-09,M11,Consumption,-0.58
2025-06-09,M11,OnHandSnapshot,37.31
2025-06-10,M11,Consumption,-0.58
2025-06-10,M11,OnHandSnapshot,36.73
2025-06-11,M11,Consumption,-0.6
2025-06-11,M11,OnHandSnapshot,36.13
2025-06-12,M11,Consumption,-0.71
2025-06-12,M11,OnHandSnapshot,35.42
2025-06-13,M11,Consumption,-0.76
2025-06-13,M11,OnHandSnapshot,34.66
2025-06-14,M11,Consumption,-0.54
2025-06-14,M11,OnHandSnapshot,34.12
2025-06-15,M11,Consumption,-0.55
2025-06-15,M11,OnHandSnapshot,33.57
2025-06-16,M11,Consumption,-0.57
2025-06-16,M11,OnHandSnapshot,32.99
2025-06-17,M11,Consumption,-0.59
2025-06-17,M11,OnHandSnapshot,32.4
2025-06-18,M11,Consumption,-0.54
2025-06-18,M11,OnHandSnapshot,31.86
2025-06-19,M11,Consumption,-0.72
2025-06-19,M11,OnHandSnapshot,31.14
2025-06-20,M11,Consumption,-0.78
2025-06-20,M11,OnHandSnapshot,30.36
2025-06-21,M11,Consumption,-0.58
2025-06-21,M11,OnHandSnapshot,29.78
2025-06-22,M11,Consumption,-0.59
2025-06-22,M11,OnHandSnapshot,29.19
2025-06-23,M11,Consumption,-0.57
2025-06-23,M11,OnHandSnapshot,28.62
2025-06-24,M11,Consumption,-0.59
2025-06-24,M11,OnHandSnapshot,28.03
2025-06-25,M11,Consumption,-0.65
2025-06-25,M11,OnHandSnapshot,27.38
2025-06-26,M11,Consumption,-0.68
2025-06-26,M11,OnHandSnapshot,26.7
2025-06-27,M11,Consumption,-0.82
2025-06-27,M11,OnHandSnapshot,25.88
2025-06-28,M11,Consumption,-0.57
2025-06-28,M11,OnHandSnapshot,25.31
2025-06-29,M11,Consumption,-0.54
2025-06-29,M11,OnHandSnapshot,24.77
2025-06-30,M11,Consumption,-0.59
2025-06-30,M11,OnHandSnapshot,24.18
2025-07-01,M11,Consumption,-0.63
2025-07-01,M11,OnHandSnapshot,23.55
2025-07-02,M11,Consumption,-0.59
2025-07-02,M11,OnHandSnapshot,22.96
2025-07-03,M11,Consumption,-0.69
2025-07-03,M11,OnHandSnapshot,22.27
2025-07-04,M11,Consumption,-0.8
2025-07-04,M11,OnHandSnapshot,21.48
2025-07-05,M11,Consumption,-0.53
2025-07-05,M11,OnHandSnapshot,20.95
2025-07-06,M11,Consumption,-0.58
2025-07-06,M11,OnHandSnapshot,20.37
2025-07-07,M11,Consumption,-0.6
2025-07-07,M11,OnHandSnapshot,19.77
2025-07-08,M11,Consumption,-0.6
2025-07-08,M11,OnHandSnapshot,19.18
2025-07-09,M11,Consumption,-0.54
2025-07-09,M11,OnHandSnapshot,18.63
2025-07-10,M11,Consumption,-0.71
2025-07-10,M11,OnHandSnapshot,17.92
2025-07-11,M11,Consumption,-0.76
2025-07-11,M11,OnHandSnapshot,17.16
2025-07-12,M11,Consumption,-0.59
2025-07-12,M11,OnHandSnapshot,16.56
2025-07-13,M11,Consumption,-0.6
2025-07-13,M11,OnHandSnapshot,15.96
2025-07-14,M11,Consumption,-0.6
2025-07-14,M11,OnHandSnapshot,15.36
2025-07-15,M11,Consumption,-0.55
2025-07-15,M11,OnHandSnapshot,14.81
2025-07-16,M11,Consumption,-0.56
2025-07-16,M11,OnHandSnapshot,14.26
2025-07-17,M11,Consumption,-0.68
2025-07-17,M11,OnHandSnapshot,13.57
2025-07-18,M11,Receipt,32.08
2025-07-18,M11,Consumption,-0.75
2025-07-18,M11,OnHandSnapshot,44.9
2025-07-19,M11,Consumption,-0.53
2025-07-19,M11,OnHandSnapshot,44.37
2025-07-20,M11,Consumption,-0.61
2025-07-20,M11,OnHandSnapshot,43.76
2025-07-21,M11,Consumption,-0.57
2025-07-21,M11,OnHandSnapshot,43.19
2025-07-22,M11,Consumption,-0.62
2025-07-22,M11,OnHandSnapshot,42.57
2025-07-23,M11,Consumption,-0.59
2025-07-23,M11,OnHandSnapshot,41.98
2025-07-24,M11,Consumption,-0.74
2025-07-24,M11,OnHandSnapshot,41.24
2025-07-25,M11,Consumption,-0.85
2025-07-25,M11,OnHandSnapshot,40.4
2025-07-26,M11,Consumption,-0.55
2025-07-26,M11,OnHandSnapshot,39.84
2025-07-27,M11,Consumption,-0.59
2025-07-27,M11,OnHandSnapshot,39.25
2025-07-28,M11,Consumption,-0.6
2025-07-28,M11,OnHandSnapshot,38.66
2025-07-29,M11,Consumption,-0.62
2025-07-29,M11,OnHandSnapshot,38.03
2025-07-30,M11,Consumption,-0.56
2025-07-30,M11,OnHandSnapshot,37.47
2025-07-31,M11,Consumption,-0.63
2025-07-31,M11,OnHandSnapshot,36.84
2025-08-01,M11,Consumption,-0.75
2025-08-01,M11,OnHandSnapshot,36.09
2025-08-02,M11,Consumption,-0.53
2025-08-02,M11,OnHandSnapshot,35.56
2025-08-03,M11,Consumption,-0.57
2025-08-03,M11,OnHandSnapshot,34.99
2025-08-04,M11,Consumption,-0.56
2025-08-04,M11,OnHandSnapshot,34.43
2025-08-05,M11,Consumption,-0.54
2025-08-05,M11,OnHandSnapshot,33.89
2025-08-06,M11,Consumption,-0.6
2025-08-06,M11,OnHandSnapshot,33.29
2025-08-07,M11,Consumption,-0.7
2025-08-07,M11,OnHandSnapshot,32.59
2025-08-08,M11,Consumption,-0.74
2025-08-08,M11,OnHandSnapshot,31.85
2025-08-09,M11,Consumption,-0.52
2025-08-09,M11,OnHandSnapshot,31.34
2025-08-10,M11,Consumption,-0.59
2025-08-10,M11,OnHandSnapshot,30.75
2025-08-11,M11,Consumption,-0.64
2025-08-11,M11,OnHandSnapshot,30.11
2025-08-12,M11,Consumption,-0.64
2025-08-12,M11,OnHandSnapshot,29.46
2025-08-13,M11,Consumption,-0.62
2025-08-13,M11,OnHandSnapshot,28.85
2025-08-14,M11,Consumption,-0.66
2025-08-14,M11,OnHandSnapshot,28.19
2025-08-15,M11,Consumption,-0.83
2025-08-15,M11,OnHandSnapshot,27.36
2025-08-16,M11,Consumption,-0.57
2025-08-16,M11,OnHandSnapshot,26.79
2025-08-17,M11,Consumption,-0.62
2025-08-17,M11,OnHandSnapshot,26.17
2025-08-18,M11,Consumption,-0.59
2025-08-18,M11,OnHandSnapshot,25.57
2025-08-19,M11,Consumption,-0.58
2025-08-19,M11,OnHandSnapshot,24.99
2025-08-20,M11,Consumption,-0.59
2025-08-20,M11,OnHandSnapshot,24.39
2025-08-21,M11,Consumption,-0.67
2025-08-21,M11,OnHandSnapshot,23.73
2025-08-22,M11,Consumption,-0.79
2025-08-22,M11,OnHandSnapshot,22.93
2025-08-23,M11,Consumption,-0.58
2025-08-23,M11,OnHandSnapshot,22.35
2025-08-24,M11,Consumption,-0.59
2025-08-24,M11,OnHandSnapshot,21.76
2025-08-25,M11,Consumption,-0.6
2025-08-25,M11,OnHandSnapshot,21.17
2025-08-26,M11,Consumption,-0.59
2025-08-26,M11,OnHandSnapshot,20.58
2025-08-27,M11,Consumption,-0.59
2025-08-27,M11,OnHandSnapshot,19.99
2025-08-28,M11,Consumption,-0.68
2025-08-28,M11,OnHandSnapshot,19.31
2025-08-29,M11,Consumption,-0.79
2025-08-29,M11,OnHandSnapshot,18.52
2025-08-30,M11,Consumption,-0.58
2025-08-30,M11,OnHandSnapshot,17.94
2025-08-31,M11,Consumption,-0.58
2025-08-31,M11,OnHandSnapshot,17.36
2025-09-01,M11,Consumption,-0.54
2025-09-01,M11,OnHandSnapshot,16.82
2025-09-02,M11,Consumption,-0.55
2025-09-02,M11,OnHandSnapshot,16.28
2025-09-03,M11,Consumption,-0.59
2025-09-03,M11,OnHandSnapshot,15.69
2025-09-04,M11,Consumption,-0.66
2025-09-04,M11,OnHandSnapshot,15.03
2025-09-05,M11,Receipt,32.08
2025-09-05,M11,Consumption,-0.76
2025-09-05,M11,OnHandSnapshot,46.35
2025-09-06,M11,Consumption,-0.48
2025-09-06,M11,OnHandSnapshot,45.87
2025-09-07,M11,Consumption,-0.56
2025-09-07,M11,OnHandSnapshot,45.31
2025-09-08,M11,Consumption,-0.58
2025-09-08,M11,OnHandSnapshot,44.74
2025-09-09,M11,Consumption,-0.59
2025-09-09,M11,OnHandSnapshot,44.15
2025-09-10,M11,Consumption,-0.55
2025-09-10,M11,OnHandSnapshot,43.6
2025-09-11,M11,Consumption,-0.66
2025-09-11,M11,OnHandSnapshot,42.94
2025-09-12,M11,Consumption,-0.76
2025-09-12,M11,OnHandSnapshot,42.18
2025-09-13,M11,Consumption,-0.54
2025-09-13,M11,OnHandSnapshot,41.64
2025-09-14,M11,Consumption,-0.57
2025-09-14,M11,OnHandSnapshot,41.08
2025-09-15,M11,Consumption,-0.65
2025-09-15,M11,OnHandSnapshot,40.43
2025-09-16,M11,Consumption,-0.63
2025-09-16,M11,OnHandSnapshot,39.8
2025-09-17,M11,Consumption,-0.67
2025-09-17,M11,OnHandSnapshot,39.13
2025-09-18,M11,Consumption,-0.69
2025-09-18,M11,OnHandSnapshot,38.43
2025-09-19,M11,Consumption,-0.86
2025-09-19,M11,OnHandSnapshot,37.57
2025-09-20,M11,Consumption,-0.63
2025-09-20,M11,OnHandSnapshot,36.94
2025-09-21,M11,Consumption,-0.63
2025-09-21,M11,OnHandSnapshot,36.31
2025-09-22,M11,Consumption,-0.66
2025-09-22,M11,OnHandSnapshot,35.65
2025-09-23,M11,Consumption,-0.65
2025-09-23,M11,OnHandSnapshot,35.01
2025-09-24,M11,Consumption,-0.57
2025-09-24,M11,OnHandSnapshot,34.44
2025-09-25,M11,Consumption,-0.75
2025-09-25,M11,OnHandSnapshot,33.68
2025-09-26,M11,Consumption,-0.78
2025-09-26,M11,OnHandSnapshot,32.9
2025-09-27,M11,Consumption,-0.6
2025-09-27,M11,OnHandSnapshot,32.29
2025-09-28,M11,Consumption,-0.59
2025-09-28,M11,OnHandSnapshot,31.7
2025-09-29,M11,Consumption,-0.63
2025-09-29,M11,OnHandSnapshot,31.07
2025-09-30,M11,Consumption,-0.63
2025-09-30,M11,OnHandSnapshot,30.44
2025-10-01,M11,Consumption,-0.6
2025-10-01,M11,OnHandSnapshot,29.84
2025-10-02,M11,Consumption,-0.7
2025-10-02,M11,OnHandSnapshot,29.14
2025-10-03,M11,Consumption,-0.81
2025-10-03,M11,OnHandSnapshot,28.33
2025-10-04,M11,Consumption,-0.62
2025-10-04,M11,OnHandSnapshot,27.71
2025-10-05,M11,Consumption,-0.66
2025-10-05,M11,OnHandSnapshot,27.06
2025-10-06,M11,Consumption,-0.67
2025-10-06,M11,OnHandSnapshot,26.38
2025-10-07,M11,Consumption,-0.62
2025-10-07,M11,OnHandSnapshot,25.77
2025-10-08,M11,Consumption,-0.59
2025-10-08,M11,OnHandSnapshot,25.18
2025-10-09,M11,Consumption,-0.74
2025-10-09,M11,OnHandSnapshot,24.44
2025-10-10,M11,Consumption,-0.84
2025-10-10,M11,OnHandSnapshot,23.6
2025-10-11,M11,Consumption,-0.53
2025-10-11,M11,OnHandSnapshot,23.07
2025-10-12,M11,Consumption,-0.54
2025-10-12,M11,OnHandSnapshot,22.54
2025-10-13,M11,Consumption,-0.64
2025-10-13,M11,OnHandSnapshot,21.9
2025-10-14,M11,Consumption,-0.58
2025-10-14,M11,OnHandSnapshot,21.32
2025-10-15,M11,Consumption,-0.55
2025-10-15,M11,OnHandSnapshot,20.77
2025-10-16,M11,Consumption,-0.68
2025-10-16,M11,OnHandSnapshot,20.09
2025-10-17,M11,Consumption,-0.75
2025-10-17,M11,OnHandSnapshot,19.34
2025-10-18,M11,Consumption,-0.6
2025-10-18,M11,OnHandSnapshot,18.74
2025-10-19,M11,Consumption,-0.61
2025-10-19,M11,OnHandSnapshot,18.13
2025-10-20,M11,Consumption,-0.6
2025-10-20,M11,OnHandSnapshot,17.54
2025-10-21,M11,Consumption,-0.54
2025-10-21,M11,OnHandSnapshot,16.99
2025-10-22,M11,Consumption,-0.6
2025-10-22,M11,OnHandSnapshot,16.39
2025-10-23,M11,Consumption,-0.69
2025-10-23,M11,OnHandSnapshot,15.7
2025-10-24,M11,Consumption,-0.75
2025-10-24,M11,OnHandSnapshot,14.95
2025-10-25,M11,Consumption,-0.54
2025-10-25,M11,OnHandSnapshot,14.41
2025-10-26,M11,Receipt,32.08
2025-10-26,M11,Consumption,-0.61
2025-10-26,M11,OnHandSnapshot,45.88
2025-10-27,M11,Consumption,-0.59
2025-10-27,M11,OnHandSnapshot,45.29
2025-10-28,M11,Consumption,-0.61
2025-10-28,M11,OnHandSnapshot,44.68
2025-10-29,M11,Consumption,-0.62
2025-10-29,M11,OnHandSnapshot,44.06
2025-10-30,M11,Consumption,-0.65
2025-10-30,M11,OnHandSnapshot,43.41
2025-10-31,M11,Consumption,-0.78
2025-10-31,M11,OnHandSnapshot,42.63
2025-11-01,M11,Consumption,-0.53
2025-11-01,M11,OnHandSnapshot,42.1
2025-11-02,M11,Consumption,-0.55
2025-11-02,M11,OnHandSnapshot,41.55
2025-11-03,M11,Consumption,-0.57
2025-11-03,M11,OnHandSnapshot,40.98
2025-11-04,M11,Consumption,-0.59
2025-11-04,M11,OnHandSnapshot,40.38
2025-11-05,M11,Consumption,-0.6
2025-11-05,M11,OnHandSnapshot,39.78
2025-11-06,M11,Consumption,-0.64
2025-11-06,M11,OnHandSnapshot,39.14
2025-11-07,M11,Consumption,-0.81
2025-11-07,M11,OnHandSnapshot,38.33
2025-11-08,M11,Consumption,-0.58
2025-11-08,M11,OnHandSnapshot,37.74
2025-11-09,M11,Consumption,-0.6
2025-11-09,M11,OnHandSnapshot,37.15
2025-11-10,M11,Consumption,-0.56
2025-11-10,M11,OnHandSnapshot,36.59
2025-11-11,M11,Consumption,-0.63
2025-11-11,M11,OnHandSnapshot,35.95
2025-11-12,M11,Consumption,-0.58
2025-11-12,M11,OnHandSnapshot,35.37
2025-11-13,M11,Consumption,-0.64
2025-11-13,M11,OnHandSnapshot,34.73
2025-11-14,M11,Consumption,-0.75
2025-11-14,M11,OnHandSnapshot,33.98
2025-11-15,M11,Consumption,-0.58
2025-11-15,M11,OnHandSnapshot,33.4
2025-11-16,M11,Consumption,-0.55
2025-11-16,M11,OnHandSnapshot,32.86
2025-11-17,M11,Consumption,-0.54
2025-11-17,M11,OnHandSnapshot,32.32
2025-11-18,M11,Consumption,-0.58
2025-11-18,M11,OnHandSnapshot,31.74
2025-11-19,M11,Consumption,-0.54
2025-11-19,M11,OnHandSnapshot,31.2
2025-11-20,M11,Consumption,-0.66
2025-11-20,M11,OnHandSnapshot,30.55
2025-11-21,M11,Consumption,-0.75
2025-11-21,M11,OnHandSnapshot,29.8
2025-11-22,M11,Consumption,-0.54
2025-11-22,M11,OnHandSnapshot,29.26
2025-11-23,M11,Consumption,-0.56
2025-11-23,M11,OnHandSnapshot,28.7
2025-11-24,M11,Consumption,-0.59
2025-11-24,M11,OnHandSnapshot,28.11
2025-11-25,M11,Consumption,-0.58
2025-11-25,M11,OnHandSnapshot,27.53
2025-11-26,M11,Consumption,-0.61
2025-11-26,M11,OnHandSnapshot,26.92
2025-11-27,M11,Consumption,-0.65
2025-11-27,M11,OnHandSnapshot,26.27
2025-11-28,M11,Consumption,-0.75
2025-11-28,M11,OnHandSnapshot,25.52
2025-11-29,M11,Consumption,-0.52
2025-11-29,M11,OnHandSnapshot,25.0
2025-11-30,M11,Consumption,-0.53
2025-11-30,M11,OnHandSnapshot,24.47
2025-12-01,M11,Consumption,-0.56
2025-12-01,M11,OnHandSnapshot,23.91
2025-12-02,M11,Consumption,-0.57
2025-12-02,M11,OnHandSnapshot,23.34
2025-12-03,M11,Consumption,-0.58
2025-12-03,M11,OnHandSnapshot,22.76
2025-12-04,M11,Consumption,-0.66
2025-12-04,M11,OnHandSnapshot,22.09
2025-12-05,M11,Consumption,-0.77
2025-12-05,M11,OnHandSnapshot,21.32
2025-12-06,M11,Consumption,-0.58
2025-12-06,M11,OnHandSnapshot,20.74
2025-12-07,M11,Consumption,-0.62
2025-12-07,M11,OnHandSnapshot,20.11
2025-12-08,M11,Consumption,-0.5
2025-12-08,M11,OnHandSnapshot,19.61
2025-12-09,M11,Consumption,-0.57
2025-12-09,M11,OnHandSnapshot,19.05
2025-12-10,M11,Consumption,-0.59
2025-12-10,M11,OnHandSnapshot,18.46
2025-12-11,M11,Consumption,-0.69
2025-12-11,M11,OnHandSnapshot,17.77
2025-12-12,M11,Consumption,-0.82
2025-12-12,M11,OnHandSnapshot,16.95
2025-12-13,M11,Consumption,-0.64
2025-12-13,M11,OnHandSnapshot,16.31
2025-12-14,M11,Consumption,-0.68
2025-12-14,M11,OnHandSnapshot,15.62
2025-12-15,M11,Receipt,32.08
2025-12-15,M11,Consumption,-0.73
2025-12-15,M11,OnHandSnapshot,46.98
2025-12-16,M11,Consumption,-0.8
2025-12-16,M11,OnHandSnapshot,46.18
2025-12-17,M11,Consumption,-0.81
2025-12-17,M11,OnHandSnapshot,45.37
2025-12-18,M11,Consumption,-1.08
2025-12-18,M11,OnHandSnapshot,44.29
2025-12-19,M11,Consumption,-1.32
2025-12-19,M11,OnHandSnapshot,42.97
2025-12-20,M11,Consumption,-0.89
2025-12-20,M11,OnHandSnapshot,42.08
2025-12-21,M11,Consumption,-1.09
2025-12-21,M11,OnHandSnapshot,40.99
2025-12-22,M11,Consumption,-0.98
2025-12-22,M11,OnHandSnapshot,40.01
2025-12-23,M11,Consumption,-0.99
2025-12-23,M11,OnHandSnapshot,39.02
2025-12-24,M11,Consumption,-0.92
2025-12-24,M11,OnHandSnapshot,38.1
2025-12-25,M11,Consumption,-1.0
2025-12-25,M11,OnHandSnapshot,37.11
2025-12-26,M11,Consumption,-1.08
2025-12-26,M11,OnHandSnapshot,36.03
2025-12-27,M11,Consumption,-0.73
2025-12-27,M11,OnHandSnapshot,35.29
2025-12-28,M11,Consumption,-0.7
2025-12-28,M11,OnHandSnapshot,34.6
2025-12-29,M11,Consumption,-0.62
2025-12-29,M11,OnHandSnapshot,33.98
2025-12-30,M11,Consumption,-0.63
2025-12-30,M11,OnHandSnapshot,33.34
2025-12-31,M11,Consumption,-0.59
2025-12-31,M11,OnHandSnapshot,32.75
2024-01-01,M12,Consumption,-0.35
2024-01-01,M12,OnHandSnapshot,5.15
2024-01-02,M12,Consumption,-0.35
2024-01-02,M12,OnHandSnapshot,4.8
2024-01-03,M12,Consumption,-0.37
2024-01-03,M12,OnHandSnapshot,4.43
2024-01-04,M12,Consumption,-0.39
2024-01-04,M12,OnHandSnapshot,4.04
2024-01-05,M12,Consumption,-0.5
2024-01-05,M12,OnHandSnapshot,3.53
2024-01-06,M12,Consumption,-0.34
2024-01-06,M12,OnHandSnapshot,3.2
2024-01-07,M12,Consumption,-0.35
2024-01-07,M12,OnHandSnapshot,2.85
2024-01-08,M12,Consumption,-0.37
2024-01-08,M12,OnHandSnapshot,2.47
2024-01-09,M12,Consumption,-0.35
2024-01-09,M12,OnHandSnapshot,2.12
2024-01-10,M12,Consumption,-0.36
2024-01-10,M12,OnHandSnapshot,1.76
2024-01-11,M12,Consumption,-0.4
2024-01-11,M12,OnHandSnapshot,1.37
2024-01-12,M12,Receipt,18.56
2024-01-12,M12,Consumption,-0.45
2024-01-12,M12,OnHandSnapshot,19.48
2024-01-13,M12,Consumption,-0.34
2024-01-13,M12,OnHandSnapshot,19.14
2024-01-14,M12,Consumption,-0.35
2024-01-14,M12,OnHandSnapshot,18.79
2024-01-15,M12,Consumption,-0.36
2024-01-15,M12,OnHandSnapshot,18.43
2024-01-16,M12,Consumption,-0.33
2024-01-16,M12,OnHandSnapshot,18.1
2024-01-17,M12,Consumption,-0.34
2024-01-17,M12,OnHandSnapshot,17.76
2024-01-18,M12,Consumption,-0.39
2024-01-18,M12,OnHandSnapshot,17.37
2024-01-19,M12,Consumption,-0.48
2024-01-19,M12,OnHandSnapshot,16.89
2024-01-20,M12,Consumption,-0.36
2024-01-20,M12,OnHandSnapshot,16.53
2024-01-21,M12,Consumption,-0.32
2024-01-21,M12,OnHandSnapshot,16.21
2024-01-22,M12,Consumption,-0.32
2024-01-22,M12,OnHandSnapshot,15.89
2024-01-23,M12,Consumption,-0.36
2024-01-23,M12,OnHandSnapshot,15.53
2024-01-24,M12,Consumption,-0.35
2024-01-24,M12,OnHandSnapshot,15.18
2024-01-25,M12,Consumption,-0.4
2024-01-25,M12,OnHandSnapshot,14.78
2024-01-26,M12,Consumption,-0.49
2024-01-26,M12,OnHandSnapshot,14.29
2024-01-27,M12,Consumption,-0.38
2024-01-27,M12,OnHandSnapshot,13.92
2024-01-28,M12,Consumption,-0.36
2024-01-28,M12,OnHandSnapshot,13.56
2024-01-29,M12,Consumption,-0.37
2024-01-29,M12,OnHandSnapshot,13.19
2024-01-30,M12,Consumption,-0.37
2024-01-30,M12,OnHandSnapshot,12.82
2024-01-31,M12,Consumption,-0.34
2024-01-31,M12,OnHandSnapshot,12.48
2024-02-01,M12,Consumption,-0.4
2024-02-01,M12,OnHandSnapshot,12.08
2024-02-02,M12,Consumption,-0.47
2024-02-02,M12,OnHandSnapshot,11.61
2024-02-03,M12,Consumption,-0.35
2024-02-03,M12,OnHandSnapshot,11.26
2024-02-04,M12,Consumption,-0.34
2024-02-04,M12,OnHandSnapshot,10.92
2024-02-05,M12,Consumption,-0.36
2024-02-05,M12,OnHandSnapshot,10.56
2024-02-06,M12,Consumption,-0.34
2024-02-06,M12,OnHandSnapshot,10.22
2024-02-07,M12,Consumption,-0.33
2024-02-07,M12,OnHandSnapshot,9.89
2024-02-08,M12,Consumption,-0.43
2024-02-08,M12,OnHandSnapshot,9.47
2024-02-09,M12,Consumption,-0.45
2024-02-09,M12,OnHandSnapshot,9.02
2024-02-10,M12,Consumption,-0.33
2024-02-10,M12,OnHandSnapshot,8.69
2024-02-11,M12,Consumption,-0.34
2024-02-11,M12,OnHandSnapshot,8.35
2024-02-12,M12,Consumption,-0.35
2024-02-12,M12,OnHandSnapshot,7.99
2024-02-13,M12,Consumption,-0.34
2024-02-13,M12,OnHandSnapshot,7.65
2024-02-14,M12,Consumption,-0.37
2024-02-14,M12,OnHandSnapshot,7.28
2024-02-15,M12,Consumption,-0.42
2024-02-15,M12,OnHandSnapshot,6.86
2024-02-16,M12,Consumption,-0.47
2024-02-16,M12,OnHandSnapshot,6.39
2024-02-17,M12,Consumption,-0.34
2024-02-17,M12,OnHandSnapshot,6.05
2024-02-18,M12,Receipt,18.56
2024-02-18,M12,Consumption,-0.34
2024-02-18,M12,OnHandSnapshot,24.27
2024-02-19,M12,Consumption,-0.36
2024-02-19,M12,OnHandSnapshot,23.92
2024-02-20,M12,Consumption,-0.35
2024-02-20,M12,OnHandSnapshot,23.57
2024-02-21,M12,Consumption,-0.34
2024-02-21,M12,OnHandSnapshot,23.23
2024-02-22,M12,Consumption,-0.4
2024-02-22,M12,OnHandSnapshot,22.83
2024-02-23,M12,Consumption,-0.49
2024-02-23,M12,OnHandSnapshot,22.34
2024-02-24,M12,Consumption,-0.32
2024-02-24,M12,OnHandSnapshot,22.01
2024-02-25,M12,Consumption,-0.37
2024-02-25,M12,OnHandSnapshot,21.64
2024-02-26,M12,Consumption,-0.38
2024-02-26,M12,OnHandSnapshot,21.26
2024-02-27,M12,Consumption,-0.37
2024-02-27,M12,OnHandSnapshot,20.89
2024-02-28,M12,Consumption,-0.35
2024-02-28,M12,OnHandSnapshot,20.54
2024-02-29,M12,Consumption,-0.39
2024-02-29,M12,OnHandSnapshot,20.16
2024-03-01,M12,Consumption,-0.45
2024-03-01,M12,OnHandSnapshot,19.71
2024-03-02,M12,Consumption,-0.44
2024-03-02,M12,OnHandSnapshot,19.27
2024-03-03,M12,Consumption,-0.54
2024-03-03,M12,OnHandSnapshot,18.73
2024-03-04,M12,Consumption,-0.53
2024-03-04,M12,OnHandSnapshot,18.2
2024-03-05,M12,Consumption,-0.57
2024-03-05,M12,OnHandSnapshot,17.63
2024-03-06,M12,Consumption,-0.64
2024-03-06,M12,OnHandSnapshot,16.99
2024-03-07,M12,Consumption,-0.89
2024-03-07,M12,OnHandSnapshot,16.11
2024-03-08,M12,Consumption,-1.06
2024-03-08,M12,OnHandSnapshot,15.04
2024-03-09,M12,Consumption,-0.93
2024-03-09,M12,OnHandSnapshot,14.12
2024-03-10,M12,Consumption,-1.07
2024-03-10,M12,OnHandSnapshot,13.05
2024-03-11,M12,Consumption,-1.1
2024-03-11,M12,OnHandSnapshot,11.95
2024-03-12,M12,Consumption,-1.2
2024-03-12,M12,OnHandSnapshot,10.75
2024-03-13,M12,Consumption,-1.35
2024-03-13,M12,OnHandSnapshot,9.41
2024-03-14,M12,Consumption,-1.74
2024-03-14,M12,OnHandSnapshot,7.67
2024-03-15,M12,Consumption,-2.13
2024-03-15,M12,OnHandSnapshot,5.54
2024-03-16,M12,Consumption,-1.54
2024-03-16,M12,OnHandSnapshot,4.0
2024-03-17,M12,Consumption,-1.69
2024-03-17,M12,OnHandSnapshot,2.31
2024-03-18,M12,Consumption,-1.71
2024-03-18,M12,OnHandSnapshot,0.6
2024-03-19,M12,Consumption,-1.91
2024-03-19,M12,OnHandSnapshot,-1.31
2024-03-20,M12,Consumption,-1.78
2024-03-20,M12,OnHandSnapshot,-3.09
2024-03-21,M12,Consumption,-0.45
2024-03-21,M12,OnHandSnapshot,-3.53
2024-03-22,M12,Consumption,-0.53
2024-03-22,M12,OnHandSnapshot,-4.07
2024-03-23,M12,Consumption,-0.38
2024-03-23,M12,OnHandSnapshot,-4.44
2024-03-24,M12,Receipt,18.56
2024-03-24,M12,Consumption,-0.39
2024-03-24,M12,OnHandSnapshot,13.73
2024-03-25,M12,Consumption,-0.37
2024-03-25,M12,OnHandSnapshot,13.36
2024-03-26,M12,Consumption,-0.38
2024-03-26,M12,OnHandSnapshot,12.98
2024-03-27,M12,Consumption,-0.39
2024-03-27,M12,OnHandSnapshot,12.59
2024-03-28,M12,Consumption,-0.46
2024-03-28,M12,OnHandSnapshot,12.13
2024-03-29,M12,Consumption,-0.53
2024-03-29,M12,OnHandSnapshot,11.59
2024-03-30,M12,Consumption,-0.33
2024-03-30,M12,OnHandSnapshot,11.26
2024-03-31,M12,Consumption,-0.38
2024-03-31,M12,OnHandSnapshot,10.88
2024-04-01,M12,Consumption,-0.38
2024-04-01,M12,OnHandSnapshot,10.5
2024-04-02,M12,Consumption,-0.38
2024-04-02,M12,OnHandSnapshot,10.12
2024-04-03,M12,Consumption,-0.37
2024-04-03,M12,OnHandSnapshot,9.76
2024-04-04,M12,Consumption,-0.44
2024-04-04,M12,OnHandSnapshot,9.32
2024-04-05,M12,Consumption,-0.53
2024-04-05,M12,OnHandSnapshot,8.79
2024-04-06,M12,Consumption,-0.34
2024-04-06,M12,OnHandSnapshot,8.45
2024-04-07,M12,Consumption,-0.39
2024-04-07,M12,OnHandSnapshot,8.06
2024-04-08,M12,Receipt,18.56
2024-04-08,M12,Consumption,-0.39
2024-04-08,M12,OnHandSnapshot,26.23
2024-04-09,M12,Consumption,-0.38
2024-04-09,M12,OnHandSnapshot,25.85
2024-04-10,M12,Consumption,-0.38
2024-04-10,M12,OnHandSnapshot,25.47
2024-04-11,M12,Consumption,-0.41
2024-04-11,M12,OnHandSnapshot,25.06
2024-04-12,M12,Consumption,-0.49
2024-04-12,M12,OnHandSnapshot,24.57
2024-04-13,M12,Consumption,-0.36
2024-04-13,M12,OnHandSnapshot,24.21
2024-04-14,M12,Consumption,-0.36
2024-04-14,M12,OnHandSnapshot,23.85
2024-04-15,M12,Consumption,-0.35
2024-04-15,M12,OnHandSnapshot,23.5
2024-04-16,M12,Consumption,-0.34
2024-04-16,M12,OnHandSnapshot,23.16
2024-04-17,M12,Consumption,-0.35
2024-04-17,M12,OnHandSnapshot,22.81
2024-04-18,M12,Consumption,-0.4
2024-04-18,M12,OnHandSnapshot,22.41
2024-04-19,M12,Consumption,-0.46
2024-04-19,M12,OnHandSnapshot,21.95
2024-04-20,M12,Consumption,-0.37
2024-04-20,M12,OnHandSnapshot,21.58
2024-04-21,M12,Consumption,-0.37
2024-04-21,M12,OnHandSnapshot,21.21
2024-04-22,M12,Consumption,-0.37
2024-04-22,M12,OnHandSnapshot,20.85
2024-04-23,M12,Consumption,-0.36
2024-04-23,M12,OnHandSnapshot,20.48
2024-04-24,M12,Consumption,-0.35
2024-04-24,M12,OnHandSnapshot,20.13
2024-04-25,M12,Consumption,-0.4
2024-04-25,M12,OnHandSnapshot,19.73
2024-04-26,M12,Consumption,-0.5
2024-04-26,M12,OnHandSnapshot,19.23
2024-04-27,M12,Consumption,-0.31
2024-04-27,M12,OnHandSnapshot,18.92
2024-04-28,M12,Consumption,-0.36
2024-04-28,M12,OnHandSnapshot,18.57
2024-04-29,M12,Consumption,-0.35
2024-04-29,M12,OnHandSnapshot,18.22
2024-04-30,M12,Consumption,-0.36
2024-04-30,M12,OnHandSnapshot,17.86
2024-05-01,M12,Consumption,-0.33
2024-05-01,M12,OnHandSnapshot,17.52
2024-05-02,M12,Consumption,-0.43
2024-05-02,M12,OnHandSnapshot,17.09
2024-05-03,M12,Consumption,-0.48
2024-05-03,M12,OnHandSnapshot,16.61
2024-05-04,M12,Consumption,-0.36
2024-05-04,M12,OnHandSnapshot,16.25
2024-05-05,M12,Consumption,-0.37
2024-05-05,M12,OnHandSnapshot,15.88
2024-05-06,M12,Consumption,-0.35
2024-05-06,M12,OnHandSnapshot,15.53
2024-05-07,M12,Consumption,-0.38
2024-05-07,M12,OnHandSnapshot,15.16
2024-05-08,M12,Consumption,-0.36
2024-05-08,M12,OnHandSnapshot,14.8
2024-05-09,M12,Consumption,-0.41
2024-05-09,M12,OnHandSnapshot,14.38
2024-05-10,M12,Consumption,-0.47
2024-05-10,M12,OnHandSnapshot,13.92
2024-05-11,M12,Consumption,-0.34
2024-05-11,M12,OnHandSnapshot,13.58
2024-05-12,M12,Consumption,-0.36
2024-05-12,M12,OnHandSnapshot,13.21
2024-05-13,M12,Consumption,-0.36
2024-05-13,M12,OnHandSnapshot,12.86
2024-05-14,M12,Consumption,-0.34
2024-05-14,M12,OnHandSnapshot,12.52
2024-05-15,M12,Consumption,-0.34
2024-05-15,M12,OnHandSnapshot,12.19
2024-05-16,M12,Consumption,-0.39
2024-05-16,M12,OnHandSnapshot,11.8
2024-05-17,M12,Consumption,-0.46
2024-05-17,M12,OnHandSnapshot,11.34
2024-05-18,M12,Consumption,-0.34
2024-05-18,M12,OnHandSnapshot,11.0
2024-05-19,M12,Consumption,-0.33
2024-05-19,M12,OnHandSnapshot,10.67
2024-05-20,M12,Consumption,-0.35
2024-05-20,M12,OnHandSnapshot,10.32
2024-05-21,M12,Consumption,-0.39
2024-05-21,M12,OnHandSnapshot,9.93
2024-05-22,M12,Consumption,-0.36
2024-05-22,M12,OnHandSnapshot,9.57
2024-05-23,M12,Consumption,-0.39
2024-05-23,M12,OnHandSnapshot,9.18
2024-05-24,M12,Consumption,-0.48
2024-05-24,M12,OnHandSnapshot,8.69
2024-05-25,M12,Consumption,-0.32
2024-05-25,M12,OnHandSnapshot,8.37
2024-05-26,M12,Consumption,-0.34
2024-05-26,M12,OnHandSnapshot,8.03
2024-05-27,M12,Receipt,18.56
2024-05-27,M12,Consumption,-0.35
2024-05-27,M12,OnHandSnapshot,26.25
2024-05-28,M12,Consumption,-0.39
2024-05-28,M12,OnHandSnapshot,25.85
2024-05-29,M12,Consumption,-0.34
2024-05-29,M12,OnHandSnapshot,25.51
2024-05-30,M12,Consumption,-0.4
2024-05-30,M12,OnHandSnapshot,25.11
2024-05-31,M12,Consumption,-0.46
2024-05-31,M12,OnHandSnapshot,24.66
2024-06-01,M12,Consumption,-0.35
2024-06-01,M12,OnHandSnapshot,24.3
2024-06-02,M12,Consumption,-0.37
2024-06-02,M12,OnHandSnapshot,23.93
2024-06-03,M12,Consumption,-0.37
2024-06-03,M12,OnHandSnapshot,23.56
2024-06-04,M12,Consumption,-0.34
2024-06-04,M12,OnHandSnapshot,23.22
2024-06-05,M12,Consumption,-0.35
2024-06-05,M12,OnHandSnapshot,22.87
2024-06-06,M12,Consumption,-0.43
2024-06-06,M12,OnHandSnapshot,22.45
2024-06-07,M12,Consumption,-0.48
2024-06-07,M12,OnHandSnapshot,21.97
2024-06-08,M12,Consumption,-0.34
2024-06-08,M12,OnHandSnapshot,21.63
2024-06-09,M12,Consumption,-0.38
2024-06-09,M12,OnHandSnapshot,21.25
2024-06-10,M12,Consumption,-0.41
2024-06-10,M12,OnHandSnapshot,20.85
2024-06-11,M12,Consumption,-0.36
2024-06-11,M12,OnHandSnapshot,20.49
2024-06-12,M12,Consumption,-0.4
2024-06-12,M12,OnHandSnapshot,20.09
2024-06-13,M12,Consumption,-0.43
2024-06-13,M12,OnHandSnapshot,19.66
2024-06-14,M12,Consumption,-0.48
2024-06-14,M12,OnHandSnapshot,19.18
2024-06-15,M12,Consumption,-0.35
2024-06-15,M12,OnHandSnapshot,18.83
2024-06-16,M12,Consumption,-0.38
2024-06-16,M12,OnHandSnapshot,18.45
2024-06-17,M12,Consumption,-0.37
2024-06-17,M12,OnHandSnapshot,18.08
2024-06-18,M12,Consumption,-0.41
2024-06-18,M12,OnHandSnapshot,17.66
2024-06-19,M12,Consumption,-0.41
2024-06-19,M12,OnHandSnapshot,17.25
2024-06-20,M12,Consumption,-0.45
2024-06-20,M12,OnHandSnapshot,16.81
2024-06-21,M12,Consumption,-0.5
2024-06-21,M12,OnHandSnapshot,16.31
2024-06-22,M12,Consumption,-0.32
2024-06-22,M12,OnHandSnapshot,15.99
2024-06-23,M12,Consumption,-0.38
2024-06-23,M12,OnHandSnapshot,15.61
2024-06-24,M12,Consumption,-0.4
2024-06-24,M12,OnHandSnapshot,15.21
2024-06-25,M12,Consumption,-0.39
2024-06-25,M12,OnHandSnapshot,14.81
2024-06-26,M12,Consumption,-0.38
2024-06-26,M12,OnHandSnapshot,14.44
2024-06-27,M12,Consumption,-0.41
2024-06-27,M12,OnHandSnapshot,14.03
2024-06-28,M12,Consumption,-0.5
2024-06-28,M12,OnHandSnapshot,13.53
2024-06-29,M12,Consumption,-0.37
2024-06-29,M12,OnHandSnapshot,13.16
2024-06-30,M12,Consumption,-0.39
2024-06-30,M12,OnHandSnapshot,12.77
2024-07-01,M12,Consumption,-0.36
2024-07-01,M12,OnHandSnapshot,12.42
2024-07-02,M12,Consumption,-0.35
2024-07-02,M12,OnHandSnapshot,12.07
2024-07-03,M12,Consumption,-0.36
2024-07-03,M12,OnHandSnapshot,11.71
2024-07-04,M12,Consumption,-0.41
2024-07-04,M12,OnHandSnapshot,11.3
2024-07-05,M12,Consumption,-0.48
2024-07-05,M12,OnHandSnapshot,10.82
2024-07-06,M12,Consumption,-0.34
2024-07-06,M12,OnHandSnapshot,10.47
2024-07-07,M12,Consumption,-0.38
2024-07-07,M12,OnHandSnapshot,10.1
2024-07-08,M12,Consumption,-0.36
2024-07-08,M12,OnHandSnapshot,9.73
2024-07-09,M12,Consumption,-0.36
2024-07-09,M12,OnHandSnapshot,9.37
2024-07-10,M12,Consumption,-0.36
2024-07-10,M12,OnHandSnapshot,9.01
2024-07-11,M12,Consumption,-0.38
2024-07-11,M12,OnHandSnapshot,8.63
2024-07-12,M12,Consumption,-0.51
2024-07-12,M12,OnHandSnapshot,8.12
2024-07-13,M12,Consumption,-0.35
2024-07-13,M12,OnHandSnapshot,7.78
2024-07-14,M12,Receipt,18.56
2024-07-14,M12,Consumption,-0.36
2024-07-14,M12,OnHandSnapshot,25.97
2024-07-15,M12,Consumption,-0.39
2024-07-15,M12,OnHandSnapshot,25.58
2024-07-16,M12,Consumption,-0.39
2024-07-16,M12,OnHandSnapshot,25.19
2024-07-17,M12,Consumption,-0.37
2024-07-17,M12,OnHandSnapshot,24.82
2024-07-18,M12,Consumption,-0.46
2024-07-18,M12,OnHandSnapshot,24.36
2024-07-19,M12,Consumption,-0.55
2024-07-19,M12,OnHandSnapshot,23.81
2024-07-20,M12,Consumption,-0.34
2024-07-20,M12,OnHandSnapshot,23.47
2024-07-21,M12,Consumption,-0.37
2024-07-21,M12,OnHandSnapshot,23.09
2024-07-22,M12,Consumption,-0.37
2024-07-22,M12,OnHandSnapshot,22.73
2024-07-23,M12,Consumption,-0.38
2024-07-23,M12,OnHandSnapshot,22.34
2024-07-24,M12,Consumption,-0.38
2024-07-24,M12,OnHandSnapshot,21.97
2024-07-25,M12,Consumption,-0.44
2024-07-25,M12,OnHandSnapshot,21.52
2024-07-26,M12,Consumption,-0.53
2024-07-26,M12,OnHandSnapshot,20.99
2024-07-27,M12,Consumption,-0.34
2024-07-27,M12,OnHandSnapshot,20.65
2024-07-28,M12,Consumption,-0.36
2024-07-28,M12,OnHandSnapshot,20.29
2024-07-29,M12,Consumption,-0.36
2024-07-29,M12,OnHandSnapshot,19.93
2024-07-30,M12,Consumption,-0.35
2024-07-30,M12,OnHandSnapshot,19.58
2024-07-31,M12,Consumption,-0.38
2024-07-31,M12,OnHandSnapshot,19.21
2024-08-01,M12,Consumption,-0.43
2024-08-01,M12,OnHandSnapshot,18.78
2024-08-02,M12,Consumption,-0.48
2024-08-02,M12,OnHandSnapshot,18.3
2024-08-03,M12,Consumption,-0.38
2024-08-03,M12,OnHandSnapshot,17.91
2024-08-04,M12,Consumption,-0.38
2024-08-04,M12,OnHandSnapshot,17.53
2024-08-05,M12,Consumption,-0.34
2024-08-05,M12,OnHandSnapshot,17.19
2024-08-06,M12,Consumption,-0.36
2024-08-06,M12,OnHandSnapshot,16.83
2024-08-07,M12,Consumption,-0.36
2024-08-07,M12,OnHandSnapshot,16.47
2024-08-08,M12,Consumption,-0.43
2024-08-08,M12,OnHandSnapshot,16.04
2024-08-09,M12,Consumption,-0.49
2024-08-09,M12,OnHandSnapshot,15.54
2024-08-10,M12,Consumption,-0.37
2024-08-10,M12,OnHandSnapshot,15.18
2024-08-11,M12,Consumption,-0.41
2024-08-11,M12,OnHandSnapshot,14.77
2024-08-12,M12,Consumption,-0.34
2024-08-12,M12,OnHandSnapshot,14.43
2024-08-13,M12,Consumption,-0.35
2024-08-13,M12,OnHandSnapshot,14.09
2024-08-14,M12,Consumption,-0.37
2024-08-14,M12,OnHandSnapshot,13.71
2024-08-15,M12,Consumption,-0.43
2024-08-15,M12,OnHandSnapshot,13.29
2024-08-16,M12,Consumption,-0.5
2024-08-16,M12,OnHandSnapshot,12.79
2024-08-17,M12,Consumption,-0.37
2024-08-17,M12,OnHandSnapshot,12.41
2024-08-18,M12,Consumption,-0.37
2024-08-18,M12,OnHandSnapshot,12.04
2024-08-19,M12,Consumption,-0.38
2024-08-19,M12,OnHandSnapshot,11.66
2024-08-20,M12,Consumption,-0.38
2024-08-20,M12,OnHandSnapshot,11.28
2024-08-21,M12,Consumption,-0.37
2024-08-21,M12,OnHandSnapshot,10.91
2024-08-22,M12,Consumption,-0.43
2024-08-22,M12,OnHandSnapshot,10.48
2024-08-23,M12,Consumption,-0.5
2024-08-23,M12,OnHandSnapshot,9.99
2024-08-24,M12,Consumption,-0.36
2024-08-24,M12,OnHandSnapshot,9.63
2024-08-25,M12,Consumption,-0.41
2024-08-25,M12,OnHandSnapshot,9.22
2024-08-26,M12,Consumption,-0.38
2024-08-26,M12,OnHandSnapshot,8.84
2024-08-27,M12,Consumption,-0.39
2024-08-27,M12,OnHandSnapshot,8.45
2024-08-28,M12,Consumption,-0.35
2024-08-28,M12,OnHandSnapshot,8.1
2024-08-29,M12,Consumption,-0.43
2024-08-29,M12,OnHandSnapshot,7.67
2024-08-30,M12,Consumption,-0.51
2024-08-30,M12,OnHandSnapshot,7.16
2024-08-31,M12,Receipt,18.56
2024-08-31,M12,Consumption,-0.37
2024-08-31,M12,OnHandSnapshot,25.35
2024-09-01,M12,Consumption,-0.37
2024-09-01,M12,OnHandSnapshot,24.98
2024-09-02,M12,Consumption,-0.4
2024-09-02,M12,OnHandSnapshot,24.58
2024-09-03,M12,Consumption,-0.35
2024-09-03,M12,OnHandSnapshot,24.23
2024-09-04,M12,Consumption,-0.36
2024-09-04,M12,OnHandSnapshot,23.87
2024-09-05,M12,Consumption,-0.42
2024-09-05,M12,OnHandSnapshot,23.45
2024-09-06,M12,Consumption,-0.49
2024-09-06,M12,OnHandSnapshot,22.96
2024-09-07,M12,Consumption,-0.33
2024-09-07,M12,OnHandSnapshot,22.63
2024-09-08,M12,Consumption,-0.37
2024-09-08,M12,OnHandSnapshot,22.27
2024-09-09,M12,Consumption,-0.36
2024-09-09,M12,OnHandSnapshot,21.91
2024-09-10,M12,Consumption,-0.35
2024-09-10,M12,OnHandSnapshot,21.56
2024-09-11,M12,Consumption,-0.35
2024-09-11,M12,OnHandSnapshot,21.21
2024-09-12,M12,Consumption,-0.42
2024-09-12,M12,OnHandSnapshot,20.79
2024-09-13,M12,Consumption,-0.5
2024-09-13,M12,OnHandSnapshot,20.29
2024-09-14,M12,Consumption,-0.35
2024-09-14,M12,OnHandSnapshot,19.94
2024-09-15,M12,Consumption,-0.37
2024-09-15,M12,OnHandSnapshot,19.56
2024-09-16,M12,Consumption,-0.44
2024-09-16,M12,OnHandSnapshot,19.12
2024-09-17,M12,Consumption,-0.37
2024-09-17,M12,OnHandSnapshot,18.75
2024-09-18,M12,Consumption,-0.38
2024-09-18,M12,OnHandSnapshot,18.37
2024-09-19,M12,Consumption,-0.45
2024-09-19,M12,OnHandSnapshot,17.93
2024-09-20,M12,Consumption,-0.59
2024-09-20,M12,OnHandSnapshot,17.33
2024-09-21,M12,Consumption,-0.37
2024-09-21,M12,OnHandSnapshot,16.96
2024-09-22,M12,Consumption,-0.36
2024-09-22,M12,OnHandSnapshot,16.6
2024-09-23,M12,Consumption,-0.39
2024-09-23,M12,OnHandSnapshot,16.21
2024-09-24,M12,Consumption,-0.39
2024-09-24,M12,OnHandSnapshot,15.82
2024-09-25,M12,Consumption,-0.41
2024-09-25,M12,OnHandSnapshot,15.42
2024-09-26,M12,Consumption,-0.44
2024-09-26,M12,OnHandSnapshot,14.98
2024-09-27,M12,Consumption,-0.53
2024-09-27,M12,OnHandSnapshot,14.46
2024-09-28,M12,Consumption,-0.37
2024-09-28,M12,OnHandSnapshot,14.08
2024-09-29,M12,Consumption,-0.4
2024-09-29,M12,OnHandSnapshot,13.68
2024-09-30,M12,Consumption,-0.41
2024-09-30,M12,OnHandSnapshot,13.27
2024-10-01,M12,Consumption,-0.4
2024-10-01,M12,OnHandSnapshot,12.87
2024-10-02,M12,Consumption,-0.39
2024-10-02,M12,OnHandSnapshot,12.48
2024-10-03,M12,Consumption,-0.47
2024-10-03,M12,OnHandSnapshot,12.01
2024-10-04,M12,Consumption,-0.51
2024-10-04,M12,OnHandSnapshot,11.5
2024-10-05,M12,Consumption,-0.41
2024-10-05,M12,OnHandSnapshot,11.09
2024-10-06,M12,Consumption,-0.41
2024-10-06,M12,OnHandSnapshot,10.68
2024-10-07,M12,Consumption,-0.38
2024-10-07,M12,OnHandSnapshot,10.3
2024-10-08,M12,Consumption,-0.4
2024-10-08,M12,OnHandSnapshot,9.9
2024-10-09,M12,Consumption,-0.4
2024-10-09,M12,OnHandSnapshot,9.51
2024-10-10,M12,Consumption,-0.45
2024-10-10,M12,OnHandSnapshot,9.06
2024-10-11,M12,Consumption,-0.5
2024-10-11,M12,OnHandSnapshot,8.55
2024-10-12,M12,Consumption,-0.37
2024-10-12,M12,OnHandSnapshot,8.18
2024-10-13,M12,Consumption,-0.35
2024-10-13,M12,OnHandSnapshot,7.83
2024-10-14,M12,Consumption,-0.35
2024-10-14,M12,OnHandSnapshot,7.47
2024-10-15,M12,Receipt,18.56
2024-10-15,M12,Consumption,-0.36
2024-10-15,M12,OnHandSnapshot,25.68
2024-10-16,M12,Consumption,-0.37
2024-10-16,M12,OnHandSnapshot,25.3
2024-10-17,M12,Consumption,-0.44
2024-10-17,M12,OnHandSnapshot,24.86
2024-10-18,M12,Consumption,-0.49
2024-10-18,M12,OnHandSnapshot,24.38
2024-10-19,M12,Consumption,-0.35
2024-10-19,M12,OnHandSnapshot,24.02
2024-10-20,M12,Consumption,-0.35
2024-10-20,M12,OnHandSnapshot,23.67
2024-10-21,M12,Consumption,-0.37
2024-10-21,M12,OnHandSnapshot,23.3
2024-10-22,M12,Consumption,-0.36
2024-10-22,M12,OnHandSnapshot,22.94
2024-10-23,M12,Consumption,-0.38
2024-10-23,M12,OnHandSnapshot,22.55
2024-10-24,M12,Consumption,-0.44
2024-10-24,M12,OnHandSnapshot,22.11
2024-10-25,M12,Consumption,-0.52
2024-10-25,M12,OnHandSnapshot,21.59
2024-10-26,M12,Consumption,-0.34
2024-10-26,M12,OnHandSnapshot,21.25
2024-10-27,M12,Consumption,-0.37
2024-10-27,M12,OnHandSnapshot,20.88
2024-10-28,M12,Consumption,-0.39
2024-10-28,M12,OnHandSnapshot,20.49
2024-10-29,M12,Consumption,-0.39
2024-10-29,M12,OnHandSnapshot,20.09
2024-10-30,M12,Consumption,-0.35
2024-10-30,M12,OnHandSnapshot,19.74
2024-10-31,M12,Consumption,-0.41
2024-10-31,M12,OnHandSnapshot,19.33
2024-11-01,M12,Consumption,-0.49
2024-11-01,M12,OnHandSnapshot,18.84
2024-11-02,M12,Consumption,-0.35
2024-11-02,M12,OnHandSnapshot,18.49
2024-11-03,M12,Consumption,-0.37
2024-11-03,M12,OnHandSnapshot,18.12
2024-11-04,M12,Consumption,-0.35
2024-11-04,M12,OnHandSnapshot,17.78
2024-11-05,M12,Consumption,-0.38
2024-11-05,M12,OnHandSnapshot,17.4
2024-11-06,M12,Consumption,-0.4
2024-11-06,M12,OnHandSnapshot,17.0
2024-11-07,M12,Consumption,-0.38
2024-11-07,M12,OnHandSnapshot,16.62
2024-11-08,M12,Consumption,-0.5
2024-11-08,M12,OnHandSnapshot,16.11
2024-11-09,M12,Consumption,-0.36
2024-11-09,M12,OnHandSnapshot,15.76
2024-11-10,M12,Consumption,-0.38
2024-11-10,M12,OnHandSnapshot,15.38
2024-11-11,M12,Consumption,-0.41
2024-11-11,M12,OnHandSnapshot,14.97
2024-11-12,M12,Consumption,-0.35
2024-11-12,M12,OnHandSnapshot,14.61
2024-11-13,M12,Consumption,-0.36
2024-11-13,M12,OnHandSnapshot,14.26
2024-11-14,M12,Consumption,-0.42
2024-11-14,M12,OnHandSnapshot,13.84
2024-11-15,M12,Consumption,-0.5
2024-11-15,M12,OnHandSnapshot,13.34
2024-11-16,M12,Consumption,-0.36
2024-11-16,M12,OnHandSnapshot,12.98
2024-11-17,M12,Consumption,-0.39
2024-11-17,M12,OnHandSnapshot,12.59
2024-11-18,M12,Consumption,-0.35
2024-11-18,M12,OnHandSnapshot,12.23
2024-11-19,M12,Consumption,-0.38
2024-11-19,M12,OnHandSnapshot,11.85
2024-11-20,M12,Consumption,-0.4
2024-11-20,M12,OnHandSnapshot,11.45
2024-11-21,M12,Consumption,-0.42
2024-11-21,M12,OnHandSnapshot,11.03
2024-11-22,M12,Consumption,-0.51
2024-11-22,M12,OnHandSnapshot,10.52
2024-11-23,M12,Consumption,-0.34
2024-11-23,M12,OnHandSnapshot,10.18
2024-11-24,M12,Consumption,-0.37
2024-11-24,M12,OnHandSnapshot,9.81
2024-11-25,M12,Consumption,-0.37
2024-11-25,M12,OnHandSnapshot,9.44
2024-11-26,M12,Consumption,-0.37
2024-11-26,M12,OnHandSnapshot,9.07
2024-11-27,M12,Receipt,18.56
2024-11-27,M12,Consumption,-0.39
2024-11-27,M12,OnHandSnapshot,27.23
2024-11-28,M12,Consumption,-0.43
2024-11-28,M12,OnHandSnapshot,26.81
2024-11-29,M12,Consumption,-0.49
2024-11-29,M12,OnHandSnapshot,26.32
2024-11-30,M12,Consumption,-0.38
2024-11-30,M12,OnHandSnapshot,25.94
2024-12-01,M12,Consumption,-0.34
2024-12-01,M12,OnHandSnapshot,25.61
2024-12-02,M12,Consumption,-0.35
2024-12-02,M12,OnHandSnapshot,25.25
2024-12-03,M12,Consumption,-0.38
2024-12-03,M12,OnHandSnapshot,24.88
2024-12-04,M12,Consumption,-0.39
2024-12-04,M12,OnHandSnapshot,24.48
2024-12-05,M12,Consumption,-0.44
2024-12-05,M12,OnHandSnapshot,24.04
2024-12-06,M12,Consumption,-0.56
2024-12-06,M12,OnHandSnapshot,23.48
2024-12-07,M12,Consumption,-0.36
2024-12-07,M12,OnHandSnapshot,23.12
2024-12-08,M12,Consumption,-0.38
2024-12-08,M12,OnHandSnapshot,22.75
2024-12-09,M12,Consumption,-0.35
2024-12-09,M12,OnHandSnapshot,22.4
2024-12-10,M12,Consumption,-0.35
2024-12-10,M12,OnHandSnapshot,22.05
2024-12-11,M12,Consumption,-0.4
2024-12-11,M12,OnHandSnapshot,21.65
2024-12-12,M12,Consumption,-0.45
2024-12-12,M12,OnHandSnapshot,21.2
2024-12-13,M12,Consumption,-0.57
2024-12-13,M12,OnHandSnapshot,20.63
2024-12-14,M12,Consumption,-0.4
2024-12-14,M12,OnHandSnapshot,20.23
2024-12-15,M12,Consumption,-0.49
2024-12-15,M12,OnHandSnapshot,19.73
2024-12-16,M12,Consumption,-0.53
2024-12-16,M12,OnHandSnapshot,19.2
2024-12-17,M12,Consumption,-0.54
2024-12-17,M12,OnHandSnapshot,18.67
2024-12-18,M12,Consumption,-0.56
2024-12-18,M12,OnHandSnapshot,18.11
2024-12-19,M12,Consumption,-0.71
2024-12-19,M12,OnHandSnapshot,17.4
2024-12-20,M12,Consumption,-0.88
2024-12-20,M12,OnHandSnapshot,16.53
2024-12-21,M12,Consumption,-0.6
2024-12-21,M12,OnHandSnapshot,15.92
2024-12-22,M12,Consumption,-0.66
2024-12-22,M12,OnHandSnapshot,15.26
2024-12-23,M12,Consumption,-0.58
2024-12-23,M12,OnHandSnapshot,14.68
2024-12-24,M12,Consumption,-0.56
2024-12-24,M12,OnHandSnapshot,14.12
2024-12-25,M12,Consumption,-0.56
2024-12-25,M12,OnHandSnapshot,13.56
2024-12-26,M12,Consumption,-0.6
2024-12-26,M12,OnHandSnapshot,12.95
2024-12-27,M12,Consumption,-0.63
2024-12-27,M12,OnHandSnapshot,12.32
2024-12-28,M12,Consumption,-0.4
2024-12-28,M12,OnHandSnapshot,11.92
2024-12-29,M12,Consumption,-0.42
2024-12-29,M12,OnHandSnapshot,11.5
2024-12-30,M12,Consumption,-0.4
2024-12-30,M12,OnHandSnapshot,11.11
2024-12-31,M12,Consumption,-0.36
2024-12-31,M12,OnHandSnapshot,10.75
2025-01-01,M12,Consumption,-0.35
2025-01-01,M12,OnHandSnapshot,10.4
2025-01-02,M12,Consumption,-0.44
2025-01-02,M12,OnHandSnapshot,9.96
2025-01-03,M12,Consumption,-0.48
2025-01-03,M12,OnHandSnapshot,9.48
2025-01-04,M12,Consumption,-0.36
2025-01-04,M12,OnHandSnapshot,9.12
2025-01-05,M12,Consumption,-0.37
2025-01-05,M12,OnHandSnapshot,8.75
2025-01-06,M12,Consumption,-0.37
2025-01-06,M12,OnHandSnapshot,8.38
2025-01-07,M12,Consumption,-0.35
2025-01-07,M12,OnHandSnapshot,8.03
2025-01-08,M12,Receipt,18.56
2025-01-08,M12,Consumption,-0.36
2025-01-08,M12,OnHandSnapshot,26.23
2025-01-09,M12,Consumption,-0.41
2025-01-09,M12,OnHandSnapshot,25.82
2025-01-10,M12,Consumption,-0.55
2025-01-10,M12,OnHandSnapshot,25.27
2025-01-11,M12,Consumption,-0.33
2025-01-11,M12,OnHandSnapshot,24.93
2025-01-12,M12,Consumption,-0.35
2025-01-12,M12,OnHandSnapshot,24.58
2025-01-13,M12,Consumption,-0.39
2025-01-13,M12,OnHandSnapshot,24.19
2025-01-14,M12,Consumption,-0.38
2025-01-14,M12,OnHandSnapshot,23.81
2025-01-15,M12,Consumption,-0.37
2025-01-15,M12,OnHandSnapshot,23.44
2025-01-16,M12,Consumption,-0.44
2025-01-16,M12,OnHandSnapshot,23.0
2025-01-17,M12,Consumption,-0.48
2025-01-17,M12,OnHandSnapshot,22.51
2025-01-18,M12,Consumption,-0.35
2025-01-18,M12,OnHandSnapshot,22.16
2025-01-19,M12,Consumption,-0.39
2025-01-19,M12,OnHandSnapshot,21.77
2025-01-20,M12,Consumption,-0.39
2025-01-20,M12,OnHandSnapshot,21.38
2025-01-21,M12,Consumption,-0.42
2025-01-21,M12,OnHandSnapshot,20.97
2025-01-22,M12,Consumption,-0.36
2025-01-22,M12,OnHandSnapshot,20.61
2025-01-23,M12,Consumption,-0.42
2025-01-23,M12,OnHandSnapshot,20.19
2025-01-24,M12,Consumption,-0.5
2025-01-24,M12,OnHandSnapshot,19.69
2025-01-25,M12,Consumption,-0.39
2025-01-25,M12,OnHandSnapshot,19.3
2025-01-26,M12,Consumption,-0.36
2025-01-26,M12,OnHandSnapshot,18.94
2025-01-27,M12,Consumption,-0.38
2025-01-27,M12,OnHandSnapshot,18.56
2025-01-28,M12,Consumption,-0.39
2025-01-28,M12,OnHandSnapshot,18.17
2025-01-29,M12,Consumption,-0.37
2025-01-29,M12,OnHandSnapshot,17.8
2025-01-30,M12,Consumption,-0.46
2025-01-30,M12,OnHandSnapshot,17.34
2025-01-31,M12,Consumption,-0.5
2025-01-31,M12,OnHandSnapshot,16.84
2025-02-01,M12,Consumption,-0.38
2025-02-01,M12,OnHandSnapshot,16.47
2025-02-02,M12,Consumption,-0.4
2025-02-02,M12,OnHandSnapshot,16.06
2025-02-03,M12,Consumption,-0.41
2025-02-03,M12,OnHandSnapshot,15.65
2025-02-04,M12,Consumption,-0.36
2025-02-04,M12,OnHandSnapshot,15.3
2025-02-05,M12,Consumption,-0.4
2025-02-05,M12,OnHandSnapshot,14.9
2025-02-06,M12,Consumption,-0.45
2025-02-06,M12,OnHandSnapshot,14.45
2025-02-07,M12,Consumption,-0.53
2025-02-07,M12,OnHandSnapshot,13.92
2025-02-08,M12,Consumption,-0.35
2025-02-08,M12,OnHandSnapshot,13.57
2025-02-09,M12,Consumption,-0.41
2025-02-09,M12,OnHandSnapshot,13.16
2025-02-10,M12,Consumption,-0.36
2025-02-10,M12,OnHandSnapshot,12.8
2025-02-11,M12,Consumption,-0.37
2025-02-11,M12,OnHandSnapshot,12.44
2025-02-12,M12,Consumption,-0.37
2025-02-12,M12,OnHandSnapshot,12.06
2025-02-13,M12,Consumption,-0.45
2025-02-13,M12,OnHandSnapshot,11.61
2025-02-14,M12,Consumption,-0.52
2025-02-14,M12,OnHandSnapshot,11.09
2025-02-15,M12,Consumption,-0.35
2025-02-15,M12,OnHandSnapshot,10.74
2025-02-16,M12,Consumption,-0.4
2025-02-16,M12,OnHandSnapshot,10.34
2025-02-17,M12,Consumption,-0.35
2025-02-17,M12,OnHandSnapshot,9.98
2025-02-18,M12,Consumption,-0.38
2025-02-18,M12,OnHandSnapshot,9.6
2025-02-19,M12,Consumption,-0.38
2025-02-19,M12,OnHandSnapshot,9.22
2025-02-20,M12,Consumption,-0.41
2025-02-20,M12,OnHandSnapshot,8.8
2025-02-21,M12,Consumption,-0.49
2025-02-21,M12,OnHandSnapshot,8.31
2025-02-22,M12,Consumption,-0.39
2025-02-22,M12,OnHandSnapshot,7.93
2025-02-23,M12,Consumption,-0.37
2025-02-23,M12,OnHandSnapshot,7.56
2025-02-24,M12,Consumption,-0.36
2025-02-24,M12,OnHandSnapshot,7.2
2025-02-25,M12,Receipt,18.56
2025-02-25,M12,Consumption,-0.4
2025-02-25,M12,OnHandSnapshot,25.36
2025-02-26,M12,Consumption,-0.35
2025-02-26,M12,OnHandSnapshot,25.01
2025-02-27,M12,Consumption,-0.44
2025-02-27,M12,OnHandSnapshot,24.57
2025-02-28,M12,Consumption,-0.5
2025-02-28,M12,OnHandSnapshot,24.07
2025-03-01,M12,Consumption,-0.42
2025-03-01,M12,OnHandSnapshot,23.65
2025-03-02,M12,Consumption,-0.5
2025-03-02,M12,OnHandSnapshot,23.15
2025-03-03,M12,Consumption,-0.58
2025-03-03,M12,OnHandSnapshot,22.57
2025-03-04,M12,Consumption,-0.61
2025-03-04,M12,OnHandSnapshot,21.96
2025-03-05,M12,Consumption,-0.65
2025-03-05,M12,OnHandSnapshot,21.31
2025-03-06,M12,Consumption,-0.83
2025-03-06,M12,OnHandSnapshot,20.48
2025-03-07,M12,Consumption,-1.05
2025-03-07,M12,OnHandSnapshot,19.43
2025-03-08,M12,Consumption,-0.91
2025-03-08,M12,OnHandSnapshot,18.52
2025-03-09,M12,Consumption,-0.94
2025-03-09,M12,OnHandSnapshot,17.58
2025-03-10,M12,Consumption,-1.07
2025-03-10,M12,OnHandSnapshot,16.51
2025-03-11,M12,Consumption,-1.28
2025-03-11,M12,OnHandSnapshot,15.23
2025-03-12,M12,Consumption,-1.31
2025-03-12,M12,OnHandSnapshot,13.92
2025-03-13,M12,Consumption,-1.55
2025-03-13,M12,OnHandSnapshot,12.38
2025-03-14,M12,Consumption,-2.4
2025-03-14,M12,OnHandSnapshot,9.97
2025-03-15,M12,Consumption,-1.54
2025-03-15,M12,OnHandSnapshot,8.43
2025-03-16,M12,Consumption,-1.87
2025-03-16,M12,OnHandSnapshot,6.56
2025-03-17,M12,Consumption,-1.91
2025-03-17,M12,OnHandSnapshot,4.65
2025-03-18,M12,Consumption,-1.88
2025-03-18,M12,OnHandSnapshot,2.77
2025-03-19,M12,Consumption,-1.94
2025-03-19,M12,OnHandSnapshot,0.83
2025-03-20,M12,Consumption,-2.2
2025-03-20,M12,OnHandSnapshot,-1.37
2025-03-21,M12,Consumption,-0.56
2025-03-21,M12,OnHandSnapshot,-1.93
2025-03-22,M12,Consumption,-0.38
2025-03-22,M12,OnHandSnapshot,-2.31
2025-03-23,M12,Consumption,-0.38
2025-03-23,M12,OnHandSnapshot,-2.68
2025-03-24,M12,Consumption,-0.44
2025-03-24,M12,OnHandSnapshot,-3.12
2025-03-25,M12,Consumption,-0.41
2025-03-25,M12,OnHandSnapshot,-3.53
2025-03-26,M12,Consumption,-0.41
2025-03-26,M12,OnHandSnapshot,-3.94
2025-03-27,M12,Consumption,-0.46
2025-03-27,M12,OnHandSnapshot,-4.39
2025-03-28,M12,Consumption,-0.57
2025-03-28,M12,OnHandSnapshot,-4.96
2025-03-29,M12,Consumption,-0.38
2025-03-29,M12,OnHandSnapshot,-5.35
2025-03-30,M12,Consumption,-0.41
2025-03-30,M12,OnHandSnapshot,-5.76
2025-03-31,M12,Receipt,18.56
2025-03-31,M12,Consumption,-0.36
2025-03-31,M12,OnHandSnapshot,12.44
2025-04-01,M12,Consumption,-0.39
2025-04-01,M12,OnHandSnapshot,12.05
2025-04-02,M12,Consumption,-0.39
2025-04-02,M12,OnHandSnapshot,11.66
2025-04-03,M12,Consumption,-0.41
2025-04-03,M12,OnHandSnapshot,11.25
2025-04-04,M12,Consumption,-0.49
2025-04-04,M12,OnHandSnapshot,10.77
2025-04-05,M12,Consumption,-0.36
2025-04-05,M12,OnHandSnapshot,10.4
2025-04-06,M12,Consumption,-0.38
2025-04-06,M12,OnHandSnapshot,10.03
2025-04-07,M12,Consumption,-0.38
2025-04-07,M12,OnHandSnapshot,9.65
2025-04-08,M12,Consumption,-0.37
2025-04-08,M12,OnHandSnapshot,9.28
2025-04-09,M12,Consumption,-0.36
2025-04-09,M12,OnHandSnapshot,8.92
2025-04-10,M12,Consumption,-0.43
2025-04-10,M12,OnHandSnapshot,8.49
2025-04-11,M12,Receipt,18.56
2025-04-11,M12,Consumption,-0.5
2025-04-11,M12,OnHandSnapshot,26.55
2025-04-12,M12,Consumption,-0.34
2025-04-12,M12,OnHandSnapshot,26.21
2025-04-13,M12,Consumption,-0.41
2025-04-13,M12,OnHandSnapshot,25.81
2025-04-14,M12,Consumption,-0.38
2025-04-14,M12,OnHandSnapshot,25.43
2025-04-15,M12,Consumption,-0.39
2025-04-15,M12,OnHandSnapshot,25.04
2025-04-16,M12,Consumption,-0.38
2025-04-16,M12,OnHandSnapshot,24.65
2025-04-17,M12,Consumption,-0.49
2025-04-17,M12,OnHandSnapshot,24.16
2025-04-18,M12,Consumption,-0.51
2025-04-18,M12,OnHandSnapshot,23.65
2025-04-19,M12,Consumption,-0.4
2025-04-19,M12,OnHandSnapshot,23.25
2025-04-20,M12,Consumption,-0.36
2025-04-20,M12,OnHandSnapshot,22.89
2025-04-21,M12,Consumption,-0.34
2025-04-21,M12,OnHandSnapshot,22.55
2025-04-22,M12,Consumption,-0.38
2025-04-22,M12,OnHandSnapshot,22.17
2025-04-23,M12,Consumption,-0.37
2025-04-23,M12,OnHandSnapshot,21.8
2025-04-24,M12,Consumption,-0.41
2025-04-24,M12,OnHandSnapshot,21.38
2025-04-25,M12,Consumption,-0.52
2025-04-25,M12,OnHandSnapshot,20.87
2025-04-26,M12,Consumption,-0.37
2025-04-26,M12,OnHandSnapshot,20.5
2025-04-27,M12,Consumption,-0.39
2025-04-27,M12,OnHandSnapshot,20.1
2025-04-28,M12,Consumption,-0.37
2025-04-28,M12,OnHandSnapshot,19.73
2025-04-29,M12,Consumption,-0.39
2025-04-29,M12,OnHandSnapshot,19.35
2025-04-30,M12,Consumption,-0.36
2025-04-30,M12,OnHandSnapshot,18.98
2025-05-01,M12,Consumption,-0.43
2025-05-01,M12,OnHandSnapshot,18.55
2025-05-02,M12,Consumption,-0.48
2025-05-02,M12,OnHandSnapshot,18.07
2025-05-03,M12,Consumption,-0.39
2025-05-03,M12,OnHandSnapshot,17.68
2025-05-04,M12,Consumption,-0.41
2025-05-04,M12,OnHandSnapshot,17.27
2025-05-05,M12,Consumption,-0.36
2025-05-05,M12,OnHandSnapshot,16.91
2025-05-06,M12,Consumption,-0.37
2025-05-06,M12,OnHandSnapshot,16.54
2025-05-07,M12,Consumption,-0.4
2025-05-07,M12,OnHandSnapshot,16.14
2025-05-08,M12,Consumption,-0.43
2025-05-08,M12,OnHandSnapshot,15.7
2025-05-09,M12,Consumption,-0.55
2025-05-09,M12,OnHandSnapshot,15.15
2025-05-10,M12,Consumption,-0.34
2025-05-10,M12,OnHandSnapshot,14.81
2025-05-11,M12,Consumption,-0.38
2025-05-11,M12,OnHandSnapshot,14.43
2025-05-12,M12,Consumption,-0.4
2025-05-12,M12,OnHandSnapshot,14.03
2025-05-13,M12,Consumption,-0.39
2025-05-13,M12,OnHandSnapshot,13.65
2025-05-14,M12,Consumption,-0.41
2025-05-14,M12,OnHandSnapshot,13.24
2025-05-15,M12,Consumption,-0.44
2025-05-15,M12,OnHandSnapshot,12.8
2025-05-16,M12,Consumption,-0.55
2025-05-16,M12,OnHandSnapshot,12.26
2025-05-17,M12,Consumption,-0.37
2025-05-17,M12,OnHandSnapshot,11.89
2025-05-18,M12,Consumption,-0.39
2025-05-18,M12,OnHandSnapshot,11.5
2025-05-19,M12,Consumption,-0.38
2025-05-19,M12,OnHandSnapshot,11.12
2025-05-20,M12,Consumption,-0.37
2025-05-20,M12,OnHandSnapshot,10.75
2025-05-21,M12,Consumption,-0.43
2025-05-21,M12,OnHandSnapshot,10.32
2025-05-22,M12,Consumption,-0.43
2025-05-22,M12,OnHandSnapshot,9.89
2025-05-23,M12,Consumption,-0.51
2025-05-23,M12,OnHandSnapshot,9.39
2025-05-24,M12,Consumption,-0.34
2025-05-24,M12,OnHandSnapshot,9.04
2025-05-25,M12,Consumption,-0.39
2025-05-25,M12,OnHandSnapshot,8.65
2025-05-26,M12,Consumption,-0.39
2025-05-26,M12,OnHandSnapshot,8.26
2025-05-27,M12,Consumption,-0.38
2025-05-27,M12,OnHandSnapshot,7.88
2025-05-28,M12,Consumption,-0.39
2025-05-28,M12,OnHandSnapshot,7.48
2025-05-29,M12,Consumption,-0.44
2025-05-29,M12,OnHandSnapshot,7.04
2025-05-30,M12,Receipt,18.56
2025-05-30,M12,Consumption,-0.53
2025-05-30,M12,OnHandSnapshot,25.07
2025-05-31,M12,Consumption,-0.36
2025-05-31,M12,OnHandSnapshot,24.71
2025-06-01,M12,Consumption,-0.44
2025-06-01,M12,OnHandSnapshot,24.27
2025-06-02,M12,Consumption,-0.4
2025-06-02,M12,OnHandSnapshot,23.87
2025-06-03,M12,Consumption,-0.4
2025-06-03,M12,OnHandSnapshot,23.47
2025-06-04,M12,Consumption,-0.38
2025-06-04,M12,OnHandSnapshot,23.09
2025-06-05,M12,Consumption,-0.49
2025-06-05,M12,OnHandSnapshot,22.61
2025-06-06,M12,Consumption,-0.56
2025-06-06,M12,OnHandSnapshot,22.05
2025-06-07,M12,Consumption,-0.38
2025-06-07,M12,OnHandSnapshot,21.66
2025-06-08,M12,Consumption,-0.42
2025-06-08,M12,OnHandSnapshot,21.25
2025-06-09,M12,Consumption,-0.39
2025-06-09,M12,OnHandSnapshot,20.85
2025-06-10,M12,Consumption,-0.4
2025-06-10,M12,OnHandSnapshot,20.46
2025-06-11,M12,Consumption,-0.41
2025-06-11,M12,OnHandSnapshot,20.05
2025-06-12,M12,Consumption,-0.48
2025-06-12,M12,OnHandSnapshot,19.57
2025-06-13,M12,Consumption,-0.52
2025-06-13,M12,OnHandSnapshot,19.05
2025-06-14,M12,Consumption,-0.37
2025-06-14,M12,OnHandSnapshot,18.68
2025-06-15,M12,Consumption,-0.37
2025-06-15,M12,OnHandSnapshot,18.31
2025-06-16,M12,Consumption,-0.39
2025-06-16,M12,OnHandSnapshot,17.92
2025-06-17,M12,Consumption,-0.4
2025-06-17,M12,OnHandSnapshot,17.52
2025-06-18,M12,Consumption,-0.37
2025-06-18,M12,OnHandSnapshot,17.15
2025-06-19,M12,Consumption,-0.49
2025-06-19,M12,OnHandSnapshot,16.66
2025-06-20,M12,Consumption,-0.53
2025-06-20,M12,OnHandSnapshot,16.13
2025-06-21,M12,Consumption,-0.39
2025-06-21,M12,OnHandSnapshot,15.74
2025-06-22,M12,Consumption,-0.4
2025-06-22,M12,OnHandSnapshot,15.34
2025-06-23,M12,Consumption,-0.39
2025-06-23,M12,OnHandSnapshot,14.95
2025-06-24,M12,Consumption,-0.4
2025-06-24,M12,OnHandSnapshot,14.55
2025-06-25,M12,Consumption,-0.43
2025-06-25,M12,OnHandSnapshot,14.12
2025-06-26,M12,Consumption,-0.46
2025-06-26,M12,OnHandSnapshot,13.66
2025-06-27,M12,Consumption,-0.55
2025-06-27,M12,OnHandSnapshot,13.11
2025-06-28,M12,Consumption,-0.39
2025-06-28,M12,OnHandSnapshot,12.73
2025-06-29,M12,Consumption,-0.37
2025-06-29,M12,OnHandSnapshot,12.36
2025-06-30,M12,Consumption,-0.4
2025-06-30,M12,OnHandSnapshot,11.96
2025-07-01,M12,Consumption,-0.42
2025-07-01,M12,OnHandSnapshot,11.54
2025-07-02,M12,Consumption,-0.4
2025-07-02,M12,OnHandSnapshot,11.13
2025-07-03,M12,Consumption,-0.47
2025-07-03,M12,OnHandSnapshot,10.67
2025-07-04,M12,Consumption,-0.54
2025-07-04,M12,OnHandSnapshot,10.12
2025-07-05,M12,Consumption,-0.36
2025-07-05,M12,OnHandSnapshot,9.77
2025-07-06,M12,Consumption,-0.39
2025-07-06,M12,OnHandSnapshot,9.38
2025-07-07,M12,Consumption,-0.4
2025-07-07,M12,OnHandSnapshot,8.97
2025-07-08,M12,Consumption,-0.41
2025-07-08,M12,OnHandSnapshot,8.57
2025-07-09,M12,Consumption,-0.38
2025-07-09,M12,OnHandSnapshot,8.19
2025-07-10,M12,Consumption,-0.48
2025-07-10,M12,OnHandSnapshot,7.71
2025-07-11,M12,Receipt,18.56
2025-07-11,M12,Consumption,-0.52
2025-07-11,M12,OnHandSnapshot,25.75
2025-07-12,M12,Consumption,-0.4
2025-07-12,M12,OnHandSnapshot,25.35
2025-07-13,M12,Consumption,-0.4
2025-07-13,M12,OnHandSnapshot,24.94
2025-07-14,M12,Consumption,-0.41
2025-07-14,M12,OnHandSnapshot,24.53
2025-07-15,M12,Consumption,-0.37
2025-07-15,M12,OnHandSnapshot,24.16
2025-07-16,M12,Consumption,-0.38
2025-07-16,M12,OnHandSnapshot,23.78
2025-07-17,M12,Consumption,-0.46
2025-07-17,M12,OnHandSnapshot,23.32
2025-07-18,M12,Consumption,-0.51
2025-07-18,M12,OnHandSnapshot,22.8
2025-07-19,M12,Consumption,-0.36
2025-07-19,M12,OnHandSnapshot,22.45
2025-07-20,M12,Consumption,-0.41
2025-07-20,M12,OnHandSnapshot,22.03
2025-07-21,M12,Consumption,-0.39
2025-07-21,M12,OnHandSnapshot,21.64
2025-07-22,M12,Consumption,-0.42
2025-07-22,M12,OnHandSnapshot,21.22
2025-07-23,M12,Consumption,-0.4
2025-07-23,M12,OnHandSnapshot,20.82
2025-07-24,M12,Consumption,-0.51
2025-07-24,M12,OnHandSnapshot,20.32
2025-07-25,M12,Consumption,-0.57
2025-07-25,M12,OnHandSnapshot,19.75
2025-07-26,M12,Consumption,-0.38
2025-07-26,M12,OnHandSnapshot,19.36
2025-07-27,M12,Consumption,-0.4
2025-07-27,M12,OnHandSnapshot,18.96
2025-07-28,M12,Consumption,-0.41
2025-07-28,M12,OnHandSnapshot,18.55
2025-07-29,M12,Consumption,-0.41
2025-07-29,M12,OnHandSnapshot,18.14
2025-07-30,M12,Consumption,-0.38
2025-07-30,M12,OnHandSnapshot,17.76
2025-07-31,M12,Consumption,-0.43
2025-07-31,M12,OnHandSnapshot,17.33
2025-08-01,M12,Consumption,-0.51
2025-08-01,M12,OnHandSnapshot,16.81
2025-08-02,M12,Consumption,-0.36
2025-08-02,M12,OnHandSnapshot,16.45
2025-08-03,M12,Consumption,-0.38
2025-08-03,M12,OnHandSnapshot,16.07
2025-08-04,M12,Consumption,-0.38
2025-08-04,M12,OnHandSnapshot,15.69
2025-08-05,M12,Consumption,-0.37
2025-08-05,M12,OnHandSnapshot,15.32
2025-08-06,M12,Consumption,-0.4
2025-08-06,M12,OnHandSnapshot,14.92
2025-08-07,M12,Consumption,-0.48
2025-08-07,M12,OnHandSnapshot,14.44
2025-08-08,M12,Consumption,-0.5
2025-08-08,M12,OnHandSnapshot,13.94
2025-08-09,M12,Consumption,-0.35
2025-08-09,M12,OnHandSnapshot,13.59
2025-08-10,M12,Consumption,-0.4
2025-08-10,M12,OnHandSnapshot,13.19
2025-08-11,M12,Consumption,-0.44
2025-08-11,M12,OnHandSnapshot,12.75
2025-08-12,M12,Consumption,-0.43
2025-08-12,M12,OnHandSnapshot,12.32
2025-08-13,M12,Consumption,-0.42
2025-08-13,M12,OnHandSnapshot,11.9
2025-08-14,M12,Consumption,-0.45
2025-08-14,M12,OnHandSnapshot,11.45
2025-08-15,M12,Consumption,-0.56
2025-08-15,M12,OnHandSnapshot,10.89
2025-08-16,M12,Consumption,-0.38
2025-08-16,M12,OnHandSnapshot,10.5
2025-08-17,M12,Consumption,-0.42
2025-08-17,M12,OnHandSnapshot,10.08
2025-08-18,M12,Consumption,-0.4
2025-08-18,M12,OnHandSnapshot,9.68
2025-08-19,M12,Consumption,-0.39
2025-08-19,M12,OnHandSnapshot,9.29
2025-08-20,M12,Consumption,-0.4
2025-08-20,M12,OnHandSnapshot,8.89
2025-08-21,M12,Consumption,-0.45
2025-08-21,M12,OnHandSnapshot,8.43
2025-08-22,M12,Consumption,-0.54
2025-08-22,M12,OnHandSnapshot,7.89
2025-08-23,M12,Receipt,18.56
2025-08-23,M12,Consumption,-0.4
2025-08-23,M12,OnHandSnapshot,26.06
2025-08-24,M12,Consumption,-0.4
2025-08-24,M12,OnHandSnapshot,25.66
2025-08-25,M12,Consumption,-0.4
2025-08-25,M12,OnHandSnapshot,25.25
2025-08-26,M12,Consumption,-0.4
2025-08-26,M12,OnHandSnapshot,24.85
2025-08-27,M12,Consumption,-0.4
2025-08-27,M12,OnHandSnapshot,24.45
2025-08-28,M12,Consumption,-0.46
2025-08-28,M12,OnHandSnapshot,24.0
2025-08-29,M12,Consumption,-0.54
2025-08-29,M12,OnHandSnapshot,23.46
2025-08-30,M12,Consumption,-0.4
2025-08-30,M12,OnHandSnapshot,23.06
2025-08-31,M12,Consumption,-0.39
2025-08-31,M12,OnHandSnapshot,22.67
2025-09-01,M12,Consumption,-0.37
2025-09-01,M12,OnHandSnapshot,22.29
2025-09-02,M12,Consumption,-0.37
2025-09-02,M12,OnHandSnapshot,21.92
2025-09-03,M12,Consumption,-0.4
2025-09-03,M12,OnHandSnapshot,21.52
2025-09-04,M12,Consumption,-0.46
2025-09-04,M12,OnHandSnapshot,21.06
2025-09-05,M12,Consumption,-0.52
2025-09-05,M12,OnHandSnapshot,20.54
2025-09-06,M12,Consumption,-0.33
2025-09-06,M12,OnHandSnapshot,20.21
2025-09-07,M12,Consumption,-0.39
2025-09-07,M12,OnHandSnapshot,19.82
2025-09-08,M12,Consumption,-0.39
2025-09-08,M12,OnHandSnapshot,19.44
2025-09-09,M12,Consumption,-0.4
2025-09-09,M12,OnHandSnapshot,19.04
2025-09-10,M12,Consumption,-0.38
2025-09-10,M12,OnHandSnapshot,18.66
2025-09-11,M12,Consumption,-0.45
2025-09-11,M12,OnHandSnapshot,18.2
2025-09-12,M12,Consumption,-0.52
2025-09-12,M12,OnHandSnapshot,17.69
2025-09-13,M12,Consumption,-0.37
2025-09-13,M12,OnHandSnapshot,17.32
2025-09-14,M12,Consumption,-0.39
2025-09-14,M12,OnHandSnapshot,16.92
2025-09-15,M12,Consumption,-0.42
2025-09-15,M12,OnHandSnapshot,16.5
2025-09-16,M12,Consumption,-0.43
2025-09-16,M12,OnHandSnapshot,16.07
2025-09-17,M12,Consumption,-0.45
2025-09-17,M12,OnHandSnapshot,15.63
2025-09-18,M12,Consumption,-0.47
2025-09-18,M12,OnHandSnapshot,15.16
2025-09-19,M12,Consumption,-0.58
2025-09-19,M12,OnHandSnapshot,14.58
2025-09-20,M12,Consumption,-0.42
2025-09-20,M12,OnHandSnapshot,14.16
2025-09-21,M12,Consumption,-0.43
2025-09-21,M12,OnHandSnapshot,13.73
2025-09-22,M12,Consumption,-0.44
2025-09-22,M12,OnHandSnapshot,13.3
2025-09-23,M12,Consumption,-0.43
2025-09-23,M12,OnHandSnapshot,12.86
2025-09-24,M12,Consumption,-0.39
2025-09-24,M12,OnHandSnapshot,12.47
2025-09-25,M12,Consumption,-0.5
2025-09-25,M12,OnHandSnapshot,11.97
2025-09-26,M12,Consumption,-0.52
2025-09-26,M12,OnHandSnapshot,11.45
2025-09-27,M12,Consumption,-0.4
2025-09-27,M12,OnHandSnapshot,11.05
2025-09-28,M12,Consumption,-0.4
2025-09-28,M12,OnHandSnapshot,10.65
2025-09-29,M12,Consumption,-0.42
2025-09-29,M12,OnHandSnapshot,10.23
2025-09-30,M12,Consumption,-0.42
2025-09-30,M12,OnHandSnapshot,9.82
2025-10-01,M12,Consumption,-0.4
2025-10-01,M12,OnHandSnapshot,9.41
2025-10-02,M12,Consumption,-0.47
2025-10-02,M12,OnHandSnapshot,8.94
2025-10-03,M12,Consumption,-0.54
2025-10-03,M12,OnHandSnapshot,8.4
2025-10-04,M12,Consumption,-0.41
2025-10-04,M12,OnHandSnapshot,7.99
2025-10-05,M12,Consumption,-0.43
2025-10-05,M12,OnHandSnapshot,7.55
2025-10-06,M12,Consumption,-0.46
2025-10-06,M12,OnHandSnapshot,7.09
2025-10-07,M12,Receipt,18.56
2025-10-07,M12,Consumption,-0.42
2025-10-07,M12,OnHandSnapshot,25.24
2025-10-08,M12,Consumption,-0.4
2025-10-08,M12,OnHandSnapshot,24.84
2025-10-09,M12,Consumption,-0.5
2025-10-09,M12,OnHandSnapshot,24.34
2025-10-10,M12,Consumption,-0.56
2025-10-10,M12,OnHandSnapshot,23.78
2025-10-11,M12,Consumption,-0.36
2025-10-11,M12,OnHandSnapshot,23.42
2025-10-12,M12,Consumption,-0.37
2025-10-12,M12,OnHandSnapshot,23.05
2025-10-13,M12,Consumption,-0.43
2025-10-13,M12,OnHandSnapshot,22.62
2025-10-14,M12,Consumption,-0.4
2025-10-14,M12,OnHandSnapshot,22.22
2025-10-15,M12,Consumption,-0.38
2025-10-15,M12,OnHandSnapshot,21.84
2025-10-16,M12,Consumption,-0.46
2025-10-16,M12,OnHandSnapshot,21.38
2025-10-17,M12,Consumption,-0.52
2025-10-17,M12,OnHandSnapshot,20.85
2025-10-18,M12,Consumption,-0.41
2025-10-18,M12,OnHandSnapshot,20.44
2025-10-19,M12,Consumption,-0.42
2025-10-19,M12,OnHandSnapshot,20.03
2025-10-20,M12,Consumption,-0.41
2025-10-20,M12,OnHandSnapshot,19.61
2025-10-21,M12,Consumption,-0.37
2025-10-21,M12,OnHandSnapshot,19.24
2025-10-22,M12,Consumption,-0.41
2025-10-22,M12,OnHandSnapshot,18.83
2025-10-23,M12,Consumption,-0.47
2025-10-23,M12,OnHandSnapshot,18.36
2025-10-24,M12,Consumption,-0.51
2025-10-24,M12,OnHandSnapshot,17.84
2025-10-25,M12,Consumption,-0.36
2025-10-25,M12,OnHandSnapshot,17.48
2025-10-26,M12,Consumption,-0.42
2025-10-26,M12,OnHandSnapshot,17.06
2025-10-27,M12,Consumption,-0.41
2025-10-27,M12,OnHandSnapshot,16.65
2025-10-28,M12,Consumption,-0.42
2025-10-28,M12,OnHandSnapshot,16.23
2025-10-29,M12,Consumption,-0.43
2025-10-29,M12,OnHandSnapshot,15.8
2025-10-30,M12,Consumption,-0.45
2025-10-30,M12,OnHandSnapshot,15.35
2025-10-31,M12,Consumption,-0.53
2025-10-31,M12,OnHandSnapshot,14.82
2025-11-01,M12,Consumption,-0.37
2025-11-01,M12,OnHandSnapshot,14.45
2025-11-02,M12,Consumption,-0.38
2025-11-02,M12,OnHandSnapshot,14.07
2025-11-03,M12,Consumption,-0.39
2025-11-03,M12,OnHandSnapshot,13.68
2025-11-04,M12,Consumption,-0.41
2025-11-04,M12,OnHandSnapshot,13.27
2025-11-05,M12,Consumption,-0.4
2025-11-05,M12,OnHandSnapshot,12.87
2025-11-06,M12,Consumption,-0.45
2025-11-06,M12,OnHandSnapshot,12.42
2025-11-07,M12,Consumption,-0.56
2025-11-07,M12,OnHandSnapshot,11.86
2025-11-08,M12,Consumption,-0.4
2025-11-08,M12,OnHandSnapshot,11.46
2025-11-09,M12,Consumption,-0.41
2025-11-09,M12,OnHandSnapshot,11.05
2025-11-10,M12,Consumption,-0.39
2025-11-10,M12,OnHandSnapshot,10.67
2025-11-11,M12,Consumption,-0.44
2025-11-11,M12,OnHandSnapshot,10.23
2025-11-12,M12,Consumption,-0.41
2025-11-12,M12,OnHandSnapshot,9.83
2025-11-13,M12,Consumption,-0.45
2025-11-13,M12,OnHandSnapshot,9.38
2025-11-14,M12,Consumption,-0.52
2025-11-14,M12,OnHandSnapshot,8.86
2025-11-15,M12,Consumption,-0.4
2025-11-15,M12,OnHandSnapshot,8.47
2025-11-16,M12,Consumption,-0.38
2025-11-16,M12,OnHandSnapshot,8.09
2025-11-17,M12,Consumption,-0.37
2025-11-17,M12,OnHandSnapshot,7.72
2025-11-18,M12,Receipt,18.56
2025-11-18,M12,Consumption,-0.4
2025-11-18,M12,OnHandSnapshot,25.87
2025-11-19,M12,Consumption,-0.37
2025-11-19,M12,OnHandSnapshot,25.5
2025-11-20,M12,Consumption,-0.45
2025-11-20,M12,OnHandSnapshot,25.05
2025-11-21,M12,Consumption,-0.52
2025-11-21,M12,OnHandSnapshot,24.53
2025-11-22,M12,Consumption,-0.37
2025-11-22,M12,OnHandSnapshot,24.16
2025-11-23,M12,Consumption,-0.38
2025-11-23,M12,OnHandSnapshot,23.78
2025-11-24,M12,Consumption,-0.4
2025-11-24,M12,OnHandSnapshot,23.37
2025-11-25,M12,Consumption,-0.4
2025-11-25,M12,OnHandSnapshot,22.98
2025-11-26,M12,Consumption,-0.41
2025-11-26,M12,OnHandSnapshot,22.57
2025-11-27,M12,Consumption,-0.45
2025-11-27,M12,OnHandSnapshot,22.12
2025-11-28,M12,Consumption,-0.52
2025-11-28,M12,OnHandSnapshot,21.61
2025-11-29,M12,Consumption,-0.36
2025-11-29,M12,OnHandSnapshot,21.25
2025-11-30,M12,Consumption,-0.37
2025-11-30,M12,OnHandSnapshot,20.88
2025-12-01,M12,Consumption,-0.38
2025-12-01,M12,OnHandSnapshot,20.49
2025-12-02,M12,Consumption,-0.4
2025-12-02,M12,OnHandSnapshot,20.1
2025-12-03,M12,Consumption,-0.4
2025-12-03,M12,OnHandSnapshot,19.7
2025-12-04,M12,Consumption,-0.45
2025-12-04,M12,OnHandSnapshot,19.25
2025-12-05,M12,Consumption,-0.53
2025-12-05,M12,OnHandSnapshot,18.72
2025-12-06,M12,Consumption,-0.4
2025-12-06,M12,OnHandSnapshot,18.32
2025-12-07,M12,Consumption,-0.43
2025-12-07,M12,OnHandSnapshot,17.89
2025-12-08,M12,Consumption,-0.34
2025-12-08,M12,OnHandSnapshot,17.55
2025-12-09,M12,Consumption,-0.39
2025-12-09,M12,OnHandSnapshot,17.16
2025-12-10,M12,Consumption,-0.4
2025-12-10,M12,OnHandSnapshot,16.76
2025-12-11,M12,Consumption,-0.47
2025-12-11,M12,OnHandSnapshot,16.28
2025-12-12,M12,Consumption,-0.56
2025-12-12,M12,OnHandSnapshot,15.72
2025-12-13,M12,Consumption,-0.44
2025-12-13,M12,OnHandSnapshot,15.28
2025-12-14,M12,Consumption,-0.47
2025-12-14,M12,OnHandSnapshot,14.81
2025-12-15,M12,Consumption,-0.49
2025-12-15,M12,OnHandSnapshot,14.32
2025-12-16,M12,Consumption,-0.54
2025-12-16,M12,OnHandSnapshot,13.78
2025-12-17,M12,Consumption,-0.56
2025-12-17,M12,OnHandSnapshot,13.22
2025-12-18,M12,Consumption,-0.74
2025-12-18,M12,OnHandSnapshot,12.48
2025-12-19,M12,Consumption,-0.9
2025-12-19,M12,OnHandSnapshot,11.58
2025-12-20,M12,Consumption,-0.6
2025-12-20,M12,OnHandSnapshot,10.98
2025-12-21,M12,Consumption,-0.74
2025-12-21,M12,OnHandSnapshot,10.23
2025-12-22,M12,Consumption,-0.67
2025-12-22,M12,OnHandSnapshot,9.56
2025-12-23,M12,Consumption,-0.67
2025-12-23,M12,OnHandSnapshot,8.89
2025-12-24,M12,Consumption,-0.62
2025-12-24,M12,OnHandSnapshot,8.27
2025-12-25,M12,Consumption,-0.68
2025-12-25,M12,OnHandSnapshot,7.58
2025-12-26,M12,Consumption,-0.75
2025-12-26,M12,OnHandSnapshot,6.83
2025-12-27,M12,Consumption,-0.49
2025-12-27,M12,OnHandSnapshot,6.34
2025-12-28,M12,Consumption,-0.48
2025-12-28,M12,OnHandSnapshot,5.86
2025-12-29,M12,Consumption,-0.43
2025-12-29,M12,OnHandSnapshot,5.43
2025-12-30,M12,Consumption,-0.44
2025-12-30,M12,OnHandSnapshot,4.99
2025-12-31,M12,Consumption,-0.4
2025-12-31,M12,OnHandSnapshot,4.58
2024-01-01,M13,Consumption,-1.55
2024-01-01,M13,OnHandSnapshot,20.58
2024-01-02,M13,Consumption,-1.49
2024-01-02,M13,OnHandSnapshot,19.1
2024-01-03,M13,Consumption,-1.47
2024-01-03,M13,OnHandSnapshot,17.62
2024-01-04,M13,Consumption,-1.86
2024-01-04,M13,OnHandSnapshot,15.76
2024-01-05,M13,Consumption,-2.03
2024-01-05,M13,OnHandSnapshot,13.73
2024-01-06,M13,Consumption,-1.48
2024-01-06,M13,OnHandSnapshot,12.25
2024-01-07,M13,Consumption,-1.48
2024-01-07,M13,OnHandSnapshot,10.77
2024-01-08,M13,Consumption,-1.65
2024-01-08,M13,OnHandSnapshot,9.12
2024-01-09,M13,Consumption,-1.61
2024-01-09,M13,OnHandSnapshot,7.51
2024-01-10,M13,Consumption,-1.6
2024-01-10,M13,OnHandSnapshot,5.9
2024-01-11,M13,Consumption,-1.8
2024-01-11,M13,OnHandSnapshot,4.1
2024-01-12,M13,Consumption,-2.32
2024-01-12,M13,OnHandSnapshot,1.78
2024-01-13,M13,Receipt,74.7
2024-01-13,M13,Consumption,-1.64
2024-01-13,M13,OnHandSnapshot,74.84
2024-01-14,M13,Consumption,-1.68
2024-01-14,M13,OnHandSnapshot,73.16
2024-01-15,M13,Consumption,-1.71
2024-01-15,M13,OnHandSnapshot,71.45
2024-01-16,M13,Consumption,-1.59
2024-01-16,M13,OnHandSnapshot,69.86
2024-01-17,M13,Consumption,-1.54
2024-01-17,M13,OnHandSnapshot,68.32
2024-01-18,M13,Consumption,-1.8
2024-01-18,M13,OnHandSnapshot,66.52
2024-01-19,M13,Consumption,-2.16
2024-01-19,M13,OnHandSnapshot,64.36
2024-01-20,M13,Consumption,-1.53
2024-01-20,M13,OnHandSnapshot,62.83
2024-01-21,M13,Consumption,-1.75
2024-01-21,M13,OnHandSnapshot,61.08
2024-01-22,M13,Consumption,-1.6
2024-01-22,M13,OnHandSnapshot,59.48
2024-01-23,M13,Consumption,-1.66
2024-01-23,M13,OnHandSnapshot,57.82
2024-01-24,M13,Consumption,-1.6
2024-01-24,M13,OnHandSnapshot,56.22
2024-01-25,M13,Consumption,-1.8
2024-01-25,M13,OnHandSnapshot,54.42
2024-01-26,M13,Consumption,-2.16
2024-01-26,M13,OnHandSnapshot,52.26
2024-01-27,M13,Consumption,-1.65
2024-01-27,M13,OnHandSnapshot,50.61
2024-01-28,M13,Consumption,-1.62
2024-01-28,M13,OnHandSnapshot,48.99
2024-01-29,M13,Consumption,-1.57
2024-01-29,M13,OnHandSnapshot,47.42
2024-01-30,M13,Consumption,-1.58
2024-01-30,M13,OnHandSnapshot,45.84
2024-01-31,M13,Consumption,-1.78
2024-01-31,M13,OnHandSnapshot,44.06
2024-02-01,M13,Consumption,-2.0
2024-02-01,M13,OnHandSnapshot,42.06
2024-02-02,M13,Consumption,-2.26
2024-02-02,M13,OnHandSnapshot,39.8
2024-02-03,M13,Consumption,-1.5
2024-02-03,M13,OnHandSnapshot,38.3
2024-02-04,M13,Consumption,-1.69
2024-02-04,M13,OnHandSnapshot,36.61
2024-02-05,M13,Consumption,-1.57
2024-02-05,M13,OnHandSnapshot,35.04
2024-02-06,M13,Consumption,-1.69
2024-02-06,M13,OnHandSnapshot,33.35
2024-02-07,M13,Consumption,-1.55
2024-02-07,M13,OnHandSnapshot,31.8
2024-02-08,M13,Consumption,-1.85
2024-02-08,M13,OnHandSnapshot,29.95
2024-02-09,M13,Consumption,-2.22
2024-02-09,M13,OnHandSnapshot,27.72
2024-02-10,M13,Receipt,74.7
2024-02-10,M13,Consumption,-1.54
2024-02-10,M13,OnHandSnapshot,100.88
2024-02-11,M13,Consumption,-1.55
2024-02-11,M13,OnHandSnapshot,99.33
2024-02-12,M13,Consumption,-1.72
2024-02-12,M13,OnHandSnapshot,97.62
2024-02-13,M13,Consumption,-1.73
2024-02-13,M13,OnHandSnapshot,95.89
2024-02-14,M13,Consumption,-1.7
2024-02-14,M13,OnHandSnapshot,94.19
2024-02-15,M13,Consumption,-1.97
2024-02-15,M13,OnHandSnapshot,92.22
2024-02-16,M13,Consumption,-2.24
2024-02-16,M13,OnHandSnapshot,89.98
2024-02-17,M13,Consumption,-1.65
2024-02-17,M13,OnHandSnapshot,88.34
2024-02-18,M13,Consumption,-1.57
2024-02-18,M13,OnHandSnapshot,86.76
2024-02-19,M13,Consumption,-1.57
2024-02-19,M13,OnHandSnapshot,85.2
2024-02-20,M13,Consumption,-1.5
2024-02-20,M13,OnHandSnapshot,83.7
2024-02-21,M13,Consumption,-1.66
2024-02-21,M13,OnHandSnapshot,82.03
2024-02-22,M13,Consumption,-1.91
2024-02-22,M13,OnHandSnapshot,80.12
2024-02-23,M13,Consumption,-2.16
2024-02-23,M13,OnHandSnapshot,77.97
2024-02-24,M13,Consumption,-1.52
2024-02-24,M13,OnHandSnapshot,76.45
2024-02-25,M13,Consumption,-1.7
2024-02-25,M13,OnHandSnapshot,74.76
2024-02-26,M13,Consumption,-1.65
2024-02-26,M13,OnHandSnapshot,73.1
2024-02-27,M13,Consumption,-1.69
2024-02-27,M13,OnHandSnapshot,71.41
2024-02-28,M13,Consumption,-1.58
2024-02-28,M13,OnHandSnapshot,69.83
2024-02-29,M13,Consumption,-1.85
2024-02-29,M13,OnHandSnapshot,67.98
2024-03-01,M13,Consumption,-2.35
2024-03-01,M13,OnHandSnapshot,65.63
2024-03-02,M13,Consumption,-1.53
2024-03-02,M13,OnHandSnapshot,64.1
2024-03-03,M13,Consumption,-1.72
2024-03-03,M13,OnHandSnapshot,62.39
2024-03-04,M13,Consumption,-1.73
2024-03-04,M13,OnHandSnapshot,60.66
2024-03-05,M13,Consumption,-1.66
2024-03-05,M13,OnHandSnapshot,59.0
2024-03-06,M13,Consumption,-1.65
2024-03-06,M13,OnHandSnapshot,57.35
2024-03-07,M13,Consumption,-1.79
2024-03-07,M13,OnHandSnapshot,55.55
2024-03-08,M13,Consumption,-2.21
2024-03-08,M13,OnHandSnapshot,53.35
2024-03-09,M13,Consumption,-1.74
2024-03-09,M13,OnHandSnapshot,51.61
2024-03-10,M13,Consumption,-1.71
2024-03-10,M13,OnHandSnapshot,49.89
2024-03-11,M13,Consumption,-1.74
2024-03-11,M13,OnHandSnapshot,48.15
2024-03-12,M13,Consumption,-1.88
2024-03-12,M13,OnHandSnapshot,46.28
2024-03-13,M13,Consumption,-1.63
2024-03-13,M13,OnHandSnapshot,44.64
2024-03-14,M13,Consumption,-1.74
2024-03-14,M13,OnHandSnapshot,42.9
2024-03-15,M13,Consumption,-2.16
2024-03-15,M13,OnHandSnapshot,40.74
2024-03-16,M13,Consumption,-1.62
2024-03-16,M13,OnHandSnapshot,39.12
2024-03-17,M13,Consumption,-1.56
2024-03-17,M13,OnHandSnapshot,37.56
2024-03-18,M13,Consumption,-1.68
2024-03-18,M13,OnHandSnapshot,35.89
2024-03-19,M13,Consumption,-1.5
2024-03-19,M13,OnHandSnapshot,34.39
2024-03-20,M13,Consumption,-1.67
2024-03-20,M13,OnHandSnapshot,32.72
2024-03-21,M13,Consumption,-1.84
2024-03-21,M13,OnHandSnapshot,30.87
2024-03-22,M13,Consumption,-2.21
2024-03-22,M13,OnHandSnapshot,28.66
2024-03-23,M13,Receipt,74.7
2024-03-23,M13,Consumption,-1.56
2024-03-23,M13,OnHandSnapshot,101.8
2024-03-24,M13,Consumption,-1.84
2024-03-24,M13,OnHandSnapshot,99.97
2024-03-25,M13,Consumption,-1.49
2024-03-25,M13,OnHandSnapshot,98.48
2024-03-26,M13,Consumption,-1.63
2024-03-26,M13,OnHandSnapshot,96.85
2024-03-27,M13,Consumption,-1.64
2024-03-27,M13,OnHandSnapshot,95.21
2024-03-28,M13,Consumption,-1.88
2024-03-28,M13,OnHandSnapshot,93.33
2024-03-29,M13,Consumption,-2.33
2024-03-29,M13,OnHandSnapshot,90.99
2024-03-30,M13,Consumption,-1.49
2024-03-30,M13,OnHandSnapshot,89.5
2024-03-31,M13,Consumption,-1.89
2024-03-31,M13,OnHandSnapshot,87.61
2024-04-01,M13,Consumption,-1.65
2024-04-01,M13,OnHandSnapshot,85.97
2024-04-02,M13,Consumption,-1.66
2024-04-02,M13,OnHandSnapshot,84.3
2024-04-03,M13,Consumption,-1.64
2024-04-03,M13,OnHandSnapshot,82.67
2024-04-04,M13,Consumption,-1.92
2024-04-04,M13,OnHandSnapshot,80.75
2024-04-05,M13,Consumption,-2.3
2024-04-05,M13,OnHandSnapshot,78.46
2024-04-06,M13,Consumption,-1.63
2024-04-06,M13,OnHandSnapshot,76.83
2024-04-07,M13,Consumption,-1.7
2024-04-07,M13,OnHandSnapshot,75.13
2024-04-08,M13,Consumption,-1.45
2024-04-08,M13,OnHandSnapshot,73.68
2024-04-09,M13,Consumption,-1.59
2024-04-09,M13,OnHandSnapshot,72.09
2024-04-10,M13,Consumption,-1.68
2024-04-10,M13,OnHandSnapshot,70.42
2024-04-11,M13,Consumption,-1.96
2024-04-11,M13,OnHandSnapshot,68.45
2024-04-12,M13,Consumption,-2.35
2024-04-12,M13,OnHandSnapshot,66.11
2024-04-13,M13,Consumption,-1.43
2024-04-13,M13,OnHandSnapshot,64.68
2024-04-14,M13,Consumption,-1.58
2024-04-14,M13,OnHandSnapshot,63.1
2024-04-15,M13,Consumption,-1.58
2024-04-15,M13,OnHandSnapshot,61.52
2024-04-16,M13,Consumption,-1.62
2024-04-16,M13,OnHandSnapshot,59.9
2024-04-17,M13,Consumption,-1.66
2024-04-17,M13,OnHandSnapshot,58.24
2024-04-18,M13,Consumption,-1.9
2024-04-18,M13,OnHandSnapshot,56.34
2024-04-19,M13,Consumption,-2.11
2024-04-19,M13,OnHandSnapshot,54.23
2024-04-20,M13,Consumption,-1.45
2024-04-20,M13,OnHandSnapshot,52.78
2024-04-21,M13,Consumption,-1.9
2024-04-21,M13,OnHandSnapshot,50.88
2024-04-22,M13,Consumption,-1.64
2024-04-22,M13,OnHandSnapshot,49.23
2024-04-23,M13,Consumption,-1.55
2024-04-23,M13,OnHandSnapshot,47.68
2024-04-24,M13,Consumption,-1.73
2024-04-24,M13,OnHandSnapshot,45.95
2024-04-25,M13,Consumption,-1.94
2024-04-25,M13,OnHandSnapshot,44.01
2024-04-26,M13,Consumption,-2.27
2024-04-26,M13,OnHandSnapshot,41.74
2024-04-27,M13,Consumption,-1.51
2024-04-27,M13,OnHandSnapshot,40.23
2024-04-28,M13,Consumption,-1.59
2024-04-28,M13,OnHandSnapshot,38.63
2024-04-29,M13,Consumption,-1.7
2024-04-29,M13,OnHandSnapshot,36.94
2024-04-30,M13,Consumption,-1.68
2024-04-30,M13,OnHandSnapshot,35.26
2024-05-01,M13,Consumption,-1.59
2024-05-01,M13,OnHandSnapshot,33.67
2024-05-02,M13,Consumption,-1.73
2024-05-02,M13,OnHandSnapshot,31.94
2024-05-03,M13,Receipt,74.7
2024-05-03,M13,Consumption,-2.14
2024-05-03,M13,OnHandSnapshot,104.5
2024-05-04,M13,Consumption,-1.73
2024-05-04,M13,OnHandSnapshot,102.78
2024-05-05,M13,Consumption,-1.48
2024-05-05,M13,OnHandSnapshot,101.3
2024-05-06,M13,Consumption,-1.47
2024-05-06,M13,OnHandSnapshot,99.83
2024-05-07,M13,Consumption,-1.9
2024-05-07,M13,OnHandSnapshot,97.93
2024-05-08,M13,Consumption,-1.64
2024-05-08,M13,OnHandSnapshot,96.29
2024-05-09,M13,Consumption,-1.98
2024-05-09,M13,OnHandSnapshot,94.32
2024-05-10,M13,Consumption,-2.31
2024-05-10,M13,OnHandSnapshot,92.01
2024-05-11,M13,Consumption,-1.6
2024-05-11,M13,OnHandSnapshot,90.4
2024-05-12,M13,Consumption,-1.7
2024-05-12,M13,OnHandSnapshot,88.71
2024-05-13,M13,Consumption,-1.58
2024-05-13,M13,OnHandSnapshot,87.13
2024-05-14,M13,Consumption,-1.6
2024-05-14,M13,OnHandSnapshot,85.52
2024-05-15,M13,Consumption,-1.87
2024-05-15,M13,OnHandSnapshot,83.65
2024-05-16,M13,Consumption,-1.91
2024-05-16,M13,OnHandSnapshot,81.74
2024-05-17,M13,Consumption,-2.32
2024-05-17,M13,OnHandSnapshot,79.42
2024-05-18,M13,Consumption,-1.52
2024-05-18,M13,OnHandSnapshot,77.9
2024-05-19,M13,Consumption,-1.83
2024-05-19,M13,OnHandSnapshot,76.07
2024-05-20,M13,Consumption,-1.52
2024-05-20,M13,OnHandSnapshot,74.54
2024-05-21,M13,Consumption,-1.8
2024-05-21,M13,OnHandSnapshot,72.75
2024-05-22,M13,Consumption,-1.48
2024-05-22,M13,OnHandSnapshot,71.26
2024-05-23,M13,Consumption,-1.91
2024-05-23,M13,OnHandSnapshot,69.36
2024-05-24,M13,Consumption,-2.21
2024-05-24,M13,OnHandSnapshot,67.15
2024-05-25,M13,Consumption,-1.69
2024-05-25,M13,OnHandSnapshot,65.46
2024-05-26,M13,Consumption,-1.6
2024-05-26,M13,OnHandSnapshot,63.86
2024-05-27,M13,Consumption,-1.58
2024-05-27,M13,OnHandSnapshot,62.27
2024-05-28,M13,Consumption,-1.75
2024-05-28,M13,OnHandSnapshot,60.53
2024-05-29,M13,Consumption,-1.7
2024-05-29,M13,OnHandSnapshot,58.83
2024-05-30,M13,Consumption,-1.8
2024-05-30,M13,OnHandSnapshot,57.03
2024-05-31,M13,Consumption,-2.29
2024-05-31,M13,OnHandSnapshot,54.74
2024-06-01,M13,Consumption,-1.63
2024-06-01,M13,OnHandSnapshot,53.12
2024-06-02,M13,Consumption,-1.82
2024-06-02,M13,OnHandSnapshot,51.3
2024-06-03,M13,Consumption,-1.6
2024-06-03,M13,OnHandSnapshot,49.7
2024-06-04,M13,Consumption,-1.5
2024-06-04,M13,OnHandSnapshot,48.2
2024-06-05,M13,Consumption,-1.72
2024-06-05,M13,OnHandSnapshot,46.48
2024-06-06,M13,Consumption,-1.95
2024-06-06,M13,OnHandSnapshot,44.53
2024-06-07,M13,Consumption,-2.3
2024-06-07,M13,OnHandSnapshot,42.22
2024-06-08,M13,Consumption,-1.61
2024-06-08,M13,OnHandSnapshot,40.62
2024-06-09,M13,Consumption,-1.52
2024-06-09,M13,OnHandSnapshot,39.1
2024-06-10,M13,Consumption,-1.71
2024-06-10,M13,OnHandSnapshot,37.39
2024-06-11,M13,Consumption,-1.7
2024-06-11,M13,OnHandSnapshot,35.69
2024-06-12,M13,Consumption,-1.71
2024-06-12,M13,OnHandSnapshot,33.98
2024-06-13,M13,Receipt,74.7
2024-06-13,M13,Consumption,-1.87
2024-06-13,M13,OnHandSnapshot,106.81
2024-06-14,M13,Consumption,-2.13
2024-06-14,M13,OnHandSnapshot,104.68
2024-06-15,M13,Consumption,-1.5
2024-06-15,M13,OnHandSnapshot,103.18
2024-06-16,M13,Consumption,-1.78
2024-06-16,M13,OnHandSnapshot,101.4
2024-06-17,M13,Consumption,-1.56
2024-06-17,M13,OnHandSnapshot,99.84
2024-06-18,M13,Consumption,-1.5
2024-06-18,M13,OnHandSnapshot,98.34
2024-06-19,M13,Consumption,-1.65
2024-06-19,M13,OnHandSnapshot,96.68
2024-06-20,M13,Consumption,-2.01
2024-06-20,M13,OnHandSnapshot,94.67
2024-06-21,M13,Consumption,-2.24
2024-06-21,M13,OnHandSnapshot,92.43
2024-06-22,M13,Consumption,-1.61
2024-06-22,M13,OnHandSnapshot,90.82
2024-06-23,M13,Consumption,-1.55
2024-06-23,M13,OnHandSnapshot,89.27
2024-06-24,M13,Consumption,-1.64
2024-06-24,M13,OnHandSnapshot,87.64
2024-06-25,M13,Consumption,-1.66
2024-06-25,M13,OnHandSnapshot,85.98
2024-06-26,M13,Consumption,-1.58
2024-06-26,M13,OnHandSnapshot,84.4
2024-06-27,M13,Consumption,-1.87
2024-06-27,M13,OnHandSnapshot,82.53
2024-06-28,M13,Consumption,-2.34
2024-06-28,M13,OnHandSnapshot,80.19
2024-06-29,M13,Consumption,-1.62
2024-06-29,M13,OnHandSnapshot,78.57
2024-06-30,M13,Consumption,-1.76
2024-06-30,M13,OnHandSnapshot,76.81
2024-07-01,M13,Consumption,-1.67
2024-07-01,M13,OnHandSnapshot,75.14
2024-07-02,M13,Consumption,-1.68
2024-07-02,M13,OnHandSnapshot,73.46
2024-07-03,M13,Consumption,-1.62
2024-07-03,M13,OnHandSnapshot,71.84
2024-07-04,M13,Consumption,-1.88
2024-07-04,M13,OnHandSnapshot,69.96
2024-07-05,M13,Consumption,-2.17
2024-07-05,M13,OnHandSnapshot,67.78
2024-07-06,M13,Consumption,-1.55
2024-07-06,M13,OnHandSnapshot,66.24
2024-07-07,M13,Consumption,-1.54
2024-07-07,M13,OnHandSnapshot,64.69
2024-07-08,M13,Consumption,-1.69
2024-07-08,M13,OnHandSnapshot,63.0
2024-07-09,M13,Consumption,-1.56
2024-07-09,M13,OnHandSnapshot,61.44
2024-07-10,M13,Consumption,-1.9
2024-07-10,M13,OnHandSnapshot,59.54
2024-07-11,M13,Consumption,-1.81
2024-07-11,M13,OnHandSnapshot,57.73
2024-07-12,M13,Consumption,-2.22
2024-07-12,M13,OnHandSnapshot,55.52
2024-07-13,M13,Consumption,-1.76
2024-07-13,M13,OnHandSnapshot,53.75
2024-07-14,M13,Consumption,-1.66
2024-07-14,M13,OnHandSnapshot,52.09
2024-07-15,M13,Consumption,-1.64
2024-07-15,M13,OnHandSnapshot,50.45
2024-07-16,M13,Consumption,-1.64
2024-07-16,M13,OnHandSnapshot,48.81
2024-07-17,M13,Consumption,-1.66
2024-07-17,M13,OnHandSnapshot,47.16
2024-07-18,M13,Consumption,-1.87
2024-07-18,M13,OnHandSnapshot,45.29
2024-07-19,M13,Consumption,-2.21
2024-07-19,M13,OnHandSnapshot,43.07
2024-07-20,M13,Consumption,-1.65
2024-07-20,M13,OnHandSnapshot,41.43
2024-07-21,M13,Consumption,-1.57
2024-07-21,M13,OnHandSnapshot,39.86
2024-07-22,M13,Consumption,-1.69
2024-07-22,M13,OnHandSnapshot,38.17
2024-07-23,M13,Consumption,-1.78
2024-07-23,M13,OnHandSnapshot,36.38
2024-07-24,M13,Consumption,-1.64
2024-07-24,M13,OnHandSnapshot,34.74
2024-07-25,M13,Consumption,-1.82
2024-07-25,M13,OnHandSnapshot,32.92
2024-07-26,M13,Consumption,-2.03
2024-07-26,M13,OnHandSnapshot,30.89
2024-07-27,M13,Receipt,74.7
2024-07-27,M13,Consumption,-1.62
2024-07-27,M13,OnHandSnapshot,103.97
2024-07-28,M13,Consumption,-1.71
2024-07-28,M13,OnHandSnapshot,102.26
2024-07-29,M13,Consumption,-1.58
2024-07-29,M13,OnHandSnapshot,100.68
2024-07-30,M13,Consumption,-1.89
2024-07-30,M13,OnHandSnapshot,98.79
2024-07-31,M13,Consumption,-1.57
2024-07-31,M13,OnHandSnapshot,97.23
2024-08-01,M13,Consumption,-1.97
2024-08-01,M13,OnHandSnapshot,95.26
2024-08-02,M13,Consumption,-2.46
2024-08-02,M13,OnHandSnapshot,92.8
2024-08-03,M13,Consumption,-1.72
2024-08-03,M13,OnHandSnapshot,91.08
2024-08-04,M13,Consumption,-1.6
2024-08-04,M13,OnHandSnapshot,89.48
2024-08-05,M13,Consumption,-1.89
2024-08-05,M13,OnHandSnapshot,87.59
2024-08-06,M13,Consumption,-1.52
2024-08-06,M13,OnHandSnapshot,86.07
2024-08-07,M13,Consumption,-1.57
2024-08-07,M13,OnHandSnapshot,84.5
2024-08-08,M13,Consumption,-1.96
2024-08-08,M13,OnHandSnapshot,82.54
2024-08-09,M13,Consumption,-2.14
2024-08-09,M13,OnHandSnapshot,80.4
2024-08-10,M13,Consumption,-1.64
2024-08-10,M13,OnHandSnapshot,78.76
2024-08-11,M13,Consumption,-1.6
2024-08-11,M13,OnHandSnapshot,77.16
2024-08-12,M13,Consumption,-1.9
2024-08-12,M13,OnHandSnapshot,75.25
2024-08-13,M13,Consumption,-1.64
2024-08-13,M13,OnHandSnapshot,73.62
2024-08-14,M13,Consumption,-1.64
2024-08-14,M13,OnHandSnapshot,71.98
2024-08-15,M13,Consumption,-2.04
2024-08-15,M13,OnHandSnapshot,69.94
2024-08-16,M13,Consumption,-2.19
2024-08-16,M13,OnHandSnapshot,67.75
2024-08-17,M13,Consumption,-1.51
2024-08-17,M13,OnHandSnapshot,66.24
2024-08-18,M13,Consumption,-1.65
2024-08-18,M13,OnHandSnapshot,64.59
2024-08-19,M13,Consumption,-1.64
2024-08-19,M13,OnHandSnapshot,62.94
2024-08-20,M13,Consumption,-1.99
2024-08-20,M13,OnHandSnapshot,60.95
2024-08-21,M13,Consumption,-1.84
2024-08-21,M13,OnHandSnapshot,59.11
2024-08-22,M13,Consumption,-1.98
2024-08-22,M13,OnHandSnapshot,57.12
2024-08-23,M13,Consumption,-2.31
2024-08-23,M13,OnHandSnapshot,54.81
2024-08-24,M13,Consumption,-1.77
2024-08-24,M13,OnHandSnapshot,53.04
2024-08-25,M13,Consumption,-1.73
2024-08-25,M13,OnHandSnapshot,51.31
2024-08-26,M13,Consumption,-1.87
2024-08-26,M13,OnHandSnapshot,49.44
2024-08-27,M13,Consumption,-1.78
2024-08-27,M13,OnHandSnapshot,47.66
2024-08-28,M13,Consumption,-1.76
2024-08-28,M13,OnHandSnapshot,45.9
2024-08-29,M13,Consumption,-2.12
2024-08-29,M13,OnHandSnapshot,43.78
2024-08-30,M13,Consumption,-2.15
2024-08-30,M13,OnHandSnapshot,41.63
2024-08-31,M13,Consumption,-1.65
2024-08-31,M13,OnHandSnapshot,39.98
2024-09-01,M13,Consumption,-1.84
2024-09-01,M13,OnHandSnapshot,38.14
2024-09-02,M13,Consumption,-1.79
2024-09-02,M13,OnHandSnapshot,36.35
2024-09-03,M13,Consumption,-1.7
2024-09-03,M13,OnHandSnapshot,34.64
2024-09-04,M13,Receipt,74.7
2024-09-04,M13,Consumption,-1.83
2024-09-04,M13,OnHandSnapshot,107.51
2024-09-05,M13,Consumption,-1.88
2024-09-05,M13,OnHandSnapshot,105.62
2024-09-06,M13,Consumption,-2.28
2024-09-06,M13,OnHandSnapshot,103.34
2024-09-07,M13,Consumption,-1.54
2024-09-07,M13,OnHandSnapshot,101.8
2024-09-08,M13,Consumption,-1.64
2024-09-08,M13,OnHandSnapshot,100.16
2024-09-09,M13,Consumption,-1.76
2024-09-09,M13,OnHandSnapshot,98.4
2024-09-10,M13,Consumption,-1.66
2024-09-10,M13,OnHandSnapshot,96.74
2024-09-11,M13,Consumption,-1.84
2024-09-11,M13,OnHandSnapshot,94.9
2024-09-12,M13,Consumption,-1.89
2024-09-12,M13,OnHandSnapshot,93.01
2024-09-13,M13,Consumption,-2.37
2024-09-13,M13,OnHandSnapshot,90.64
2024-09-14,M13,Consumption,-1.55
2024-09-14,M13,OnHandSnapshot,89.09
2024-09-15,M13,Consumption,-1.82
2024-09-15,M13,OnHandSnapshot,87.28
2024-09-16,M13,Consumption,-1.94
2024-09-16,M13,OnHandSnapshot,85.34
2024-09-17,M13,Consumption,-1.7
2024-09-17,M13,OnHandSnapshot,83.64
2024-09-18,M13,Consumption,-1.72
2024-09-18,M13,OnHandSnapshot,81.93
2024-09-19,M13,Consumption,-2.03
2024-09-19,M13,OnHandSnapshot,79.9
2024-09-20,M13,Consumption,-2.33
2024-09-20,M13,OnHandSnapshot,77.58
2024-09-21,M13,Consumption,-1.7
2024-09-21,M13,OnHandSnapshot,75.87
2024-09-22,M13,Consumption,-1.65
2024-09-22,M13,OnHandSnapshot,74.22
2024-09-23,M13,Consumption,-1.73
2024-09-23,M13,OnHandSnapshot,72.49
2024-09-24,M13,Consumption,-1.86
2024-09-24,M13,OnHandSnapshot,70.63
2024-09-25,M13,Consumption,-1.8
2024-09-25,M13,OnHandSnapshot,68.83
2024-09-26,M13,Consumption,-1.92
2024-09-26,M13,OnHandSnapshot,66.9
2024-09-27,M13,Consumption,-2.19
2024-09-27,M13,OnHandSnapshot,64.71
2024-09-28,M13,Consumption,-1.67
2024-09-28,M13,OnHandSnapshot,63.04
2024-09-29,M13,Consumption,-1.69
2024-09-29,M13,OnHandSnapshot,61.35
2024-09-30,M13,Consumption,-1.58
2024-09-30,M13,OnHandSnapshot,59.77
2024-10-01,M13,Consumption,-1.69
2024-10-01,M13,OnHandSnapshot,58.08
2024-10-02,M13,Consumption,-1.77
2024-10-02,M13,OnHandSnapshot,56.31
2024-10-03,M13,Consumption,-2.02
2024-10-03,M13,OnHandSnapshot,54.29
2024-10-04,M13,Consumption,-2.21
2024-10-04,M13,OnHandSnapshot,52.07
2024-10-05,M13,Consumption,-1.67
2024-10-05,M13,OnHandSnapshot,50.4
2024-10-06,M13,Consumption,-1.78
2024-10-06,M13,OnHandSnapshot,48.63
2024-10-07,M13,Consumption,-1.77
2024-10-07,M13,OnHandSnapshot,46.85
2024-10-08,M13,Consumption,-1.63
2024-10-08,M13,OnHandSnapshot,45.22
2024-10-09,M13,Consumption,-1.87
2024-10-09,M13,OnHandSnapshot,43.36
2024-10-10,M13,Consumption,-1.98
2024-10-10,M13,OnHandSnapshot,41.38
2024-10-11,M13,Consumption,-2.31
2024-10-11,M13,OnHandSnapshot,39.07
2024-10-12,M13,Consumption,-1.6
2024-10-12,M13,OnHandSnapshot,37.47
2024-10-13,M13,Consumption,-1.71
2024-10-13,M13,OnHandSnapshot,35.76
2024-10-14,M13,Consumption,-1.68
2024-10-14,M13,OnHandSnapshot,34.08
2024-10-15,M13,Consumption,-1.74
2024-10-15,M13,OnHandSnapshot,32.34
2024-10-16,M13,Consumption,-1.76
2024-10-16,M13,OnHandSnapshot,30.58
2024-10-17,M13,Consumption,-2.07
2024-10-17,M13,OnHandSnapshot,28.51
2024-10-18,M13,Consumption,-2.34
2024-10-18,M13,OnHandSnapshot,26.17
2024-10-19,M13,Consumption,-1.85
2024-10-19,M13,OnHandSnapshot,24.31
2024-10-20,M13,Receipt,74.7
2024-10-20,M13,Consumption,-1.69
2024-10-20,M13,OnHandSnapshot,97.33
2024-10-21,M13,Consumption,-1.78
2024-10-21,M13,OnHandSnapshot,95.54
2024-10-22,M13,Consumption,-1.82
2024-10-22,M13,OnHandSnapshot,93.72
2024-10-23,M13,Consumption,-1.74
2024-10-23,M13,OnHandSnapshot,91.97
2024-10-24,M13,Consumption,-1.87
2024-10-24,M13,OnHandSnapshot,90.1
2024-10-25,M13,Consumption,-2.18
2024-10-25,M13,OnHandSnapshot,87.92
2024-10-26,M13,Consumption,-1.7
2024-10-26,M13,OnHandSnapshot,86.22
2024-10-27,M13,Consumption,-1.74
2024-10-27,M13,OnHandSnapshot,84.49
2024-10-28,M13,Consumption,-1.69
2024-10-28,M13,OnHandSnapshot,82.8
2024-10-29,M13,Consumption,-1.64
2024-10-29,M13,OnHandSnapshot,81.16
2024-10-30,M13,Consumption,-1.7
2024-10-30,M13,OnHandSnapshot,79.46
2024-10-31,M13,Consumption,-2.06
2024-10-31,M13,OnHandSnapshot,77.4
2024-11-01,M13,Consumption,-2.2
2024-11-01,M13,OnHandSnapshot,75.2
2024-11-02,M13,Consumption,-1.48
2024-11-02,M13,OnHandSnapshot,73.73
2024-11-03,M13,Consumption,-1.71
2024-11-03,M13,OnHandSnapshot,72.02
2024-11-04,M13,Consumption,-1.73
2024-11-04,M13,OnHandSnapshot,70.29
2024-11-05,M13,Consumption,-1.64
2024-11-05,M13,OnHandSnapshot,68.65
2024-11-06,M13,Consumption,-1.77
2024-11-06,M13,OnHandSnapshot,66.87
2024-11-07,M13,Consumption,-1.93
2024-11-07,M13,OnHandSnapshot,64.94
2024-11-08,M13,Consumption,-2.37
2024-11-08,M13,OnHandSnapshot,62.58
2024-11-09,M13,Consumption,-1.77
2024-11-09,M13,OnHandSnapshot,60.81
2024-11-10,M13,Consumption,-1.58
2024-11-10,M13,OnHandSnapshot,59.22
2024-11-11,M13,Consumption,-1.69
2024-11-11,M13,OnHandSnapshot,57.53
2024-11-12,M13,Consumption,-1.68
2024-11-12,M13,OnHandSnapshot,55.85
2024-11-13,M13,Consumption,-1.62
2024-11-13,M13,OnHandSnapshot,54.23
2024-11-14,M13,Consumption,-1.91
2024-11-14,M13,OnHandSnapshot,52.32
2024-11-15,M13,Consumption,-2.38
2024-11-15,M13,OnHandSnapshot,49.94
2024-11-16,M13,Consumption,-1.79
2024-11-16,M13,OnHandSnapshot,48.15
2024-11-17,M13,Consumption,-1.69
2024-11-17,M13,OnHandSnapshot,46.46
2024-11-18,M13,Consumption,-1.7
2024-11-18,M13,OnHandSnapshot,44.76
2024-11-19,M13,Consumption,-1.67
2024-11-19,M13,OnHandSnapshot,43.09
2024-11-20,M13,Consumption,-1.56
2024-11-20,M13,OnHandSnapshot,41.52
2024-11-21,M13,Consumption,-2.13
2024-11-21,M13,OnHandSnapshot,39.39
2024-11-22,M13,Consumption,-2.25
2024-11-22,M13,OnHandSnapshot,37.15
2024-11-23,M13,Consumption,-1.4
2024-11-23,M13,OnHandSnapshot,35.75
2024-11-24,M13,Consumption,-1.91
2024-11-24,M13,OnHandSnapshot,33.84
2024-11-25,M13,Consumption,-1.64
2024-11-25,M13,OnHandSnapshot,32.2
2024-11-26,M13,Consumption,-1.77
2024-11-26,M13,OnHandSnapshot,30.43
2024-11-27,M13,Consumption,-1.79
2024-11-27,M13,OnHandSnapshot,28.64
2024-11-28,M13,Receipt,74.7
2024-11-28,M13,Consumption,-2.13
2024-11-28,M13,OnHandSnapshot,101.21
2024-11-29,M13,Consumption,-2.24
2024-11-29,M13,OnHandSnapshot,98.97
2024-11-30,M13,Consumption,-1.7
2024-11-30,M13,OnHandSnapshot,97.27
2024-12-01,M13,Consumption,-1.83
2024-12-01,M13,OnHandSnapshot,95.44
2024-12-02,M13,Consumption,-1.96
2024-12-02,M13,OnHandSnapshot,93.48
2024-12-03,M13,Consumption,-1.79
2024-12-03,M13,OnHandSnapshot,91.69
2024-12-04,M13,Consumption,-1.64
2024-12-04,M13,OnHandSnapshot,90.04
2024-12-05,M13,Consumption,-1.88
2024-12-05,M13,OnHandSnapshot,88.17
2024-12-06,M13,Consumption,-2.32
2024-12-06,M13,OnHandSnapshot,85.84
2024-12-07,M13,Consumption,-1.57
2024-12-07,M13,OnHandSnapshot,84.27
2024-12-08,M13,Consumption,-1.7
2024-12-08,M13,OnHandSnapshot,82.57
2024-12-09,M13,Consumption,-1.68
2024-12-09,M13,OnHandSnapshot,80.89
2024-12-10,M13,Consumption,-1.6
2024-12-10,M13,OnHandSnapshot,79.29
2024-12-11,M13,Consumption,-1.65
2024-12-11,M13,OnHandSnapshot,77.64
2024-12-12,M13,Consumption,-2.27
2024-12-12,M13,OnHandSnapshot,75.37
2024-12-13,M13,Consumption,-2.2
2024-12-13,M13,OnHandSnapshot,73.17
2024-12-14,M13,Consumption,-1.69
2024-12-14,M13,OnHandSnapshot,71.49
2024-12-15,M13,Consumption,-1.53
2024-12-15,M13,OnHandSnapshot,69.96
2024-12-16,M13,Consumption,-1.78
2024-12-16,M13,OnHandSnapshot,68.18
2024-12-17,M13,Consumption,-1.86
2024-12-17,M13,OnHandSnapshot,66.31
2024-12-18,M13,Consumption,-1.84
2024-12-18,M13,OnHandSnapshot,64.48
2024-12-19,M13,Consumption,-2.05
2024-12-19,M13,OnHandSnapshot,62.43
2024-12-20,M13,Consumption,-2.33
2024-12-20,M13,OnHandSnapshot,60.1
2024-12-21,M13,Consumption,-1.52
2024-12-21,M13,OnHandSnapshot,58.59
2024-12-22,M13,Consumption,-1.67
2024-12-22,M13,OnHandSnapshot,56.92
2024-12-23,M13,Consumption,-1.76
2024-12-23,M13,OnHandSnapshot,55.16
2024-12-24,M13,Consumption,-1.89
2024-12-24,M13,OnHandSnapshot,53.27
2024-12-25,M13,Consumption,-1.68
2024-12-25,M13,OnHandSnapshot,51.59
2024-12-26,M13,Consumption,-1.91
2024-12-26,M13,OnHandSnapshot,49.68
2024-12-27,M13,Consumption,-2.26
2024-12-27,M13,OnHandSnapshot,47.42
2024-12-28,M13,Consumption,-1.73
2024-12-28,M13,OnHandSnapshot,45.69
2024-12-29,M13,Consumption,-1.76
2024-12-29,M13,OnHandSnapshot,43.93
2024-12-30,M13,Consumption,-1.73
2024-12-30,M13,OnHandSnapshot,42.2
2024-12-31,M13,Consumption,-1.79
2024-12-31,M13,OnHandSnapshot,40.42
2025-01-01,M13,Consumption,-1.6
2025-01-01,M13,OnHandSnapshot,38.82
2025-01-02,M13,Consumption,-1.91
2025-01-02,M13,OnHandSnapshot,36.92
2025-01-03,M13,Consumption,-2.34
2025-01-03,M13,OnHandSnapshot,34.58
2025-01-04,M13,Consumption,-1.66
2025-01-04,M13,OnHandSnapshot,32.92
2025-01-05,M13,Receipt,74.7
2025-01-05,M13,Consumption,-1.86
2025-01-05,M13,OnHandSnapshot,105.76
2025-01-06,M13,Consumption,-1.78
2025-01-06,M13,OnHandSnapshot,103.98
2025-01-07,M13,Consumption,-1.7
2025-01-07,M13,OnHandSnapshot,102.28
2025-01-08,M13,Consumption,-1.73
2025-01-08,M13,OnHandSnapshot,100.55
2025-01-09,M13,Consumption,-2.16
2025-01-09,M13,OnHandSnapshot,98.39
2025-01-10,M13,Consumption,-2.28
2025-01-10,M13,OnHandSnapshot,96.11
2025-01-11,M13,Consumption,-1.68
2025-01-11,M13,OnHandSnapshot,94.43
2025-01-12,M13,Consumption,-1.72
2025-01-12,M13,OnHandSnapshot,92.71
2025-01-13,M13,Consumption,-1.85
2025-01-13,M13,OnHandSnapshot,90.86
2025-01-14,M13,Consumption,-1.58
2025-01-14,M13,OnHandSnapshot,89.28
2025-01-15,M13,Consumption,-1.8
2025-01-15,M13,OnHandSnapshot,87.48
2025-01-16,M13,Consumption,-1.99
2025-01-16,M13,OnHandSnapshot,85.49
2025-01-17,M13,Consumption,-2.38
2025-01-17,M13,OnHandSnapshot,83.12
2025-01-18,M13,Consumption,-1.62
2025-01-18,M13,OnHandSnapshot,81.5
2025-01-19,M13,Consumption,-1.72
2025-01-19,M13,OnHandSnapshot,79.78
2025-01-20,M13,Consumption,-1.73
2025-01-20,M13,OnHandSnapshot,78.05
2025-01-21,M13,Consumption,-1.71
2025-01-21,M13,OnHandSnapshot,76.34
2025-01-22,M13,Consumption,-1.67
2025-01-22,M13,OnHandSnapshot,74.67
2025-01-23,M13,Consumption,-1.94
2025-01-23,M13,OnHandSnapshot,72.73
2025-01-24,M13,Consumption,-2.32
2025-01-24,M13,OnHandSnapshot,70.41
2025-01-25,M13,Consumption,-1.72
2025-01-25,M13,OnHandSnapshot,68.69
2025-01-26,M13,Consumption,-1.76
2025-01-26,M13,OnHandSnapshot,66.93
2025-01-27,M13,Consumption,-1.97
2025-01-27,M13,OnHandSnapshot,64.96
2025-01-28,M13,Consumption,-1.67
2025-01-28,M13,OnHandSnapshot,63.29
2025-01-29,M13,Consumption,-1.86
2025-01-29,M13,OnHandSnapshot,61.43
2025-01-30,M13,Consumption,-2.06
2025-01-30,M13,OnHandSnapshot,59.37
2025-01-31,M13,Consumption,-2.39
2025-01-31,M13,OnHandSnapshot,56.99
2025-02-01,M13,Consumption,-1.52
2025-02-01,M13,OnHandSnapshot,55.46
2025-02-02,M13,Consumption,-1.72
2025-02-02,M13,OnHandSnapshot,53.75
2025-02-03,M13,Consumption,-1.66
2025-02-03,M13,OnHandSnapshot,52.09
2025-02-04,M13,Consumption,-1.56
2025-02-04,M13,OnHandSnapshot,50.53
2025-02-05,M13,Consumption,-1.8
2025-02-05,M13,OnHandSnapshot,48.73
2025-02-06,M13,Consumption,-1.92
2025-02-06,M13,OnHandSnapshot,46.81
2025-02-07,M13,Consumption,-2.38
2025-02-07,M13,OnHandSnapshot,44.43
2025-02-08,M13,Consumption,-1.66
2025-02-08,M13,OnHandSnapshot,42.77
2025-02-09,M13,Consumption,-1.84
2025-02-09,M13,OnHandSnapshot,40.92
2025-02-10,M13,Consumption,-1.74
2025-02-10,M13,OnHandSnapshot,39.18
2025-02-11,M13,Consumption,-1.64
2025-02-11,M13,OnHandSnapshot,37.54
2025-02-12,M13,Consumption,-1.76
2025-02-12,M13,OnHandSnapshot,35.79
2025-02-13,M13,Consumption,-2.1
2025-02-13,M13,OnHandSnapshot,33.69
2025-02-14,M13,Consumption,-2.36
2025-02-14,M13,OnHandSnapshot,31.32
2025-02-15,M13,Consumption,-1.57
2025-02-15,M13,OnHandSnapshot,29.75
2025-02-16,M13,Consumption,-1.76
2025-02-16,M13,OnHandSnapshot,28.0
2025-02-17,M13,Consumption,-1.68
2025-02-17,M13,OnHandSnapshot,26.31
2025-02-18,M13,Consumption,-1.65
2025-02-18,M13,OnHandSnapshot,24.66
2025-02-19,M13,Consumption,-1.84
2025-02-19,M13,OnHandSnapshot,22.82
2025-02-20,M13,Consumption,-2.1
2025-02-20,M13,OnHandSnapshot,20.73
2025-02-21,M13,Receipt,74.7
2025-02-21,M13,Consumption,-2.31
2025-02-21,M13,OnHandSnapshot,93.11
2025-02-22,M13,Consumption,-1.65
2025-02-22,M13,OnHandSnapshot,91.46
2025-02-23,M13,Consumption,-1.77
2025-02-23,M13,OnHandSnapshot,89.69
2025-02-24,M13,Consumption,-1.69
2025-02-24,M13,OnHandSnapshot,88.01
2025-02-25,M13,Consumption,-1.98
2025-02-25,M13,OnHandSnapshot,86.03
2025-02-26,M13,Consumption,-1.69
2025-02-26,M13,OnHandSnapshot,84.34
2025-02-27,M13,Consumption,-2.08
2025-02-27,M13,OnHandSnapshot,82.25
2025-02-28,M13,Consumption,-2.4
2025-02-28,M13,OnHandSnapshot,79.85
2025-03-01,M13,Consumption,-1.86
2025-03-01,M13,OnHandSnapshot,77.99
2025-03-02,M13,Consumption,-1.74
2025-03-02,M13,OnHandSnapshot,76.25
2025-03-03,M13,Consumption,-1.77
2025-03-03,M13,OnHandSnapshot,74.48
2025-03-04,M13,Consumption,-1.76
2025-03-04,M13,OnHandSnapshot,72.72
2025-03-05,M13,Consumption,-1.77
2025-03-05,M13,OnHandSnapshot,70.96
2025-03-06,M13,Consumption,-2.1
2025-03-06,M13,OnHandSnapshot,68.85
2025-03-07,M13,Consumption,-2.4
2025-03-07,M13,OnHandSnapshot,66.46
2025-03-08,M13,Consumption,-1.47
2025-03-08,M13,OnHandSnapshot,64.98
2025-03-09,M13,Consumption,-1.76
2025-03-09,M13,OnHandSnapshot,63.22
2025-03-10,M13,Consumption,-1.76
2025-03-10,M13,OnHandSnapshot,61.46
2025-03-11,M13,Consumption,-1.79
2025-03-11,M13,OnHandSnapshot,59.68
2025-03-12,M13,Consumption,-1.75
2025-03-12,M13,OnHandSnapshot,57.92
2025-03-13,M13,Consumption,-2.06
2025-03-13,M13,OnHandSnapshot,55.86
2025-03-14,M13,Consumption,-2.43
2025-03-14,M13,OnHandSnapshot,53.43
2025-03-15,M13,Consumption,-1.83
2025-03-15,M13,OnHandSnapshot,51.6
2025-03-16,M13,Consumption,-1.77
2025-03-16,M13,OnHandSnapshot,49.83
2025-03-17,M13,Consumption,-1.7
2025-03-17,M13,OnHandSnapshot,48.13
2025-03-18,M13,Consumption,-1.75
2025-03-18,M13,OnHandSnapshot,46.38
2025-03-19,M13,Consumption,-1.8
2025-03-19,M13,OnHandSnapshot,44.59
2025-03-20,M13,Consumption,-1.98
2025-03-20,M13,OnHandSnapshot,42.6
2025-03-21,M13,Consumption,-2.88
2025-03-21,M13,OnHandSnapshot,39.73
2025-03-22,M13,Consumption,-1.64
2025-03-22,M13,OnHandSnapshot,38.09
2025-03-23,M13,Consumption,-1.88
2025-03-23,M13,OnHandSnapshot,36.21
2025-03-24,M13,Consumption,-1.75
2025-03-24,M13,OnHandSnapshot,34.46
2025-03-25,M13,Consumption,-1.76
2025-03-25,M13,OnHandSnapshot,32.7
2025-03-26,M13,Consumption,-1.68
2025-03-26,M13,OnHandSnapshot,31.02
2025-03-27,M13,Consumption,-1.98
2025-03-27,M13,OnHandSnapshot,29.04
2025-03-28,M13,Consumption,-2.33
2025-03-28,M13,OnHandSnapshot,26.71
2025-03-29,M13,Receipt,74.7
2025-03-29,M13,Consumption,-1.79
2025-03-29,M13,OnHandSnapshot,99.61
2025-03-30,M13,Consumption,-1.81
2025-03-30,M13,OnHandSnapshot,97.81
2025-03-31,M13,Consumption,-1.87
2025-03-31,M13,OnHandSnapshot,95.94
2025-04-01,M13,Consumption,-1.91
2025-04-01,M13,OnHandSnapshot,94.02
2025-04-02,M13,Consumption,-1.6
2025-04-02,M13,OnHandSnapshot,92.42
2025-04-03,M13,Consumption,-1.91
2025-04-03,M13,OnHandSnapshot,90.51
2025-04-04,M13,Consumption,-2.1
2025-04-04,M13,OnHandSnapshot,88.41
2025-04-05,M13,Consumption,-1.71
2025-04-05,M13,OnHandSnapshot,86.69
2025-04-06,M13,Consumption,-1.7
2025-04-06,M13,OnHandSnapshot,85.0
2025-04-07,M13,Consumption,-1.69
2025-04-07,M13,OnHandSnapshot,83.31
2025-04-08,M13,Consumption,-1.8
2025-04-08,M13,OnHandSnapshot,81.51
2025-04-09,M13,Consumption,-1.66
2025-04-09,M13,OnHandSnapshot,79.85
2025-04-10,M13,Consumption,-1.98
2025-04-10,M13,OnHandSnapshot,77.87
2025-04-11,M13,Consumption,-2.42
2025-04-11,M13,OnHandSnapshot,75.45
2025-04-12,M13,Consumption,-1.67
2025-04-12,M13,OnHandSnapshot,73.78
2025-04-13,M13,Consumption,-1.66
2025-04-13,M13,OnHandSnapshot,72.12
2025-04-14,M13,Consumption,-1.62
2025-04-14,M13,OnHandSnapshot,70.5
2025-04-15,M13,Consumption,-1.71
2025-04-15,M13,OnHandSnapshot,68.79
2025-04-16,M13,Consumption,-1.88
2025-04-16,M13,OnHandSnapshot,66.92
2025-04-17,M13,Consumption,-1.88
2025-04-17,M13,OnHandSnapshot,65.04
2025-04-18,M13,Consumption,-2.22
2025-04-18,M13,OnHandSnapshot,62.83
2025-04-19,M13,Consumption,-1.65
2025-04-19,M13,OnHandSnapshot,61.17
2025-04-20,M13,Consumption,-1.55
2025-04-20,M13,OnHandSnapshot,59.62
2025-04-21,M13,Consumption,-1.96
2025-04-21,M13,OnHandSnapshot,57.66
2025-04-22,M13,Consumption,-1.85
2025-04-22,M13,OnHandSnapshot,55.81
2025-04-23,M13,Consumption,-1.68
2025-04-23,M13,OnHandSnapshot,54.13
2025-04-24,M13,Consumption,-1.86
2025-04-24,M13,OnHandSnapshot,52.27
2025-04-25,M13,Consumption,-2.49
2025-04-25,M13,OnHandSnapshot,49.78
2025-04-26,M13,Consumption,-1.69
2025-04-26,M13,OnHandSnapshot,48.08
2025-04-27,M13,Consumption,-1.71
2025-04-27,M13,OnHandSnapshot,46.38
2025-04-28,M13,Consumption,-1.7
2025-04-28,M13,OnHandSnapshot,44.67
2025-04-29,M13,Consumption,-1.77
2025-04-29,M13,OnHandSnapshot,42.9
2025-04-30,M13,Consumption,-1.79
2025-04-30,M13,OnHandSnapshot,41.11
2025-05-01,M13,Consumption,-2.08
2025-05-01,M13,OnHandSnapshot,39.04
2025-05-02,M13,Consumption,-2.66
2025-05-02,M13,OnHandSnapshot,36.38
2025-05-03,M13,Consumption,-1.63
2025-05-03,M13,OnHandSnapshot,34.75
2025-05-04,M13,Consumption,-1.73
2025-05-04,M13,OnHandSnapshot,33.03
2025-05-05,M13,Consumption,-1.63
2025-05-05,M13,OnHandSnapshot,31.39
2025-05-06,M13,Consumption,-1.72
2025-05-06,M13,OnHandSnapshot,29.67
2025-05-07,M13,Receipt,74.7
2025-05-07,M13,Consumption,-1.67
2025-05-07,M13,OnHandSnapshot,102.7
2025-05-08,M13,Consumption,-2.26
2025-05-08,M13,OnHandSnapshot,100.44
2025-05-09,M13,Consumption,-2.4
2025-05-09,M13,OnHandSnapshot,98.04
2025-05-10,M13,Consumption,-1.66
2025-05-10,M13,OnHandSnapshot,96.38
2025-05-11,M13,Consumption,-1.7
2025-05-11,M13,OnHandSnapshot,94.67
2025-05-12,M13,Consumption,-1.69
2025-05-12,M13,OnHandSnapshot,92.99
2025-05-13,M13,Consumption,-1.62
2025-05-13,M13,OnHandSnapshot,91.36
2025-05-14,M13,Consumption,-1.78
2025-05-14,M13,OnHandSnapshot,89.59
2025-05-15,M13,Consumption,-1.99
2025-05-15,M13,OnHandSnapshot,87.6
2025-05-16,M13,Consumption,-2.55
2025-05-16,M13,OnHandSnapshot,85.05
2025-05-17,M13,Consumption,-1.7
2025-05-17,M13,OnHandSnapshot,83.35
2025-05-18,M13,Consumption,-1.73
2025-05-18,M13,OnHandSnapshot,81.62
2025-05-19,M13,Consumption,-1.74
2025-05-19,M13,OnHandSnapshot,79.87
2025-05-20,M13,Consumption,-1.56
2025-05-20,M13,OnHandSnapshot,78.31
2025-05-21,M13,Consumption,-1.85
2025-05-21,M13,OnHandSnapshot,76.46
2025-05-22,M13,Consumption,-2.01
2025-05-22,M13,OnHandSnapshot,74.45
2025-05-23,M13,Consumption,-2.66
2025-05-23,M13,OnHandSnapshot,71.78
2025-05-24,M13,Consumption,-1.6
2025-05-24,M13,OnHandSnapshot,70.18
2025-05-25,M13,Consumption,-1.66
2025-05-25,M13,OnHandSnapshot,68.52
2025-05-26,M13,Consumption,-1.86
2025-05-26,M13,OnHandSnapshot,66.66
2025-05-27,M13,Consumption,-1.77
2025-05-27,M13,OnHandSnapshot,64.89
2025-05-28,M13,Consumption,-1.64
2025-05-28,M13,OnHandSnapshot,63.25
2025-05-29,M13,Consumption,-1.82
2025-05-29,M13,OnHandSnapshot,61.43
2025-05-30,M13,Consumption,-2.33
2025-05-30,M13,OnHandSnapshot,59.11
2025-05-31,M13,Consumption,-1.65
2025-05-31,M13,OnHandSnapshot,57.46
2025-06-01,M13,Consumption,-1.97
2025-06-01,M13,OnHandSnapshot,55.49
2025-06-02,M13,Consumption,-1.83
2025-06-02,M13,OnHandSnapshot,53.66
2025-06-03,M13,Consumption,-1.72
2025-06-03,M13,OnHandSnapshot,51.94
2025-06-04,M13,Consumption,-1.8
2025-06-04,M13,OnHandSnapshot,50.14
2025-06-05,M13,Consumption,-2.22
2025-06-05,M13,OnHandSnapshot,47.92
2025-06-06,M13,Consumption,-2.13
2025-06-06,M13,OnHandSnapshot,45.79
2025-06-07,M13,Consumption,-1.61
2025-06-07,M13,OnHandSnapshot,44.18
2025-06-08,M13,Consumption,-1.81
2025-06-08,M13,OnHandSnapshot,42.37
2025-06-09,M13,Consumption,-1.66
2025-06-09,M13,OnHandSnapshot,40.71
2025-06-10,M13,Consumption,-1.73
2025-06-10,M13,OnHandSnapshot,38.98
2025-06-11,M13,Consumption,-1.97
2025-06-11,M13,OnHandSnapshot,37.01
2025-06-12,M13,Consumption,-2.16
2025-06-12,M13,OnHandSnapshot,34.85
2025-06-13,M13,Consumption,-2.29
2025-06-13,M13,OnHandSnapshot,32.57
2025-06-14,M13,Consumption,-1.62
2025-06-14,M13,OnHandSnapshot,30.95
2025-06-15,M13,Consumption,-1.74
2025-06-15,M13,OnHandSnapshot,29.21
2025-06-16,M13,Consumption,-1.7
2025-06-16,M13,OnHandSnapshot,27.5
2025-06-17,M13,Receipt,74.7
2025-06-17,M13,Consumption,-1.89
2025-06-17,M13,OnHandSnapshot,100.31
2025-06-18,M13,Consumption,-1.92
2025-06-18,M13,OnHandSnapshot,98.39
2025-06-19,M13,Consumption,-1.92
2025-06-19,M13,OnHandSnapshot,96.47
2025-06-20,M13,Consumption,-2.44
2025-06-20,M13,OnHandSnapshot,94.02
2025-06-21,M13,Consumption,-1.67
2025-06-21,M13,OnHandSnapshot,92.35
2025-06-22,M13,Consumption,-1.76
2025-06-22,M13,OnHandSnapshot,90.59
2025-06-23,M13,Consumption,-1.83
2025-06-23,M13,OnHandSnapshot,88.77
2025-06-24,M13,Consumption,-1.87
2025-06-24,M13,OnHandSnapshot,86.89
2025-06-25,M13,Consumption,-1.73
2025-06-25,M13,OnHandSnapshot,85.17
2025-06-26,M13,Consumption,-1.94
2025-06-26,M13,OnHandSnapshot,83.23
2025-06-27,M13,Consumption,-2.27
2025-06-27,M13,OnHandSnapshot,80.96
2025-06-28,M13,Consumption,-1.65
2025-06-28,M13,OnHandSnapshot,79.31
2025-06-29,M13,Consumption,-1.81
2025-06-29,M13,OnHandSnapshot,77.5
2025-06-30,M13,Consumption,-1.72
2025-06-30,M13,OnHandSnapshot,75.78
2025-07-01,M13,Consumption,-1.82
2025-07-01,M13,OnHandSnapshot,73.96
2025-07-02,M13,Consumption,-1.81
2025-07-02,M13,OnHandSnapshot,72.14
2025-07-03,M13,Consumption,-2.21
2025-07-03,M13,OnHandSnapshot,69.93
2025-07-04,M13,Consumption,-2.52
2025-07-04,M13,OnHandSnapshot,67.41
2025-07-05,M13,Consumption,-1.62
2025-07-05,M13,OnHandSnapshot,65.79
2025-07-06,M13,Consumption,-1.99
2025-07-06,M13,OnHandSnapshot,63.8
2025-07-07,M13,Consumption,-1.63
2025-07-07,M13,OnHandSnapshot,62.17
2025-07-08,M13,Consumption,-1.7
2025-07-08,M13,OnHandSnapshot,60.47
2025-07-09,M13,Consumption,-1.83
2025-07-09,M13,OnHandSnapshot,58.64
2025-07-10,M13,Consumption,-2.03
2025-07-10,M13,OnHandSnapshot,56.62
2025-07-11,M13,Consumption,-2.19
2025-07-11,M13,OnHandSnapshot,54.43
2025-07-12,M13,Consumption,-1.69
2025-07-12,M13,OnHandSnapshot,52.74
2025-07-13,M13,Consumption,-1.91
2025-07-13,M13,OnHandSnapshot,50.83
2025-07-14,M13,Consumption,-1.68
2025-07-14,M13,OnHandSnapshot,49.15
2025-07-15,M13,Consumption,-1.63
2025-07-15,M13,OnHandSnapshot,47.52
2025-07-16,M13,Consumption,-1.87
2025-07-16,M13,OnHandSnapshot,45.66
2025-07-17,M13,Consumption,-2.04
2025-07-17,M13,OnHandSnapshot,43.61
2025-07-18,M13,Consumption,-2.69
2025-07-18,M13,OnHandSnapshot,40.92
2025-07-19,M13,Consumption,-1.62
2025-07-19,M13,OnHandSnapshot,39.3
2025-07-20,M13,Consumption,-1.66
2025-07-20,M13,OnHandSnapshot,37.64
2025-07-21,M13,Consumption,-1.76
2025-07-21,M13,OnHandSnapshot,35.88
2025-07-22,M13,Consumption,-1.89
2025-07-22,M13,OnHandSnapshot,33.99
2025-07-23,M13,Consumption,-1.93
2025-07-23,M13,OnHandSnapshot,32.06
2025-07-24,M13,Consumption,-2.14
2025-07-24,M13,OnHandSnapshot,29.92
2025-07-25,M13,Receipt,74.7
2025-07-25,M13,Consumption,-2.58
2025-07-25,M13,OnHandSnapshot,102.04
2025-07-26,M13,Consumption,-1.61
2025-07-26,M13,OnHandSnapshot,100.43
2025-07-27,M13,Consumption,-1.58
2025-07-27,M13,OnHandSnapshot,98.85
2025-07-28,M13,Consumption,-1.74
2025-07-28,M13,OnHandSnapshot,97.11
2025-07-29,M13,Consumption,-1.7
2025-07-29,M13,OnHandSnapshot,95.42
2025-07-30,M13,Consumption,-1.74
2025-07-30,M13,OnHandSnapshot,93.67
2025-07-31,M13,Consumption,-2.07
2025-07-31,M13,OnHandSnapshot,91.6
2025-08-01,M13,Consumption,-2.39
2025-08-01,M13,OnHandSnapshot,89.21
2025-08-02,M13,Consumption,-1.8
2025-08-02,M13,OnHandSnapshot,87.41
2025-08-03,M13,Consumption,-1.66
2025-08-03,M13,OnHandSnapshot,85.75
2025-08-04,M13,Consumption,-1.9
2025-08-04,M13,OnHandSnapshot,83.85
2025-08-05,M13,Consumption,-1.75
2025-08-05,M13,OnHandSnapshot,82.1
2025-08-06,M13,Consumption,-1.78
2025-08-06,M13,OnHandSnapshot,80.32
2025-08-07,M13,Consumption,-2.05
2025-08-07,M13,OnHandSnapshot,78.27
2025-08-08,M13,Consumption,-2.32
2025-08-08,M13,OnHandSnapshot,75.95
2025-08-09,M13,Consumption,-1.72
2025-08-09,M13,OnHandSnapshot,74.23
2025-08-10,M13,Consumption,-1.9
2025-08-10,M13,OnHandSnapshot,72.33
2025-08-11,M13,Consumption,-1.88
2025-08-11,M13,OnHandSnapshot,70.45
2025-08-12,M13,Consumption,-1.82
2025-08-12,M13,OnHandSnapshot,68.63
2025-08-13,M13,Consumption,-1.73
2025-08-13,M13,OnHandSnapshot,66.91
2025-08-14,M13,Consumption,-2.02
2025-08-14,M13,OnHandSnapshot,64.89
2025-08-15,M13,Consumption,-2.27
2025-08-15,M13,OnHandSnapshot,62.62
2025-08-16,M13,Consumption,-1.94
2025-08-16,M13,OnHandSnapshot,60.68
2025-08-17,M13,Consumption,-1.93
2025-08-17,M13,OnHandSnapshot,58.74
2025-08-18,M13,Consumption,-1.72
2025-08-18,M13,OnHandSnapshot,57.02
2025-08-19,M13,Consumption,-1.75
2025-08-19,M13,OnHandSnapshot,55.27
2025-08-20,M13,Consumption,-1.72
2025-08-20,M13,OnHandSnapshot,53.55
2025-08-21,M13,Consumption,-2.04
2025-08-21,M13,OnHandSnapshot,51.51
2025-08-22,M13,Consumption,-2.53
2025-08-22,M13,OnHandSnapshot,48.97
2025-08-23,M13,Consumption,-1.56
2025-08-23,M13,OnHandSnapshot,47.41
2025-08-24,M13,Consumption,-1.92
2025-08-24,M13,OnHandSnapshot,45.5
2025-08-25,M13,Consumption,-1.74
2025-08-25,M13,OnHandSnapshot,43.76
2025-08-26,M13,Consumption,-1.7
2025-08-26,M13,OnHandSnapshot,42.06
2025-08-27,M13,Consumption,-1.8
2025-08-27,M13,OnHandSnapshot,40.26
2025-08-28,M13,Consumption,-1.89
2025-08-28,M13,OnHandSnapshot,38.36
2025-08-29,M13,Consumption,-2.5
2025-08-29,M13,OnHandSnapshot,35.86
2025-08-30,M13,Consumption,-1.75
2025-08-30,M13,OnHandSnapshot,34.11
2025-08-31,M13,Consumption,-1.82
2025-08-31,M13,OnHandSnapshot,32.29
2025-09-01,M13,Consumption,-1.8
2025-09-01,M13,OnHandSnapshot,30.5
2025-09-02,M13,Consumption,-1.77
2025-09-02,M13,OnHandSnapshot,28.72
2025-09-03,M13,Receipt,74.7
2025-09-03,M13,Consumption,-1.73
2025-09-03,M13,OnHandSnapshot,101.69
2025-09-04,M13,Consumption,-2.07
2025-09-04,M13,OnHandSnapshot,99.62
2025-09-05,M13,Consumption,-2.49
2025-09-05,M13,OnHandSnapshot,97.13
2025-09-06,M13,Consumption,-1.74
2025-09-06,M13,OnHandSnapshot,95.39
2025-09-07,M13,Consumption,-1.68
2025-09-07,M13,OnHandSnapshot,93.71
2025-09-08,M13,Consumption,-1.98
2025-09-08,M13,OnHandSnapshot,91.73
2025-09-09,M13,Consumption,-1.65
2025-09-09,M13,OnHandSnapshot,90.08
2025-09-10,M13,Consumption,-1.72
2025-09-10,M13,OnHandSnapshot,88.36
2025-09-11,M13,Consumption,-2.0
2025-09-11,M13,OnHandSnapshot,86.35
2025-09-12,M13,Consumption,-2.39
2025-09-12,M13,OnHandSnapshot,83.96
2025-09-13,M13,Consumption,-1.65
2025-09-13,M13,OnHandSnapshot,82.31
2025-09-14,M13,Consumption,-1.75
2025-09-14,M13,OnHandSnapshot,80.56
2025-09-15,M13,Consumption,-1.89
2025-09-15,M13,OnHandSnapshot,78.67
2025-09-16,M13,Consumption,-1.75
2025-09-16,M13,OnHandSnapshot,76.92
2025-09-17,M13,Consumption,-1.84
2025-09-17,M13,OnHandSnapshot,75.08
2025-09-18,M13,Consumption,-2.0
2025-09-18,M13,OnHandSnapshot,73.07
2025-09-19,M13,Consumption,-2.27
2025-09-19,M13,OnHandSnapshot,70.8
2025-09-20,M13,Consumption,-1.75
2025-09-20,M13,OnHandSnapshot,69.05
2025-09-21,M13,Consumption,-1.75
2025-09-21,M13,OnHandSnapshot,67.3
2025-09-22,M13,Consumption,-1.7
2025-09-22,M13,OnHandSnapshot,65.6
2025-09-23,M13,Consumption,-1.88
2025-09-23,M13,OnHandSnapshot,63.72
2025-09-24,M13,Consumption,-1.87
2025-09-24,M13,OnHandSnapshot,61.84
2025-09-25,M13,Consumption,-2.03
2025-09-25,M13,OnHandSnapshot,59.81
2025-09-26,M13,Consumption,-2.45
2025-09-26,M13,OnHandSnapshot,57.36
2025-09-27,M13,Consumption,-1.78
2025-09-27,M13,OnHandSnapshot,55.59
2025-09-28,M13,Consumption,-1.83
2025-09-28,M13,OnHandSnapshot,53.76
2025-09-29,M13,Consumption,-1.86
2025-09-29,M13,OnHandSnapshot,51.9
2025-09-30,M13,Consumption,-1.69
2025-09-30,M13,OnHandSnapshot,50.21
2025-10-01,M13,Consumption,-1.73
2025-10-01,M13,OnHandSnapshot,48.48
2025-10-02,M13,Consumption,-2.18
2025-10-02,M13,OnHandSnapshot,46.3
2025-10-03,M13,Consumption,-2.65
2025-10-03,M13,OnHandSnapshot,43.65
2025-10-04,M13,Consumption,-1.6
2025-10-04,M13,OnHandSnapshot,42.05
2025-10-05,M13,Consumption,-1.72
2025-10-05,M13,OnHandSnapshot,40.33
2025-10-06,M13,Consumption,-1.98
2025-10-06,M13,OnHandSnapshot,38.35
2025-10-07,M13,Consumption,-1.76
2025-10-07,M13,OnHandSnapshot,36.59
2025-10-08,M13,Consumption,-1.9
2025-10-08,M13,OnHandSnapshot,34.69
2025-10-09,M13,Consumption,-2.03
2025-10-09,M13,OnHandSnapshot,32.67
2025-10-10,M13,Consumption,-2.54
2025-10-10,M13,OnHandSnapshot,30.13
2025-10-11,M13,Consumption,-1.96
2025-10-11,M13,OnHandSnapshot,28.17
2025-10-12,M13,Consumption,-1.8
2025-10-12,M13,OnHandSnapshot,26.37
2025-10-13,M13,Consumption,-1.59
2025-10-13,M13,OnHandSnapshot,24.78
2025-10-14,M13,Receipt,74.7
2025-10-14,M13,Consumption,-1.68
2025-10-14,M13,OnHandSnapshot,97.79
2025-10-15,M13,Consumption,-1.65
2025-10-15,M13,OnHandSnapshot,96.14
2025-10-16,M13,Consumption,-2.08
2025-10-16,M13,OnHandSnapshot,94.06
2025-10-17,M13,Consumption,-2.55
2025-10-17,M13,OnHandSnapshot,91.52
2025-10-18,M13,Consumption,-1.67
2025-10-18,M13,OnHandSnapshot,89.84
2025-10-19,M13,Consumption,-1.72
2025-10-19,M13,OnHandSnapshot,88.12
2025-10-20,M13,Consumption,-1.78
2025-10-20,M13,OnHandSnapshot,86.34
2025-10-21,M13,Consumption,-1.99
2025-10-21,M13,OnHandSnapshot,84.36
2025-10-22,M13,Consumption,-1.88
2025-10-22,M13,OnHandSnapshot,82.47
2025-10-23,M13,Consumption,-2.14
2025-10-23,M13,OnHandSnapshot,80.33
2025-10-24,M13,Consumption,-2.56
2025-10-24,M13,OnHandSnapshot,77.77
2025-10-25,M13,Consumption,-1.74
2025-10-25,M13,OnHandSnapshot,76.03
2025-10-26,M13,Consumption,-1.87
2025-10-26,M13,OnHandSnapshot,74.16
2025-10-27,M13,Consumption,-1.87
2025-10-27,M13,OnHandSnapshot,72.29
2025-10-28,M13,Consumption,-1.85
2025-10-28,M13,OnHandSnapshot,70.44
2025-10-29,M13,Consumption,-2.01
2025-10-29,M13,OnHandSnapshot,68.43
2025-10-30,M13,Consumption,-1.96
2025-10-30,M13,OnHandSnapshot,66.47
2025-10-31,M13,Consumption,-2.41
2025-10-31,M13,OnHandSnapshot,64.07
2025-11-01,M13,Consumption,-1.74
2025-11-01,M13,OnHandSnapshot,62.32
2025-11-02,M13,Consumption,-1.73
2025-11-02,M13,OnHandSnapshot,60.59
2025-11-03,M13,Consumption,-1.74
2025-11-03,M13,OnHandSnapshot,58.85
2025-11-04,M13,Consumption,-1.81
2025-11-04,M13,OnHandSnapshot,57.04
2025-11-05,M13,Consumption,-1.98
2025-11-05,M13,OnHandSnapshot,55.06
2025-11-06,M13,Consumption,-1.98
2025-11-06,M13,OnHandSnapshot,53.09
2025-11-07,M13,Consumption,-2.62
2025-11-07,M13,OnHandSnapshot,50.47
2025-11-08,M13,Consumption,-1.85
2025-11-08,M13,OnHandSnapshot,48.61
2025-11-09,M13,Consumption,-2.02
2025-11-09,M13,OnHandSnapshot,46.59
2025-11-10,M13,Consumption,-1.96
2025-11-10,M13,OnHandSnapshot,44.63
2025-11-11,M13,Consumption,-1.92
2025-11-11,M13,OnHandSnapshot,42.7
2025-11-12,M13,Consumption,-1.98
2025-11-12,M13,OnHandSnapshot,40.73
2025-11-13,M13,Consumption,-2.33
2025-11-13,M13,OnHandSnapshot,38.4
2025-11-14,M13,Consumption,-2.35
2025-11-14,M13,OnHandSnapshot,36.05
2025-11-15,M13,Consumption,-1.76
2025-11-15,M13,OnHandSnapshot,34.29
2025-11-16,M13,Consumption,-1.84
2025-11-16,M13,OnHandSnapshot,32.45
2025-11-17,M13,Consumption,-1.7
2025-11-17,M13,OnHandSnapshot,30.74
2025-11-18,M13,Consumption,-1.79
2025-11-18,M13,OnHandSnapshot,28.95
2025-11-19,M13,Consumption,-1.84
2025-11-19,M13,OnHandSnapshot,27.11
2025-11-20,M13,Consumption,-2.1
2025-11-20,M13,OnHandSnapshot,25.0
2025-11-21,M13,Consumption,-2.64
2025-11-21,M13,OnHandSnapshot,22.37
2025-11-22,M13,Consumption,-1.84
2025-11-22,M13,OnHandSnapshot,20.53
2025-11-23,M13,Receipt,74.7
2025-11-23,M13,Consumption,-1.8
2025-11-23,M13,OnHandSnapshot,93.44
2025-11-24,M13,Consumption,-1.84
2025-11-24,M13,OnHandSnapshot,91.59
2025-11-25,M13,Consumption,-1.9
2025-11-25,M13,OnHandSnapshot,89.69
2025-11-26,M13,Consumption,-1.85
2025-11-26,M13,OnHandSnapshot,87.84
2025-11-27,M13,Consumption,-2.16
2025-11-27,M13,OnHandSnapshot,85.68
2025-11-28,M13,Consumption,-2.4
2025-11-28,M13,OnHandSnapshot,83.28
2025-11-29,M13,Consumption,-1.68
2025-11-29,M13,OnHandSnapshot,81.6
2025-11-30,M13,Consumption,-1.77
2025-11-30,M13,OnHandSnapshot,79.83
2025-12-01,M13,Consumption,-1.94
2025-12-01,M13,OnHandSnapshot,77.89
2025-12-02,M13,Consumption,-1.99
2025-12-02,M13,OnHandSnapshot,75.91
2025-12-03,M13,Consumption,-1.89
2025-12-03,M13,OnHandSnapshot,74.02
2025-12-04,M13,Consumption,-2.27
2025-12-04,M13,OnHandSnapshot,71.74
2025-12-05,M13,Consumption,-2.35
2025-12-05,M13,OnHandSnapshot,69.4
2025-12-06,M13,Consumption,-1.75
2025-12-06,M13,OnHandSnapshot,67.64
2025-12-07,M13,Consumption,-1.83
2025-12-07,M13,OnHandSnapshot,65.81
2025-12-08,M13,Consumption,-1.91
2025-12-08,M13,OnHandSnapshot,63.91
2025-12-09,M13,Consumption,-1.87
2025-12-09,M13,OnHandSnapshot,62.04
2025-12-10,M13,Consumption,-1.84
2025-12-10,M13,OnHandSnapshot,60.2
2025-12-11,M13,Consumption,-2.04
2025-12-11,M13,OnHandSnapshot,58.16
2025-12-12,M13,Consumption,-2.46
2025-12-12,M13,OnHandSnapshot,55.71
2025-12-13,M13,Consumption,-1.81
2025-12-13,M13,OnHandSnapshot,53.9
2025-12-14,M13,Consumption,-1.71
2025-12-14,M13,OnHandSnapshot,52.19
2025-12-15,M13,Consumption,-1.66
2025-12-15,M13,OnHandSnapshot,50.54
2025-12-16,M13,Consumption,-2.0
2025-12-16,M13,OnHandSnapshot,48.54
2025-12-17,M13,Consumption,-1.96
2025-12-17,M13,OnHandSnapshot,46.57
2025-12-18,M13,Consumption,-2.18
2025-12-18,M13,OnHandSnapshot,44.4
2025-12-19,M13,Consumption,-2.54
2025-12-19,M13,OnHandSnapshot,41.85
2025-12-20,M13,Consumption,-1.87
2025-12-20,M13,OnHandSnapshot,39.98
2025-12-21,M13,Consumption,-1.86
2025-12-21,M13,OnHandSnapshot,38.12
2025-12-22,M13,Consumption,-1.92
2025-12-22,M13,OnHandSnapshot,36.21
2025-12-23,M13,Consumption,-1.79
2025-12-23,M13,OnHandSnapshot,34.42
2025-12-24,M13,Consumption,-1.88
2025-12-24,M13,OnHandSnapshot,32.54
2025-12-25,M13,Consumption,-1.97
2025-12-25,M13,OnHandSnapshot,30.57
2025-12-26,M13,Consumption,-2.69
2025-12-26,M13,OnHandSnapshot,27.88
2025-12-27,M13,Consumption,-1.66
2025-12-27,M13,OnHandSnapshot,26.22
2025-12-28,M13,Consumption,-2.1
2025-12-28,M13,OnHandSnapshot,24.12
2025-12-29,M13,Consumption,-1.88
2025-12-29,M13,OnHandSnapshot,22.24
2025-12-30,M13,Consumption,-2.01
2025-12-30,M13,OnHandSnapshot,20.23
2025-12-31,M13,Consumption,-1.79
2025-12-31,M13,OnHandSnapshot,18.44
2024-01-01,M14,Consumption,-5.45
2024-01-01,M14,OnHandSnapshot,64.92
2024-01-02,M14,Consumption,-4.98
2024-01-02,M14,OnHandSnapshot,59.94
2024-01-03,M14,Consumption,-4.93
2024-01-03,M14,OnHandSnapshot,55.0
2024-01-04,M14,Receipt,131.94
2024-01-04,M14,Consumption,-5.81
2024-01-04,M14,OnHandSnapshot,181.13
2024-01-05,M14,Consumption,-6.76
2024-01-05,M14,OnHandSnapshot,174.37
2024-01-06,M14,Consumption,-4.98
2024-01-06,M14,OnHandSnapshot,169.4
2024-01-07,M14,Consumption,-4.86
2024-01-07,M14,OnHandSnapshot,164.54
2024-01-08,M14,Consumption,-5.08
2024-01-08,M14,OnHandSnapshot,159.46
2024-01-09,M14,Consumption,-5.04
2024-01-09,M14,OnHandSnapshot,154.43
2024-01-10,M14,Consumption,-5.18
2024-01-10,M14,OnHandSnapshot,149.25
2024-01-11,M14,Consumption,-5.98
2024-01-11,M14,OnHandSnapshot,143.27
2024-01-12,M14,Consumption,-7.22
2024-01-12,M14,OnHandSnapshot,136.05
2024-01-13,M14,Consumption,-4.95
2024-01-13,M14,OnHandSnapshot,131.09
2024-01-14,M14,Consumption,-5.22
2024-01-14,M14,OnHandSnapshot,125.87
2024-01-15,M14,Consumption,-5.23
2024-01-15,M14,OnHandSnapshot,120.64
2024-01-16,M14,Consumption,-5.13
2024-01-16,M14,OnHandSnapshot,115.5
2024-01-17,M14,Consumption,-5.12
2024-01-17,M14,OnHandSnapshot,110.38
2024-01-18,M14,Consumption,-5.67
2024-01-18,M14,OnHandSnapshot,104.71
2024-01-19,M14,Consumption,-6.96
2024-01-19,M14,OnHandSnapshot,97.75
2024-01-20,M14,Consumption,-4.92
2024-01-20,M14,OnHandSnapshot,92.83
2024-01-21,M14,Consumption,-5.17
2024-01-21,M14,OnHandSnapshot,87.67
2024-01-22,M14,Consumption,-5.1
2024-01-22,M14,OnHandSnapshot,82.57
2024-01-23,M14,Consumption,-5.44
2024-01-23,M14,OnHandSnapshot,77.13
2024-01-24,M14,Receipt,131.94
2024-01-24,M14,Consumption,-5.01
2024-01-24,M14,OnHandSnapshot,204.05
2024-01-25,M14,Consumption,-6.11
2024-01-25,M14,OnHandSnapshot,197.94
2024-01-26,M14,Consumption,-7.08
2024-01-26,M14,OnHandSnapshot,190.86
2024-01-27,M14,Consumption,-5.17
2024-01-27,M14,OnHandSnapshot,185.69
2024-01-28,M14,Consumption,-5.13
2024-01-28,M14,OnHandSnapshot,180.56
2024-01-29,M14,Consumption,-5.14
2024-01-29,M14,OnHandSnapshot,175.41
2024-01-30,M14,Consumption,-5.13
2024-01-30,M14,OnHandSnapshot,170.28
2024-01-31,M14,Consumption,-5.26
2024-01-31,M14,OnHandSnapshot,165.02
2024-02-01,M14,Consumption,-6.12
2024-02-01,M14,OnHandSnapshot,158.9
2024-02-02,M14,Consumption,-6.9
2024-02-02,M14,OnHandSnapshot,152.0
2024-02-03,M14,Consumption,-4.86
2024-02-03,M14,OnHandSnapshot,147.14
2024-02-04,M14,Consumption,-5.21
2024-02-04,M14,OnHandSnapshot,141.93
2024-02-05,M14,Consumption,-5.29
2024-02-05,M14,OnHandSnapshot,136.64
2024-02-06,M14,Consumption,-5.16
2024-02-06,M14,OnHandSnapshot,131.48
2024-02-07,M14,Consumption,-4.84
2024-02-07,M14,OnHandSnapshot,126.63
2024-02-08,M14,Consumption,-5.94
2024-02-08,M14,OnHandSnapshot,120.7
2024-02-09,M14,Consumption,-6.9
2024-02-09,M14,OnHandSnapshot,113.79
2024-02-10,M14,Consumption,-4.88
2024-02-10,M14,OnHandSnapshot,108.91
2024-02-11,M14,Consumption,-4.93
2024-02-11,M14,OnHandSnapshot,103.98
2024-02-12,M14,Consumption,-5.4
2024-02-12,M14,OnHandSnapshot,98.58
2024-02-13,M14,Consumption,-5.37
2024-02-13,M14,OnHandSnapshot,93.21
2024-02-14,M14,Consumption,-5.36
2024-02-14,M14,OnHandSnapshot,87.85
2024-02-15,M14,Consumption,-6.08
2024-02-15,M14,OnHandSnapshot,81.77
2024-02-16,M14,Receipt,131.94
2024-02-16,M14,Consumption,-7.04
2024-02-16,M14,OnHandSnapshot,206.67
2024-02-17,M14,Consumption,-5.14
2024-02-17,M14,OnHandSnapshot,201.53
2024-02-18,M14,Consumption,-4.99
2024-02-18,M14,OnHandSnapshot,196.54
2024-02-19,M14,Consumption,-4.92
2024-02-19,M14,OnHandSnapshot,191.62
2024-02-20,M14,Consumption,-4.99
2024-02-20,M14,OnHandSnapshot,186.63
2024-02-21,M14,Consumption,-5.13
2024-02-21,M14,OnHandSnapshot,181.5
2024-02-22,M14,Consumption,-6.04
2024-02-22,M14,OnHandSnapshot,175.47
2024-02-23,M14,Consumption,-7.06
2024-02-23,M14,OnHandSnapshot,168.4
2024-02-24,M14,Consumption,-4.84
2024-02-24,M14,OnHandSnapshot,163.57
2024-02-25,M14,Consumption,-5.22
2024-02-25,M14,OnHandSnapshot,158.35
2024-02-26,M14,Consumption,-5.25
2024-02-26,M14,OnHandSnapshot,153.1
2024-02-27,M14,Consumption,-5.54
2024-02-27,M14,OnHandSnapshot,147.56
2024-02-28,M14,Consumption,-5.13
2024-02-28,M14,OnHandSnapshot,142.43
2024-02-29,M14,Consumption,-5.97
2024-02-29,M14,OnHandSnapshot,136.46
2024-03-01,M14,Consumption,-7.03
2024-03-01,M14,OnHandSnapshot,129.43
2024-03-02,M14,Consumption,-4.9
2024-03-02,M14,OnHandSnapshot,124.53
2024-03-03,M14,Consumption,-5.47
2024-03-03,M14,OnHandSnapshot,119.06
2024-03-04,M14,Consumption,-5.28
2024-03-04,M14,OnHandSnapshot,113.77
2024-03-05,M14,Consumption,-4.88
2024-03-05,M14,OnHandSnapshot,108.89
2024-03-06,M14,Consumption,-5.28
2024-03-06,M14,OnHandSnapshot,103.61
2024-03-07,M14,Consumption,-5.89
2024-03-07,M14,OnHandSnapshot,97.72
2024-03-08,M14,Consumption,-7.47
2024-03-08,M14,OnHandSnapshot,90.25
2024-03-09,M14,Consumption,-5.19
2024-03-09,M14,OnHandSnapshot,85.06
2024-03-10,M14,Consumption,-5.31
2024-03-10,M14,OnHandSnapshot,79.75
2024-03-11,M14,Consumption,-5.61
2024-03-11,M14,OnHandSnapshot,74.14
2024-03-12,M14,Consumption,-5.45
2024-03-12,M14,OnHandSnapshot,68.69
2024-03-13,M14,Consumption,-5.24
2024-03-13,M14,OnHandSnapshot,63.46
2024-03-14,M14,Receipt,131.94
2024-03-14,M14,Consumption,-6.08
2024-03-14,M14,OnHandSnapshot,189.31
2024-03-15,M14,Consumption,-6.77
2024-03-15,M14,OnHandSnapshot,182.55
2024-03-16,M14,Consumption,-5.02
2024-03-16,M14,OnHandSnapshot,177.53
2024-03-17,M14,Consumption,-5.12
2024-03-17,M14,OnHandSnapshot,172.4
2024-03-18,M14,Consumption,-5.16
2024-03-18,M14,OnHandSnapshot,167.24
2024-03-19,M14,Consumption,-5.21
2024-03-19,M14,OnHandSnapshot,162.04
2024-03-20,M14,Consumption,-5.1
2024-03-20,M14,OnHandSnapshot,156.94
2024-03-21,M14,Consumption,-6.32
2024-03-21,M14,OnHandSnapshot,150.62
2024-03-22,M14,Consumption,-6.95
2024-03-22,M14,OnHandSnapshot,143.67
2024-03-23,M14,Consumption,-4.9
2024-03-23,M14,OnHandSnapshot,138.76
2024-03-24,M14,Consumption,-5.45
2024-03-24,M14,OnHandSnapshot,133.31
2024-03-25,M14,Consumption,-5.15
2024-03-25,M14,OnHandSnapshot,128.16
2024-03-26,M14,Consumption,-5.43
2024-03-26,M14,OnHandSnapshot,122.73
2024-03-27,M14,Consumption,-5.17
2024-03-27,M14,OnHandSnapshot,117.56
2024-03-28,M14,Consumption,-5.82
2024-03-28,M14,OnHandSnapshot,111.74
2024-03-29,M14,Consumption,-7.25
2024-03-29,M14,OnHandSnapshot,104.48
2024-03-30,M14,Consumption,-4.9
2024-03-30,M14,OnHandSnapshot,99.59
2024-03-31,M14,Consumption,-5.62
2024-03-31,M14,OnHandSnapshot,93.97
2024-04-01,M14,Consumption,-5.41
2024-04-01,M14,OnHandSnapshot,88.56
2024-04-02,M14,Consumption,-5.15
2024-04-02,M14,OnHandSnapshot,83.41
2024-04-03,M14,Consumption,-5.06
2024-04-03,M14,OnHandSnapshot,78.34
2024-04-04,M14,Consumption,-6.02
2024-04-04,M14,OnHandSnapshot,72.32
2024-04-05,M14,Consumption,-7.32
2024-04-05,M14,OnHandSnapshot,65.0
2024-04-06,M14,Receipt,131.94
2024-04-06,M14,Consumption,-5.05
2024-04-06,M14,OnHandSnapshot,191.9
2024-04-07,M14,Consumption,-5.48
2024-04-07,M14,OnHandSnapshot,186.42
2024-04-08,M14,Consumption,-5.08
2024-04-08,M14,OnHandSnapshot,181.33
2024-04-09,M14,Consumption,-5.16
2024-04-09,M14,OnHandSnapshot,176.18
2024-04-10,M14,Consumption,-5.41
2024-04-10,M14,OnHandSnapshot,170.76
2024-04-11,M14,Consumption,-6.08
2024-04-11,M14,OnHandSnapshot,164.68
2024-04-12,M14,Consumption,-7.19
2024-04-12,M14,OnHandSnapshot,157.49
2024-04-13,M14,Consumption,-4.96
2024-04-13,M14,OnHandSnapshot,152.52
2024-04-14,M14,Consumption,-5.09
2024-04-14,M14,OnHandSnapshot,147.44
2024-04-15,M14,Consumption,-5.06
2024-04-15,M14,OnHandSnapshot,142.38
2024-04-16,M14,Consumption,-5.15
2024-04-16,M14,OnHandSnapshot,137.23
2024-04-17,M14,Consumption,-5.41
2024-04-17,M14,OnHandSnapshot,131.82
2024-04-18,M14,Consumption,-6.22
2024-04-18,M14,OnHandSnapshot,125.6
2024-04-19,M14,Consumption,-7.18
2024-04-19,M14,OnHandSnapshot,118.42
2024-04-20,M14,Consumption,-4.84
2024-04-20,M14,OnHandSnapshot,113.58
2024-04-21,M14,Consumption,-5.64
2024-04-21,M14,OnHandSnapshot,107.94
2024-04-22,M14,Consumption,-5.37
2024-04-22,M14,OnHandSnapshot,102.57
2024-04-23,M14,Consumption,-5.09
2024-04-23,M14,OnHandSnapshot,97.48
2024-04-24,M14,Consumption,-5.31
2024-04-24,M14,OnHandSnapshot,92.17
2024-04-25,M14,Consumption,-6.06
2024-04-25,M14,OnHandSnapshot,86.11
2024-04-26,M14,Consumption,-7.13
2024-04-26,M14,OnHandSnapshot,78.97
2024-04-27,M14,Consumption,-4.89
2024-04-27,M14,OnHandSnapshot,74.09
2024-04-28,M14,Consumption,-4.97
2024-04-28,M14,OnHandSnapshot,69.12
2024-04-29,M14,Consumption,-5.32
2024-04-29,M14,OnHandSnapshot,63.8
2024-04-30,M14,Consumption,-5.24
2024-04-30,M14,OnHandSnapshot,58.56
2024-05-01,M14,Receipt,131.94
2024-05-01,M14,Consumption,-5.05
2024-05-01,M14,OnHandSnapshot,185.46
2024-05-02,M14,Consumption,-5.78
2024-05-02,M14,OnHandSnapshot,179.67
2024-05-03,M14,Consumption,-6.6
2024-05-03,M14,OnHandSnapshot,173.07
2024-05-04,M14,Consumption,-5.18
2024-05-04,M14,OnHandSnapshot,167.89
2024-05-05,M14,Consumption,-5.17
2024-05-05,M14,OnHandSnapshot,162.72
2024-05-06,M14,Consumption,-5.18
2024-05-06,M14,OnHandSnapshot,157.55
2024-05-07,M14,Consumption,-5.74
2024-05-07,M14,OnHandSnapshot,151.81
2024-05-08,M14,Consumption,-5.06
2024-05-08,M14,OnHandSnapshot,146.75
2024-05-09,M14,Consumption,-5.92
2024-05-09,M14,OnHandSnapshot,140.83
2024-05-10,M14,Consumption,-7.09
2024-05-10,M14,OnHandSnapshot,133.74
2024-05-11,M14,Consumption,-5.02
2024-05-11,M14,OnHandSnapshot,128.72
2024-05-12,M14,Consumption,-5.32
2024-05-12,M14,OnHandSnapshot,123.41
2024-05-13,M14,Consumption,-5.16
2024-05-13,M14,OnHandSnapshot,118.25
2024-05-14,M14,Consumption,-5.19
2024-05-14,M14,OnHandSnapshot,113.06
2024-05-15,M14,Consumption,-5.72
2024-05-15,M14,OnHandSnapshot,107.34
2024-05-16,M14,Consumption,-6.25
2024-05-16,M14,OnHandSnapshot,101.09
2024-05-17,M14,Consumption,-7.07
2024-05-17,M14,OnHandSnapshot,94.02
2024-05-18,M14,Consumption,-5.11
2024-05-18,M14,OnHandSnapshot,88.91
2024-05-19,M14,Consumption,-5.57
2024-05-19,M14,OnHandSnapshot,83.34
2024-05-20,M14,Consumption,-5.03
2024-05-20,M14,OnHandSnapshot,78.31
2024-05-21,M14,Consumption,-5.59
2024-05-21,M14,OnHandSnapshot,72.72
2024-05-22,M14,Consumption,-4.99
2024-05-22,M14,OnHandSnapshot,67.73
2024-05-23,M14,Consumption,-5.69
2024-05-23,M14,OnHandSnapshot,62.04
2024-05-24,M14,Consumption,-7.12
2024-05-24,M14,OnHandSnapshot,54.93
2024-05-25,M14,Consumption,-5.11
2024-05-25,M14,OnHandSnapshot,49.81
2024-05-26,M14,Receipt,131.94
2024-05-26,M14,Consumption,-5.01
2024-05-26,M14,OnHandSnapshot,176.75
2024-05-27,M14,Consumption,-5.23
2024-05-27,M14,OnHandSnapshot,171.52
2024-05-28,M14,Consumption,-5.32
2024-05-28,M14,OnHandSnapshot,166.2
2024-05-29,M14,Consumption,-5.28
2024-05-29,M14,OnHandSnapshot,160.92
2024-05-30,M14,Consumption,-6.1
2024-05-30,M14,OnHandSnapshot,154.82
2024-05-31,M14,Consumption,-7.21
2024-05-31,M14,OnHandSnapshot,147.61
2024-06-01,M14,Consumption,-5.06
2024-06-01,M14,OnHandSnapshot,142.56
2024-06-02,M14,Consumption,-5.54
2024-06-02,M14,OnHandSnapshot,137.02
2024-06-03,M14,Consumption,-5.17
2024-06-03,M14,OnHandSnapshot,131.84
2024-06-04,M14,Consumption,-5.01
2024-06-04,M14,OnHandSnapshot,126.83
2024-06-05,M14,Consumption,-5.56
2024-06-05,M14,OnHandSnapshot,121.27
2024-06-06,M14,Consumption,-6.09
2024-06-06,M14,OnHandSnapshot,115.18
2024-06-07,M14,Consumption,-7.13
2024-06-07,M14,OnHandSnapshot,108.05
2024-06-08,M14,Consumption,-5.1
2024-06-08,M14,OnHandSnapshot,102.95
2024-06-09,M14,Consumption,-5.23
2024-06-09,M14,OnHandSnapshot,97.72
2024-06-10,M14,Consumption,-5.25
2024-06-10,M14,OnHandSnapshot,92.47
2024-06-11,M14,Consumption,-5.24
2024-06-11,M14,OnHandSnapshot,87.23
2024-06-12,M14,Consumption,-5.29
2024-06-12,M14,OnHandSnapshot,81.94
2024-06-13,M14,Consumption,-6.28
2024-06-13,M14,OnHandSnapshot,75.66
2024-06-14,M14,Consumption,-6.98
2024-06-14,M14,OnHandSnapshot,68.67
2024-06-15,M14,Consumption,-4.71
2024-06-15,M14,OnHandSnapshot,63.97
2024-06-16,M14,Receipt,131.94
2024-06-16,M14,Consumption,-5.41
2024-06-16,M14,OnHandSnapshot,190.49
2024-06-17,M14,Consumption,-5.03
2024-06-17,M14,OnHandSnapshot,185.46
2024-06-18,M14,Consumption,-5.18
2024-06-18,M14,OnHandSnapshot,180.28
2024-06-19,M14,Consumption,-5.03
2024-06-19,M14,OnHandSnapshot,175.25
2024-06-20,M14,Consumption,-6.07
2024-06-20,M14,OnHandSnapshot,169.18
2024-06-21,M14,Consumption,-7.23
2024-06-21,M14,OnHandSnapshot,161.95
2024-06-22,M14,Consumption,-5.09
2024-06-22,M14,OnHandSnapshot,156.87
2024-06-23,M14,Consumption,-5.2
2024-06-23,M14,OnHandSnapshot,151.67
2024-06-24,M14,Consumption,-5.12
2024-06-24,M14,OnHandSnapshot,146.55
2024-06-25,M14,Consumption,-5.15
2024-06-25,M14,OnHandSnapshot,141.4
2024-06-26,M14,Consumption,-5.07
2024-06-26,M14,OnHandSnapshot,136.34
2024-06-27,M14,Consumption,-6.0
2024-06-27,M14,OnHandSnapshot,130.34
2024-06-28,M14,Consumption,-7.27
2024-06-28,M14,OnHandSnapshot,123.07
2024-06-29,M14,Consumption,-5.3
2024-06-29,M14,OnHandSnapshot,117.76
2024-06-30,M14,Consumption,-5.46
2024-06-30,M14,OnHandSnapshot,112.3
2024-07-01,M14,Consumption,-4.99
2024-07-01,M14,OnHandSnapshot,107.31
2024-07-02,M14,Consumption,-5.17
2024-07-02,M14,OnHandSnapshot,102.13
2024-07-03,M14,Consumption,-5.25
2024-07-03,M14,OnHandSnapshot,96.88
2024-07-04,M14,Consumption,-6.34
2024-07-04,M14,OnHandSnapshot,90.54
2024-07-05,M14,Consumption,-6.84
2024-07-05,M14,OnHandSnapshot,83.7
2024-07-06,M14,Consumption,-4.8
2024-07-06,M14,OnHandSnapshot,78.9
2024-07-07,M14,Consumption,-5.12
2024-07-07,M14,OnHandSnapshot,73.78
2024-07-08,M14,Consumption,-5.68
2024-07-08,M14,OnHandSnapshot,68.1
2024-07-09,M14,Consumption,-5.15
2024-07-09,M14,OnHandSnapshot,62.95
2024-07-10,M14,Receipt,131.94
2024-07-10,M14,Consumption,-5.93
2024-07-10,M14,OnHandSnapshot,188.96
2024-07-11,M14,Consumption,-6.59
2024-07-11,M14,OnHandSnapshot,182.37
2024-07-12,M14,Consumption,-7.23
2024-07-12,M14,OnHandSnapshot,175.14
2024-07-13,M14,Consumption,-5.55
2024-07-13,M14,OnHandSnapshot,169.59
2024-07-14,M14,Consumption,-5.2
2024-07-14,M14,OnHandSnapshot,164.38
2024-07-15,M14,Consumption,-5.23
2024-07-15,M14,OnHandSnapshot,159.15
2024-07-16,M14,Consumption,-5.15
2024-07-16,M14,OnHandSnapshot,154.01
2024-07-17,M14,Consumption,-5.49
2024-07-17,M14,OnHandSnapshot,148.52
2024-07-18,M14,Consumption,-6.35
2024-07-18,M14,OnHandSnapshot,142.17
2024-07-19,M14,Consumption,-7.53
2024-07-19,M14,OnHandSnapshot,134.64
2024-07-20,M14,Consumption,-5.07
2024-07-20,M14,OnHandSnapshot,129.56
2024-07-21,M14,Consumption,-5.37
2024-07-21,M14,OnHandSnapshot,124.19
2024-07-22,M14,Consumption,-5.32
2024-07-22,M14,OnHandSnapshot,118.87
2024-07-23,M14,Consumption,-5.34
2024-07-23,M14,OnHandSnapshot,113.53
2024-07-24,M14,Consumption,-5.37
2024-07-24,M14,OnHandSnapshot,108.16
2024-07-25,M14,Consumption,-5.93
2024-07-25,M14,OnHandSnapshot,102.23
2024-07-26,M14,Consumption,-6.65
2024-07-26,M14,OnHandSnapshot,95.58
2024-07-27,M14,Consumption,-5.18
2024-07-27,M14,OnHandSnapshot,90.4
2024-07-28,M14,Consumption,-5.27
2024-07-28,M14,OnHandSnapshot,85.13
2024-07-29,M14,Consumption,-5.23
2024-07-29,M14,OnHandSnapshot,79.9
2024-07-30,M14,Consumption,-5.7
2024-07-30,M14,OnHandSnapshot,74.2
2024-07-31,M14,Receipt,131.94
2024-07-31,M14,Consumption,-5.18
2024-07-31,M14,OnHandSnapshot,200.96
2024-08-01,M14,Consumption,-6.28
2024-08-01,M14,OnHandSnapshot,194.68
2024-08-02,M14,Consumption,-7.41
2024-08-02,M14,OnHandSnapshot,187.26
2024-08-03,M14,Consumption,-5.28
2024-08-03,M14,OnHandSnapshot,181.98
2024-08-04,M14,Consumption,-5.35
2024-08-04,M14,OnHandSnapshot,176.64
2024-08-05,M14,Consumption,-5.54
2024-08-05,M14,OnHandSnapshot,171.1
2024-08-06,M14,Consumption,-5.17
2024-08-06,M14,OnHandSnapshot,165.93
2024-08-07,M14,Consumption,-5.12
2024-08-07,M14,OnHandSnapshot,160.82
2024-08-08,M14,Consumption,-6.05
2024-08-08,M14,OnHandSnapshot,154.76
2024-08-09,M14,Consumption,-7.0
2024-08-09,M14,OnHandSnapshot,147.77
2024-08-10,M14,Consumption,-4.9
2024-08-10,M14,OnHandSnapshot,142.87
2024-08-11,M14,Consumption,-5.58
2024-08-11,M14,OnHandSnapshot,137.29
2024-08-12,M14,Consumption,-5.6
2024-08-12,M14,OnHandSnapshot,131.7
2024-08-13,M14,Consumption,-5.38
2024-08-13,M14,OnHandSnapshot,126.32
2024-08-14,M14,Consumption,-5.36
2024-08-14,M14,OnHandSnapshot,120.96
2024-08-15,M14,Consumption,-6.26
2024-08-15,M14,OnHandSnapshot,114.69
2024-08-16,M14,Consumption,-7.24
2024-08-16,M14,OnHandSnapshot,107.45
2024-08-17,M14,Consumption,-5.28
2024-08-17,M14,OnHandSnapshot,102.18
2024-08-18,M14,Consumption,-5.36
2024-08-18,M14,OnHandSnapshot,96.82
2024-08-19,M14,Consumption,-5.37
2024-08-19,M14,OnHandSnapshot,91.45
2024-08-20,M14,Consumption,-5.8
2024-08-20,M14,OnHandSnapshot,85.65
2024-08-21,M14,Consumption,-5.73
2024-08-21,M14,OnHandSnapshot,79.92
2024-08-22,M14,Consumption,-6.34
2024-08-22,M14,OnHandSnapshot,73.58
2024-08-23,M14,Consumption,-7.22
2024-08-23,M14,OnHandSnapshot,66.36
2024-08-24,M14,Consumption,-5.41
2024-08-24,M14,OnHandSnapshot,60.95
2024-08-25,M14,Receipt,131.94
2024-08-25,M14,Consumption,-5.6
2024-08-25,M14,OnHandSnapshot,187.29
2024-08-26,M14,Consumption,-5.81
2024-08-26,M14,OnHandSnapshot,181.47
2024-08-27,M14,Consumption,-5.39
2024-08-27,M14,OnHandSnapshot,176.08
2024-08-28,M14,Consumption,-5.54
2024-08-28,M14,OnHandSnapshot,170.54
2024-08-29,M14,Consumption,-6.37
2024-08-29,M14,OnHandSnapshot,164.17
2024-08-30,M14,Consumption,-7.46
2024-08-30,M14,OnHandSnapshot,156.72
2024-08-31,M14,Consumption,-5.09
2024-08-31,M14,OnHandSnapshot,151.63
2024-09-01,M14,Consumption,-5.61
2024-09-01,M14,OnHandSnapshot,146.02
2024-09-02,M14,Consumption,-5.49
2024-09-02,M14,OnHandSnapshot,140.53
2024-09-03,M14,Consumption,-5.44
2024-09-03,M14,OnHandSnapshot,135.09
2024-09-04,M14,Consumption,-5.42
2024-09-04,M14,OnHandSnapshot,129.67
2024-09-05,M14,Consumption,-5.8
2024-09-05,M14,OnHandSnapshot,123.87
2024-09-06,M14,Consumption,-7.03
2024-09-06,M14,OnHandSnapshot,116.84
2024-09-07,M14,Consumption,-5.13
2024-09-07,M14,OnHandSnapshot,111.71
2024-09-08,M14,Consumption,-5.54
2024-09-08,M14,OnHandSnapshot,106.17
2024-09-09,M14,Consumption,-5.51
2024-09-09,M14,OnHandSnapshot,100.66
2024-09-10,M14,Consumption,-5.23
2024-09-10,M14,OnHandSnapshot,95.43
2024-09-11,M14,Consumption,-5.63
2024-09-11,M14,OnHandSnapshot,89.8
2024-09-12,M14,Consumption,-5.97
2024-09-12,M14,OnHandSnapshot,83.83
2024-09-13,M14,Consumption,-7.48
2024-09-13,M14,OnHandSnapshot,76.35
2024-09-14,M14,Consumption,-4.95
2024-09-14,M14,OnHandSnapshot,71.4
2024-09-15,M14,Consumption,-5.81
2024-09-15,M14,OnHandSnapshot,65.59
2024-09-16,M14,Receipt,131.94
2024-09-16,M14,Consumption,-5.62
2024-09-16,M14,OnHandSnapshot,191.92
2024-09-17,M14,Consumption,-5.27
2024-09-17,M14,OnHandSnapshot,186.64
2024-09-18,M14,Consumption,-5.23
2024-09-18,M14,OnHandSnapshot,181.41
2024-09-19,M14,Consumption,-6.16
2024-09-19,M14,OnHandSnapshot,175.25
2024-09-20,M14,Consumption,-7.37
2024-09-20,M14,OnHandSnapshot,167.88
2024-09-21,M14,Consumption,-5.2
2024-09-21,M14,OnHandSnapshot,162.68
2024-09-22,M14,Consumption,-5.17
2024-09-22,M14,OnHandSnapshot,157.51
2024-09-23,M14,Consumption,-5.44
2024-09-23,M14,OnHandSnapshot,152.07
2024-09-24,M14,Consumption,-5.52
2024-09-24,M14,OnHandSnapshot,146.55
2024-09-25,M14,Consumption,-5.4
2024-09-25,M14,OnHandSnapshot,141.15
2024-09-26,M14,Consumption,-6.15
2024-09-26,M14,OnHandSnapshot,135.0
2024-09-27,M14,Consumption,-7.15
2024-09-27,M14,OnHandSnapshot,127.85
2024-09-28,M14,Consumption,-5.21
2024-09-28,M14,OnHandSnapshot,122.65
2024-09-29,M14,Consumption,-5.63
2024-09-29,M14,OnHandSnapshot,117.02
2024-09-30,M14,Consumption,-5.17
2024-09-30,M14,OnHandSnapshot,111.85
2024-10-01,M14,Consumption,-5.26
2024-10-01,M14,OnHandSnapshot,106.59
2024-10-02,M14,Consumption,-5.43
2024-10-02,M14,OnHandSnapshot,101.16
2024-10-03,M14,Consumption,-6.15
2024-10-03,M14,OnHandSnapshot,95.01
2024-10-04,M14,Consumption,-7.16
2024-10-04,M14,OnHandSnapshot,87.84
2024-10-05,M14,Consumption,-5.3
2024-10-05,M14,OnHandSnapshot,82.54
2024-10-06,M14,Consumption,-5.54
2024-10-06,M14,OnHandSnapshot,77.0
2024-10-07,M14,Receipt,131.94
2024-10-07,M14,Consumption,-5.52
2024-10-07,M14,OnHandSnapshot,203.41
2024-10-08,M14,Consumption,-5.05
2024-10-08,M14,OnHandSnapshot,198.36
2024-10-09,M14,Consumption,-5.72
2024-10-09,M14,OnHandSnapshot,192.64
2024-10-10,M14,Consumption,-6.4
2024-10-10,M14,OnHandSnapshot,186.24
2024-10-11,M14,Consumption,-7.11
2024-10-11,M14,OnHandSnapshot,179.13
2024-10-12,M14,Consumption,-4.81
2024-10-12,M14,OnHandSnapshot,174.32
2024-10-13,M14,Consumption,-5.4
2024-10-13,M14,OnHandSnapshot,168.92
2024-10-14,M14,Consumption,-5.19
2024-10-14,M14,OnHandSnapshot,163.73
2024-10-15,M14,Consumption,-5.55
2024-10-15,M14,OnHandSnapshot,158.19
2024-10-16,M14,Consumption,-5.64
2024-10-16,M14,OnHandSnapshot,152.55
2024-10-17,M14,Consumption,-6.31
2024-10-17,M14,OnHandSnapshot,146.24
2024-10-18,M14,Consumption,-7.42
2024-10-18,M14,OnHandSnapshot,138.82
2024-10-19,M14,Consumption,-5.47
2024-10-19,M14,OnHandSnapshot,133.35
2024-10-20,M14,Consumption,-5.55
2024-10-20,M14,OnHandSnapshot,127.8
2024-10-21,M14,Consumption,-5.53
2024-10-21,M14,OnHandSnapshot,122.27
2024-10-22,M14,Consumption,-5.41
2024-10-22,M14,OnHandSnapshot,116.86
2024-10-23,M14,Consumption,-5.52
2024-10-23,M14,OnHandSnapshot,111.34
2024-10-24,M14,Consumption,-6.16
2024-10-24,M14,OnHandSnapshot,105.18
2024-10-25,M14,Consumption,-7.13
2024-10-25,M14,OnHandSnapshot,98.05
2024-10-26,M14,Consumption,-5.13
2024-10-26,M14,OnHandSnapshot,92.92
2024-10-27,M14,Consumption,-5.4
2024-10-27,M14,OnHandSnapshot,87.52
2024-10-28,M14,Consumption,-5.81
2024-10-28,M14,OnHandSnapshot,81.7
2024-10-29,M14,Consumption,-5.46
2024-10-29,M14,OnHandSnapshot,76.25
2024-10-30,M14,Consumption,-5.37
2024-10-30,M14,OnHandSnapshot,70.87
2024-10-31,M14,Receipt,131.94
2024-10-31,M14,Consumption,-6.29
2024-10-31,M14,OnHandSnapshot,196.53
2024-11-01,M14,Consumption,-7.03
2024-11-01,M14,OnHandSnapshot,189.49
2024-11-02,M14,Consumption,-4.97
2024-11-02,M14,OnHandSnapshot,184.53
2024-11-03,M14,Consumption,-5.61
2024-11-03,M14,OnHandSnapshot,178.92
2024-11-04,M14,Consumption,-5.45
2024-11-04,M14,OnHandSnapshot,173.47
2024-11-05,M14,Consumption,-5.19
2024-11-05,M14,OnHandSnapshot,168.28
2024-11-06,M14,Consumption,-5.5
2024-11-06,M14,OnHandSnapshot,162.78
2024-11-07,M14,Consumption,-6.24
2024-11-07,M14,OnHandSnapshot,156.54
2024-11-08,M14,Consumption,-7.34
2024-11-08,M14,OnHandSnapshot,149.2
2024-11-09,M14,Consumption,-5.31
2024-11-09,M14,OnHandSnapshot,143.89
2024-11-10,M14,Consumption,-5.18
2024-11-10,M14,OnHandSnapshot,138.71
2024-11-11,M14,Consumption,-5.59
2024-11-11,M14,OnHandSnapshot,133.12
2024-11-12,M14,Consumption,-5.33
2024-11-12,M14,OnHandSnapshot,127.79
2024-11-13,M14,Consumption,-5.46
2024-11-13,M14,OnHandSnapshot,122.33
2024-11-14,M14,Consumption,-6.43
2024-11-14,M14,OnHandSnapshot,115.9
2024-11-15,M14,Consumption,-7.39
2024-11-15,M14,OnHandSnapshot,108.51
2024-11-16,M14,Consumption,-5.34
2024-11-16,M14,OnHandSnapshot,103.17
2024-11-17,M14,Consumption,-5.41
2024-11-17,M14,OnHandSnapshot,97.76
2024-11-18,M14,Consumption,-5.7
2024-11-18,M14,OnHandSnapshot,92.06
2024-11-19,M14,Consumption,-5.26
2024-11-19,M14,OnHandSnapshot,86.8
2024-11-20,M14,Consumption,-5.49
2024-11-20,M14,OnHandSnapshot,81.31
2024-11-21,M14,Receipt,131.94
2024-11-21,M14,Consumption,-6.27
2024-11-21,M14,OnHandSnapshot,206.97
2024-11-22,M14,Consumption,-7.14
2024-11-22,M14,OnHandSnapshot,199.83
2024-11-23,M14,Consumption,-5.03
2024-11-23,M14,OnHandSnapshot,194.81
2024-11-24,M14,Consumption,-5.75
2024-11-24,M14,OnHandSnapshot,189.06
2024-11-25,M14,Consumption,-5.41
2024-11-25,M14,OnHandSnapshot,183.65
2024-11-26,M14,Consumption,-5.3
2024-11-26,M14,OnHandSnapshot,178.35
2024-11-27,M14,Consumption,-5.42
2024-11-27,M14,OnHandSnapshot,172.93
2024-11-28,M14,Consumption,-6.38
2024-11-28,M14,OnHandSnapshot,166.55
2024-11-29,M14,Consumption,-7.21
2024-11-29,M14,OnHandSnapshot,159.33
2024-11-30,M14,Consumption,-5.22
2024-11-30,M14,OnHandSnapshot,154.11
2024-12-01,M14,Consumption,-5.49
2024-12-01,M14,OnHandSnapshot,148.61
2024-12-02,M14,Consumption,-5.66
2024-12-02,M14,OnHandSnapshot,142.95
2024-12-03,M14,Consumption,-5.42
2024-12-03,M14,OnHandSnapshot,137.53
2024-12-04,M14,Consumption,-5.39
2024-12-04,M14,OnHandSnapshot,132.14
2024-12-05,M14,Consumption,-6.2
2024-12-05,M14,OnHandSnapshot,125.94
2024-12-06,M14,Consumption,-7.4
2024-12-06,M14,OnHandSnapshot,118.54
2024-12-07,M14,Consumption,-5.08
2024-12-07,M14,OnHandSnapshot,113.46
2024-12-08,M14,Consumption,-5.41
2024-12-08,M14,OnHandSnapshot,108.05
2024-12-09,M14,Consumption,-5.33
2024-12-09,M14,OnHandSnapshot,102.72
2024-12-10,M14,Consumption,-5.28
2024-12-10,M14,OnHandSnapshot,97.45
2024-12-11,M14,Consumption,-5.24
2024-12-11,M14,OnHandSnapshot,92.2
2024-12-12,M14,Consumption,-6.64
2024-12-12,M14,OnHandSnapshot,85.56
2024-12-13,M14,Consumption,-7.24
2024-12-13,M14,OnHandSnapshot,78.32
2024-12-14,M14,Consumption,-5.31
2024-12-14,M14,OnHandSnapshot,73.01
2024-12-15,M14,Consumption,-5.3
2024-12-15,M14,OnHandSnapshot,67.72
2024-12-16,M14,Receipt,131.94
2024-12-16,M14,Consumption,-5.65
2024-12-16,M14,OnHandSnapshot,194.01
2024-12-17,M14,Consumption,-5.43
2024-12-17,M14,OnHandSnapshot,188.58
2024-12-18,M14,Consumption,-5.9
2024-12-18,M14,OnHandSnapshot,182.68
2024-12-19,M14,Consumption,-6.42
2024-12-19,M14,OnHandSnapshot,176.26
2024-12-20,M14,Consumption,-7.51
2024-12-20,M14,OnHandSnapshot,168.75
2024-12-21,M14,Consumption,-4.8
2024-12-21,M14,OnHandSnapshot,163.95
2024-12-22,M14,Consumption,-5.32
2024-12-22,M14,OnHandSnapshot,158.63
2024-12-23,M14,Consumption,-5.73
2024-12-23,M14,OnHandSnapshot,152.9
2024-12-24,M14,Consumption,-5.48
2024-12-24,M14,OnHandSnapshot,147.42
2024-12-25,M14,Consumption,-5.56
2024-12-25,M14,OnHandSnapshot,141.86
2024-12-26,M14,Consumption,-6.15
2024-12-26,M14,OnHandSnapshot,135.71
2024-12-27,M14,Consumption,-7.52
2024-12-27,M14,OnHandSnapshot,128.19
2024-12-28,M14,Consumption,-5.44
2024-12-28,M14,OnHandSnapshot,122.75
2024-12-29,M14,Consumption,-5.5
2024-12-29,M14,OnHandSnapshot,117.25
2024-12-30,M14,Consumption,-5.75
2024-12-30,M14,OnHandSnapshot,111.5
2024-12-31,M14,Consumption,-5.34
2024-12-31,M14,OnHandSnapshot,106.16
2025-01-01,M14,Consumption,-5.44
2025-01-01,M14,OnHandSnapshot,100.73
2025-01-02,M14,Consumption,-6.18
2025-01-02,M14,OnHandSnapshot,94.54
2025-01-03,M14,Consumption,-7.47
2025-01-03,M14,OnHandSnapshot,87.07
2025-01-04,M14,Consumption,-5.17
2025-01-04,M14,OnHandSnapshot,81.9
2025-01-05,M14,Consumption,-5.79
2025-01-05,M14,OnHandSnapshot,76.11
2025-01-06,M14,Consumption,-5.5
2025-01-06,M14,OnHandSnapshot,70.61
2025-01-07,M14,Receipt,131.94
2025-01-07,M14,Consumption,-5.34
2025-01-07,M14,OnHandSnapshot,197.2
2025-01-08,M14,Consumption,-5.43
2025-01-08,M14,OnHandSnapshot,191.78
2025-01-09,M14,Consumption,-6.5
2025-01-09,M14,OnHandSnapshot,185.28
2025-01-10,M14,Consumption,-7.2
2025-01-10,M14,OnHandSnapshot,178.08
2025-01-11,M14,Consumption,-5.43
2025-01-11,M14,OnHandSnapshot,172.65
2025-01-12,M14,Consumption,-5.56
2025-01-12,M14,OnHandSnapshot,167.09
2025-01-13,M14,Consumption,-5.61
2025-01-13,M14,OnHandSnapshot,161.47
2025-01-14,M14,Consumption,-5.25
2025-01-14,M14,OnHandSnapshot,156.23
2025-01-15,M14,Consumption,-5.75
2025-01-15,M14,OnHandSnapshot,150.47
2025-01-16,M14,Consumption,-6.28
2025-01-16,M14,OnHandSnapshot,144.19
2025-01-17,M14,Consumption,-7.29
2025-01-17,M14,OnHandSnapshot,136.9
2025-01-18,M14,Consumption,-5.28
2025-01-18,M14,OnHandSnapshot,131.62
2025-01-19,M14,Consumption,-5.27
2025-01-19,M14,OnHandSnapshot,126.35
2025-01-20,M14,Consumption,-5.54
2025-01-20,M14,OnHandSnapshot,120.8
2025-01-21,M14,Consumption,-5.35
2025-01-21,M14,OnHandSnapshot,115.46
2025-01-22,M14,Consumption,-5.78
2025-01-22,M14,OnHandSnapshot,109.68
2025-01-23,M14,Consumption,-6.53
2025-01-23,M14,OnHandSnapshot,103.15
2025-01-24,M14,Consumption,-7.88
2025-01-24,M14,OnHandSnapshot,95.27
2025-01-25,M14,Consumption,-5.35
2025-01-25,M14,OnHandSnapshot,89.92
2025-01-26,M14,Consumption,-5.62
2025-01-26,M14,OnHandSnapshot,84.29
2025-01-27,M14,Consumption,-5.83
2025-01-27,M14,OnHandSnapshot,78.46
2025-01-28,M14,Consumption,-5.58
2025-01-28,M14,OnHandSnapshot,72.88
2025-01-29,M14,Consumption,-5.67
2025-01-29,M14,OnHandSnapshot,67.21
2025-01-30,M14,Consumption,-6.64
2025-01-30,M14,OnHandSnapshot,60.57
2025-01-31,M14,Receipt,131.94
2025-01-31,M14,Consumption,-7.46
2025-01-31,M14,OnHandSnapshot,185.05
2025-02-01,M14,Consumption,-5.05
2025-02-01,M14,OnHandSnapshot,180.01
2025-02-02,M14,Consumption,-5.6
2025-02-02,M14,OnHandSnapshot,174.4
2025-02-03,M14,Consumption,-5.34
2025-02-03,M14,OnHandSnapshot,169.06
2025-02-04,M14,Consumption,-5.13
2025-02-04,M14,OnHandSnapshot,163.93
2025-02-05,M14,Consumption,-5.84
2025-02-05,M14,OnHandSnapshot,158.09
2025-02-06,M14,Consumption,-6.42
2025-02-06,M14,OnHandSnapshot,151.67
2025-02-07,M14,Consumption,-7.38
2025-02-07,M14,OnHandSnapshot,144.29
2025-02-08,M14,Consumption,-5.24
2025-02-08,M14,OnHandSnapshot,139.05
2025-02-09,M14,Consumption,-5.52
2025-02-09,M14,OnHandSnapshot,133.52
2025-02-10,M14,Consumption,-5.44
2025-02-10,M14,OnHandSnapshot,128.09
2025-02-11,M14,Consumption,-5.24
2025-02-11,M14,OnHandSnapshot,122.85
2025-02-12,M14,Consumption,-5.8
2025-02-12,M14,OnHandSnapshot,117.05
2025-02-13,M14,Consumption,-6.6
2025-02-13,M14,OnHandSnapshot,110.44
2025-02-14,M14,Consumption,-7.79
2025-02-14,M14,OnHandSnapshot,102.65
2025-02-15,M14,Consumption,-5.1
2025-02-15,M14,OnHandSnapshot,97.55
2025-02-16,M14,Consumption,-5.69
2025-02-16,M14,OnHandSnapshot,91.87
2025-02-17,M14,Consumption,-5.5
2025-02-17,M14,OnHandSnapshot,86.37
2025-02-18,M14,Consumption,-5.39
2025-02-18,M14,OnHandSnapshot,80.98
2025-02-19,M14,Consumption,-5.81
2025-02-19,M14,OnHandSnapshot,75.18
2025-02-20,M14,Consumption,-6.34
2025-02-20,M14,OnHandSnapshot,68.84
2025-02-21,M14,Receipt,131.94
2025-02-21,M14,Consumption,-7.25
2025-02-21,M14,OnHandSnapshot,193.53
2025-02-22,M14,Consumption,-5.33
2025-02-22,M14,OnHandSnapshot,188.2
2025-02-23,M14,Consumption,-5.24
2025-02-23,M14,OnHandSnapshot,182.96
2025-02-24,M14,Consumption,-5.42
2025-02-24,M14,OnHandSnapshot,177.53
2025-02-25,M14,Consumption,-5.74
2025-02-25,M14,OnHandSnapshot,171.8
2025-02-26,M14,Consumption,-5.55
2025-02-26,M14,OnHandSnapshot,166.25
2025-02-27,M14,Consumption,-6.34
2025-02-27,M14,OnHandSnapshot,159.91
2025-02-28,M14,Consumption,-7.62
2025-02-28,M14,OnHandSnapshot,152.28
2025-03-01,M14,Consumption,-5.5
2025-03-01,M14,OnHandSnapshot,146.78
2025-03-02,M14,Consumption,-5.44
2025-03-02,M14,OnHandSnapshot,141.34
2025-03-03,M14,Consumption,-5.66
2025-03-03,M14,OnHandSnapshot,135.68
2025-03-04,M14,Consumption,-5.67
2025-03-04,M14,OnHandSnapshot,130.0
2025-03-05,M14,Consumption,-5.53
2025-03-05,M14,OnHandSnapshot,124.48
2025-03-06,M14,Consumption,-6.44
2025-03-06,M14,OnHandSnapshot,118.04
2025-03-07,M14,Consumption,-7.7
2025-03-07,M14,OnHandSnapshot,110.34
2025-03-08,M14,Consumption,-5.37
2025-03-08,M14,OnHandSnapshot,104.97
2025-03-09,M14,Consumption,-5.69
2025-03-09,M14,OnHandSnapshot,99.28
2025-03-10,M14,Consumption,-5.61
2025-03-10,M14,OnHandSnapshot,93.67
2025-03-11,M14,Consumption,-5.71
2025-03-11,M14,OnHandSnapshot,87.95
2025-03-12,M14,Consumption,-5.57
2025-03-12,M14,OnHandSnapshot,82.38
2025-03-13,M14,Consumption,-6.32
2025-03-13,M14,OnHandSnapshot,76.06
2025-03-14,M14,Consumption,-7.29
2025-03-14,M14,OnHandSnapshot,68.77
2025-03-15,M14,Receipt,131.94
2025-03-15,M14,Consumption,-5.62
2025-03-15,M14,OnHandSnapshot,195.09
2025-03-16,M14,Consumption,-5.52
2025-03-16,M14,OnHandSnapshot,189.57
2025-03-17,M14,Consumption,-5.46
2025-03-17,M14,OnHandSnapshot,184.11
2025-03-18,M14,Consumption,-5.52
2025-03-18,M14,OnHandSnapshot,178.6
2025-03-19,M14,Consumption,-5.76
2025-03-19,M14,OnHandSnapshot,172.84
2025-03-20,M14,Consumption,-6.48
2025-03-20,M14,OnHandSnapshot,166.36
2025-03-21,M14,Consumption,-8.27
2025-03-21,M14,OnHandSnapshot,158.08
2025-03-22,M14,Consumption,-5.32
2025-03-22,M14,OnHandSnapshot,152.76
2025-03-23,M14,Consumption,-5.54
2025-03-23,M14,OnHandSnapshot,147.22
2025-03-24,M14,Consumption,-5.58
2025-03-24,M14,OnHandSnapshot,141.65
2025-03-25,M14,Consumption,-5.82
2025-03-25,M14,OnHandSnapshot,135.82
2025-03-26,M14,Consumption,-5.46
2025-03-26,M14,OnHandSnapshot,130.37
2025-03-27,M14,Consumption,-6.25
2025-03-27,M14,OnHandSnapshot,124.12
2025-03-28,M14,Consumption,-7.71
2025-03-28,M14,OnHandSnapshot,116.41
2025-03-29,M14,Consumption,-5.42
2025-03-29,M14,OnHandSnapshot,110.99
2025-03-30,M14,Consumption,-5.58
2025-03-30,M14,OnHandSnapshot,105.41
2025-03-31,M14,Consumption,-5.72
2025-03-31,M14,OnHandSnapshot,99.69
2025-04-01,M14,Consumption,-5.85
2025-04-01,M14,OnHandSnapshot,93.84
2025-04-02,M14,Consumption,-5.36
2025-04-02,M14,OnHandSnapshot,88.48
2025-04-03,M14,Consumption,-6.11
2025-04-03,M14,OnHandSnapshot,82.37
2025-04-04,M14,Consumption,-7.3
2025-04-04,M14,OnHandSnapshot,75.07
2025-04-05,M14,Consumption,-5.18
2025-04-05,M14,OnHandSnapshot,69.89
2025-04-06,M14,Consumption,-5.49
2025-04-06,M14,OnHandSnapshot,64.4
2025-04-07,M14,Consumption,-5.47
2025-04-07,M14,OnHandSnapshot,58.92
2025-04-08,M14,Consumption,-5.65
2025-04-08,M14,OnHandSnapshot,53.28
2025-04-09,M14,Receipt,131.94
2025-04-09,M14,Consumption,-5.64
2025-04-09,M14,OnHandSnapshot,179.57
2025-04-10,M14,Consumption,-6.3
2025-04-10,M14,OnHandSnapshot,173.27
2025-04-11,M14,Consumption,-7.72
2025-04-11,M14,OnHandSnapshot,165.55
2025-04-12,M14,Consumption,-5.34
2025-04-12,M14,OnHandSnapshot,160.21
2025-04-13,M14,Consumption,-5.57
2025-04-13,M14,OnHandSnapshot,154.64
2025-04-14,M14,Consumption,-5.49
2025-04-14,M14,OnHandSnapshot,149.15
2025-04-15,M14,Consumption,-5.56
2025-04-15,M14,OnHandSnapshot,143.58
2025-04-16,M14,Consumption,-5.76
2025-04-16,M14,OnHandSnapshot,137.82
2025-04-17,M14,Consumption,-6.26
2025-04-17,M14,OnHandSnapshot,131.56
2025-04-18,M14,Consumption,-7.14
2025-04-18,M14,OnHandSnapshot,124.42
2025-04-19,M14,Consumption,-5.34
2025-04-19,M14,OnHandSnapshot,119.09
2025-04-20,M14,Consumption,-5.17
2025-04-20,M14,OnHandSnapshot,113.92
2025-04-21,M14,Consumption,-5.9
2025-04-21,M14,OnHandSnapshot,108.02
2025-04-22,M14,Consumption,-5.85
2025-04-22,M14,OnHandSnapshot,102.17
2025-04-23,M14,Consumption,-5.5
2025-04-23,M14,OnHandSnapshot,96.67
2025-04-24,M14,Consumption,-6.55
2025-04-24,M14,OnHandSnapshot,90.12
2025-04-25,M14,Consumption,-7.79
2025-04-25,M14,OnHandSnapshot,82.34
2025-04-26,M14,Consumption,-5.31
2025-04-26,M14,OnHandSnapshot,77.03
2025-04-27,M14,Consumption,-5.42
2025-04-27,M14,OnHandSnapshot,71.61
2025-04-28,M14,Consumption,-5.4
2025-04-28,M14,OnHandSnapshot,66.21
2025-04-29,M14,Receipt,131.94
2025-04-29,M14,Consumption,-5.52
2025-04-29,M14,OnHandSnapshot,192.63
2025-04-30,M14,Consumption,-5.89
2025-04-30,M14,OnHandSnapshot,186.74
2025-05-01,M14,Consumption,-6.64
2025-05-01,M14,OnHandSnapshot,180.1
2025-05-02,M14,Consumption,-7.84
2025-05-02,M14,OnHandSnapshot,172.25
2025-05-03,M14,Consumption,-5.23
2025-05-03,M14,OnHandSnapshot,167.03
2025-05-04,M14,Consumption,-5.52
2025-05-04,M14,OnHandSnapshot,161.51
2025-05-05,M14,Consumption,-5.56
2025-05-05,M14,OnHandSnapshot,155.95
2025-05-06,M14,Consumption,-5.33
2025-05-06,M14,OnHandSnapshot,150.62
2025-05-07,M14,Consumption,-5.52
2025-05-07,M14,OnHandSnapshot,145.09
2025-05-08,M14,Consumption,-6.95
2025-05-08,M14,OnHandSnapshot,138.15
2025-05-09,M14,Consumption,-7.66
2025-05-09,M14,OnHandSnapshot,130.49
2025-05-10,M14,Consumption,-5.2
2025-05-10,M14,OnHandSnapshot,125.29
2025-05-11,M14,Consumption,-5.8
2025-05-11,M14,OnHandSnapshot,119.5
2025-05-12,M14,Consumption,-5.77
2025-05-12,M14,OnHandSnapshot,113.72
2025-05-13,M14,Consumption,-5.61
2025-05-13,M14,OnHandSnapshot,108.11
2025-05-14,M14,Consumption,-5.54
2025-05-14,M14,OnHandSnapshot,102.57
2025-05-15,M14,Consumption,-6.75
2025-05-15,M14,OnHandSnapshot,95.82
2025-05-16,M14,Consumption,-7.95
2025-05-16,M14,OnHandSnapshot,87.87
2025-05-17,M14,Consumption,-5.45
2025-05-17,M14,OnHandSnapshot,82.42
2025-05-18,M14,Consumption,-5.52
2025-05-18,M14,OnHandSnapshot,76.91
2025-05-19,M14,Consumption,-5.55
2025-05-19,M14,OnHandSnapshot,71.36
2025-05-20,M14,Consumption,-5.61
2025-05-20,M14,OnHandSnapshot,65.75
2025-05-21,M14,Receipt,131.94
2025-05-21,M14,Consumption,-5.81
2025-05-21,M14,OnHandSnapshot,191.88
2025-05-22,M14,Consumption,-6.93
2025-05-22,M14,OnHandSnapshot,184.95
2025-05-23,M14,Consumption,-7.91
2025-05-23,M14,OnHandSnapshot,177.04
2025-05-24,M14,Consumption,-5.34
2025-05-24,M14,OnHandSnapshot,171.69
2025-05-25,M14,Consumption,-5.29
2025-05-25,M14,OnHandSnapshot,166.4
2025-05-26,M14,Consumption,-5.91
2025-05-26,M14,OnHandSnapshot,160.49
2025-05-27,M14,Consumption,-5.52
2025-05-27,M14,OnHandSnapshot,154.97
2025-05-28,M14,Consumption,-5.42
2025-05-28,M14,OnHandSnapshot,149.56
2025-05-29,M14,Consumption,-6.07
2025-05-29,M14,OnHandSnapshot,143.48
2025-05-30,M14,Consumption,-7.19
2025-05-30,M14,OnHandSnapshot,136.29
2025-05-31,M14,Consumption,-5.37
2025-05-31,M14,OnHandSnapshot,130.92
2025-06-01,M14,Consumption,-5.97
2025-06-01,M14,OnHandSnapshot,124.96
2025-06-02,M14,Consumption,-5.75
2025-06-02,M14,OnHandSnapshot,119.21
2025-06-03,M14,Consumption,-5.59
2025-06-03,M14,OnHandSnapshot,113.62
2025-06-04,M14,Consumption,-5.72
2025-06-04,M14,OnHandSnapshot,107.91
2025-06-05,M14,Consumption,-6.53
2025-06-05,M14,OnHandSnapshot,101.38
2025-06-06,M14,Consumption,-7.35
2025-06-06,M14,OnHandSnapshot,94.03
2025-06-07,M14,Consumption,-5.11
2025-06-07,M14,OnHandSnapshot,88.92
2025-06-08,M14,Consumption,-5.68
2025-06-08,M14,OnHandSnapshot,83.24
2025-06-09,M14,Consumption,-5.43
2025-06-09,M14,OnHandSnapshot,77.81
2025-06-10,M14,Consumption,-5.79
2025-06-10,M14,OnHandSnapshot,72.02
2025-06-11,M14,Consumption,-5.87
2025-06-11,M14,OnHandSnapshot,66.14
2025-06-12,M14,Consumption,-6.5
2025-06-12,M14,OnHandSnapshot,59.64
2025-06-13,M14,Receipt,131.94
2025-06-13,M14,Consumption,-7.41
2025-06-13,M14,OnHandSnapshot,184.17
2025-06-14,M14,Consumption,-5.31
2025-06-14,M14,OnHandSnapshot,178.85
2025-06-15,M14,Consumption,-5.61
2025-06-15,M14,OnHandSnapshot,173.24
2025-06-16,M14,Consumption,-5.66
2025-06-16,M14,OnHandSnapshot,167.58
2025-06-17,M14,Consumption,-5.9
2025-06-17,M14,OnHandSnapshot,161.68
2025-06-18,M14,Consumption,-5.9
2025-06-18,M14,OnHandSnapshot,155.77
2025-06-19,M14,Consumption,-6.21
2025-06-19,M14,OnHandSnapshot,149.56
2025-06-20,M14,Consumption,-7.65
2025-06-20,M14,OnHandSnapshot,141.91
2025-06-21,M14,Consumption,-5.31
2025-06-21,M14,OnHandSnapshot,136.6
2025-06-22,M14,Consumption,-5.7
2025-06-22,M14,OnHandSnapshot,130.9
2025-06-23,M14,Consumption,-5.85
2025-06-23,M14,OnHandSnapshot,125.05
2025-06-24,M14,Consumption,-5.66
2025-06-24,M14,OnHandSnapshot,119.38
2025-06-25,M14,Consumption,-5.71
2025-06-25,M14,OnHandSnapshot,113.68
2025-06-26,M14,Consumption,-6.34
2025-06-26,M14,OnHandSnapshot,107.34
2025-06-27,M14,Consumption,-7.47
2025-06-27,M14,OnHandSnapshot,99.87
2025-06-28,M14,Consumption,-5.21
2025-06-28,M14,OnHandSnapshot,94.66
2025-06-29,M14,Consumption,-5.64
2025-06-29,M14,OnHandSnapshot,89.02
2025-06-30,M14,Consumption,-5.53
2025-06-30,M14,OnHandSnapshot,83.49
2025-07-01,M14,Consumption,-5.81
2025-07-01,M14,OnHandSnapshot,77.69
2025-07-02,M14,Consumption,-5.56
2025-07-02,M14,OnHandSnapshot,72.13
2025-07-03,M14,Consumption,-6.85
2025-07-03,M14,OnHandSnapshot,65.28
2025-07-04,M14,Consumption,-7.98
2025-07-04,M14,OnHandSnapshot,57.3
2025-07-05,M14,Receipt,131.94
2025-07-05,M14,Consumption,-5.42
2025-07-05,M14,OnHandSnapshot,183.82
2025-07-06,M14,Consumption,-5.78
2025-07-06,M14,OnHandSnapshot,178.04
2025-07-07,M14,Consumption,-5.7
2025-07-07,M14,OnHandSnapshot,172.34
2025-07-08,M14,Consumption,-5.84
2025-07-08,M14,OnHandSnapshot,166.5
2025-07-09,M14,Consumption,-5.61
2025-07-09,M14,OnHandSnapshot,160.89
2025-07-10,M14,Consumption,-6.52
2025-07-10,M14,OnHandSnapshot,154.37
2025-07-11,M14,Consumption,-7.53
2025-07-11,M14,OnHandSnapshot,146.84
2025-07-12,M14,Consumption,-5.6
2025-07-12,M14,OnHandSnapshot,141.24
2025-07-13,M14,Consumption,-5.83
2025-07-13,M14,OnHandSnapshot,135.42
2025-07-14,M14,Consumption,-5.64
2025-07-14,M14,OnHandSnapshot,129.78
2025-07-15,M14,Consumption,-5.41
2025-07-15,M14,OnHandSnapshot,124.37
2025-07-16,M14,Consumption,-5.95
2025-07-16,M14,OnHandSnapshot,118.42
2025-07-17,M14,Consumption,-6.39
2025-07-17,M14,OnHandSnapshot,112.03
2025-07-18,M14,Consumption,-7.93
2025-07-18,M14,OnHandSnapshot,104.11
2025-07-19,M14,Consumption,-5.32
2025-07-19,M14,OnHandSnapshot,98.79
2025-07-20,M14,Consumption,-5.48
2025-07-20,M14,OnHandSnapshot,93.31
2025-07-21,M14,Consumption,-5.68
2025-07-21,M14,OnHandSnapshot,87.62
2025-07-22,M14,Consumption,-5.72
2025-07-22,M14,OnHandSnapshot,81.9
2025-07-23,M14,Consumption,-5.92
2025-07-23,M14,OnHandSnapshot,75.98
2025-07-24,M14,Consumption,-6.49
2025-07-24,M14,OnHandSnapshot,69.49
2025-07-25,M14,Receipt,131.94
2025-07-25,M14,Consumption,-8.12
2025-07-25,M14,OnHandSnapshot,193.31
2025-07-26,M14,Consumption,-5.15
2025-07-26,M14,OnHandSnapshot,188.15
2025-07-27,M14,Consumption,-5.61
2025-07-27,M14,OnHandSnapshot,182.55
2025-07-28,M14,Consumption,-5.7
2025-07-28,M14,OnHandSnapshot,176.84
2025-07-29,M14,Consumption,-5.69
2025-07-29,M14,OnHandSnapshot,171.15
2025-07-30,M14,Consumption,-5.85
2025-07-30,M14,OnHandSnapshot,165.3
2025-07-31,M14,Consumption,-6.77
2025-07-31,M14,OnHandSnapshot,158.53
2025-08-01,M14,Consumption,-7.48
2025-08-01,M14,OnHandSnapshot,151.04
2025-08-02,M14,Consumption,-5.75
2025-08-02,M14,OnHandSnapshot,145.3
2025-08-03,M14,Consumption,-5.31
2025-08-03,M14,OnHandSnapshot,139.99
2025-08-04,M14,Consumption,-5.69
2025-08-04,M14,OnHandSnapshot,134.3
2025-08-05,M14,Consumption,-5.67
2025-08-05,M14,OnHandSnapshot,128.62
2025-08-06,M14,Consumption,-5.76
2025-08-06,M14,OnHandSnapshot,122.87
2025-08-07,M14,Consumption,-6.5
2025-08-07,M14,OnHandSnapshot,116.37
2025-08-08,M14,Consumption,-7.54
2025-08-08,M14,OnHandSnapshot,108.83
2025-08-09,M14,Consumption,-5.41
2025-08-09,M14,OnHandSnapshot,103.42
2025-08-10,M14,Consumption,-5.7
2025-08-10,M14,OnHandSnapshot,97.72
2025-08-11,M14,Consumption,-6.12
2025-08-11,M14,OnHandSnapshot,91.6
2025-08-12,M14,Consumption,-5.72
2025-08-12,M14,OnHandSnapshot,85.88
2025-08-13,M14,Consumption,-5.6
2025-08-13,M14,OnHandSnapshot,80.29
2025-08-14,M14,Consumption,-6.38
2025-08-14,M14,OnHandSnapshot,73.91
2025-08-15,M14,Consumption,-7.38
2025-08-15,M14,OnHandSnapshot,66.53
2025-08-16,M14,Consumption,-5.73
2025-08-16,M14,OnHandSnapshot,60.8
2025-08-17,M14,Consumption,-6.04
2025-08-17,M14,OnHandSnapshot,54.75
2025-08-18,M14,Receipt,131.94
2025-08-18,M14,Consumption,-5.47
2025-08-18,M14,OnHandSnapshot,181.22
2025-08-19,M14,Consumption,-5.78
2025-08-19,M14,OnHandSnapshot,175.44
2025-08-20,M14,Consumption,-5.69
2025-08-20,M14,OnHandSnapshot,169.75
2025-08-21,M14,Consumption,-6.67
2025-08-21,M14,OnHandSnapshot,163.09
2025-08-22,M14,Consumption,-7.97
2025-08-22,M14,OnHandSnapshot,155.12
2025-08-23,M14,Consumption,-5.08
2025-08-23,M14,OnHandSnapshot,150.04
2025-08-24,M14,Consumption,-5.83
2025-08-24,M14,OnHandSnapshot,144.21
2025-08-25,M14,Consumption,-5.46
2025-08-25,M14,OnHandSnapshot,138.75
2025-08-26,M14,Consumption,-5.6
2025-08-26,M14,OnHandSnapshot,133.15
2025-08-27,M14,Consumption,-5.76
2025-08-27,M14,OnHandSnapshot,127.39
2025-08-28,M14,Consumption,-6.14
2025-08-28,M14,OnHandSnapshot,121.25
2025-08-29,M14,Consumption,-7.79
2025-08-29,M14,OnHandSnapshot,113.46
2025-08-30,M14,Consumption,-5.43
2025-08-30,M14,OnHandSnapshot,108.03
2025-08-31,M14,Consumption,-5.8
2025-08-31,M14,OnHandSnapshot,102.23
2025-09-01,M14,Consumption,-6.22
2025-09-01,M14,OnHandSnapshot,96.01
2025-09-02,M14,Consumption,-5.83
2025-09-02,M14,OnHandSnapshot,90.18
2025-09-03,M14,Consumption,-5.8
2025-09-03,M14,OnHandSnapshot,84.37
2025-09-04,M14,Consumption,-7.07
2025-09-04,M14,OnHandSnapshot,77.3
2025-09-05,M14,Consumption,-8.18
2025-09-05,M14,OnHandSnapshot,69.12
2025-09-06,M14,Consumption,-5.67
2025-09-06,M14,OnHandSnapshot,63.45
2025-09-07,M14,Consumption,-5.49
2025-09-07,M14,OnHandSnapshot,57.96
2025-09-08,M14,Receipt,131.94
2025-09-08,M14,Consumption,-6.01
2025-09-08,M14,OnHandSnapshot,183.88
2025-09-09,M14,Consumption,-5.44
2025-09-09,M14,OnHandSnapshot,178.45
2025-09-10,M14,Consumption,-5.59
2025-09-10,M14,OnHandSnapshot,172.86
2025-09-11,M14,Consumption,-6.74
2025-09-11,M14,OnHandSnapshot,166.11
2025-09-12,M14,Consumption,-7.84
2025-09-12,M14,OnHandSnapshot,158.27
2025-09-13,M14,Consumption,-5.26
2025-09-13,M14,OnHandSnapshot,153.01
2025-09-14,M14,Consumption,-5.55
2025-09-14,M14,OnHandSnapshot,147.47
2025-09-15,M14,Consumption,-5.88
2025-09-15,M14,OnHandSnapshot,141.59
2025-09-16,M14,Consumption,-5.62
2025-09-16,M14,OnHandSnapshot,135.97
2025-09-17,M14,Consumption,-6.05
2025-09-17,M14,OnHandSnapshot,129.93
2025-09-18,M14,Consumption,-6.46
2025-09-18,M14,OnHandSnapshot,123.47
2025-09-19,M14,Consumption,-7.8
2025-09-19,M14,OnHandSnapshot,115.66
2025-09-20,M14,Consumption,-5.46
2025-09-20,M14,OnHandSnapshot,110.2
2025-09-21,M14,Consumption,-5.73
2025-09-21,M14,OnHandSnapshot,104.47
2025-09-22,M14,Consumption,-5.59
2025-09-22,M14,OnHandSnapshot,98.88
2025-09-23,M14,Consumption,-5.81
2025-09-23,M14,OnHandSnapshot,93.07
2025-09-24,M14,Consumption,-5.82
2025-09-24,M14,OnHandSnapshot,87.25
2025-09-25,M14,Consumption,-6.68
2025-09-25,M14,OnHandSnapshot,80.57
2025-09-26,M14,Consumption,-8.31
2025-09-26,M14,OnHandSnapshot,72.26
2025-09-27,M14,Consumption,-5.56
2025-09-27,M14,OnHandSnapshot,66.7
2025-09-28,M14,Consumption,-5.87
2025-09-28,M14,OnHandSnapshot,60.83
2025-09-29,M14,Consumption,-6.02
2025-09-29,M14,OnHandSnapshot,54.81
2025-09-30,M14,Receipt,131.94
2025-09-30,M14,Consumption,-5.36
2025-09-30,M14,OnHandSnapshot,181.38
2025-10-01,M14,Consumption,-5.63
2025-10-01,M14,OnHandSnapshot,175.75
2025-10-02,M14,Consumption,-6.67
2025-10-02,M14,OnHandSnapshot,169.09
2025-10-03,M14,Consumption,-8.12
2025-10-03,M14,OnHandSnapshot,160.97
2025-10-04,M14,Consumption,-5.21
2025-10-04,M14,OnHandSnapshot,155.75
2025-10-05,M14,Consumption,-5.58
2025-10-05,M14,OnHandSnapshot,150.18
2025-10-06,M14,Consumption,-6.12
2025-10-06,M14,OnHandSnapshot,144.06
2025-10-07,M14,Consumption,-5.58
2025-10-07,M14,OnHandSnapshot,138.48
2025-10-08,M14,Consumption,-5.78
2025-10-08,M14,OnHandSnapshot,132.7
2025-10-09,M14,Consumption,-6.71
2025-10-09,M14,OnHandSnapshot,125.99
2025-10-10,M14,Consumption,-7.81
2025-10-10,M14,OnHandSnapshot,118.18
2025-10-11,M14,Consumption,-5.86
2025-10-11,M14,OnHandSnapshot,112.32
2025-10-12,M14,Consumption,-5.74
2025-10-12,M14,OnHandSnapshot,106.58
2025-10-13,M14,Consumption,-5.56
2025-10-13,M14,OnHandSnapshot,101.01
2025-10-14,M14,Consumption,-5.29
2025-10-14,M14,OnHandSnapshot,95.72
2025-10-15,M14,Consumption,-5.54
2025-10-15,M14,OnHandSnapshot,90.18
2025-10-16,M14,Consumption,-6.57
2025-10-16,M14,OnHandSnapshot,83.61
2025-10-17,M14,Consumption,-7.9
2025-10-17,M14,OnHandSnapshot,75.71
2025-10-18,M14,Consumption,-5.31
2025-10-18,M14,OnHandSnapshot,70.39
2025-10-19,M14,Consumption,-5.58
2025-10-19,M14,OnHandSnapshot,64.82
2025-10-20,M14,Receipt,131.94
2025-10-20,M14,Consumption,-5.64
2025-10-20,M14,OnHandSnapshot,191.11
2025-10-21,M14,Consumption,-6.13
2025-10-21,M14,OnHandSnapshot,184.98
2025-10-22,M14,Consumption,-5.78
2025-10-22,M14,OnHandSnapshot,179.2
2025-10-23,M14,Consumption,-6.66
2025-10-23,M14,OnHandSnapshot,172.55
2025-10-24,M14,Consumption,-7.91
2025-10-24,M14,OnHandSnapshot,164.64
2025-10-25,M14,Consumption,-5.44
2025-10-25,M14,OnHandSnapshot,159.2
2025-10-26,M14,Consumption,-5.75
2025-10-26,M14,OnHandSnapshot,153.44
2025-10-27,M14,Consumption,-6.04
2025-10-27,M14,OnHandSnapshot,147.4
2025-10-28,M14,Consumption,-6.04
2025-10-28,M14,OnHandSnapshot,141.36
2025-10-29,M14,Consumption,-6.06
2025-10-29,M14,OnHandSnapshot,135.3
2025-10-30,M14,Consumption,-6.66
2025-10-30,M14,OnHandSnapshot,128.65
2025-10-31,M14,Consumption,-7.6
2025-10-31,M14,OnHandSnapshot,121.04
2025-11-01,M14,Consumption,-5.56
2025-11-01,M14,OnHandSnapshot,115.49
2025-11-02,M14,Consumption,-5.56
2025-11-02,M14,OnHandSnapshot,109.92
2025-11-03,M14,Consumption,-5.51
2025-11-03,M14,OnHandSnapshot,104.41
2025-11-04,M14,Consumption,-5.87
2025-11-04,M14,OnHandSnapshot,98.54
2025-11-05,M14,Consumption,-5.96
2025-11-05,M14,OnHandSnapshot,92.58
2025-11-06,M14,Consumption,-6.44
2025-11-06,M14,OnHandSnapshot,86.14
2025-11-07,M14,Consumption,-8.07
2025-11-07,M14,OnHandSnapshot,78.07
2025-11-08,M14,Consumption,-5.7
2025-11-08,M14,OnHandSnapshot,72.37
2025-11-09,M14,Consumption,-5.93
2025-11-09,M14,OnHandSnapshot,66.43
2025-11-10,M14,Consumption,-5.91
2025-11-10,M14,OnHandSnapshot,60.52
2025-11-11,M14,Receipt,131.94
2025-11-11,M14,Consumption,-5.73
2025-11-11,M14,OnHandSnapshot,186.73
2025-11-12,M14,Consumption,-6.14
2025-11-12,M14,OnHandSnapshot,180.59
2025-11-13,M14,Consumption,-7.19
2025-11-13,M14,OnHandSnapshot,173.4
2025-11-14,M14,Consumption,-7.58
2025-11-14,M14,OnHandSnapshot,165.82
2025-11-15,M14,Consumption,-5.71
2025-11-15,M14,OnHandSnapshot,160.11
2025-11-16,M14,Consumption,-5.87
2025-11-16,M14,OnHandSnapshot,154.24
2025-11-17,M14,Consumption,-5.5
2025-11-17,M14,OnHandSnapshot,148.74
2025-11-18,M14,Consumption,-5.5
2025-11-18,M14,OnHandSnapshot,143.23
2025-11-19,M14,Consumption,-5.83
2025-11-19,M14,OnHandSnapshot,137.4
2025-11-20,M14,Consumption,-6.65
2025-11-20,M14,OnHandSnapshot,130.75
2025-11-21,M14,Consumption,-8.47
2025-11-21,M14,OnHandSnapshot,122.28
2025-11-22,M14,Consumption,-5.67
2025-11-22,M14,OnHandSnapshot,116.61
2025-11-23,M14,Consumption,-5.83
2025-11-23,M14,OnHandSnapshot,110.78
2025-11-24,M14,Consumption,-5.54
2025-11-24,M14,OnHandSnapshot,105.24
2025-11-25,M14,Consumption,-5.77
2025-11-25,M14,OnHandSnapshot,99.46
2025-11-26,M14,Consumption,-5.71
2025-11-26,M14,OnHandSnapshot,93.75
2025-11-27,M14,Consumption,-6.62
2025-11-27,M14,OnHandSnapshot,87.14
2025-11-28,M14,Consumption,-7.68
2025-11-28,M14,OnHandSnapshot,79.45
2025-11-29,M14,Consumption,-5.55
2025-11-29,M14,OnHandSnapshot,73.91
2025-11-30,M14,Consumption,-6.28
2025-11-30,M14,OnHandSnapshot,67.63
2025-12-01,M14,Consumption,-5.99
2025-12-01,M14,OnHandSnapshot,61.64
2025-12-02,M14,Receipt,131.94
2025-12-02,M14,Consumption,-6.05
2025-12-02,M14,OnHandSnapshot,187.53
2025-12-03,M14,Consumption,-5.87
2025-12-03,M14,OnHandSnapshot,181.66
2025-12-04,M14,Consumption,-6.76
2025-12-04,M14,OnHandSnapshot,174.9
2025-12-05,M14,Consumption,-7.86
2025-12-05,M14,OnHandSnapshot,167.04
2025-12-06,M14,Consumption,-5.47
2025-12-06,M14,OnHandSnapshot,161.57
2025-12-07,M14,Consumption,-5.89
2025-12-07,M14,OnHandSnapshot,155.68
2025-12-08,M14,Consumption,-5.97
2025-12-08,M14,OnHandSnapshot,149.71
2025-12-09,M14,Consumption,-6.09
2025-12-09,M14,OnHandSnapshot,143.62
2025-12-10,M14,Consumption,-6.04
2025-12-10,M14,OnHandSnapshot,137.58
2025-12-11,M14,Consumption,-6.69
2025-12-11,M14,OnHandSnapshot,130.89
2025-12-12,M14,Consumption,-8.05
2025-12-12,M14,OnHandSnapshot,122.84
2025-12-13,M14,Consumption,-5.81
2025-12-13,M14,OnHandSnapshot,117.03
2025-12-14,M14,Consumption,-5.68
2025-12-14,M14,OnHandSnapshot,111.34
2025-12-15,M14,Consumption,-5.72
2025-12-15,M14,OnHandSnapshot,105.62
2025-12-16,M14,Consumption,-6.09
2025-12-16,M14,OnHandSnapshot,99.54
2025-12-17,M14,Consumption,-5.88
2025-12-17,M14,OnHandSnapshot,93.66
2025-12-18,M14,Consumption,-6.78
2025-12-18,M14,OnHandSnapshot,86.87
2025-12-19,M14,Consumption,-7.86
2025-12-19,M14,OnHandSnapshot,79.02
2025-12-20,M14,Consumption,-5.66
2025-12-20,M14,OnHandSnapshot,73.36
2025-12-21,M14,Consumption,-5.75
2025-12-21,M14,OnHandSnapshot,67.61
2025-12-22,M14,Receipt,131.94
2025-12-22,M14,Consumption,-5.76
2025-12-22,M14,OnHandSnapshot,193.79
2025-12-23,M14,Consumption,-5.91
2025-12-23,M14,OnHandSnapshot,187.89
2025-12-24,M14,Consumption,-5.95
2025-12-24,M14,OnHandSnapshot,181.93
2025-12-25,M14,Consumption,-6.61
2025-12-25,M14,OnHandSnapshot,175.32
2025-12-26,M14,Consumption,-8.29
2025-12-26,M14,OnHandSnapshot,167.03
2025-12-27,M14,Consumption,-5.37
2025-12-27,M14,OnHandSnapshot,161.66
2025-12-28,M14,Consumption,-6.15
2025-12-28,M14,OnHandSnapshot,155.51
2025-12-29,M14,Consumption,-5.93
2025-12-29,M14,OnHandSnapshot,149.58
2025-12-30,M14,Consumption,-6.01
2025-12-30,M14,OnHandSnapshot,143.57
2025-12-31,M14,Consumption,-5.77
2025-12-31,M14,OnHandSnapshot,137.8
2024-01-01,M15,Consumption,-0.97
2024-01-01,M15,OnHandSnapshot,13.92
2024-01-02,M15,Consumption,-0.96
2024-01-02,M15,OnHandSnapshot,12.96
2024-01-03,M15,Consumption,-1.02
2024-01-03,M15,OnHandSnapshot,11.94
2024-01-04,M15,Consumption,-1.08
2024-01-04,M15,OnHandSnapshot,10.86
2024-01-05,M15,Consumption,-1.38
2024-01-05,M15,OnHandSnapshot,9.49
2024-01-06,M15,Receipt,20.47
2024-01-06,M15,Consumption,-0.96
2024-01-06,M15,OnHandSnapshot,28.99
2024-01-07,M15,Consumption,-0.93
2024-01-07,M15,OnHandSnapshot,28.07
2024-01-08,M15,Consumption,-1.0
2024-01-08,M15,OnHandSnapshot,27.07
2024-01-09,M15,Consumption,-0.93
2024-01-09,M15,OnHandSnapshot,26.14
2024-01-10,M15,Consumption,-0.97
2024-01-10,M15,OnHandSnapshot,25.17
2024-01-11,M15,Consumption,-1.03
2024-01-11,M15,OnHandSnapshot,24.14
2024-01-12,M15,Consumption,-1.2
2024-01-12,M15,OnHandSnapshot,22.93
2024-01-13,M15,Consumption,-0.93
2024-01-13,M15,OnHandSnapshot,22.0
2024-01-14,M15,Consumption,-0.98
2024-01-14,M15,OnHandSnapshot,21.02
2024-01-15,M15,Consumption,-0.94
2024-01-15,M15,OnHandSnapshot,20.08
2024-01-16,M15,Consumption,-0.89
2024-01-16,M15,OnHandSnapshot,19.19
2024-01-17,M15,Consumption,-0.91
2024-01-17,M15,OnHandSnapshot,18.28
2024-01-18,M15,Consumption,-1.09
2024-01-18,M15,OnHandSnapshot,17.19
2024-01-19,M15,Consumption,-1.37
2024-01-19,M15,OnHandSnapshot,15.82
2024-01-20,M15,Consumption,-1.01
2024-01-20,M15,OnHandSnapshot,14.81
2024-01-21,M15,Consumption,-0.88
2024-01-21,M15,OnHandSnapshot,13.93
2024-01-22,M15,Consumption,-0.82
2024-01-22,M15,OnHandSnapshot,13.11
2024-01-23,M15,Consumption,-0.94
2024-01-23,M15,OnHandSnapshot,12.17
2024-01-24,M15,Consumption,-0.98
2024-01-24,M15,OnHandSnapshot,11.19
2024-01-25,M15,Receipt,20.47
2024-01-25,M15,Consumption,-1.11
2024-01-25,M15,OnHandSnapshot,30.55
2024-01-26,M15,Consumption,-1.28
2024-01-26,M15,OnHandSnapshot,29.27
2024-01-27,M15,Consumption,-1.01
2024-01-27,M15,OnHandSnapshot,28.26
2024-01-28,M15,Consumption,-0.96
2024-01-28,M15,OnHandSnapshot,27.31
2024-01-29,M15,Consumption,-1.02
2024-01-29,M15,OnHandSnapshot,26.29
2024-01-30,M15,Consumption,-0.97
2024-01-30,M15,OnHandSnapshot,25.32
2024-01-31,M15,Consumption,-0.9
2024-01-31,M15,OnHandSnapshot,24.42
2024-02-01,M15,Consumption,-1.11
2024-02-01,M15,OnHandSnapshot,23.31
2024-02-02,M15,Consumption,-1.28
2024-02-02,M15,OnHandSnapshot,22.03
2024-02-03,M15,Consumption,-0.93
2024-02-03,M15,OnHandSnapshot,21.1
2024-02-04,M15,Consumption,-0.9
2024-02-04,M15,OnHandSnapshot,20.2
2024-02-05,M15,Consumption,-0.95
2024-02-05,M15,OnHandSnapshot,19.25
2024-02-06,M15,Consumption,-0.93
2024-02-06,M15,OnHandSnapshot,18.32
2024-02-07,M15,Consumption,-0.86
2024-02-07,M15,OnHandSnapshot,17.45
2024-02-08,M15,Consumption,-1.16
2024-02-08,M15,OnHandSnapshot,16.3
2024-02-09,M15,Consumption,-1.26
2024-02-09,M15,OnHandSnapshot,15.04
2024-02-10,M15,Consumption,-0.92
2024-02-10,M15,OnHandSnapshot,14.13
2024-02-11,M15,Consumption,-0.9
2024-02-11,M15,OnHandSnapshot,13.23
2024-02-12,M15,Consumption,-0.97
2024-02-12,M15,OnHandSnapshot,12.26
2024-02-13,M15,Consumption,-0.96
2024-02-13,M15,OnHandSnapshot,11.3
2024-02-14,M15,Consumption,-0.96
2024-02-14,M15,OnHandSnapshot,10.34
2024-02-15,M15,Receipt,20.47
2024-02-15,M15,Consumption,-1.15
2024-02-15,M15,OnHandSnapshot,29.65
2024-02-16,M15,Consumption,-1.28
2024-02-16,M15,OnHandSnapshot,28.37
2024-02-17,M15,Consumption,-0.89
2024-02-17,M15,OnHandSnapshot,27.49
2024-02-18,M15,Consumption,-0.91
2024-02-18,M15,OnHandSnapshot,26.57
2024-02-19,M15,Consumption,-1.0
2024-02-19,M15,OnHandSnapshot,25.58
2024-02-20,M15,Consumption,-0.91
2024-02-20,M15,OnHandSnapshot,24.67
2024-02-21,M15,Consumption,-0.87
2024-02-21,M15,OnHandSnapshot,23.8
2024-02-22,M15,Consumption,-1.08
2024-02-22,M15,OnHandSnapshot,22.72
2024-02-23,M15,Consumption,-1.33
2024-02-23,M15,OnHandSnapshot,21.4
2024-02-24,M15,Consumption,-0.81
2024-02-24,M15,OnHandSnapshot,20.59
2024-02-25,M15,Consumption,-0.98
2024-02-25,M15,OnHandSnapshot,19.61
2024-02-26,M15,Consumption,-1.0
2024-02-26,M15,OnHandSnapshot,18.6
2024-02-27,M15,Consumption,-1.02
2024-02-27,M15,OnHandSnapshot,17.58
2024-02-28,M15,Consumption,-0.92
2024-02-28,M15,OnHandSnapshot,16.66
2024-02-29,M15,Consumption,-1.02
2024-02-29,M15,OnHandSnapshot,15.64
2024-03-01,M15,Consumption,-1.2
2024-03-01,M15,OnHandSnapshot,14.44
2024-03-02,M15,Consumption,-1.25
2024-03-02,M15,OnHandSnapshot,13.19
2024-03-03,M15,Consumption,-1.57
2024-03-03,M15,OnHandSnapshot,11.62
2024-03-04,M15,Consumption,-1.49
2024-03-04,M15,OnHandSnapshot,10.13
2024-03-05,M15,Consumption,-1.63
2024-03-05,M15,OnHandSnapshot,8.51
2024-03-06,M15,Receipt,20.47
2024-03-06,M15,Consumption,-1.85
2024-03-06,M15,OnHandSnapshot,27.12
2024-03-07,M15,Consumption,-2.62
2024-03-07,M15,OnHandSnapshot,24.5
2024-03-08,M15,Consumption,-3.15
2024-03-08,M15,OnHandSnapshot,21.36
2024-03-09,M15,Consumption,-2.78
2024-03-09,M15,OnHandSnapshot,18.57
2024-03-10,M15,Consumption,-3.21
2024-03-10,M15,OnHandSnapshot,15.36
2024-03-11,M15,Consumption,-3.27
2024-03-11,M15,OnHandSnapshot,12.09
2024-03-12,M15,Consumption,-3.54
2024-03-12,M15,OnHandSnapshot,8.56
2024-03-13,M15,Consumption,-3.97
2024-03-13,M15,OnHandSnapshot,4.58
2024-03-14,M15,Receipt,20.47
2024-03-14,M15,Consumption,-5.24
2024-03-14,M15,OnHandSnapshot,19.81
2024-03-15,M15,Consumption,-6.22
2024-03-15,M15,OnHandSnapshot,13.59
2024-03-16,M15,Consumption,-4.54
2024-03-16,M15,OnHandSnapshot,9.06
2024-03-17,M15,Consumption,-5.09
2024-03-17,M15,OnHandSnapshot,3.96
2024-03-18,M15,Receipt,20.47
2024-03-18,M15,Consumption,-5.15
2024-03-18,M15,OnHandSnapshot,19.28
2024-03-19,M15,Consumption,-5.77
2024-03-19,M15,OnHandSnapshot,13.51
2024-03-20,M15,Consumption,-5.25
2024-03-20,M15,OnHandSnapshot,8.25
2024-03-21,M15,Consumption,-1.1
2024-03-21,M15,OnHandSnapshot,7.16
2024-03-22,M15,Consumption,-1.39
2024-03-22,M15,OnHandSnapshot,5.76
2024-03-23,M15,Receipt,20.47
2024-03-23,M15,Consumption,-0.94
2024-03-23,M15,OnHandSnapshot,25.29
2024-03-24,M15,Consumption,-0.96
2024-03-24,M15,OnHandSnapshot,24.32
2024-03-25,M15,Consumption,-0.94
2024-03-25,M15,OnHandSnapshot,23.38
2024-03-26,M15,Consumption,-0.96
2024-03-26,M15,OnHandSnapshot,22.42
2024-03-27,M15,Consumption,-0.95
2024-03-27,M15,OnHandSnapshot,21.47
2024-03-28,M15,Consumption,-1.13
2024-03-28,M15,OnHandSnapshot,20.34
2024-03-29,M15,Consumption,-1.34
2024-03-29,M15,OnHandSnapshot,18.99
2024-03-30,M15,Consumption,-0.83
2024-03-30,M15,OnHandSnapshot,18.16
2024-03-31,M15,Consumption,-0.94
2024-03-31,M15,OnHandSnapshot,17.23
2024-04-01,M15,Consumption,-0.97
2024-04-01,M15,OnHandSnapshot,16.26
2024-04-02,M15,Consumption,-0.96
2024-04-02,M15,OnHandSnapshot,15.3
2024-04-03,M15,Consumption,-0.96
2024-04-03,M15,OnHandSnapshot,14.34
2024-04-04,M15,Consumption,-1.1
2024-04-04,M15,OnHandSnapshot,13.24
2024-04-05,M15,Consumption,-1.36
2024-04-05,M15,OnHandSnapshot,11.88
2024-04-06,M15,Consumption,-0.86
2024-04-06,M15,OnHandSnapshot,11.02
2024-04-07,M15,Receipt,20.47
2024-04-07,M15,Consumption,-0.96
2024-04-07,M15,OnHandSnapshot,30.53
2024-04-08,M15,Consumption,-1.0
2024-04-08,M15,OnHandSnapshot,29.52
2024-04-09,M15,Consumption,-0.94
2024-04-09,M15,OnHandSnapshot,28.59
2024-04-10,M15,Consumption,-1.04
2024-04-10,M15,OnHandSnapshot,27.55
2024-04-11,M15,Consumption,-1.13
2024-04-11,M15,OnHandSnapshot,26.42
2024-04-12,M15,Consumption,-1.34
2024-04-12,M15,OnHandSnapshot,25.08
2024-04-13,M15,Consumption,-1.02
2024-04-13,M15,OnHandSnapshot,24.06
2024-04-14,M15,Consumption,-0.97
2024-04-14,M15,OnHandSnapshot,23.09
2024-04-15,M15,Consumption,-0.94
2024-04-15,M15,OnHandSnapshot,22.15
2024-04-16,M15,Consumption,-0.93
2024-04-16,M15,OnHandSnapshot,21.23
2024-04-17,M15,Consumption,-0.87
2024-04-17,M15,OnHandSnapshot,20.36
2024-04-18,M15,Consumption,-1.09
2024-04-18,M15,OnHandSnapshot,19.26
2024-04-19,M15,Consumption,-1.21
2024-04-19,M15,OnHandSnapshot,18.06
2024-04-20,M15,Consumption,-0.99
2024-04-20,M15,OnHandSnapshot,17.06
2024-04-21,M15,Consumption,-0.95
2024-04-21,M15,OnHandSnapshot,16.11
2024-04-22,M15,Consumption,-0.98
2024-04-22,M15,OnHandSnapshot,15.13
2024-04-23,M15,Consumption,-0.96
2024-04-23,M15,OnHandSnapshot,14.16
2024-04-24,M15,Consumption,-0.95
2024-04-24,M15,OnHandSnapshot,13.21
2024-04-25,M15,Consumption,-1.08
2024-04-25,M15,OnHandSnapshot,12.12
2024-04-26,M15,Consumption,-1.36
2024-04-26,M15,OnHandSnapshot,10.76
2024-04-27,M15,Consumption,-0.81
2024-04-27,M15,OnHandSnapshot,9.95
2024-04-28,M15,Receipt,20.47
2024-04-28,M15,Consumption,-0.99
2024-04-28,M15,OnHandSnapshot,29.43
2024-04-29,M15,Consumption,-0.94
2024-04-29,M15,OnHandSnapshot,28.48
2024-04-30,M15,Consumption,-0.96
2024-04-30,M15,OnHandSnapshot,27.52
2024-05-01,M15,Consumption,-0.91
2024-05-01,M15,OnHandSnapshot,26.61
2024-05-02,M15,Consumption,-1.2
2024-05-02,M15,OnHandSnapshot,25.41
2024-05-03,M15,Consumption,-1.3
2024-05-03,M15,OnHandSnapshot,24.12
2024-05-04,M15,Consumption,-1.01
2024-05-04,M15,OnHandSnapshot,23.1
2024-05-05,M15,Consumption,-1.0
2024-05-05,M15,OnHandSnapshot,22.1
2024-05-06,M15,Consumption,-0.94
2024-05-06,M15,OnHandSnapshot,21.17
2024-05-07,M15,Consumption,-1.03
2024-05-07,M15,OnHandSnapshot,20.13
2024-05-08,M15,Consumption,-0.97
2024-05-08,M15,OnHandSnapshot,19.17
2024-05-09,M15,Consumption,-1.14
2024-05-09,M15,OnHandSnapshot,18.03
2024-05-10,M15,Consumption,-1.24
2024-05-10,M15,OnHandSnapshot,16.79
2024-05-11,M15,Consumption,-0.9
2024-05-11,M15,OnHandSnapshot,15.89
2024-05-12,M15,Consumption,-0.99
2024-05-12,M15,OnHandSnapshot,14.91
2024-05-13,M15,Consumption,-0.96
2024-05-13,M15,OnHandSnapshot,13.94
2024-05-14,M15,Consumption,-0.96
2024-05-14,M15,OnHandSnapshot,12.98
2024-05-15,M15,Consumption,-0.94
2024-05-15,M15,OnHandSnapshot,12.04
2024-05-16,M15,Receipt,20.47
2024-05-16,M15,Consumption,-1.0
2024-05-16,M15,OnHandSnapshot,31.5
2024-05-17,M15,Consumption,-1.23
2024-05-17,M15,OnHandSnapshot,30.27
2024-05-18,M15,Consumption,-0.93
2024-05-18,M15,OnHandSnapshot,29.34
2024-05-19,M15,Consumption,-0.88
2024-05-19,M15,OnHandSnapshot,28.46
2024-05-20,M15,Consumption,-0.95
2024-05-20,M15,OnHandSnapshot,27.51
2024-05-21,M15,Consumption,-1.08
2024-05-21,M15,OnHandSnapshot,26.43
2024-05-22,M15,Consumption,-0.98
2024-05-22,M15,OnHandSnapshot,25.45
2024-05-23,M15,Consumption,-1.09
2024-05-23,M15,OnHandSnapshot,24.35
2024-05-24,M15,Consumption,-1.3
2024-05-24,M15,OnHandSnapshot,23.06
2024-05-25,M15,Consumption,-0.88
2024-05-25,M15,OnHandSnapshot,22.18
2024-05-26,M15,Consumption,-0.94
2024-05-26,M15,OnHandSnapshot,21.24
2024-05-27,M15,Consumption,-0.95
2024-05-27,M15,OnHandSnapshot,20.29
2024-05-28,M15,Consumption,-1.07
2024-05-28,M15,OnHandSnapshot,19.22
2024-05-29,M15,Consumption,-0.96
2024-05-29,M15,OnHandSnapshot,18.27
2024-05-30,M15,Consumption,-1.09
2024-05-30,M15,OnHandSnapshot,17.18
2024-05-31,M15,Consumption,-1.24
2024-05-31,M15,OnHandSnapshot,15.93
2024-06-01,M15,Consumption,-0.96
2024-06-01,M15,OnHandSnapshot,14.97
2024-06-02,M15,Consumption,-0.97
2024-06-02,M15,OnHandSnapshot,14.0
2024-06-03,M15,Consumption,-0.98
2024-06-03,M15,OnHandSnapshot,13.02
2024-06-04,M15,Consumption,-0.9
2024-06-04,M15,OnHandSnapshot,12.12
2024-06-05,M15,Consumption,-0.92
2024-06-05,M15,OnHandSnapshot,11.2
2024-06-06,M15,Consumption,-1.13
2024-06-06,M15,OnHandSnapshot,10.07
2024-06-07,M15,Consumption,-1.25
2024-06-07,M15,OnHandSnapshot,8.81
2024-06-08,M15,Receipt,20.47
2024-06-08,M15,Consumption,-0.84
2024-06-08,M15,OnHandSnapshot,28.44
2024-06-09,M15,Consumption,-1.02
2024-06-09,M15,OnHandSnapshot,27.42
2024-06-10,M15,Consumption,-1.04
2024-06-10,M15,OnHandSnapshot,26.39
2024-06-11,M15,Consumption,-0.93
2024-06-11,M15,OnHandSnapshot,25.46
2024-06-12,M15,Consumption,-1.06
2024-06-12,M15,OnHandSnapshot,24.39
2024-06-13,M15,Consumption,-1.11
2024-06-13,M15,OnHandSnapshot,23.28
2024-06-14,M15,Consumption,-1.23
2024-06-14,M15,OnHandSnapshot,22.05
2024-06-15,M15,Consumption,-0.94
2024-06-15,M15,OnHandSnapshot,21.11
2024-06-16,M15,Consumption,-1.0
2024-06-16,M15,OnHandSnapshot,20.11
2024-06-17,M15,Consumption,-0.97
2024-06-17,M15,OnHandSnapshot,19.15
2024-06-18,M15,Consumption,-1.04
2024-06-18,M15,OnHandSnapshot,18.11
2024-06-19,M15,Consumption,-1.12
2024-06-19,M15,OnHandSnapshot,16.99
2024-06-20,M15,Consumption,-1.14
2024-06-20,M15,OnHandSnapshot,15.85
2024-06-21,M15,Consumption,-1.31
2024-06-21,M15,OnHandSnapshot,14.54
2024-06-22,M15,Consumption,-0.85
2024-06-22,M15,OnHandSnapshot,13.69
2024-06-23,M15,Consumption,-1.0
2024-06-23,M15,OnHandSnapshot,12.69
2024-06-24,M15,Consumption,-1.11
2024-06-24,M15,OnHandSnapshot,11.59
2024-06-25,M15,Receipt,20.47
2024-06-25,M15,Consumption,-0.99
2024-06-25,M15,OnHandSnapshot,31.07
2024-06-26,M15,Consumption,-1.02
2024-06-26,M15,OnHandSnapshot,30.05
2024-06-27,M15,Consumption,-1.05
2024-06-27,M15,OnHandSnapshot,29.0
2024-06-28,M15,Consumption,-1.28
2024-06-28,M15,OnHandSnapshot,27.72
2024-06-29,M15,Consumption,-0.98
2024-06-29,M15,OnHandSnapshot,26.74
2024-06-30,M15,Consumption,-1.01
2024-06-30,M15,OnHandSnapshot,25.73
2024-07-01,M15,Consumption,-0.92
2024-07-01,M15,OnHandSnapshot,24.81
2024-07-02,M15,Consumption,-0.91
2024-07-02,M15,OnHandSnapshot,23.9
2024-07-03,M15,Consumption,-0.98
2024-07-03,M15,OnHandSnapshot,22.92
2024-07-04,M15,Consumption,-1.1
2024-07-04,M15,OnHandSnapshot,21.82
2024-07-05,M15,Consumption,-1.29
2024-07-05,M15,OnHandSnapshot,20.54
2024-07-06,M15,Consumption,-0.9
2024-07-06,M15,OnHandSnapshot,19.64
2024-07-07,M15,Consumption,-1.01
2024-07-07,M15,OnHandSnapshot,18.63
2024-07-08,M15,Consumption,-0.93
2024-07-08,M15,OnHandSnapshot,17.7
2024-07-09,M15,Consumption,-0.96
2024-07-09,M15,OnHandSnapshot,16.74
2024-07-10,M15,Consumption,-0.97
2024-07-10,M15,OnHandSnapshot,15.78
2024-07-11,M15,Consumption,-1.06
2024-07-11,M15,OnHandSnapshot,14.71
2024-07-12,M15,Consumption,-1.35
2024-07-12,M15,OnHandSnapshot,13.37
2024-07-13,M15,Consumption,-0.91
2024-07-13,M15,OnHandSnapshot,12.45
2024-07-14,M15,Consumption,-0.94
2024-07-14,M15,OnHandSnapshot,11.51
2024-07-15,M15,Consumption,-1.09
2024-07-15,M15,OnHandSnapshot,10.42
2024-07-16,M15,Consumption,-1.07
2024-07-16,M15,OnHandSnapshot,9.35
2024-07-17,M15,Receipt,20.47
2024-07-17,M15,Consumption,-1.0
2024-07-17,M15,OnHandSnapshot,28.82
2024-07-18,M15,Consumption,-1.23
2024-07-18,M15,OnHandSnapshot,27.59
2024-07-19,M15,Consumption,-1.43
2024-07-19,M15,OnHandSnapshot,26.16
2024-07-20,M15,Consumption,-0.9
2024-07-20,M15,OnHandSnapshot,25.26
2024-07-21,M15,Consumption,-0.95
2024-07-21,M15,OnHandSnapshot,24.31
2024-07-22,M15,Consumption,-0.94
2024-07-22,M15,OnHandSnapshot,23.36
2024-07-23,M15,Consumption,-0.97
2024-07-23,M15,OnHandSnapshot,22.39
2024-07-24,M15,Consumption,-1.01
2024-07-24,M15,OnHandSnapshot,21.38
2024-07-25,M15,Consumption,-1.22
2024-07-25,M15,OnHandSnapshot,20.16
2024-07-26,M15,Consumption,-1.39
2024-07-26,M15,OnHandSnapshot,18.77
2024-07-27,M15,Consumption,-0.91
2024-07-27,M15,OnHandSnapshot,17.86
2024-07-28,M15,Consumption,-1.01
2024-07-28,M15,OnHandSnapshot,16.85
2024-07-29,M15,Consumption,-0.93
2024-07-29,M15,OnHandSnapshot,15.93
2024-07-30,M15,Consumption,-0.92
2024-07-30,M15,OnHandSnapshot,15.01
2024-07-31,M15,Consumption,-0.99
2024-07-31,M15,OnHandSnapshot,14.02
2024-08-01,M15,Consumption,-1.14
2024-08-01,M15,OnHandSnapshot,12.88
2024-08-02,M15,Consumption,-1.27
2024-08-02,M15,OnHandSnapshot,11.61
2024-08-03,M15,Consumption,-0.99
2024-08-03,M15,OnHandSnapshot,10.62
2024-08-04,M15,Receipt,20.47
2024-08-04,M15,Consumption,-1.0
2024-08-04,M15,OnHandSnapshot,30.09
2024-08-05,M15,Consumption,-0.88
2024-08-05,M15,OnHandSnapshot,29.21
2024-08-06,M15,Consumption,-0.96
2024-08-06,M15,OnHandSnapshot,28.25
2024-08-07,M15,Consumption,-0.97
2024-08-07,M15,OnHandSnapshot,27.28
2024-08-08,M15,Consumption,-1.14
2024-08-08,M15,OnHandSnapshot,26.15
2024-08-09,M15,Consumption,-1.29
2024-08-09,M15,OnHandSnapshot,24.85
2024-08-10,M15,Consumption,-0.97
2024-08-10,M15,OnHandSnapshot,23.89
2024-08-11,M15,Consumption,-1.05
2024-08-11,M15,OnHandSnapshot,22.83
2024-08-12,M15,Consumption,-0.89
2024-08-12,M15,OnHandSnapshot,21.94
2024-08-13,M15,Consumption,-0.9
2024-08-13,M15,OnHandSnapshot,21.04
2024-08-14,M15,Consumption,-1.0
2024-08-14,M15,OnHandSnapshot,20.04
2024-08-15,M15,Consumption,-1.12
2024-08-15,M15,OnHandSnapshot,18.91
2024-08-16,M15,Consumption,-1.32
2024-08-16,M15,OnHandSnapshot,17.59
2024-08-17,M15,Consumption,-0.97
2024-08-17,M15,OnHandSnapshot,16.63
2024-08-18,M15,Consumption,-0.98
2024-08-18,M15,OnHandSnapshot,15.64
2024-08-19,M15,Consumption,-0.98
2024-08-19,M15,OnHandSnapshot,14.66
2024-08-20,M15,Consumption,-0.98
2024-08-20,M15,OnHandSnapshot,13.68
2024-08-21,M15,Consumption,-0.96
2024-08-21,M15,OnHandSnapshot,12.72
2024-08-22,M15,Consumption,-1.17
2024-08-22,M15,OnHandSnapshot,11.56
2024-08-23,M15,Consumption,-1.32
2024-08-23,M15,OnHandSnapshot,10.24
2024-08-24,M15,Receipt,20.47
2024-08-24,M15,Consumption,-0.99
2024-08-24,M15,OnHandSnapshot,29.72
2024-08-25,M15,Consumption,-1.12
2024-08-25,M15,OnHandSnapshot,28.6
2024-08-26,M15,Consumption,-1.01
2024-08-26,M15,OnHandSnapshot,27.58
2024-08-27,M15,Consumption,-0.98
2024-08-27,M15,OnHandSnapshot,26.6
2024-08-28,M15,Consumption,-0.91
2024-08-28,M15,OnHandSnapshot,25.7
2024-08-29,M15,Consumption,-1.13
2024-08-29,M15,OnHandSnapshot,24.56
2024-08-30,M15,Consumption,-1.38
2024-08-30,M15,OnHandSnapshot,23.18
2024-08-31,M15,Consumption,-0.96
2024-08-31,M15,OnHandSnapshot,22.23
2024-09-01,M15,Consumption,-0.96
2024-09-01,M15,OnHandSnapshot,21.27
2024-09-02,M15,Consumption,-1.07
2024-09-02,M15,OnHandSnapshot,20.2
2024-09-03,M15,Consumption,-0.97
2024-09-03,M15,OnHandSnapshot,19.23
2024-09-04,M15,Consumption,-0.96
2024-09-04,M15,OnHandSnapshot,18.27
2024-09-05,M15,Consumption,-1.1
2024-09-05,M15,OnHandSnapshot,17.17
2024-09-06,M15,Consumption,-1.27
2024-09-06,M15,OnHandSnapshot,15.9
2024-09-07,M15,Consumption,-0.87
2024-09-07,M15,OnHandSnapshot,15.03
2024-09-08,M15,Consumption,-0.96
2024-09-08,M15,OnHandSnapshot,14.07
2024-09-09,M15,Consumption,-0.98
2024-09-09,M15,OnHandSnapshot,13.1
2024-09-10,M15,Consumption,-0.97
2024-09-10,M15,OnHandSnapshot,12.13
2024-09-11,M15,Consumption,-0.94
2024-09-11,M15,OnHandSnapshot,11.19
2024-09-12,M15,Consumption,-1.08
2024-09-12,M15,OnHandSnapshot,10.11
2024-09-13,M15,Receipt,20.47
2024-09-13,M15,Consumption,-1.33
2024-09-13,M15,OnHandSnapshot,29.25
2024-09-14,M15,Consumption,-0.97
2024-09-14,M15,OnHandSnapshot,28.28
2024-09-15,M15,Consumption,-0.99
2024-09-15,M15,OnHandSnapshot,27.29
2024-09-16,M15,Consumption,-1.11
2024-09-16,M15,OnHandSnapshot,26.18
2024-09-17,M15,Consumption,-0.96
2024-09-17,M15,OnHandSnapshot,25.22
2024-09-18,M15,Consumption,-0.95
2024-09-18,M15,OnHandSnapshot,24.26
2024-09-19,M15,Consumption,-1.13
2024-09-19,M15,OnHandSnapshot,23.13
2024-09-20,M15,Consumption,-1.53
2024-09-20,M15,OnHandSnapshot,21.61
2024-09-21,M15,Consumption,-0.9
2024-09-21,M15,OnHandSnapshot,20.71
2024-09-22,M15,Consumption,-0.95
2024-09-22,M15,OnHandSnapshot,19.76
2024-09-23,M15,Consumption,-1.03
2024-09-23,M15,OnHandSnapshot,18.73
2024-09-24,M15,Consumption,-0.97
2024-09-24,M15,OnHandSnapshot,17.76
2024-09-25,M15,Consumption,-1.0
2024-09-25,M15,OnHandSnapshot,16.76
2024-09-26,M15,Consumption,-1.11
2024-09-26,M15,OnHandSnapshot,15.65
2024-09-27,M15,Consumption,-1.31
2024-09-27,M15,OnHandSnapshot,14.34
2024-09-28,M15,Consumption,-0.93
2024-09-28,M15,OnHandSnapshot,13.41
2024-09-29,M15,Consumption,-1.02
2024-09-29,M15,OnHandSnapshot,12.39
2024-09-30,M15,Consumption,-1.04
2024-09-30,M15,OnHandSnapshot,11.35
2024-10-01,M15,Consumption,-0.97
2024-10-01,M15,OnHandSnapshot,10.39
2024-10-02,M15,Consumption,-1.02
2024-10-02,M15,OnHandSnapshot,9.36
2024-10-03,M15,Receipt,20.47
2024-10-03,M15,Consumption,-1.24
2024-10-03,M15,OnHandSnapshot,28.59
2024-10-04,M15,Consumption,-1.3
2024-10-04,M15,OnHandSnapshot,27.3
2024-10-05,M15,Consumption,-1.07
2024-10-05,M15,OnHandSnapshot,26.23
2024-10-06,M15,Consumption,-1.07
2024-10-06,M15,OnHandSnapshot,25.16
2024-10-07,M15,Consumption,-0.95
2024-10-07,M15,OnHandSnapshot,24.21
2024-10-08,M15,Consumption,-0.97
2024-10-08,M15,OnHandSnapshot,23.24
2024-10-09,M15,Consumption,-0.96
2024-10-09,M15,OnHandSnapshot,22.28
2024-10-10,M15,Consumption,-1.1
2024-10-10,M15,OnHandSnapshot,21.18
2024-10-11,M15,Consumption,-1.39
2024-10-11,M15,OnHandSnapshot,19.79
2024-10-12,M15,Consumption,-1.03
2024-10-12,M15,OnHandSnapshot,18.76
2024-10-13,M15,Consumption,-0.94
2024-10-13,M15,OnHandSnapshot,17.82
2024-10-14,M15,Consumption,-0.97
2024-10-14,M15,OnHandSnapshot,16.85
2024-10-15,M15,Consumption,-0.96
2024-10-15,M15,OnHandSnapshot,15.9
2024-10-16,M15,Consumption,-1.03
2024-10-16,M15,OnHandSnapshot,14.87
2024-10-17,M15,Consumption,-1.19
2024-10-17,M15,OnHandSnapshot,13.68
2024-10-18,M15,Consumption,-1.27
2024-10-18,M15,OnHandSnapshot,12.41
2024-10-19,M15,Receipt,20.47
2024-10-19,M15,Consumption,-1.0
2024-10-19,M15,OnHandSnapshot,31.88
2024-10-20,M15,Consumption,-0.99
2024-10-20,M15,OnHandSnapshot,30.88
2024-10-21,M15,Consumption,-0.98
2024-10-21,M15,OnHandSnapshot,29.9
2024-10-22,M15,Consumption,-1.01
2024-10-22,M15,OnHandSnapshot,28.89
2024-10-23,M15,Consumption,-1.05
2024-10-23,M15,OnHandSnapshot,27.84
2024-10-24,M15,Consumption,-1.15
2024-10-24,M15,OnHandSnapshot,26.7
2024-10-25,M15,Consumption,-1.39
2024-10-25,M15,OnHandSnapshot,25.3
2024-10-26,M15,Consumption,-0.94
2024-10-26,M15,OnHandSnapshot,24.36
2024-10-27,M15,Consumption,-1.04
2024-10-27,M15,OnHandSnapshot,23.33
2024-10-28,M15,Consumption,-1.05
2024-10-28,M15,OnHandSnapshot,22.28
2024-10-29,M15,Consumption,-1.04
2024-10-29,M15,OnHandSnapshot,21.24
2024-10-30,M15,Consumption,-0.93
2024-10-30,M15,OnHandSnapshot,20.31
2024-10-31,M15,Consumption,-1.1
2024-10-31,M15,OnHandSnapshot,19.21
2024-11-01,M15,Consumption,-1.3
2024-11-01,M15,OnHandSnapshot,17.9
2024-11-02,M15,Consumption,-0.88
2024-11-02,M15,OnHandSnapshot,17.03
2024-11-03,M15,Consumption,-1.0
2024-11-03,M15,OnHandSnapshot,16.03
2024-11-04,M15,Consumption,-0.95
2024-11-04,M15,OnHandSnapshot,15.08
2024-11-05,M15,Consumption,-1.03
2024-11-05,M15,OnHandSnapshot,14.05
2024-11-06,M15,Consumption,-1.07
2024-11-06,M15,OnHandSnapshot,12.98
2024-11-07,M15,Consumption,-1.08
2024-11-07,M15,OnHandSnapshot,11.91
2024-11-08,M15,Consumption,-1.39
2024-11-08,M15,OnHandSnapshot,10.51
2024-11-09,M15,Receipt,20.47
2024-11-09,M15,Consumption,-0.96
2024-11-09,M15,OnHandSnapshot,30.02
2024-11-10,M15,Consumption,-1.01
2024-11-10,M15,OnHandSnapshot,29.01
2024-11-11,M15,Consumption,-1.14
2024-11-11,M15,OnHandSnapshot,27.87
2024-11-12,M15,Consumption,-0.97
2024-11-12,M15,OnHandSnapshot,26.9
2024-11-13,M15,Consumption,-0.95
2024-11-13,M15,OnHandSnapshot,25.95
2024-11-14,M15,Consumption,-1.17
2024-11-14,M15,OnHandSnapshot,24.78
2024-11-15,M15,Consumption,-1.32
2024-11-15,M15,OnHandSnapshot,23.46
2024-11-16,M15,Consumption,-1.0
2024-11-16,M15,OnHandSnapshot,22.46
2024-11-17,M15,Consumption,-1.06
2024-11-17,M15,OnHandSnapshot,21.41
2024-11-18,M15,Consumption,-0.96
2024-11-18,M15,OnHandSnapshot,20.45
2024-11-19,M15,Consumption,-0.99
2024-11-19,M15,OnHandSnapshot,19.46
2024-11-20,M15,Consumption,-1.09
2024-11-20,M15,OnHandSnapshot,18.36
2024-11-21,M15,Consumption,-1.21
2024-11-21,M15,OnHandSnapshot,17.15
2024-11-22,M15,Consumption,-1.38
2024-11-22,M15,OnHandSnapshot,15.78
2024-11-23,M15,Consumption,-0.91
2024-11-23,M15,OnHandSnapshot,14.86
2024-11-24,M15,Consumption,-1.0
2024-11-24,M15,OnHandSnapshot,13.86
2024-11-25,M15,Consumption,-1.0
2024-11-25,M15,OnHandSnapshot,12.86
2024-11-26,M15,Consumption,-1.0
2024-11-26,M15,OnHandSnapshot,11.86
2024-11-27,M15,Consumption,-1.07
2024-11-27,M15,OnHandSnapshot,10.8
2024-11-28,M15,Consumption,-1.12
2024-11-28,M15,OnHandSnapshot,9.67
2024-11-29,M15,Consumption,-1.33
2024-11-29,M15,OnHandSnapshot,8.34
2024-11-30,M15,Receipt,20.47
2024-11-30,M15,Consumption,-1.05
2024-11-30,M15,OnHandSnapshot,27.76
2024-12-01,M15,Consumption,-0.9
2024-12-01,M15,OnHandSnapshot,26.86
2024-12-02,M15,Consumption,-0.93
2024-12-02,M15,OnHandSnapshot,25.93
2024-12-03,M15,Consumption,-1.05
2024-12-03,M15,OnHandSnapshot,24.88
2024-12-04,M15,Consumption,-1.04
2024-12-04,M15,OnHandSnapshot,23.84
2024-12-05,M15,Consumption,-1.2
2024-12-05,M15,OnHandSnapshot,22.64
2024-12-06,M15,Consumption,-1.6
2024-12-06,M15,OnHandSnapshot,21.05
2024-12-07,M15,Consumption,-0.98
2024-12-07,M15,OnHandSnapshot,20.07
2024-12-08,M15,Consumption,-1.03
2024-12-08,M15,OnHandSnapshot,19.04
2024-12-09,M15,Consumption,-0.97
2024-12-09,M15,OnHandSnapshot,18.07
2024-12-10,M15,Consumption,-0.99
2024-12-10,M15,OnHandSnapshot,17.08
2024-12-11,M15,Consumption,-1.02
2024-12-11,M15,OnHandSnapshot,16.06
2024-12-12,M15,Consumption,-1.16
2024-12-12,M15,OnHandSnapshot,14.9
2024-12-13,M15,Consumption,-1.56
2024-12-13,M15,OnHandSnapshot,13.34
2024-12-14,M15,Consumption,-1.04
2024-12-14,M15,OnHandSnapshot,12.31
2024-12-15,M15,Consumption,-1.33
2024-12-15,M15,OnHandSnapshot,10.98
2024-12-16,M15,Receipt,20.47
2024-12-16,M15,Consumption,-1.36
2024-12-16,M15,OnHandSnapshot,30.09
2024-12-17,M15,Consumption,-1.4
2024-12-17,M15,OnHandSnapshot,28.69
2024-12-18,M15,Consumption,-1.47
2024-12-18,M15,OnHandSnapshot,27.22
2024-12-19,M15,Consumption,-1.96
2024-12-19,M15,OnHandSnapshot,25.27
2024-12-20,M15,Consumption,-2.38
2024-12-20,M15,OnHandSnapshot,22.89
2024-12-21,M15,Consumption,-1.54
2024-12-21,M15,OnHandSnapshot,21.35
2024-12-22,M15,Consumption,-1.75
2024-12-22,M15,OnHandSnapshot,19.6
2024-12-23,M15,Consumption,-1.62
2024-12-23,M15,OnHandSnapshot,17.98
2024-12-24,M15,Consumption,-1.51
2024-12-24,M15,OnHandSnapshot,16.47
2024-12-25,M15,Consumption,-1.54
2024-12-25,M15,OnHandSnapshot,14.93
2024-12-26,M15,Consumption,-1.63
2024-12-26,M15,OnHandSnapshot,13.31
2024-12-27,M15,Consumption,-1.7
2024-12-27,M15,OnHandSnapshot,11.61
2024-12-28,M15,Consumption,-1.07
2024-12-28,M15,OnHandSnapshot,10.54
2024-12-29,M15,Consumption,-1.12
2024-12-29,M15,OnHandSnapshot,9.42
2024-12-30,M15,Receipt,20.47
2024-12-30,M15,Consumption,-1.08
2024-12-30,M15,OnHandSnapshot,28.82
2024-12-31,M15,Consumption,-0.96
2024-12-31,M15,OnHandSnapshot,27.85
2025-01-01,M15,Consumption,-0.94
2025-01-01,M15,OnHandSnapshot,26.91
2025-01-02,M15,Consumption,-1.21
2025-01-02,M15,OnHandSnapshot,25.7
2025-01-03,M15,Consumption,-1.29
2025-01-03,M15,OnHandSnapshot,24.41
2025-01-04,M15,Consumption,-0.97
2025-01-04,M15,OnHandSnapshot,23.44
2025-01-05,M15,Consumption,-0.98
2025-01-05,M15,OnHandSnapshot,22.46
2025-01-06,M15,Consumption,-1.01
2025-01-06,M15,OnHandSnapshot,21.45
2025-01-07,M15,Consumption,-0.92
2025-01-07,M15,OnHandSnapshot,20.53
2025-01-08,M15,Consumption,-0.97
2025-01-08,M15,OnHandSnapshot,19.56
2025-01-09,M15,Consumption,-1.08
2025-01-09,M15,OnHandSnapshot,18.48
2025-01-10,M15,Consumption,-1.52
2025-01-10,M15,OnHandSnapshot,16.96
2025-01-11,M15,Consumption,-0.9
2025-01-11,M15,OnHandSnapshot,16.07
2025-01-12,M15,Consumption,-1.0
2025-01-12,M15,OnHandSnapshot,15.07
2025-01-13,M15,Consumption,-1.03
2025-01-13,M15,OnHandSnapshot,14.03
2025-01-14,M15,Consumption,-1.02
2025-01-14,M15,OnHandSnapshot,13.01
2025-01-15,M15,Consumption,-1.0
2025-01-15,M15,OnHandSnapshot,12.01
2025-01-16,M15,Receipt,20.47
2025-01-16,M15,Consumption,-1.24
2025-01-16,M15,OnHandSnapshot,31.25
2025-01-17,M15,Consumption,-1.29
2025-01-17,M15,OnHandSnapshot,29.96
2025-01-18,M15,Consumption,-0.9
2025-01-18,M15,OnHandSnapshot,29.06
2025-01-19,M15,Consumption,-1.06
2025-01-19,M15,OnHandSnapshot,28.0
2025-01-20,M15,Consumption,-1.05
2025-01-20,M15,OnHandSnapshot,26.95
2025-01-21,M15,Consumption,-1.08
2025-01-21,M15,OnHandSnapshot,25.86
2025-01-22,M15,Consumption,-1.0
2025-01-22,M15,OnHandSnapshot,24.87
2025-01-23,M15,Consumption,-1.12
2025-01-23,M15,OnHandSnapshot,23.74
2025-01-24,M15,Consumption,-1.31
2025-01-24,M15,OnHandSnapshot,22.43
2025-01-25,M15,Consumption,-1.03
2025-01-25,M15,OnHandSnapshot,21.4
2025-01-26,M15,Consumption,-1.0
2025-01-26,M15,OnHandSnapshot,20.4
2025-01-27,M15,Consumption,-1.04
2025-01-27,M15,OnHandSnapshot,19.37
2025-01-28,M15,Consumption,-1.07
2025-01-28,M15,OnHandSnapshot,18.29
2025-01-29,M15,Consumption,-1.01
2025-01-29,M15,OnHandSnapshot,17.29
2025-01-30,M15,Consumption,-1.2
2025-01-30,M15,OnHandSnapshot,16.09
2025-01-31,M15,Consumption,-1.36
2025-01-31,M15,OnHandSnapshot,14.73
2025-02-01,M15,Consumption,-1.03
2025-02-01,M15,OnHandSnapshot,13.7
2025-02-02,M15,Consumption,-1.11
2025-02-02,M15,OnHandSnapshot,12.59
2025-02-03,M15,Consumption,-1.14
2025-02-03,M15,OnHandSnapshot,11.46
2025-02-04,M15,Consumption,-0.97
2025-02-04,M15,OnHandSnapshot,10.48
2025-02-05,M15,Consumption,-1.12
2025-02-05,M15,OnHandSnapshot,9.37
2025-02-06,M15,Consumption,-1.24
2025-02-06,M15,OnHandSnapshot,8.13
2025-02-07,M15,Receipt,20.47
2025-02-07,M15,Consumption,-1.47
2025-02-07,M15,OnHandSnapshot,27.13
2025-02-08,M15,Consumption,-1.01
2025-02-08,M15,OnHandSnapshot,26.11
2025-02-09,M15,Consumption,-1.1
2025-02-09,M15,OnHandSnapshot,25.02
2025-02-10,M15,Consumption,-0.99
2025-02-10,M15,OnHandSnapshot,24.03
2025-02-11,M15,Consumption,-1.0
2025-02-11,M15,OnHandSnapshot,23.03
2025-02-12,M15,Consumption,-1.01
2025-02-12,M15,OnHandSnapshot,22.02
2025-02-13,M15,Consumption,-1.23
2025-02-13,M15,OnHandSnapshot,20.79
2025-02-14,M15,Consumption,-1.45
2025-02-14,M15,OnHandSnapshot,19.34
2025-02-15,M15,Consumption,-0.94
2025-02-15,M15,OnHandSnapshot,18.4
2025-02-16,M15,Consumption,-1.11
2025-02-16,M15,OnHandSnapshot,17.29
2025-02-17,M15,Consumption,-0.94
2025-02-17,M15,OnHandSnapshot,16.35
2025-02-18,M15,Consumption,-1.06
2025-02-18,M15,OnHandSnapshot,15.29
2025-02-19,M15,Consumption,-1.09
2025-02-19,M15,OnHandSnapshot,14.2
2025-02-20,M15,Consumption,-1.14
2025-02-20,M15,OnHandSnapshot,13.06
2025-02-21,M15,Consumption,-1.31
2025-02-21,M15,OnHandSnapshot,11.75
2025-02-22,M15,Consumption,-1.06
2025-02-22,M15,OnHandSnapshot,10.69
2025-02-23,M15,Receipt,20.47
2025-02-23,M15,Consumption,-1.0
2025-02-23,M15,OnHandSnapshot,30.16
2025-02-24,M15,Consumption,-0.96
2025-02-24,M15,OnHandSnapshot,29.2
2025-02-25,M15,Consumption,-1.09
2025-02-25,M15,OnHandSnapshot,28.11
2025-02-26,M15,Consumption,-0.97
2025-02-26,M15,OnHandSnapshot,27.14
2025-02-27,M15,Consumption,-1.25
2025-02-27,M15,OnHandSnapshot,25.89
2025-02-28,M15,Consumption,-1.4
2025-02-28,M15,OnHandSnapshot,24.49
2025-03-01,M15,Consumption,-1.08
2025-03-01,M15,OnHandSnapshot,23.41
2025-03-02,M15,Consumption,-1.36
2025-03-02,M15,OnHandSnapshot,22.06
2025-03-03,M15,Consumption,-1.56
2025-03-03,M15,OnHandSnapshot,20.49
2025-03-04,M15,Consumption,-1.68
2025-03-04,M15,OnHandSnapshot,18.81
2025-03-05,M15,Consumption,-1.85
2025-03-05,M15,OnHandSnapshot,16.96
2025-03-06,M15,Consumption,-2.32
2025-03-06,M15,OnHandSnapshot,14.65
2025-03-07,M15,Consumption,-2.92
2025-03-07,M15,OnHandSnapshot,11.73
2025-03-08,M15,Consumption,-2.6
2025-03-08,M15,OnHandSnapshot,9.12
2025-03-09,M15,Consumption,-2.75
2025-03-09,M15,OnHandSnapshot,6.37
2025-03-10,M15,Consumption,-3.15
2025-03-10,M15,OnHandSnapshot,3.22
2025-03-11,M15,Consumption,-3.7
2025-03-11,M15,OnHandSnapshot,-0.48
2025-03-12,M15,Receipt,20.47
2025-03-12,M15,Consumption,-3.85
2025-03-12,M15,OnHandSnapshot,16.13
2025-03-13,M15,Consumption,-4.6
2025-03-13,M15,OnHandSnapshot,11.54
2025-03-14,M15,Consumption,-7.18
2025-03-14,M15,OnHandSnapshot,4.35
2025-03-15,M15,Consumption,-4.54
2025-03-15,M15,OnHandSnapshot,-0.18
2025-03-16,M15,Consumption,-5.6
2025-03-16,M15,OnHandSnapshot,-5.78
2025-03-17,M15,Consumption,-5.77
2025-03-17,M15,OnHandSnapshot,-11.55
2025-03-18,M15,Receipt,20.47
2025-03-18,M15,Consumption,-5.66
2025-03-18,M15,OnHandSnapshot,3.25
2025-03-19,M15,Consumption,-5.72
2025-03-19,M15,OnHandSnapshot,-2.47
2025-03-20,M15,Consumption,-6.6
2025-03-20,M15,OnHandSnapshot,-9.08
2025-03-21,M15,Consumption,-1.44
2025-03-21,M15,OnHandSnapshot,-10.51
2025-03-22,M15,Receipt,20.47
2025-03-22,M15,Consumption,-0.97
2025-03-22,M15,OnHandSnapshot,8.98
2025-03-23,M15,Consumption,-0.96
2025-03-23,M15,OnHandSnapshot,8.02
2025-03-24,M15,Consumption,-1.12
2025-03-24,M15,OnHandSnapshot,6.9
2025-03-25,M15,Consumption,-1.02
2025-03-25,M15,OnHandSnapshot,5.88
2025-03-26,M15,Receipt,20.47
2025-03-26,M15,Consumption,-1.03
2025-03-26,M15,OnHandSnapshot,25.32
2025-03-27,M15,Consumption,-1.15
2025-03-27,M15,OnHandSnapshot,24.16
2025-03-28,M15,Consumption,-1.45
2025-03-28,M15,OnHandSnapshot,22.71
2025-03-29,M15,Consumption,-1.01
2025-03-29,M15,OnHandSnapshot,21.7
2025-03-30,M15,Consumption,-1.04
2025-03-30,M15,OnHandSnapshot,20.66
2025-03-31,M15,Consumption,-0.98
2025-03-31,M15,OnHandSnapshot,19.68
2025-04-01,M15,Consumption,-1.05
2025-04-01,M15,OnHandSnapshot,18.63
2025-04-02,M15,Consumption,-1.1
2025-04-02,M15,OnHandSnapshot,17.53
2025-04-03,M15,Consumption,-1.1
2025-04-03,M15,OnHandSnapshot,16.44
2025-04-04,M15,Consumption,-1.29
2025-04-04,M15,OnHandSnapshot,15.14
2025-04-05,M15,Consumption,-0.94
2025-04-05,M15,OnHandSnapshot,14.2
2025-04-06,M15,Consumption,-0.99
2025-04-06,M15,OnHandSnapshot,13.22
2025-04-07,M15,Consumption,-1.06
2025-04-07,M15,OnHandSnapshot,12.16
2025-04-08,M15,Consumption,-1.01
2025-04-08,M15,OnHandSnapshot,11.15
2025-04-09,M15,Consumption,-0.94
2025-04-09,M15,OnHandSnapshot,10.21
2025-04-10,M15,Receipt,20.47
2025-04-10,M15,Consumption,-1.14
2025-04-10,M15,OnHandSnapshot,29.54
2025-04-11,M15,Consumption,-1.34
2025-04-11,M15,OnHandSnapshot,28.19
2025-04-12,M15,Consumption,-0.93
2025-04-12,M15,OnHandSnapshot,27.26
2025-04-13,M15,Consumption,-1.08
2025-04-13,M15,OnHandSnapshot,26.18
2025-04-14,M15,Consumption,-1.04
2025-04-14,M15,OnHandSnapshot,25.15
2025-04-15,M15,Consumption,-1.09
2025-04-15,M15,OnHandSnapshot,24.06
2025-04-16,M15,Consumption,-1.0
2025-04-16,M15,OnHandSnapshot,23.06
2025-04-17,M15,Consumption,-1.28
2025-04-17,M15,OnHandSnapshot,21.78
2025-04-18,M15,Consumption,-1.37
2025-04-18,M15,OnHandSnapshot,20.41
2025-04-19,M15,Consumption,-1.1
2025-04-19,M15,OnHandSnapshot,19.31
2025-04-20,M15,Consumption,-1.0
2025-04-20,M15,OnHandSnapshot,18.31
2025-04-21,M15,Consumption,-0.96
2025-04-21,M15,OnHandSnapshot,17.35
2025-04-22,M15,Consumption,-0.98
2025-04-22,M15,OnHandSnapshot,16.37
2025-04-23,M15,Consumption,-1.03
2025-04-23,M15,OnHandSnapshot,15.33
2025-04-24,M15,Consumption,-1.14
2025-04-24,M15,OnHandSnapshot,14.2
2025-04-25,M15,Consumption,-1.4
2025-04-25,M15,OnHandSnapshot,12.8
2025-04-26,M15,Consumption,-0.98
2025-04-26,M15,OnHandSnapshot,11.81
2025-04-27,M15,Receipt,20.47
2025-04-27,M15,Consumption,-1.07
2025-04-27,M15,OnHandSnapshot,31.21
2025-04-28,M15,Consumption,-1.07
2025-04-28,M15,OnHandSnapshot,30.14
2025-04-29,M15,Consumption,-1.04
2025-04-29,M15,OnHandSnapshot,29.1
2025-04-30,M15,Consumption,-0.98
2025-04-30,M15,OnHandSnapshot,28.11
2025-05-01,M15,Consumption,-1.17
2025-05-01,M15,OnHandSnapshot,26.95
2025-05-02,M15,Consumption,-1.33
2025-05-02,M15,OnHandSnapshot,25.62
2025-05-03,M15,Consumption,-1.02
2025-05-03,M15,OnHandSnapshot,24.59
2025-05-04,M15,Consumption,-1.14
2025-05-04,M15,OnHandSnapshot,23.45
2025-05-05,M15,Consumption,-1.0
2025-05-05,M15,OnHandSnapshot,22.46
2025-05-06,M15,Consumption,-1.0
2025-05-06,M15,OnHandSnapshot,21.45
2025-05-07,M15,Consumption,-1.12
2025-05-07,M15,OnHandSnapshot,20.34
2025-05-08,M15,Consumption,-1.17
2025-05-08,M15,OnHandSnapshot,19.17
2025-05-09,M15,Consumption,-1.51
2025-05-09,M15,OnHandSnapshot,17.66
2025-05-10,M15,Consumption,-0.95
2025-05-10,M15,OnHandSnapshot,16.71
2025-05-11,M15,Consumption,-1.02
2025-05-11,M15,OnHandSnapshot,15.69
2025-05-12,M15,Consumption,-1.07
2025-05-12,M15,OnHandSnapshot,14.62
2025-05-13,M15,Consumption,-1.05
2025-05-13,M15,OnHandSnapshot,13.56
2025-05-14,M15,Consumption,-1.14
2025-05-14,M15,OnHandSnapshot,12.43
2025-05-15,M15,Consumption,-1.16
2025-05-15,M15,OnHandSnapshot,11.27
2025-05-16,M15,Receipt,20.47
2025-05-16,M15,Consumption,-1.46
2025-05-16,M15,OnHandSnapshot,30.27
2025-05-17,M15,Consumption,-0.99
2025-05-17,M15,OnHandSnapshot,29.28
2025-05-18,M15,Consumption,-1.03
2025-05-18,M15,OnHandSnapshot,28.25
2025-05-19,M15,Consumption,-1.04
2025-05-19,M15,OnHandSnapshot,27.22
2025-05-20,M15,Consumption,-1.02
2025-05-20,M15,OnHandSnapshot,26.2
2025-05-21,M15,Consumption,-1.16
2025-05-21,M15,OnHandSnapshot,25.04
2025-05-22,M15,Consumption,-1.14
2025-05-22,M15,OnHandSnapshot,23.9
2025-05-23,M15,Consumption,-1.34
2025-05-23,M15,OnHandSnapshot,22.56
2025-05-24,M15,Consumption,-0.91
2025-05-24,M15,OnHandSnapshot,21.65
2025-05-25,M15,Consumption,-1.03
2025-05-25,M15,OnHandSnapshot,20.62
2025-05-26,M15,Consumption,-1.1
2025-05-26,M15,OnHandSnapshot,19.52
2025-05-27,M15,Consumption,-1.03
2025-05-27,M15,OnHandSnapshot,18.49
2025-05-28,M15,Consumption,-1.02
2025-05-28,M15,OnHandSnapshot,17.47
2025-05-29,M15,Consumption,-1.19
2025-05-29,M15,OnHandSnapshot,16.28
2025-05-30,M15,Consumption,-1.42
2025-05-30,M15,OnHandSnapshot,14.85
2025-05-31,M15,Consumption,-0.97
2025-05-31,M15,OnHandSnapshot,13.88
2025-06-01,M15,Consumption,-1.14
2025-06-01,M15,OnHandSnapshot,12.74
2025-06-02,M15,Consumption,-1.05
2025-06-02,M15,OnHandSnapshot,11.69
2025-06-03,M15,Consumption,-1.08
2025-06-03,M15,OnHandSnapshot,10.61
2025-06-04,M15,Consumption,-1.01
2025-06-04,M15,OnHandSnapshot,9.6
2025-06-05,M15,Receipt,20.47
2025-06-05,M15,Consumption,-1.35
2025-06-05,M15,OnHandSnapshot,28.72
2025-06-06,M15,Consumption,-1.43
2025-06-06,M15,OnHandSnapshot,27.28
2025-06-07,M15,Consumption,-0.98
2025-06-07,M15,OnHandSnapshot,26.31
2025-06-08,M15,Consumption,-1.12
2025-06-08,M15,OnHandSnapshot,25.19
2025-06-09,M15,Consumption,-1.02
2025-06-09,M15,OnHandSnapshot,24.17
2025-06-10,M15,Consumption,-1.07
2025-06-10,M15,OnHandSnapshot,23.1
2025-06-11,M15,Consumption,-1.08
2025-06-11,M15,OnHandSnapshot,22.02
2025-06-12,M15,Consumption,-1.29
2025-06-12,M15,OnHandSnapshot,20.73
2025-06-13,M15,Consumption,-1.41
2025-06-13,M15,OnHandSnapshot,19.32
2025-06-14,M15,Consumption,-0.98
2025-06-14,M15,OnHandSnapshot,18.34
2025-06-15,M15,Consumption,-0.95
2025-06-15,M15,OnHandSnapshot,17.39
2025-06-16,M15,Consumption,-0.98
2025-06-16,M15,OnHandSnapshot,16.41
2025-06-17,M15,Consumption,-1.08
2025-06-17,M15,OnHandSnapshot,15.33
2025-06-18,M15,Consumption,-1.01
2025-06-18,M15,OnHandSnapshot,14.32
2025-06-19,M15,Consumption,-1.28
2025-06-19,M15,OnHandSnapshot,13.04
2025-06-20,M15,Consumption,-1.4
2025-06-20,M15,OnHandSnapshot,11.64
2025-06-21,M15,Consumption,-0.99
2025-06-21,M15,OnHandSnapshot,10.65
2025-06-22,M15,Receipt,20.47
2025-06-22,M15,Consumption,-1.02
2025-06-22,M15,OnHandSnapshot,30.1
2025-06-23,M15,Consumption,-1.04
2025-06-23,M15,OnHandSnapshot,29.05
2025-06-24,M15,Consumption,-1.05
2025-06-24,M15,OnHandSnapshot,28.0
2025-06-25,M15,Consumption,-1.09
2025-06-25,M15,OnHandSnapshot,26.92
2025-06-26,M15,Consumption,-1.18
2025-06-26,M15,OnHandSnapshot,25.74
2025-06-27,M15,Consumption,-1.34
2025-06-27,M15,OnHandSnapshot,24.39
2025-06-28,M15,Consumption,-1.04
2025-06-28,M15,OnHandSnapshot,23.36
2025-06-29,M15,Consumption,-0.96
2025-06-29,M15,OnHandSnapshot,22.4
2025-06-30,M15,Consumption,-1.1
2025-06-30,M15,OnHandSnapshot,21.3
2025-07-01,M15,Consumption,-1.06
2025-07-01,M15,OnHandSnapshot,20.24
2025-07-02,M15,Consumption,-1.1
2025-07-02,M15,OnHandSnapshot,19.14
2025-07-03,M15,Consumption,-1.22
2025-07-03,M15,OnHandSnapshot,17.92
2025-07-04,M15,Consumption,-1.44
2025-07-04,M15,OnHandSnapshot,16.49
2025-07-05,M15,Consumption,-0.95
2025-07-05,M15,OnHandSnapshot,15.54
2025-07-06,M15,Consumption,-0.99
2025-07-06,M15,OnHandSnapshot,14.55
2025-07-07,M15,Consumption,-1.04
2025-07-07,M15,OnHandSnapshot,13.51
2025-07-08,M15,Consumption,-1.07
2025-07-08,M15,OnHandSnapshot,12.44
2025-07-09,M15,Consumption,-1.04
2025-07-09,M15,OnHandSnapshot,11.4
2025-07-10,M15,Consumption,-1.29
2025-07-10,M15,OnHandSnapshot,10.12
2025-07-11,M15,Receipt,20.47
2025-07-11,M15,Consumption,-1.39
2025-07-11,M15,OnHandSnapshot,29.2
2025-07-12,M15,Consumption,-1.02
2025-07-12,M15,OnHandSnapshot,28.17
2025-07-13,M15,Consumption,-1.03
2025-07-13,M15,OnHandSnapshot,27.14
2025-07-14,M15,Consumption,-1.09
2025-07-14,M15,OnHandSnapshot,26.06
2025-07-15,M15,Consumption,-1.0
2025-07-15,M15,OnHandSnapshot,25.06
2025-07-16,M15,Consumption,-1.06
2025-07-16,M15,OnHandSnapshot,24.0
2025-07-17,M15,Consumption,-1.17
2025-07-17,M15,OnHandSnapshot,22.82
2025-07-18,M15,Consumption,-1.36
2025-07-18,M15,OnHandSnapshot,21.47
2025-07-19,M15,Consumption,-0.92
2025-07-19,M15,OnHandSnapshot,20.54
2025-07-20,M15,Consumption,-1.08
2025-07-20,M15,OnHandSnapshot,19.46
2025-07-21,M15,Consumption,-1.06
2025-07-21,M15,OnHandSnapshot,18.4
2025-07-22,M15,Consumption,-1.09
2025-07-22,M15,OnHandSnapshot,17.31
2025-07-23,M15,Consumption,-1.04
2025-07-23,M15,OnHandSnapshot,16.26
2025-07-24,M15,Consumption,-1.38
2025-07-24,M15,OnHandSnapshot,14.88
2025-07-25,M15,Consumption,-1.49
2025-07-25,M15,OnHandSnapshot,13.39
2025-07-26,M15,Consumption,-1.07
2025-07-26,M15,OnHandSnapshot,12.32
2025-07-27,M15,Receipt,20.47
2025-07-27,M15,Consumption,-1.05
2025-07-27,M15,OnHandSnapshot,31.74
2025-07-28,M15,Consumption,-1.12
2025-07-28,M15,OnHandSnapshot,30.62
2025-07-29,M15,Consumption,-1.02
2025-07-29,M15,OnHandSnapshot,29.6
2025-07-30,M15,Consumption,-0.97
2025-07-30,M15,OnHandSnapshot,28.63
2025-07-31,M15,Consumption,-1.15
2025-07-31,M15,OnHandSnapshot,27.47
2025-08-01,M15,Consumption,-1.4
2025-08-01,M15,OnHandSnapshot,26.08
2025-08-02,M15,Consumption,-0.96
2025-08-02,M15,OnHandSnapshot,25.12
2025-08-03,M15,Consumption,-0.98
2025-08-03,M15,OnHandSnapshot,24.14
2025-08-04,M15,Consumption,-1.0
2025-08-04,M15,OnHandSnapshot,23.14
2025-08-05,M15,Consumption,-1.03
2025-08-05,M15,OnHandSnapshot,22.11
2025-08-06,M15,Consumption,-0.99
2025-08-06,M15,OnHandSnapshot,21.11
2025-08-07,M15,Consumption,-1.29
2025-08-07,M15,OnHandSnapshot,19.82
2025-08-08,M15,Consumption,-1.28
2025-08-08,M15,OnHandSnapshot,18.54
2025-08-09,M15,Consumption,-0.89
2025-08-09,M15,OnHandSnapshot,17.65
2025-08-10,M15,Consumption,-1.07
2025-08-10,M15,OnHandSnapshot,16.58
2025-08-11,M15,Consumption,-1.19
2025-08-11,M15,OnHandSnapshot,15.39
2025-08-12,M15,Consumption,-1.12
2025-08-12,M15,OnHandSnapshot,14.27
2025-08-13,M15,Consumption,-1.1
2025-08-13,M15,OnHandSnapshot,13.17
2025-08-14,M15,Consumption,-1.21
2025-08-14,M15,OnHandSnapshot,11.96
2025-08-15,M15,Receipt,20.47
2025-08-15,M15,Consumption,-1.46
2025-08-15,M15,OnHandSnapshot,30.97
2025-08-16,M15,Consumption,-1.01
2025-08-16,M15,OnHandSnapshot,29.96
2025-08-17,M15,Consumption,-1.1
2025-08-17,M15,OnHandSnapshot,28.85
2025-08-18,M15,Consumption,-1.08
2025-08-18,M15,OnHandSnapshot,27.78
2025-08-19,M15,Consumption,-1.0
2025-08-19,M15,OnHandSnapshot,26.78
2025-08-20,M15,Consumption,-1.03
2025-08-20,M15,OnHandSnapshot,25.74
2025-08-21,M15,Consumption,-1.2
2025-08-21,M15,OnHandSnapshot,24.54
2025-08-22,M15,Consumption,-1.39
2025-08-22,M15,OnHandSnapshot,23.15
2025-08-23,M15,Consumption,-1.07
2025-08-23,M15,OnHandSnapshot,22.08
2025-08-24,M15,Consumption,-1.04
2025-08-24,M15,OnHandSnapshot,21.04
2025-08-25,M15,Consumption,-1.05
2025-08-25,M15,OnHandSnapshot,19.99
2025-08-26,M15,Consumption,-1.11
2025-08-26,M15,OnHandSnapshot,18.88
2025-08-27,M15,Consumption,-1.04
2025-08-27,M15,OnHandSnapshot,17.84
2025-08-28,M15,Consumption,-1.14
2025-08-28,M15,OnHandSnapshot,16.7
2025-08-29,M15,Consumption,-1.45
2025-08-29,M15,OnHandSnapshot,15.24
2025-08-30,M15,Consumption,-1.09
2025-08-30,M15,OnHandSnapshot,14.15
2025-08-31,M15,Consumption,-1.01
2025-08-31,M15,OnHandSnapshot,13.14
2025-09-01,M15,Consumption,-1.03
2025-09-01,M15,OnHandSnapshot,12.11
2025-09-02,M15,Consumption,-1.0
2025-09-02,M15,OnHandSnapshot,11.11
2025-09-03,M15,Receipt,20.47
2025-09-03,M15,Consumption,-1.1
2025-09-03,M15,OnHandSnapshot,30.48
2025-09-04,M15,Consumption,-1.31
2025-09-04,M15,OnHandSnapshot,29.17
2025-09-05,M15,Consumption,-1.38
2025-09-05,M15,OnHandSnapshot,27.79
2025-09-06,M15,Consumption,-0.92
2025-09-06,M15,OnHandSnapshot,26.87
2025-09-07,M15,Consumption,-1.06
2025-09-07,M15,OnHandSnapshot,25.81
2025-09-08,M15,Consumption,-0.99
2025-09-08,M15,OnHandSnapshot,24.82
2025-09-09,M15,Consumption,-1.06
2025-09-09,M15,OnHandSnapshot,23.75
2025-09-10,M15,Consumption,-1.03
2025-09-10,M15,OnHandSnapshot,22.72
2025-09-11,M15,Consumption,-1.23
2025-09-11,M15,OnHandSnapshot,21.49
2025-09-12,M15,Consumption,-1.39
2025-09-12,M15,OnHandSnapshot,20.11
2025-09-13,M15,Consumption,-0.98
2025-09-13,M15,OnHandSnapshot,19.13
2025-09-14,M15,Consumption,-1.1
2025-09-14,M15,OnHandSnapshot,18.02
2025-09-15,M15,Consumption,-1.0
2025-09-15,M15,OnHandSnapshot,17.02
2025-09-16,M15,Consumption,-1.11
2025-09-16,M15,OnHandSnapshot,15.91
2025-09-17,M15,Consumption,-1.13
2025-09-17,M15,OnHandSnapshot,14.78
2025-09-18,M15,Consumption,-1.2
2025-09-18,M15,OnHandSnapshot,13.59
2025-09-19,M15,Consumption,-1.45
2025-09-19,M15,OnHandSnapshot,12.13
2025-09-20,M15,Receipt,20.47
2025-09-20,M15,Consumption,-1.06
2025-09-20,M15,OnHandSnapshot,31.55
2025-09-21,M15,Consumption,-1.13
2025-09-21,M15,OnHandSnapshot,30.41
2025-09-22,M15,Consumption,-1.1
2025-09-22,M15,OnHandSnapshot,29.31
2025-09-23,M15,Consumption,-1.11
2025-09-23,M15,OnHandSnapshot,28.2
2025-09-24,M15,Consumption,-1.01
2025-09-24,M15,OnHandSnapshot,27.19
2025-09-25,M15,Consumption,-1.26
2025-09-25,M15,OnHandSnapshot,25.93
2025-09-26,M15,Consumption,-1.3
2025-09-26,M15,OnHandSnapshot,24.64
2025-09-27,M15,Consumption,-0.99
2025-09-27,M15,OnHandSnapshot,23.65
2025-09-28,M15,Consumption,-1.03
2025-09-28,M15,OnHandSnapshot,22.62
2025-09-29,M15,Consumption,-1.0
2025-09-29,M15,OnHandSnapshot,21.62
2025-09-30,M15,Consumption,-1.04
2025-09-30,M15,OnHandSnapshot,20.58
2025-10-01,M15,Consumption,-1.04
2025-10-01,M15,OnHandSnapshot,19.54
2025-10-02,M15,Consumption,-1.2
2025-10-02,M15,OnHandSnapshot,18.34
2025-10-03,M15,Consumption,-1.4
2025-10-03,M15,OnHandSnapshot,16.94
2025-10-04,M15,Consumption,-1.01
2025-10-04,M15,OnHandSnapshot,15.94
2025-10-05,M15,Consumption,-1.07
2025-10-05,M15,OnHandSnapshot,14.87
2025-10-06,M15,Consumption,-1.21
2025-10-06,M15,OnHandSnapshot,13.66
2025-10-07,M15,Consumption,-1.08
2025-10-07,M15,OnHandSnapshot,12.58
2025-10-08,M15,Consumption,-1.02
2025-10-08,M15,OnHandSnapshot,11.56
2025-10-09,M15,Consumption,-1.3
2025-10-09,M15,OnHandSnapshot,10.26
2025-10-10,M15,Consumption,-1.41
2025-10-10,M15,OnHandSnapshot,8.85
2025-10-11,M15,Consumption,-0.95
2025-10-11,M15,OnHandSnapshot,7.9
2025-10-12,M15,Receipt,20.47
2025-10-12,M15,Consumption,-1.0
2025-10-12,M15,OnHandSnapshot,27.37
2025-10-13,M15,Consumption,-1.16
2025-10-13,M15,OnHandSnapshot,26.22
2025-10-14,M15,Consumption,-1.11
2025-10-14,M15,OnHandSnapshot,25.11
2025-10-15,M15,Consumption,-1.06
2025-10-15,M15,OnHandSnapshot,24.05
2025-10-16,M15,Consumption,-1.26
2025-10-16,M15,OnHandSnapshot,22.8
2025-10-17,M15,Consumption,-1.46
2025-10-17,M15,OnHandSnapshot,21.34
2025-10-18,M15,Consumption,-1.12
2025-10-18,M15,OnHandSnapshot,20.22
2025-10-19,M15,Consumption,-1.11
2025-10-19,M15,OnHandSnapshot,19.11
2025-10-20,M15,Consumption,-1.15
2025-10-20,M15,OnHandSnapshot,17.96
2025-10-21,M15,Consumption,-1.01
2025-10-21,M15,OnHandSnapshot,16.95
2025-10-22,M15,Consumption,-1.13
2025-10-22,M15,OnHandSnapshot,15.82
2025-10-23,M15,Consumption,-1.26
2025-10-23,M15,OnHandSnapshot,14.56
2025-10-24,M15,Consumption,-1.36
2025-10-24,M15,OnHandSnapshot,13.19
2025-10-25,M15,Consumption,-0.95
2025-10-25,M15,OnHandSnapshot,12.24
2025-10-26,M15,Consumption,-1.15
2025-10-26,M15,OnHandSnapshot,11.09
2025-10-27,M15,Receipt,20.47
2025-10-27,M15,Consumption,-1.1
2025-10-27,M15,OnHandSnapshot,30.45
2025-10-28,M15,Consumption,-1.15
2025-10-28,M15,OnHandSnapshot,29.3
2025-10-29,M15,Consumption,-1.18
2025-10-29,M15,OnHandSnapshot,28.12
2025-10-30,M15,Consumption,-1.28
2025-10-30,M15,OnHandSnapshot,26.84
2025-10-31,M15,Consumption,-1.43
2025-10-31,M15,OnHandSnapshot,25.41
2025-11-01,M15,Consumption,-1.02
2025-11-01,M15,OnHandSnapshot,24.38
2025-11-02,M15,Consumption,-1.04
2025-11-02,M15,OnHandSnapshot,23.34
2025-11-03,M15,Consumption,-1.07
2025-11-03,M15,OnHandSnapshot,22.27
2025-11-04,M15,Consumption,-1.08
2025-11-04,M15,OnHandSnapshot,21.18
2025-11-05,M15,Consumption,-1.05
2025-11-05,M15,OnHandSnapshot,20.13
2025-11-06,M15,Consumption,-1.28
2025-11-06,M15,OnHandSnapshot,18.84
2025-11-07,M15,Consumption,-1.52
2025-11-07,M15,OnHandSnapshot,17.32
2025-11-08,M15,Consumption,-1.06
2025-11-08,M15,OnHandSnapshot,16.26
2025-11-09,M15,Consumption,-1.08
2025-11-09,M15,OnHandSnapshot,15.18
2025-11-10,M15,Consumption,-1.06
2025-11-10,M15,OnHandSnapshot,14.12
2025-11-11,M15,Consumption,-1.19
2025-11-11,M15,OnHandSnapshot,12.93
2025-11-12,M15,Consumption,-1.16
2025-11-12,M15,OnHandSnapshot,11.77
2025-11-13,M15,Consumption,-1.25
2025-11-13,M15,OnHandSnapshot,10.52
2025-11-14,M15,Receipt,20.47
2025-11-14,M15,Consumption,-1.42
2025-11-14,M15,OnHandSnapshot,29.57
2025-11-15,M15,Consumption,-1.07
2025-11-15,M15,OnHandSnapshot,28.49
2025-11-16,M15,Consumption,-1.06
2025-11-16,M15,OnHandSnapshot,27.43
2025-11-17,M15,Consumption,-1.03
2025-11-17,M15,OnHandSnapshot,26.4
2025-11-18,M15,Consumption,-1.1
2025-11-18,M15,OnHandSnapshot,25.31
2025-11-19,M15,Consumption,-1.04
2025-11-19,M15,OnHandSnapshot,24.26
2025-11-20,M15,Consumption,-1.25
2025-11-20,M15,OnHandSnapshot,23.02
2025-11-21,M15,Consumption,-1.4
2025-11-21,M15,OnHandSnapshot,21.62
2025-11-22,M15,Consumption,-1.01
2025-11-22,M15,OnHandSnapshot,20.6
2025-11-23,M15,Consumption,-1.05
2025-11-23,M15,OnHandSnapshot,19.55
2025-11-24,M15,Consumption,-1.1
2025-11-24,M15,OnHandSnapshot,18.45
2025-11-25,M15,Consumption,-1.03
2025-11-25,M15,OnHandSnapshot,17.42
2025-11-26,M15,Consumption,-1.07
2025-11-26,M15,OnHandSnapshot,16.35
2025-11-27,M15,Consumption,-1.21
2025-11-27,M15,OnHandSnapshot,15.14
2025-11-28,M15,Consumption,-1.42
2025-11-28,M15,OnHandSnapshot,13.72
2025-11-29,M15,Consumption,-0.96
2025-11-29,M15,OnHandSnapshot,12.75
2025-11-30,M15,Consumption,-1.05
2025-11-30,M15,OnHandSnapshot,11.71
2025-12-01,M15,Consumption,-1.04
2025-12-01,M15,OnHandSnapshot,10.67
2025-12-02,M15,Receipt,20.47
2025-12-02,M15,Consumption,-1.12
2025-12-02,M15,OnHandSnapshot,30.02
2025-12-03,M15,Consumption,-1.05
2025-12-03,M15,OnHandSnapshot,28.97
2025-12-04,M15,Consumption,-1.19
2025-12-04,M15,OnHandSnapshot,27.78
2025-12-05,M15,Consumption,-1.47
2025-12-05,M15,OnHandSnapshot,26.31
2025-12-06,M15,Consumption,-1.06
2025-12-06,M15,OnHandSnapshot,25.25
2025-12-07,M15,Consumption,-1.17
2025-12-07,M15,OnHandSnapshot,24.09
2025-12-08,M15,Consumption,-0.95
2025-12-08,M15,OnHandSnapshot,23.14
2025-12-09,M15,Consumption,-1.08
2025-12-09,M15,OnHandSnapshot,22.05
2025-12-10,M15,Consumption,-1.04
2025-12-10,M15,OnHandSnapshot,21.01
2025-12-11,M15,Consumption,-1.31
2025-12-11,M15,OnHandSnapshot,19.7
2025-12-12,M15,Consumption,-1.5
2025-12-12,M15,OnHandSnapshot,18.2
2025-12-13,M15,Consumption,-1.21
2025-12-13,M15,OnHandSnapshot,17.0
2025-12-14,M15,Consumption,-1.25
2025-12-14,M15,OnHandSnapshot,15.74
2025-12-15,M15,Consumption,-1.31
2025-12-15,M15,OnHandSnapshot,14.43
2025-12-16,M15,Consumption,-1.38
2025-12-16,M15,OnHandSnapshot,13.05
2025-12-17,M15,Consumption,-1.53
2025-12-17,M15,OnHandSnapshot,11.53
2025-12-18,M15,Consumption,-2.04
2025-12-18,M15,OnHandSnapshot,9.48
2025-12-19,M15,Receipt,20.47
2025-12-19,M15,Consumption,-2.41
2025-12-19,M15,OnHandSnapshot,27.54
2025-12-20,M15,Consumption,-1.58
2025-12-20,M15,OnHandSnapshot,25.96
2025-12-21,M15,Consumption,-1.99
2025-12-21,M15,OnHandSnapshot,23.97
2025-12-22,M15,Consumption,-1.8
2025-12-22,M15,OnHandSnapshot,22.17
2025-12-23,M15,Consumption,-1.79
2025-12-23,M15,OnHandSnapshot,20.38
2025-12-24,M15,Consumption,-1.63
2025-12-24,M15,OnHandSnapshot,18.75
2025-12-25,M15,Consumption,-1.86
2025-12-25,M15,OnHandSnapshot,16.89
2025-12-26,M15,Consumption,-2.12
2025-12-26,M15,OnHandSnapshot,14.77
2025-12-27,M15,Consumption,-1.23
2025-12-27,M15,OnHandSnapshot,13.54
2025-12-28,M15,Consumption,-1.36
2025-12-28,M15,OnHandSnapshot,12.18
2025-12-29,M15,Consumption,-1.18
2025-12-29,M15,OnHandSnapshot,11.0
2025-12-30,M15,Consumption,-1.23
2025-12-30,M15,OnHandSnapshot,9.76
2025-12-31,M15,Receipt,20.47
2025-12-31,M15,Consumption,-1.08
2025-12-31,M15,OnHandSnapshot,29.15
2024-01-01,M16,Consumption,-4210.0
2024-01-01,M16,OnHandSnapshot,51426.45
2024-01-02,M16,Consumption,-3911.0
2024-01-02,M16,OnHandSnapshot,47515.45
2024-01-03,M16,Consumption,-3913.0
2024-01-03,M16,OnHandSnapshot,43602.45
2024-01-04,M16,Consumption,-4436.0
2024-01-04,M16,OnHandSnapshot,39166.45
2024-01-05,M16,Consumption,-5412.0
2024-01-05,M16,OnHandSnapshot,33754.45
2024-01-06,M16,Receipt,111272.9
2024-01-06,M16,Consumption,-3841.0
2024-01-06,M16,OnHandSnapshot,141186.35
2024-01-07,M16,Consumption,-3773.0
2024-01-07,M16,OnHandSnapshot,137413.35
2024-01-08,M16,Consumption,-3888.0
2024-01-08,M16,OnHandSnapshot,133525.35
2024-01-09,M16,Consumption,-3835.0
2024-01-09,M16,OnHandSnapshot,129690.35
2024-01-10,M16,Consumption,-4057.0
2024-01-10,M16,OnHandSnapshot,125633.35
2024-01-11,M16,Consumption,-4512.0
2024-01-11,M16,OnHandSnapshot,121121.35
2024-01-12,M16,Consumption,-5331.0
2024-01-12,M16,OnHandSnapshot,115790.35
2024-01-13,M16,Consumption,-3728.0
2024-01-13,M16,OnHandSnapshot,112062.35
2024-01-14,M16,Consumption,-3977.0
2024-01-14,M16,OnHandSnapshot,108085.35
2024-01-15,M16,Consumption,-3942.0
2024-01-15,M16,OnHandSnapshot,104143.35
2024-01-16,M16,Consumption,-3891.0
2024-01-16,M16,OnHandSnapshot,100252.35
2024-01-17,M16,Consumption,-3826.0
2024-01-17,M16,OnHandSnapshot,96426.35
2024-01-18,M16,Consumption,-4382.0
2024-01-18,M16,OnHandSnapshot,92044.35
2024-01-19,M16,Consumption,-5447.0
2024-01-19,M16,OnHandSnapshot,86597.35
2024-01-20,M16,Consumption,-3860.0
2024-01-20,M16,OnHandSnapshot,82737.35
2024-01-21,M16,Consumption,-3788.0
2024-01-21,M16,OnHandSnapshot,78949.35
2024-01-22,M16,Consumption,-3815.0
2024-01-22,M16,OnHandSnapshot,75134.35
2024-01-23,M16,Consumption,-4143.0
2024-01-23,M16,OnHandSnapshot,70991.35
2024-01-24,M16,Consumption,-3897.0
2024-01-24,M16,OnHandSnapshot,67094.35
2024-01-25,M16,Consumption,-4611.0
2024-01-25,M16,OnHandSnapshot,62483.35
2024-01-26,M16,Consumption,-5328.0
2024-01-26,M16,OnHandSnapshot,57155.35
2024-01-27,M16,Consumption,-4005.0
2024-01-27,M16,OnHandSnapshot,53150.35
2024-01-28,M16,Consumption,-3906.0
2024-01-28,M16,OnHandSnapshot,49244.35
2024-01-29,M16,Consumption,-3992.0
2024-01-29,M16,OnHandSnapshot,45252.35
2024-01-30,M16,Receipt,111272.9
2024-01-30,M16,Consumption,-3895.0
2024-01-30,M16,OnHandSnapshot,152630.24
2024-01-31,M16,Consumption,-3873.0
2024-01-31,M16,OnHandSnapshot,148757.24
2024-02-01,M16,Consumption,-4565.0
2024-02-01,M16,OnHandSnapshot,144192.24
2024-02-02,M16,Consumption,-5230.0
2024-02-02,M16,OnHandSnapshot,138962.24
2024-02-03,M16,Consumption,-3735.0
2024-02-03,M16,OnHandSnapshot,135227.24
2024-02-04,M16,Consumption,-3869.0
2024-02-04,M16,OnHandSnapshot,131358.24
2024-02-05,M16,Consumption,-3995.0
2024-02-05,M16,OnHandSnapshot,127363.24
2024-02-06,M16,Consumption,-3889.0
2024-02-06,M16,OnHandSnapshot,123474.24
2024-02-07,M16,Consumption,-3694.0
2024-02-07,M16,OnHandSnapshot,119780.24
2024-02-08,M16,Consumption,-4596.0
2024-02-08,M16,OnHandSnapshot,115184.24
2024-02-09,M16,Consumption,-5245.0
2024-02-09,M16,OnHandSnapshot,109939.24
2024-02-10,M16,Consumption,-3701.0
2024-02-10,M16,OnHandSnapshot,106238.24
2024-02-11,M16,Consumption,-3776.0
2024-02-11,M16,OnHandSnapshot,102462.24
2024-02-12,M16,Consumption,-4051.0
2024-02-12,M16,OnHandSnapshot,98411.24
2024-02-13,M16,Consumption,-3987.0
2024-02-13,M16,OnHandSnapshot,94424.24
2024-02-14,M16,Consumption,-4073.0
2024-02-14,M16,OnHandSnapshot,90351.24
2024-02-15,M16,Consumption,-4667.0
2024-02-15,M16,OnHandSnapshot,85684.24
2024-02-16,M16,Consumption,-5389.0
2024-02-16,M16,OnHandSnapshot,80295.24
2024-02-17,M16,Consumption,-3909.0
2024-02-17,M16,OnHandSnapshot,76386.24
2024-02-18,M16,Consumption,-3811.0
2024-02-18,M16,OnHandSnapshot,72575.24
2024-02-19,M16,Consumption,-3896.0
2024-02-19,M16,OnHandSnapshot,68679.24
2024-02-20,M16,Consumption,-3862.0
2024-02-20,M16,OnHandSnapshot,64817.24
2024-02-21,M16,Consumption,-3843.0
2024-02-21,M16,OnHandSnapshot,60974.24
2024-02-22,M16,Consumption,-4586.0
2024-02-22,M16,OnHandSnapshot,56388.24
2024-02-23,M16,Receipt,111272.9
2024-02-23,M16,Consumption,-5402.0
2024-02-23,M16,OnHandSnapshot,162259.14
2024-02-24,M16,Consumption,-3562.0
2024-02-24,M16,OnHandSnapshot,158697.14
2024-02-25,M16,Consumption,-4049.0
2024-02-25,M16,OnHandSnapshot,154648.14
2024-02-26,M16,Consumption,-4064.0
2024-02-26,M16,OnHandSnapshot,150584.14
2024-02-27,M16,Consumption,-4212.0
2024-02-27,M16,OnHandSnapshot,146372.14
2024-02-28,M16,Consumption,-3965.0
2024-02-28,M16,OnHandSnapshot,142407.14
2024-02-29,M16,Consumption,-4470.0
2024-02-29,M16,OnHandSnapshot,137937.14
2024-03-01,M16,Consumption,-5203.0
2024-03-01,M16,OnHandSnapshot,132734.14
2024-03-02,M16,Consumption,-4076.0
2024-03-02,M16,OnHandSnapshot,128658.14
2024-03-03,M16,Consumption,-4638.0
2024-03-03,M16,OnHandSnapshot,124020.14
2024-03-04,M16,Consumption,-4534.0
2024-03-04,M16,OnHandSnapshot,119486.14
2024-03-05,M16,Consumption,-4463.0
2024-03-05,M16,OnHandSnapshot,115023.14
2024-03-06,M16,Consumption,-5078.0
2024-03-06,M16,OnHandSnapshot,109945.14
2024-03-07,M16,Consumption,-5985.0
2024-03-07,M16,OnHandSnapshot,103960.14
2024-03-08,M16,Consumption,-7346.0
2024-03-08,M16,OnHandSnapshot,96614.14
2024-03-09,M16,Consumption,-5711.0
2024-03-09,M16,OnHandSnapshot,90903.14
2024-03-10,M16,Consumption,-6210.0
2024-03-10,M16,OnHandSnapshot,84693.14
2024-03-11,M16,Consumption,-6450.0
2024-03-11,M16,OnHandSnapshot,78243.14
2024-03-12,M16,Consumption,-6668.0
2024-03-12,M16,OnHandSnapshot,71575.14
2024-03-13,M16,Consumption,-6982.0
2024-03-13,M16,OnHandSnapshot,64593.14
2024-03-14,M16,Consumption,-8765.0
2024-03-14,M16,OnHandSnapshot,55828.14
2024-03-15,M16,Consumption,-10114.0
2024-03-15,M16,OnHandSnapshot,45714.14
2024-03-16,M16,Consumption,-7435.0
2024-03-16,M16,OnHandSnapshot,38279.14
2024-03-17,M16,Receipt,111272.9
2024-03-17,M16,Consumption,-8164.0
2024-03-17,M16,OnHandSnapshot,141388.04
2024-03-18,M16,Consumption,-8097.0
2024-03-18,M16,OnHandSnapshot,133291.04
2024-03-19,M16,Consumption,-8796.0
2024-03-19,M16,OnHandSnapshot,124495.04
2024-03-20,M16,Consumption,-8217.0
2024-03-20,M16,OnHandSnapshot,116278.04
2024-03-21,M16,Consumption,-4726.0
2024-03-21,M16,OnHandSnapshot,111552.04
2024-03-22,M16,Consumption,-5361.0
2024-03-22,M16,OnHandSnapshot,106191.04
2024-03-23,M16,Consumption,-3778.0
2024-03-23,M16,OnHandSnapshot,102413.04
2024-03-24,M16,Consumption,-4008.0
2024-03-24,M16,OnHandSnapshot,98405.04
2024-03-25,M16,Consumption,-3938.0
2024-03-25,M16,OnHandSnapshot,94467.04
2024-03-26,M16,Consumption,-4033.0
2024-03-26,M16,OnHandSnapshot,90434.04
2024-03-27,M16,Consumption,-3900.0
2024-03-27,M16,OnHandSnapshot,86534.04
2024-03-28,M16,Consumption,-4509.0
2024-03-28,M16,OnHandSnapshot,82025.04
2024-03-29,M16,Consumption,-5433.0
2024-03-29,M16,OnHandSnapshot,76592.04
2024-03-30,M16,Consumption,-3687.0
2024-03-30,M16,OnHandSnapshot,72905.04
2024-03-31,M16,Consumption,-4069.0
2024-03-31,M16,OnHandSnapshot,68836.04
2024-04-01,M16,Consumption,-4184.0
2024-04-01,M16,OnHandSnapshot,64652.04
2024-04-02,M16,Receipt,111272.9
2024-04-02,M16,Consumption,-3888.0
2024-04-02,M16,OnHandSnapshot,172036.94
2024-04-03,M16,Consumption,-3900.0
2024-04-03,M16,OnHandSnapshot,168136.94
2024-04-04,M16,Consumption,-4582.0
2024-04-04,M16,OnHandSnapshot,163554.94
2024-04-05,M16,Consumption,-5533.0
2024-04-05,M16,OnHandSnapshot,158021.94
2024-04-06,M16,Consumption,-3780.0
2024-04-06,M16,OnHandSnapshot,154241.94
2024-04-07,M16,Consumption,-4175.0
2024-04-07,M16,OnHandSnapshot,150066.94
2024-04-08,M16,Consumption,-4091.0
2024-04-08,M16,OnHandSnapshot,145975.94
2024-04-09,M16,Consumption,-3935.0
2024-04-09,M16,OnHandSnapshot,142040.94
2024-04-10,M16,Consumption,-4141.0
2024-04-10,M16,OnHandSnapshot,137899.94
2024-04-11,M16,Consumption,-4629.0
2024-04-11,M16,OnHandSnapshot,133270.94
2024-04-12,M16,Consumption,-5379.0
2024-04-12,M16,OnHandSnapshot,127891.94
2024-04-13,M16,Consumption,-4062.0
2024-04-13,M16,OnHandSnapshot,123829.94
2024-04-14,M16,Consumption,-3937.0
2024-04-14,M16,OnHandSnapshot,119892.94
2024-04-15,M16,Consumption,-3916.0
2024-04-15,M16,OnHandSnapshot,115976.94
2024-04-16,M16,Consumption,-3961.0
2024-04-16,M16,OnHandSnapshot,112015.94
2024-04-17,M16,Consumption,-4060.0
2024-04-17,M16,OnHandSnapshot,107955.94
2024-04-18,M16,Consumption,-4608.0
2024-04-18,M16,OnHandSnapshot,103347.94
2024-04-19,M16,Consumption,-5390.0
2024-04-19,M16,OnHandSnapshot,97957.94
2024-04-20,M16,Consumption,-3943.0
2024-04-20,M16,OnHandSnapshot,94014.94
2024-04-21,M16,Consumption,-4165.0
2024-04-21,M16,OnHandSnapshot,89849.94
2024-04-22,M16,Consumption,-4063.0
2024-04-22,M16,OnHandSnapshot,85786.94
2024-04-23,M16,Consumption,-3940.0
2024-04-23,M16,OnHandSnapshot,81846.94
2024-04-24,M16,Consumption,-4002.0
2024-04-24,M16,OnHandSnapshot,77844.94
2024-04-25,M16,Consumption,-4646.0
2024-04-25,M16,OnHandSnapshot,73198.94
2024-04-26,M16,Consumption,-5566.0
2024-04-26,M16,OnHandSnapshot,67632.94
2024-04-27,M16,Consumption,-3658.0
2024-04-27,M16,OnHandSnapshot,63974.94
2024-04-28,M16,Consumption,-3915.0
2024-04-28,M16,OnHandSnapshot,60059.94
2024-04-29,M16,Consumption,-4070.0
2024-04-29,M16,OnHandSnapshot,55989.94
2024-04-30,M16,Consumption,-3953.0
2024-04-30,M16,OnHandSnapshot,52036.94
2024-05-01,M16,Consumption,-3869.0
2024-05-01,M16,OnHandSnapshot,48167.94
2024-05-02,M16,Consumption,-4669.0
2024-05-02,M16,OnHandSnapshot,43498.94
2024-05-03,M16,Consumption,-5164.0
2024-05-03,M16,OnHandSnapshot,38334.94
2024-05-04,M16,Receipt,111272.9
2024-05-04,M16,Consumption,-3954.0
2024-05-04,M16,OnHandSnapshot,145653.83
2024-05-05,M16,Consumption,-4024.0
2024-05-05,M16,OnHandSnapshot,141629.83
2024-05-06,M16,Consumption,-4149.0
2024-05-06,M16,OnHandSnapshot,137480.83
2024-05-07,M16,Consumption,-4246.0
2024-05-07,M16,OnHandSnapshot,133234.83
2024-05-08,M16,Consumption,-3908.0
2024-05-08,M16,OnHandSnapshot,129326.83
2024-05-09,M16,Consumption,-4520.0
2024-05-09,M16,OnHandSnapshot,124806.83
2024-05-10,M16,Consumption,-5280.0
2024-05-10,M16,OnHandSnapshot,119526.83
2024-05-11,M16,Consumption,-3819.0
2024-05-11,M16,OnHandSnapshot,115707.83
2024-05-12,M16,Consumption,-4113.0
2024-05-12,M16,OnHandSnapshot,111594.83
2024-05-13,M16,Consumption,-3946.0
2024-05-13,M16,OnHandSnapshot,107648.83
2024-05-14,M16,Consumption,-3940.0
2024-05-14,M16,OnHandSnapshot,103708.83
2024-05-15,M16,Consumption,-4157.0
2024-05-15,M16,OnHandSnapshot,99551.83
2024-05-16,M16,Consumption,-4722.0
2024-05-16,M16,OnHandSnapshot,94829.83
2024-05-17,M16,Consumption,-5345.0
2024-05-17,M16,OnHandSnapshot,89484.83
2024-05-18,M16,Consumption,-4017.0
2024-05-18,M16,OnHandSnapshot,85467.83
2024-05-19,M16,Consumption,-4012.0
2024-05-19,M16,OnHandSnapshot,81455.83
2024-05-20,M16,Consumption,-3876.0
2024-05-20,M16,OnHandSnapshot,77579.83
2024-05-21,M16,Consumption,-4289.0
2024-05-21,M16,OnHandSnapshot,73290.83
2024-05-22,M16,Consumption,-3978.0
2024-05-22,M16,OnHandSnapshot,69312.83
2024-05-23,M16,Consumption,-4372.0
2024-05-23,M16,OnHandSnapshot,64940.83
2024-05-24,M16,Consumption,-5453.0
2024-05-24,M16,OnHandSnapshot,59487.83
2024-05-25,M16,Consumption,-3797.0
2024-05-25,M16,OnHandSnapshot,55690.83
2024-05-26,M16,Receipt,111272.9
2024-05-26,M16,Consumption,-3886.0
2024-05-26,M16,OnHandSnapshot,163077.73
2024-05-27,M16,Consumption,-3969.0
2024-05-27,M16,OnHandSnapshot,159108.73
2024-05-28,M16,Consumption,-4167.0
2024-05-28,M16,OnHandSnapshot,154941.73
2024-05-29,M16,Consumption,-4022.0
2024-05-29,M16,OnHandSnapshot,150919.73
2024-05-30,M16,Consumption,-4834.0
2024-05-30,M16,OnHandSnapshot,146085.73
2024-05-31,M16,Consumption,-5363.0
2024-05-31,M16,OnHandSnapshot,140722.73
2024-06-01,M16,Consumption,-3919.0
2024-06-01,M16,OnHandSnapshot,136803.73
2024-06-02,M16,Consumption,-4104.0
2024-06-02,M16,OnHandSnapshot,132699.73
2024-06-03,M16,Consumption,-4044.0
2024-06-03,M16,OnHandSnapshot,128655.73
2024-06-04,M16,Consumption,-3848.0
2024-06-04,M16,OnHandSnapshot,124807.73
2024-06-05,M16,Consumption,-4129.0
2024-06-05,M16,OnHandSnapshot,120678.73
2024-06-06,M16,Consumption,-4620.0
2024-06-06,M16,OnHandSnapshot,116058.73
2024-06-07,M16,Consumption,-5334.0
2024-06-07,M16,OnHandSnapshot,110724.73
2024-06-08,M16,Consumption,-3806.0
2024-06-08,M16,OnHandSnapshot,106918.73
2024-06-09,M16,Consumption,-4066.0
2024-06-09,M16,OnHandSnapshot,102852.73
2024-06-10,M16,Consumption,-4021.0
2024-06-10,M16,OnHandSnapshot,98831.73
2024-06-11,M16,Consumption,-3917.0
2024-06-11,M16,OnHandSnapshot,94914.73
2024-06-12,M16,Consumption,-4069.0
2024-06-12,M16,OnHandSnapshot,90845.73
2024-06-13,M16,Consumption,-4761.0
2024-06-13,M16,OnHandSnapshot,86084.73
2024-06-14,M16,Consumption,-5319.0
2024-06-14,M16,OnHandSnapshot,80765.73
2024-06-15,M16,Consumption,-3651.0
2024-06-15,M16,OnHandSnapshot,77114.73
2024-06-16,M16,Consumption,-4109.0
2024-06-16,M16,OnHandSnapshot,73005.73
2024-06-17,M16,Consumption,-3868.0
2024-06-17,M16,OnHandSnapshot,69137.73
2024-06-18,M16,Consumption,-4057.0
2024-06-18,M16,OnHandSnapshot,65080.73
2024-06-19,M16,Consumption,-4053.0
2024-06-19,M16,OnHandSnapshot,61027.73
2024-06-20,M16,Consumption,-4592.0
2024-06-20,M16,OnHandSnapshot,56435.73
2024-06-21,M16,Receipt,111272.9
2024-06-21,M16,Consumption,-5455.0
2024-06-21,M16,OnHandSnapshot,162253.63
2024-06-22,M16,Consumption,-3782.0
2024-06-22,M16,OnHandSnapshot,158471.63
2024-06-23,M16,Consumption,-4105.0
2024-06-23,M16,OnHandSnapshot,154366.63
2024-06-24,M16,Consumption,-4073.0
2024-06-24,M16,OnHandSnapshot,150293.63
2024-06-25,M16,Consumption,-4007.0
2024-06-25,M16,OnHandSnapshot,146286.63
2024-06-26,M16,Consumption,-3996.0
2024-06-26,M16,OnHandSnapshot,142290.63
2024-06-27,M16,Consumption,-4483.0
2024-06-27,M16,OnHandSnapshot,137807.63
2024-06-28,M16,Consumption,-5512.0
2024-06-28,M16,OnHandSnapshot,132295.63
2024-06-29,M16,Consumption,-3991.0
2024-06-29,M16,OnHandSnapshot,128304.63
2024-06-30,M16,Consumption,-4137.0
2024-06-30,M16,OnHandSnapshot,124167.63
2024-07-01,M16,Consumption,-3784.0
2024-07-01,M16,OnHandSnapshot,120383.63
2024-07-02,M16,Consumption,-3883.0
2024-07-02,M16,OnHandSnapshot,116500.63
2024-07-03,M16,Consumption,-4043.0
2024-07-03,M16,OnHandSnapshot,112457.63
2024-07-04,M16,Consumption,-4842.0
2024-07-04,M16,OnHandSnapshot,107615.63
2024-07-05,M16,Consumption,-5312.0
2024-07-05,M16,OnHandSnapshot,102303.63
2024-07-06,M16,Consumption,-3788.0
2024-07-06,M16,OnHandSnapshot,98515.63
2024-07-07,M16,Consumption,-4008.0
2024-07-07,M16,OnHandSnapshot,94507.63
2024-07-08,M16,Consumption,-4343.0
2024-07-08,M16,OnHandSnapshot,90164.63
2024-07-09,M16,Consumption,-3970.0
2024-07-09,M16,OnHandSnapshot,86194.63
2024-07-10,M16,Consumption,-4369.0
2024-07-10,M16,OnHandSnapshot,81825.63
2024-07-11,M16,Consumption,-5010.0
2024-07-11,M16,OnHandSnapshot,76815.63
2024-07-12,M16,Consumption,-5588.0
2024-07-12,M16,OnHandSnapshot,71227.63
2024-07-13,M16,Consumption,-3995.0
2024-07-13,M16,OnHandSnapshot,67232.63
2024-07-14,M16,Consumption,-3970.0
2024-07-14,M16,OnHandSnapshot,63262.63
2024-07-15,M16,Consumption,-4143.0
2024-07-15,M16,OnHandSnapshot,59119.63
2024-07-16,M16,Consumption,-4070.0
2024-07-16,M16,OnHandSnapshot,55049.63
2024-07-17,M16,Receipt,111272.9
2024-07-17,M16,Consumption,-4238.0
2024-07-17,M16,OnHandSnapshot,162084.53
2024-07-18,M16,Consumption,-5125.0
2024-07-18,M16,OnHandSnapshot,156959.53
2024-07-19,M16,Consumption,-5787.0
2024-07-19,M16,OnHandSnapshot,151172.53
2024-07-20,M16,Consumption,-3770.0
2024-07-20,M16,OnHandSnapshot,147402.53
2024-07-21,M16,Consumption,-4107.0
2024-07-21,M16,OnHandSnapshot,143295.53
2024-07-22,M16,Consumption,-4015.0
2024-07-22,M16,OnHandSnapshot,139280.53
2024-07-23,M16,Consumption,-4035.0
2024-07-23,M16,OnHandSnapshot,135245.53
2024-07-24,M16,Consumption,-4108.0
2024-07-24,M16,OnHandSnapshot,131137.53
2024-07-25,M16,Consumption,-4708.0
2024-07-25,M16,OnHandSnapshot,126429.53
2024-07-26,M16,Consumption,-5342.0
2024-07-26,M16,OnHandSnapshot,121087.53
2024-07-27,M16,Consumption,-3859.0
2024-07-27,M16,OnHandSnapshot,117228.53
2024-07-28,M16,Consumption,-4034.0
2024-07-28,M16,OnHandSnapshot,113194.53
2024-07-29,M16,Consumption,-3978.0
2024-07-29,M16,OnHandSnapshot,109216.53
2024-07-30,M16,Consumption,-4205.0
2024-07-30,M16,OnHandSnapshot,105011.53
2024-07-31,M16,Consumption,-4031.0
2024-07-31,M16,OnHandSnapshot,100980.53
2024-08-01,M16,Consumption,-4726.0
2024-08-01,M16,OnHandSnapshot,96254.53
2024-08-02,M16,Consumption,-5418.0
2024-08-02,M16,OnHandSnapshot,90836.53
2024-08-03,M16,Consumption,-3947.0
2024-08-03,M16,OnHandSnapshot,86889.53
2024-08-04,M16,Consumption,-4259.0
2024-08-04,M16,OnHandSnapshot,82630.53
2024-08-05,M16,Consumption,-4044.0
2024-08-05,M16,OnHandSnapshot,78586.53
2024-08-06,M16,Consumption,-4045.0
2024-08-06,M16,OnHandSnapshot,74541.53
2024-08-07,M16,Consumption,-3985.0
2024-08-07,M16,OnHandSnapshot,70556.53
2024-08-08,M16,Consumption,-4635.0
2024-08-08,M16,OnHandSnapshot,65921.53
2024-08-09,M16,Consumption,-5393.0
2024-08-09,M16,OnHandSnapshot,60528.53
2024-08-10,M16,Consumption,-3771.0
2024-08-10,M16,OnHandSnapshot,56757.53
2024-08-11,M16,Receipt,111272.9
2024-08-11,M16,Consumption,-4385.0
2024-08-11,M16,OnHandSnapshot,163645.42
2024-08-12,M16,Consumption,-4040.0
2024-08-12,M16,OnHandSnapshot,159605.42
2024-08-13,M16,Consumption,-4008.0
2024-08-13,M16,OnHandSnapshot,155597.42
2024-08-14,M16,Consumption,-4066.0
2024-08-14,M16,OnHandSnapshot,151531.42
2024-08-15,M16,Consumption,-4699.0
2024-08-15,M16,OnHandSnapshot,146832.42
2024-08-16,M16,Consumption,-5578.0
2024-08-16,M16,OnHandSnapshot,141254.42
2024-08-17,M16,Consumption,-4026.0
2024-08-17,M16,OnHandSnapshot,137228.42
2024-08-18,M16,Consumption,-4090.0
2024-08-18,M16,OnHandSnapshot,133138.42
2024-08-19,M16,Consumption,-4063.0
2024-08-19,M16,OnHandSnapshot,129075.42
2024-08-20,M16,Consumption,-4189.0
2024-08-20,M16,OnHandSnapshot,124886.42
2024-08-21,M16,Consumption,-4350.0
2024-08-21,M16,OnHandSnapshot,120536.42
2024-08-22,M16,Consumption,-4809.0
2024-08-22,M16,OnHandSnapshot,115727.42
2024-08-23,M16,Consumption,-5462.0
2024-08-23,M16,OnHandSnapshot,110265.42
2024-08-24,M16,Consumption,-4123.0
2024-08-24,M16,OnHandSnapshot,106142.42
2024-08-25,M16,Consumption,-4290.0
2024-08-25,M16,OnHandSnapshot,101852.42
2024-08-26,M16,Consumption,-4265.0
2024-08-26,M16,OnHandSnapshot,97587.42
2024-08-27,M16,Consumption,-4073.0
2024-08-27,M16,OnHandSnapshot,93514.42
2024-08-28,M16,Consumption,-4042.0
2024-08-28,M16,OnHandSnapshot,89472.42
2024-08-29,M16,Consumption,-4779.0
2024-08-29,M16,OnHandSnapshot,84693.42
2024-08-30,M16,Consumption,-5697.0
2024-08-30,M16,OnHandSnapshot,78996.42
2024-08-31,M16,Consumption,-3844.0
2024-08-31,M16,OnHandSnapshot,75152.42
2024-09-01,M16,Consumption,-4167.0
2024-09-01,M16,OnHandSnapshot,70985.42
2024-09-02,M16,Consumption,-4352.0
2024-09-02,M16,OnHandSnapshot,66633.42
2024-09-03,M16,Consumption,-4055.0
2024-09-03,M16,OnHandSnapshot,62578.42
2024-09-04,M16,Consumption,-4028.0
2024-09-04,M16,OnHandSnapshot,58550.42
2024-09-05,M16,Consumption,-4588.0
2024-09-05,M16,OnHandSnapshot,53962.42
2024-09-06,M16,Consumption,-5257.0
2024-09-06,M16,OnHandSnapshot,48705.42
2024-09-07,M16,Receipt,111272.9
2024-09-07,M16,Consumption,-3930.0
2024-09-07,M16,OnHandSnapshot,156048.32
2024-09-08,M16,Consumption,-4265.0
2024-09-08,M16,OnHandSnapshot,151783.32
2024-09-09,M16,Consumption,-4122.0
2024-09-09,M16,OnHandSnapshot,147661.32
2024-09-10,M16,Consumption,-3965.0
2024-09-10,M16,OnHandSnapshot,143696.32
2024-09-11,M16,Consumption,-4104.0
2024-09-11,M16,OnHandSnapshot,139592.32
2024-09-12,M16,Consumption,-4608.0
2024-09-12,M16,OnHandSnapshot,134984.32
2024-09-13,M16,Consumption,-5605.0
2024-09-13,M16,OnHandSnapshot,129379.32
2024-09-14,M16,Consumption,-3871.0
2024-09-14,M16,OnHandSnapshot,125508.32
2024-09-15,M16,Consumption,-4369.0
2024-09-15,M16,OnHandSnapshot,121139.32
2024-09-16,M16,Consumption,-4247.0
2024-09-16,M16,OnHandSnapshot,116892.32
2024-09-17,M16,Consumption,-3946.0
2024-09-17,M16,OnHandSnapshot,112946.32
2024-09-18,M16,Consumption,-3984.0
2024-09-18,M16,OnHandSnapshot,108962.32
2024-09-19,M16,Consumption,-4605.0
2024-09-19,M16,OnHandSnapshot,104357.32
2024-09-20,M16,Consumption,-5724.0
2024-09-20,M16,OnHandSnapshot,98633.32
2024-09-21,M16,Consumption,-3802.0
2024-09-21,M16,OnHandSnapshot,94831.32
2024-09-22,M16,Consumption,-3947.0
2024-09-22,M16,OnHandSnapshot,90884.32
2024-09-23,M16,Consumption,-4150.0
2024-09-23,M16,OnHandSnapshot,86734.32
2024-09-24,M16,Consumption,-4080.0
2024-09-24,M16,OnHandSnapshot,82654.32
2024-09-25,M16,Consumption,-4035.0
2024-09-25,M16,OnHandSnapshot,78619.32
2024-09-26,M16,Consumption,-4699.0
2024-09-26,M16,OnHandSnapshot,73920.32
2024-09-27,M16,Consumption,-5532.0
2024-09-27,M16,OnHandSnapshot,68388.32
2024-09-28,M16,Consumption,-3998.0
2024-09-28,M16,OnHandSnapshot,64390.32
2024-09-29,M16,Consumption,-4367.0
2024-09-29,M16,OnHandSnapshot,60023.32
2024-09-30,M16,Receipt,111272.9
2024-09-30,M16,Consumption,-4215.0
2024-09-30,M16,OnHandSnapshot,167081.22
2024-10-01,M16,Consumption,-3989.0
2024-10-01,M16,OnHandSnapshot,163092.22
2024-10-02,M16,Consumption,-4116.0
2024-10-02,M16,OnHandSnapshot,158976.22
2024-10-03,M16,Consumption,-4806.0
2024-10-03,M16,OnHandSnapshot,154170.22
2024-10-04,M16,Consumption,-5499.0
2024-10-04,M16,OnHandSnapshot,148671.22
2024-10-05,M16,Consumption,-4132.0
2024-10-05,M16,OnHandSnapshot,144539.22
2024-10-06,M16,Consumption,-4219.0
2024-10-06,M16,OnHandSnapshot,140320.22
2024-10-07,M16,Consumption,-4106.0
2024-10-07,M16,OnHandSnapshot,136214.22
2024-10-08,M16,Consumption,-3903.0
2024-10-08,M16,OnHandSnapshot,132311.22
2024-10-09,M16,Consumption,-4116.0
2024-10-09,M16,OnHandSnapshot,128195.22
2024-10-10,M16,Consumption,-4835.0
2024-10-10,M16,OnHandSnapshot,123360.22
2024-10-11,M16,Consumption,-5474.0
2024-10-11,M16,OnHandSnapshot,117886.22
2024-10-12,M16,Consumption,-3882.0
2024-10-12,M16,OnHandSnapshot,114004.22
2024-10-13,M16,Consumption,-4002.0
2024-10-13,M16,OnHandSnapshot,110002.22
2024-10-14,M16,Consumption,-4029.0
2024-10-14,M16,OnHandSnapshot,105973.22
2024-10-15,M16,Consumption,-4153.0
2024-10-15,M16,OnHandSnapshot,101820.22
2024-10-16,M16,Consumption,-4322.0
2024-10-16,M16,OnHandSnapshot,97498.22
2024-10-17,M16,Consumption,-4789.0
2024-10-17,M16,OnHandSnapshot,92709.22
2024-10-18,M16,Consumption,-5566.0
2024-10-18,M16,OnHandSnapshot,87143.22
2024-10-19,M16,Consumption,-4004.0
2024-10-19,M16,OnHandSnapshot,83139.22
2024-10-20,M16,Consumption,-4282.0
2024-10-20,M16,OnHandSnapshot,78857.22
2024-10-21,M16,Consumption,-4171.0
2024-10-21,M16,OnHandSnapshot,74686.22
2024-10-22,M16,Consumption,-4091.0
2024-10-22,M16,OnHandSnapshot,70595.22
2024-10-23,M16,Consumption,-4241.0
2024-10-23,M16,OnHandSnapshot,66354.22
2024-10-24,M16,Consumption,-4771.0
2024-10-24,M16,OnHandSnapshot,61583.22
2024-10-25,M16,Consumption,-5519.0
2024-10-25,M16,OnHandSnapshot,56064.22
2024-10-26,M16,Consumption,-3886.0
2024-10-26,M16,OnHandSnapshot,52178.22
2024-10-27,M16,Receipt,111272.9
2024-10-27,M16,Consumption,-4231.0
2024-10-27,M16,OnHandSnapshot,159220.11
2024-10-28,M16,Consumption,-4496.0
2024-10-28,M16,OnHandSnapshot,154724.11
2024-10-29,M16,Consumption,-4204.0
2024-10-29,M16,OnHandSnapshot,150520.11
2024-10-30,M16,Consumption,-4038.0
2024-10-30,M16,OnHandSnapshot,146482.11
2024-10-31,M16,Consumption,-4675.0
2024-10-31,M16,OnHandSnapshot,141807.11
2024-11-01,M16,Consumption,-5368.0
2024-11-01,M16,OnHandSnapshot,136439.11
2024-11-02,M16,Consumption,-3756.0
2024-11-02,M16,OnHandSnapshot,132683.11
2024-11-03,M16,Consumption,-4239.0
2024-11-03,M16,OnHandSnapshot,128444.11
2024-11-04,M16,Consumption,-4089.0
2024-11-04,M16,OnHandSnapshot,124355.11
2024-11-05,M16,Consumption,-3983.0
2024-11-05,M16,OnHandSnapshot,120372.11
2024-11-06,M16,Consumption,-4272.0
2024-11-06,M16,OnHandSnapshot,116100.11
2024-11-07,M16,Consumption,-4629.0
2024-11-07,M16,OnHandSnapshot,111471.11
2024-11-08,M16,Consumption,-5640.0
2024-11-08,M16,OnHandSnapshot,105831.11
2024-11-09,M16,Consumption,-3982.0
2024-11-09,M16,OnHandSnapshot,101849.11
2024-11-10,M16,Consumption,-4098.0
2024-11-10,M16,OnHandSnapshot,97751.11
2024-11-11,M16,Consumption,-4416.0
2024-11-11,M16,OnHandSnapshot,93335.11
2024-11-12,M16,Consumption,-4017.0
2024-11-12,M16,OnHandSnapshot,89318.11
2024-11-13,M16,Consumption,-4249.0
2024-11-13,M16,OnHandSnapshot,85069.11
2024-11-14,M16,Consumption,-4886.0
2024-11-14,M16,OnHandSnapshot,80183.11
2024-11-15,M16,Consumption,-5599.0
2024-11-15,M16,OnHandSnapshot,74584.11
2024-11-16,M16,Consumption,-3926.0
2024-11-16,M16,OnHandSnapshot,70658.11
2024-11-17,M16,Consumption,-4116.0
2024-11-17,M16,OnHandSnapshot,66542.11
2024-11-18,M16,Consumption,-4310.0
2024-11-18,M16,OnHandSnapshot,62232.11
2024-11-19,M16,Consumption,-4070.0
2024-11-19,M16,OnHandSnapshot,58162.11
2024-11-20,M16,Consumption,-4263.0
2024-11-20,M16,OnHandSnapshot,53899.11
2024-11-21,M16,Receipt,111272.9
2024-11-21,M16,Consumption,-4777.0
2024-11-21,M16,OnHandSnapshot,160395.01
2024-11-22,M16,Consumption,-5449.0
2024-11-22,M16,OnHandSnapshot,154946.01
2024-11-23,M16,Consumption,-3863.0
2024-11-23,M16,OnHandSnapshot,151083.01
2024-11-24,M16,Consumption,-4340.0
2024-11-24,M16,OnHandSnapshot,146743.01
2024-11-25,M16,Consumption,-4171.0
2024-11-25,M16,OnHandSnapshot,142572.01
2024-11-26,M16,Consumption,-4016.0
2024-11-26,M16,OnHandSnapshot,138556.01
2024-11-27,M16,Consumption,-4196.0
2024-11-27,M16,OnHandSnapshot,134360.01
2024-11-28,M16,Consumption,-4757.0
2024-11-28,M16,OnHandSnapshot,129603.01
2024-11-29,M16,Consumption,-5520.0
2024-11-29,M16,OnHandSnapshot,124083.01
2024-11-30,M16,Consumption,-4129.0
2024-11-30,M16,OnHandSnapshot,119954.01
2024-12-01,M16,Consumption,-4018.0
2024-12-01,M16,OnHandSnapshot,115936.01
2024-12-02,M16,Consumption,-4081.0
2024-12-02,M16,OnHandSnapshot,111855.01
2024-12-03,M16,Consumption,-4166.0
2024-12-03,M16,OnHandSnapshot,107689.01
2024-12-04,M16,Consumption,-4201.0
2024-12-04,M16,OnHandSnapshot,103488.01
2024-12-05,M16,Consumption,-4800.0
2024-12-05,M16,OnHandSnapshot,98688.01
2024-12-06,M16,Consumption,-5927.0
2024-12-06,M16,OnHandSnapshot,92761.01
2024-12-07,M16,Consumption,-3909.0
2024-12-07,M16,OnHandSnapshot,88852.01
2024-12-08,M16,Consumption,-4209.0
2024-12-08,M16,OnHandSnapshot,84643.01
2024-12-09,M16,Consumption,-4036.0
2024-12-09,M16,OnHandSnapshot,80607.01
2024-12-10,M16,Consumption,-4130.0
2024-12-10,M16,OnHandSnapshot,76477.01
2024-12-11,M16,Consumption,-4092.0
2024-12-11,M16,OnHandSnapshot,72385.01
2024-12-12,M16,Consumption,-4919.0
2024-12-12,M16,OnHandSnapshot,67466.01
2024-12-13,M16,Consumption,-5813.0
2024-12-13,M16,OnHandSnapshot,61653.01
2024-12-14,M16,Consumption,-4145.0
2024-12-14,M16,OnHandSnapshot,57508.01
2024-12-15,M16,Consumption,-4532.0
2024-12-15,M16,OnHandSnapshot,52976.01
2024-12-16,M16,Consumption,-4566.0
2024-12-16,M16,OnHandSnapshot,48410.01
2024-12-17,M16,Consumption,-4503.0
2024-12-17,M16,OnHandSnapshot,43907.01
2024-12-18,M16,Consumption,-4751.0
2024-12-18,M16,OnHandSnapshot,39156.01
2024-12-19,M16,Consumption,-5641.0
2024-12-19,M16,OnHandSnapshot,33515.01
2024-12-20,M16,Receipt,111272.9
2024-12-20,M16,Consumption,-6584.0
2024-12-20,M16,OnHandSnapshot,138203.91
2024-12-21,M16,Consumption,-4361.0
2024-12-21,M16,OnHandSnapshot,133842.91
2024-12-22,M16,Consumption,-4873.0
2024-12-22,M16,OnHandSnapshot,128969.91
2024-12-23,M16,Consumption,-4874.0
2024-12-23,M16,OnHandSnapshot,124095.91
2024-12-24,M16,Consumption,-4586.0
2024-12-24,M16,OnHandSnapshot,119509.91
2024-12-25,M16,Consumption,-4727.0
2024-12-25,M16,OnHandSnapshot,114782.91
2024-12-26,M16,Consumption,-5199.0
2024-12-26,M16,OnHandSnapshot,109583.91
2024-12-27,M16,Consumption,-6039.0
2024-12-27,M16,OnHandSnapshot,103544.91
2024-12-28,M16,Consumption,-4173.0
2024-12-28,M16,OnHandSnapshot,99371.91
2024-12-29,M16,Consumption,-4278.0
2024-12-29,M16,OnHandSnapshot,95093.91
2024-12-30,M16,Consumption,-4348.0
2024-12-30,M16,OnHandSnapshot,90745.91
2024-12-31,M16,Consumption,-3936.0
2024-12-31,M16,OnHandSnapshot,86809.91
2025-01-01,M16,Consumption,-4254.0
2025-01-01,M16,OnHandSnapshot,82555.91
2025-01-02,M16,Consumption,-4847.0
2025-01-02,M16,OnHandSnapshot,77708.91
2025-01-03,M16,Consumption,-5733.0
2025-01-03,M16,OnHandSnapshot,71975.91
2025-01-04,M16,Consumption,-3883.0
2025-01-04,M16,OnHandSnapshot,68092.91
2025-01-05,M16,Consumption,-4410.0
2025-01-05,M16,OnHandSnapshot,63682.91
2025-01-06,M16,Consumption,-4206.0
2025-01-06,M16,OnHandSnapshot,59476.91
2025-01-07,M16,Consumption,-4009.0
2025-01-07,M16,OnHandSnapshot,55467.91
2025-01-08,M16,Consumption,-4123.0
2025-01-08,M16,OnHandSnapshot,51344.91
2025-01-09,M16,Consumption,-4784.0
2025-01-09,M16,OnHandSnapshot,46560.91
2025-01-10,M16,Receipt,111272.9
2025-01-10,M16,Consumption,-5668.0
2025-01-10,M16,OnHandSnapshot,152165.81
2025-01-11,M16,Consumption,-4068.0
2025-01-11,M16,OnHandSnapshot,148097.81
2025-01-12,M16,Consumption,-4172.0
2025-01-12,M16,OnHandSnapshot,143925.81
2025-01-13,M16,Consumption,-4231.0
2025-01-13,M16,OnHandSnapshot,139694.81
2025-01-14,M16,Consumption,-4118.0
2025-01-14,M16,OnHandSnapshot,135576.81
2025-01-15,M16,Consumption,-4315.0
2025-01-15,M16,OnHandSnapshot,131261.81
2025-01-16,M16,Consumption,-4849.0
2025-01-16,M16,OnHandSnapshot,126412.81
2025-01-17,M16,Consumption,-5452.0
2025-01-17,M16,OnHandSnapshot,120960.81
2025-01-18,M16,Consumption,-3940.0
2025-01-18,M16,OnHandSnapshot,117020.81
2025-01-19,M16,Consumption,-4131.0
2025-01-19,M16,OnHandSnapshot,112889.81
2025-01-20,M16,Consumption,-4207.0
2025-01-20,M16,OnHandSnapshot,108682.81
2025-01-21,M16,Consumption,-4215.0
2025-01-21,M16,OnHandSnapshot,104467.81
2025-01-22,M16,Consumption,-4446.0
2025-01-22,M16,OnHandSnapshot,100021.81
2025-01-23,M16,Consumption,-4894.0
2025-01-23,M16,OnHandSnapshot,95127.81
2025-01-24,M16,Consumption,-5994.0
2025-01-24,M16,OnHandSnapshot,89133.81
2025-01-25,M16,Consumption,-4088.0
2025-01-25,M16,OnHandSnapshot,85045.81
2025-01-26,M16,Consumption,-4266.0
2025-01-26,M16,OnHandSnapshot,80779.81
2025-01-27,M16,Consumption,-4334.0
2025-01-27,M16,OnHandSnapshot,76445.81
2025-01-28,M16,Consumption,-4380.0
2025-01-28,M16,OnHandSnapshot,72065.81
2025-01-29,M16,Consumption,-4287.0
2025-01-29,M16,OnHandSnapshot,67778.81
2025-01-30,M16,Consumption,-5123.0
2025-01-30,M16,OnHandSnapshot,62655.81
2025-01-31,M16,Consumption,-5639.0
2025-01-31,M16,OnHandSnapshot,57016.81
2025-02-01,M16,Consumption,-3992.0
2025-02-01,M16,OnHandSnapshot,53024.81
2025-02-02,M16,Receipt,111272.9
2025-02-02,M16,Consumption,-4379.0
2025-02-02,M16,OnHandSnapshot,159918.7
2025-02-03,M16,Consumption,-4253.0
2025-02-03,M16,OnHandSnapshot,155665.7
2025-02-04,M16,Consumption,-4006.0
2025-02-04,M16,OnHandSnapshot,151659.7
2025-02-05,M16,Consumption,-4488.0
2025-02-05,M16,OnHandSnapshot,147171.7
2025-02-06,M16,Consumption,-4982.0
2025-02-06,M16,OnHandSnapshot,142189.7
2025-02-07,M16,Consumption,-5762.0
2025-02-07,M16,OnHandSnapshot,136427.7
2025-02-08,M16,Consumption,-4038.0
2025-02-08,M16,OnHandSnapshot,132389.7
2025-02-09,M16,Consumption,-4249.0
2025-02-09,M16,OnHandSnapshot,128140.7
2025-02-10,M16,Consumption,-4118.0
2025-02-10,M16,OnHandSnapshot,124022.7
2025-02-11,M16,Consumption,-4074.0
2025-02-11,M16,OnHandSnapshot,119948.7
2025-02-12,M16,Consumption,-4357.0
2025-02-12,M16,OnHandSnapshot,115591.7
2025-02-13,M16,Consumption,-5001.0
2025-02-13,M16,OnHandSnapshot,110590.7
2025-02-14,M16,Consumption,-5921.0
2025-02-14,M16,OnHandSnapshot,104669.7
2025-02-15,M16,Consumption,-3908.0
2025-02-15,M16,OnHandSnapshot,100761.7
2025-02-16,M16,Consumption,-4418.0
2025-02-16,M16,OnHandSnapshot,96343.7
2025-02-17,M16,Consumption,-4117.0
2025-02-17,M16,OnHandSnapshot,92226.7
2025-02-18,M16,Consumption,-4205.0
2025-02-18,M16,OnHandSnapshot,88021.7
2025-02-19,M16,Consumption,-4364.0
2025-02-19,M16,OnHandSnapshot,83657.7
2025-02-20,M16,Consumption,-4753.0
2025-02-20,M16,OnHandSnapshot,78904.7
2025-02-21,M16,Consumption,-5515.0
2025-02-21,M16,OnHandSnapshot,73389.7
2025-02-22,M16,Consumption,-4127.0
2025-02-22,M16,OnHandSnapshot,69262.7
2025-02-23,M16,Consumption,-3958.0
2025-02-23,M16,OnHandSnapshot,65304.7
2025-02-24,M16,Consumption,-4127.0
2025-02-24,M16,OnHandSnapshot,61177.7
2025-02-25,M16,Consumption,-4308.0
2025-02-25,M16,OnHandSnapshot,56869.7
2025-02-26,M16,Consumption,-4218.0
2025-02-26,M16,OnHandSnapshot,52651.7
2025-02-27,M16,Receipt,111272.9
2025-02-27,M16,Consumption,-4894.0
2025-02-27,M16,OnHandSnapshot,159030.6
2025-02-28,M16,Consumption,-5812.0
2025-02-28,M16,OnHandSnapshot,153218.6
2025-03-01,M16,Consumption,-4192.0
2025-03-01,M16,OnHandSnapshot,149026.6
2025-03-02,M16,Consumption,-4480.0
2025-03-02,M16,OnHandSnapshot,144546.6
2025-03-03,M16,Consumption,-4891.0
2025-03-03,M16,OnHandSnapshot,139655.6
2025-03-04,M16,Consumption,-5010.0
2025-03-04,M16,OnHandSnapshot,134645.6
2025-03-05,M16,Consumption,-5058.0
2025-03-05,M16,OnHandSnapshot,129587.6
2025-03-06,M16,Consumption,-6039.0
2025-03-06,M16,OnHandSnapshot,123548.6
2025-03-07,M16,Consumption,-7401.0
2025-03-07,M16,OnHandSnapshot,116147.6
2025-03-08,M16,Consumption,-5928.0
2025-03-08,M16,OnHandSnapshot,110219.6
2025-03-09,M16,Consumption,-6056.0
2025-03-09,M16,OnHandSnapshot,104163.6
2025-03-10,M16,Consumption,-6388.0
2025-03-10,M16,OnHandSnapshot,97775.6
2025-03-11,M16,Consumption,-7014.0
2025-03-11,M16,OnHandSnapshot,90761.6
2025-03-12,M16,Consumption,-6981.0
2025-03-12,M16,OnHandSnapshot,83780.6
2025-03-13,M16,Consumption,-8205.0
2025-03-13,M16,OnHandSnapshot,75575.6
2025-03-14,M16,Consumption,-11335.0
2025-03-14,M16,OnHandSnapshot,64240.6
2025-03-15,M16,Consumption,-7758.0
2025-03-15,M16,OnHandSnapshot,56482.6
2025-03-16,M16,Consumption,-8856.0
2025-03-16,M16,OnHandSnapshot,47626.6
2025-03-17,M16,Consumption,-8880.0
2025-03-17,M16,OnHandSnapshot,38746.6
2025-03-18,M16,Consumption,-8849.0
2025-03-18,M16,OnHandSnapshot,29897.6
2025-03-19,M16,Consumption,-9051.0
2025-03-19,M16,OnHandSnapshot,20846.6
2025-03-20,M16,Receipt,111272.9
2025-03-20,M16,Consumption,-10351.0
2025-03-20,M16,OnHandSnapshot,121768.5
2025-03-21,M16,Consumption,-6007.0
2025-03-21,M16,OnHandSnapshot,115761.5
2025-03-22,M16,Consumption,-4121.0
2025-03-22,M16,OnHandSnapshot,111640.5
2025-03-23,M16,Consumption,-4091.0
2025-03-23,M16,OnHandSnapshot,107549.5
2025-03-24,M16,Consumption,-4298.0
2025-03-24,M16,OnHandSnapshot,103251.5
2025-03-25,M16,Consumption,-4544.0
2025-03-25,M16,OnHandSnapshot,98707.5
2025-03-26,M16,Consumption,-4158.0
2025-03-26,M16,OnHandSnapshot,94549.5
2025-03-27,M16,Consumption,-4695.0
2025-03-27,M16,OnHandSnapshot,89854.5
2025-03-28,M16,Consumption,-5863.0
2025-03-28,M16,OnHandSnapshot,83991.5
2025-03-29,M16,Consumption,-4180.0
2025-03-29,M16,OnHandSnapshot,79811.5
2025-03-30,M16,Consumption,-4262.0
2025-03-30,M16,OnHandSnapshot,75549.5
2025-03-31,M16,Consumption,-4203.0
2025-03-31,M16,OnHandSnapshot,71346.5
2025-04-01,M16,Consumption,-4378.0
2025-04-01,M16,OnHandSnapshot,66968.5
2025-04-02,M16,Consumption,-4287.0
2025-04-02,M16,OnHandSnapshot,62681.5
2025-04-03,M16,Consumption,-4663.0
2025-04-03,M16,OnHandSnapshot,58018.5
2025-04-04,M16,Consumption,-5706.0
2025-04-04,M16,OnHandSnapshot,52312.5
2025-04-05,M16,Consumption,-3947.0
2025-04-05,M16,OnHandSnapshot,48365.5
2025-04-06,M16,Receipt,111272.9
2025-04-06,M16,Consumption,-4145.0
2025-04-06,M16,OnHandSnapshot,155493.4
2025-04-07,M16,Consumption,-4201.0
2025-04-07,M16,OnHandSnapshot,151292.4
2025-04-08,M16,Consumption,-4286.0
2025-04-08,M16,OnHandSnapshot,147006.4
2025-04-09,M16,Consumption,-4258.0
2025-04-09,M16,OnHandSnapshot,142748.4
2025-04-10,M16,Consumption,-4835.0
2025-04-10,M16,OnHandSnapshot,137913.4
2025-04-11,M16,Consumption,-5740.0
2025-04-11,M16,OnHandSnapshot,132173.4
2025-04-12,M16,Consumption,-4018.0
2025-04-12,M16,OnHandSnapshot,128155.4
2025-04-13,M16,Consumption,-4440.0
2025-04-13,M16,OnHandSnapshot,123715.4
2025-04-14,M16,Consumption,-4233.0
2025-04-14,M16,OnHandSnapshot,119482.4
2025-04-15,M16,Consumption,-4333.0
2025-04-15,M16,OnHandSnapshot,115149.4
2025-04-16,M16,Consumption,-4283.0
2025-04-16,M16,OnHandSnapshot,110866.4
2025-04-17,M16,Consumption,-4902.0
2025-04-17,M16,OnHandSnapshot,105964.4
2025-04-18,M16,Consumption,-5565.0
2025-04-18,M16,OnHandSnapshot,100399.4
2025-04-19,M16,Consumption,-4174.0
2025-04-19,M16,OnHandSnapshot,96225.4
2025-04-20,M16,Consumption,-4080.0
2025-04-20,M16,OnHandSnapshot,92145.4
2025-04-21,M16,Consumption,-4264.0
2025-04-21,M16,OnHandSnapshot,87881.4
2025-04-22,M16,Consumption,-4409.0
2025-04-22,M16,OnHandSnapshot,83472.4
2025-04-23,M16,Consumption,-4260.0
2025-04-23,M16,OnHandSnapshot,79212.4
2025-04-24,M16,Consumption,-4984.0
2025-04-24,M16,OnHandSnapshot,74228.4
2025-04-25,M16,Consumption,-5945.0
2025-04-25,M16,OnHandSnapshot,68283.4
2025-04-26,M16,Consumption,-3971.0
2025-04-26,M16,OnHandSnapshot,64312.4
2025-04-27,M16,Consumption,-4263.0
2025-04-27,M16,OnHandSnapshot,60049.4
2025-04-28,M16,Consumption,-4228.0
2025-04-28,M16,OnHandSnapshot,55821.4
2025-04-29,M16,Consumption,-4227.0
2025-04-29,M16,OnHandSnapshot,51594.4
2025-04-30,M16,Receipt,111272.9
2025-04-30,M16,Consumption,-4386.0
2025-04-30,M16,OnHandSnapshot,158481.29
2025-05-01,M16,Consumption,-5010.0
2025-05-01,M16,OnHandSnapshot,153471.29
2025-05-02,M16,Consumption,-5647.0
2025-05-02,M16,OnHandSnapshot,147824.29
2025-05-03,M16,Consumption,-4132.0
2025-05-03,M16,OnHandSnapshot,143692.29
2025-05-04,M16,Consumption,-4343.0
2025-05-04,M16,OnHandSnapshot,139349.29
2025-05-05,M16,Consumption,-4378.0
2025-05-05,M16,OnHandSnapshot,134971.29
2025-05-06,M16,Consumption,-4090.0
2025-05-06,M16,OnHandSnapshot,130881.29
2025-05-07,M16,Consumption,-4313.0
2025-05-07,M16,OnHandSnapshot,126568.29
2025-05-08,M16,Consumption,-5035.0
2025-05-08,M16,OnHandSnapshot,121533.29
2025-05-09,M16,Consumption,-5899.0
2025-05-09,M16,OnHandSnapshot,115634.29
2025-05-10,M16,Consumption,-4003.0
2025-05-10,M16,OnHandSnapshot,111631.29
2025-05-11,M16,Consumption,-4436.0
2025-05-11,M16,OnHandSnapshot,107195.29
2025-05-12,M16,Consumption,-4471.0
2025-05-12,M16,OnHandSnapshot,102724.29
2025-05-13,M16,Consumption,-4405.0
2025-05-13,M16,OnHandSnapshot,98319.29
2025-05-14,M16,Consumption,-4378.0
2025-05-14,M16,OnHandSnapshot,93941.29
2025-05-15,M16,Consumption,-5052.0
2025-05-15,M16,OnHandSnapshot,88889.29
2025-05-16,M16,Consumption,-5945.0
2025-05-16,M16,OnHandSnapshot,82944.29
2025-05-17,M16,Consumption,-4268.0
2025-05-17,M16,OnHandSnapshot,78676.29
2025-05-18,M16,Consumption,-4220.0
2025-05-18,M16,OnHandSnapshot,74456.29
2025-05-19,M16,Consumption,-4186.0
2025-05-19,M16,OnHandSnapshot,70270.29
2025-05-20,M16,Consumption,-4451.0
2025-05-20,M16,OnHandSnapshot,65819.29
2025-05-21,M16,Consumption,-4555.0
2025-05-21,M16,OnHandSnapshot,61264.29
2025-05-22,M16,Consumption,-5375.0
2025-05-22,M16,OnHandSnapshot,55889.29
2025-05-23,M16,Consumption,-5824.0
2025-05-23,M16,OnHandSnapshot,50065.29
2025-05-24,M16,Receipt,111272.9
2025-05-24,M16,Consumption,-4098.0
2025-05-24,M16,OnHandSnapshot,157240.19
2025-05-25,M16,Consumption,-4141.0
2025-05-25,M16,OnHandSnapshot,153099.19
2025-05-26,M16,Consumption,-4383.0
2025-05-26,M16,OnHandSnapshot,148716.19
2025-05-27,M16,Consumption,-4225.0
2025-05-27,M16,OnHandSnapshot,144491.19
2025-05-28,M16,Consumption,-4231.0
2025-05-28,M16,OnHandSnapshot,140260.19
2025-05-29,M16,Consumption,-4833.0
2025-05-29,M16,OnHandSnapshot,135427.19
2025-05-30,M16,Consumption,-5600.0
2025-05-30,M16,OnHandSnapshot,129827.19
2025-05-31,M16,Consumption,-4191.0
2025-05-31,M16,OnHandSnapshot,125636.19
2025-06-01,M16,Consumption,-4441.0
2025-06-01,M16,OnHandSnapshot,121195.19
2025-06-02,M16,Consumption,-4359.0
2025-06-02,M16,OnHandSnapshot,116836.19
2025-06-03,M16,Consumption,-4353.0
2025-06-03,M16,OnHandSnapshot,112483.19
2025-06-04,M16,Consumption,-4254.0
2025-06-04,M16,OnHandSnapshot,108229.19
2025-06-05,M16,Consumption,-5029.0
2025-06-05,M16,OnHandSnapshot,103200.19
2025-06-06,M16,Consumption,-5782.0
2025-06-06,M16,OnHandSnapshot,97418.19
2025-06-07,M16,Consumption,-3908.0
2025-06-07,M16,OnHandSnapshot,93510.19
2025-06-08,M16,Consumption,-4431.0
2025-06-08,M16,OnHandSnapshot,89079.19
2025-06-09,M16,Consumption,-4167.0
2025-06-09,M16,OnHandSnapshot,84912.19
2025-06-10,M16,Consumption,-4363.0
2025-06-10,M16,OnHandSnapshot,80549.19
2025-06-11,M16,Consumption,-4451.0
2025-06-11,M16,OnHandSnapshot,76098.19
2025-06-12,M16,Consumption,-4985.0
2025-06-12,M16,OnHandSnapshot,71113.19
2025-06-13,M16,Consumption,-5752.0
2025-06-13,M16,OnHandSnapshot,65361.19
2025-06-14,M16,Consumption,-4104.0
2025-06-14,M16,OnHandSnapshot,61257.19
2025-06-15,M16,Consumption,-4315.0
2025-06-15,M16,OnHandSnapshot,56942.19
2025-06-16,M16,Consumption,-4240.0
2025-06-16,M16,OnHandSnapshot,52702.19
2025-06-17,M16,Consumption,-4522.0
2025-06-17,M16,OnHandSnapshot,48180.19
2025-06-18,M16,Receipt,111272.9
2025-06-18,M16,Consumption,-4301.0
2025-06-18,M16,OnHandSnapshot,155152.09
2025-06-19,M16,Consumption,-4964.0
2025-06-19,M16,OnHandSnapshot,150188.09
2025-06-20,M16,Consumption,-5798.0
2025-06-20,M16,OnHandSnapshot,144390.09
2025-06-21,M16,Consumption,-3998.0
2025-06-21,M16,OnHandSnapshot,140392.09
2025-06-22,M16,Consumption,-4331.0
2025-06-22,M16,OnHandSnapshot,136061.09
2025-06-23,M16,Consumption,-4428.0
2025-06-23,M16,OnHandSnapshot,131633.09
2025-06-24,M16,Consumption,-4302.0
2025-06-24,M16,OnHandSnapshot,127331.09
2025-06-25,M16,Consumption,-4354.0
2025-06-25,M16,OnHandSnapshot,122977.09
2025-06-26,M16,Consumption,-4857.0
2025-06-26,M16,OnHandSnapshot,118120.09
2025-06-27,M16,Consumption,-5731.0
2025-06-27,M16,OnHandSnapshot,112389.09
2025-06-28,M16,Consumption,-4063.0
2025-06-28,M16,OnHandSnapshot,108326.09
2025-06-29,M16,Consumption,-4184.0
2025-06-29,M16,OnHandSnapshot,104142.09
2025-06-30,M16,Consumption,-4341.0
2025-06-30,M16,OnHandSnapshot,99801.09
2025-07-01,M16,Consumption,-4365.0
2025-07-01,M16,OnHandSnapshot,95436.09
2025-07-02,M16,Consumption,-4320.0
2025-07-02,M16,OnHandSnapshot,91116.09
2025-07-03,M16,Consumption,-5084.0
2025-07-03,M16,OnHandSnapshot,86032.09
2025-07-04,M16,Consumption,-5984.0
2025-07-04,M16,OnHandSnapshot,80048.09
2025-07-05,M16,Consumption,-4212.0
2025-07-05,M16,OnHandSnapshot,75836.09
2025-07-06,M16,Consumption,-4280.0
2025-07-06,M16,OnHandSnapshot,71556.09
2025-07-07,M16,Consumption,-4362.0
2025-07-07,M16,OnHandSnapshot,67194.09
2025-07-08,M16,Consumption,-4594.0
2025-07-08,M16,OnHandSnapshot,62600.09
2025-07-09,M16,Consumption,-4275.0
2025-07-09,M16,OnHandSnapshot,58325.09
2025-07-10,M16,Consumption,-5073.0
2025-07-10,M16,OnHandSnapshot,53252.09
2025-07-11,M16,Receipt,111272.9
2025-07-11,M16,Consumption,-5805.0
2025-07-11,M16,OnHandSnapshot,158719.99
2025-07-12,M16,Consumption,-4377.0
2025-07-12,M16,OnHandSnapshot,154342.99
2025-07-13,M16,Consumption,-4283.0
2025-07-13,M16,OnHandSnapshot,150059.99
2025-07-14,M16,Consumption,-4332.0
2025-07-14,M16,OnHandSnapshot,145727.99
2025-07-15,M16,Consumption,-4166.0
2025-07-15,M16,OnHandSnapshot,141561.99
2025-07-16,M16,Consumption,-4476.0
2025-07-16,M16,OnHandSnapshot,137085.99
2025-07-17,M16,Consumption,-4907.0
2025-07-17,M16,OnHandSnapshot,132178.99
2025-07-18,M16,Consumption,-5908.0
2025-07-18,M16,OnHandSnapshot,126270.99
2025-07-19,M16,Consumption,-4063.0
2025-07-19,M16,OnHandSnapshot,122207.99
2025-07-20,M16,Consumption,-4245.0
2025-07-20,M16,OnHandSnapshot,117962.99
2025-07-21,M16,Consumption,-4300.0
2025-07-21,M16,OnHandSnapshot,113662.99
2025-07-22,M16,Consumption,-4360.0
2025-07-22,M16,OnHandSnapshot,109302.99
2025-07-23,M16,Consumption,-4319.0
2025-07-23,M16,OnHandSnapshot,104983.99
2025-07-24,M16,Consumption,-5062.0
2025-07-24,M16,OnHandSnapshot,99921.99
2025-07-25,M16,Consumption,-6099.0
2025-07-25,M16,OnHandSnapshot,93822.99
2025-07-26,M16,Consumption,-4110.0
2025-07-26,M16,OnHandSnapshot,89712.99
2025-07-27,M16,Consumption,-4376.0
2025-07-27,M16,OnHandSnapshot,85336.99
2025-07-28,M16,Consumption,-4393.0
2025-07-28,M16,OnHandSnapshot,80943.99
2025-07-29,M16,Consumption,-4379.0
2025-07-29,M16,OnHandSnapshot,76564.99
2025-07-30,M16,Consumption,-4320.0
2025-07-30,M16,OnHandSnapshot,72244.99
2025-07-31,M16,Consumption,-4976.0
2025-07-31,M16,OnHandSnapshot,67268.99
2025-08-01,M16,Consumption,-5766.0
2025-08-01,M16,OnHandSnapshot,61502.99
2025-08-02,M16,Consumption,-4289.0
2025-08-02,M16,OnHandSnapshot,57213.99
2025-08-03,M16,Consumption,-4028.0
2025-08-03,M16,OnHandSnapshot,53185.99
2025-08-04,M16,Consumption,-4272.0
2025-08-04,M16,OnHandSnapshot,48913.99
2025-08-05,M16,Receipt,111272.9
2025-08-05,M16,Consumption,-4311.0
2025-08-05,M16,OnHandSnapshot,155875.88
2025-08-06,M16,Consumption,-4350.0
2025-08-06,M16,OnHandSnapshot,151525.88
2025-08-07,M16,Consumption,-5037.0
2025-08-07,M16,OnHandSnapshot,146488.88
2025-08-08,M16,Consumption,-5673.0
2025-08-08,M16,OnHandSnapshot,140815.88
2025-08-09,M16,Consumption,-4029.0
2025-08-09,M16,OnHandSnapshot,136786.88
2025-08-10,M16,Consumption,-4298.0
2025-08-10,M16,OnHandSnapshot,132488.88
2025-08-11,M16,Consumption,-4674.0
2025-08-11,M16,OnHandSnapshot,127814.88
2025-08-12,M16,Consumption,-4348.0
2025-08-12,M16,OnHandSnapshot,123466.88
2025-08-13,M16,Consumption,-4365.0
2025-08-13,M16,OnHandSnapshot,119101.88
2025-08-14,M16,Consumption,-4827.0
2025-08-14,M16,OnHandSnapshot,114274.88
2025-08-15,M16,Consumption,-5787.0
2025-08-15,M16,OnHandSnapshot,108487.88
2025-08-16,M16,Consumption,-4266.0
2025-08-16,M16,OnHandSnapshot,104221.88
2025-08-17,M16,Consumption,-4499.0
2025-08-17,M16,OnHandSnapshot,99722.88
2025-08-18,M16,Consumption,-4289.0
2025-08-18,M16,OnHandSnapshot,95433.88
2025-08-19,M16,Consumption,-4336.0
2025-08-19,M16,OnHandSnapshot,91097.88
2025-08-20,M16,Consumption,-4382.0
2025-08-20,M16,OnHandSnapshot,86715.88
2025-08-21,M16,Consumption,-5118.0
2025-08-21,M16,OnHandSnapshot,81597.88
2025-08-22,M16,Consumption,-5959.0
2025-08-22,M16,OnHandSnapshot,75638.88
2025-08-23,M16,Consumption,-4111.0
2025-08-23,M16,OnHandSnapshot,71527.88
2025-08-24,M16,Consumption,-4360.0
2025-08-24,M16,OnHandSnapshot,67167.88
2025-08-25,M16,Consumption,-4185.0
2025-08-25,M16,OnHandSnapshot,62982.88
2025-08-26,M16,Consumption,-4397.0
2025-08-26,M16,OnHandSnapshot,58585.88
2025-08-27,M16,Consumption,-4513.0
2025-08-27,M16,OnHandSnapshot,54072.88
2025-08-28,M16,Consumption,-4827.0
2025-08-28,M16,OnHandSnapshot,49245.88
2025-08-29,M16,Receipt,111272.9
2025-08-29,M16,Consumption,-5932.0
2025-08-29,M16,OnHandSnapshot,154586.78
2025-08-30,M16,Consumption,-4237.0
2025-08-30,M16,OnHandSnapshot,150349.78
2025-08-31,M16,Consumption,-4404.0
2025-08-31,M16,OnHandSnapshot,145945.78
2025-09-01,M16,Consumption,-4674.0
2025-09-01,M16,OnHandSnapshot,141271.78
2025-09-02,M16,Consumption,-4489.0
2025-09-02,M16,OnHandSnapshot,136782.78
2025-09-03,M16,Consumption,-4552.0
2025-09-03,M16,OnHandSnapshot,132230.78
2025-09-04,M16,Consumption,-5303.0
2025-09-04,M16,OnHandSnapshot,126927.78
2025-09-05,M16,Consumption,-6234.0
2025-09-05,M16,OnHandSnapshot,120693.78
2025-09-06,M16,Consumption,-4171.0
2025-09-06,M16,OnHandSnapshot,116522.78
2025-09-07,M16,Consumption,-4359.0
2025-09-07,M16,OnHandSnapshot,112163.78
2025-09-08,M16,Consumption,-4461.0
2025-09-08,M16,OnHandSnapshot,107702.78
2025-09-09,M16,Consumption,-4289.0
2025-09-09,M16,OnHandSnapshot,103413.78
2025-09-10,M16,Consumption,-4373.0
2025-09-10,M16,OnHandSnapshot,99040.78
2025-09-11,M16,Consumption,-5319.0
2025-09-11,M16,OnHandSnapshot,93721.78
2025-09-12,M16,Consumption,-5882.0
2025-09-12,M16,OnHandSnapshot,87839.78
2025-09-13,M16,Consumption,-4091.0
2025-09-13,M16,OnHandSnapshot,83748.78
2025-09-14,M16,Consumption,-4302.0
2025-09-14,M16,OnHandSnapshot,79446.78
2025-09-15,M16,Consumption,-4391.0
2025-09-15,M16,OnHandSnapshot,75055.78
2025-09-16,M16,Consumption,-4365.0
2025-09-16,M16,OnHandSnapshot,70690.78
2025-09-17,M16,Consumption,-4696.0
2025-09-17,M16,OnHandSnapshot,65994.78
2025-09-18,M16,Consumption,-5008.0
2025-09-18,M16,OnHandSnapshot,60986.78
2025-09-19,M16,Consumption,-5997.0
2025-09-19,M16,OnHandSnapshot,54989.78
2025-09-20,M16,Receipt,111272.9
2025-09-20,M16,Consumption,-4145.0
2025-09-20,M16,OnHandSnapshot,162117.68
2025-09-21,M16,Consumption,-4510.0
2025-09-21,M16,OnHandSnapshot,157607.68
2025-09-22,M16,Consumption,-4402.0
2025-09-22,M16,OnHandSnapshot,153205.68
2025-09-23,M16,Consumption,-4469.0
2025-09-23,M16,OnHandSnapshot,148736.68
2025-09-24,M16,Consumption,-4346.0
2025-09-24,M16,OnHandSnapshot,144390.68
2025-09-25,M16,Consumption,-5201.0
2025-09-25,M16,OnHandSnapshot,139189.68
2025-09-26,M16,Consumption,-6274.0
2025-09-26,M16,OnHandSnapshot,132915.68
2025-09-27,M16,Consumption,-4170.0
2025-09-27,M16,OnHandSnapshot,128745.68
2025-09-28,M16,Consumption,-4580.0
2025-09-28,M16,OnHandSnapshot,124165.68
2025-09-29,M16,Consumption,-4413.0
2025-09-29,M16,OnHandSnapshot,119752.68
2025-09-30,M16,Consumption,-4194.0
2025-09-30,M16,OnHandSnapshot,115558.68
2025-10-01,M16,Consumption,-4344.0
2025-10-01,M16,OnHandSnapshot,111214.68
2025-10-02,M16,Consumption,-5007.0
2025-10-02,M16,OnHandSnapshot,106207.68
2025-10-03,M16,Consumption,-6050.0
2025-10-03,M16,OnHandSnapshot,100157.68
2025-10-04,M16,Consumption,-4125.0
2025-10-04,M16,OnHandSnapshot,96032.68
2025-10-05,M16,Consumption,-4332.0
2025-10-05,M16,OnHandSnapshot,91700.68
2025-10-06,M16,Consumption,-4624.0
2025-10-06,M16,OnHandSnapshot,87076.68
2025-10-07,M16,Consumption,-4345.0
2025-10-07,M16,OnHandSnapshot,82731.68
2025-10-08,M16,Consumption,-4345.0
2025-10-08,M16,OnHandSnapshot,78386.68
2025-10-09,M16,Consumption,-5116.0
2025-10-09,M16,OnHandSnapshot,73270.68
2025-10-10,M16,Consumption,-5833.0
2025-10-10,M16,OnHandSnapshot,67437.68
2025-10-11,M16,Consumption,-4239.0
2025-10-11,M16,OnHandSnapshot,63198.68
2025-10-12,M16,Consumption,-4381.0
2025-10-12,M16,OnHandSnapshot,58817.68
2025-10-13,M16,Consumption,-4541.0
2025-10-13,M16,OnHandSnapshot,54276.68
2025-10-14,M16,Receipt,111272.9
2025-10-14,M16,Consumption,-4202.0
2025-10-14,M16,OnHandSnapshot,161347.58
2025-10-15,M16,Consumption,-4383.0
2025-10-15,M16,OnHandSnapshot,156964.58
2025-10-16,M16,Consumption,-5042.0
2025-10-16,M16,OnHandSnapshot,151922.58
2025-10-17,M16,Consumption,-6015.0
2025-10-17,M16,OnHandSnapshot,145907.58
2025-10-18,M16,Consumption,-4258.0
2025-10-18,M16,OnHandSnapshot,141649.58
2025-10-19,M16,Consumption,-4340.0
2025-10-19,M16,OnHandSnapshot,137309.58
2025-10-20,M16,Consumption,-4457.0
2025-10-20,M16,OnHandSnapshot,132852.58
2025-10-21,M16,Consumption,-4552.0
2025-10-21,M16,OnHandSnapshot,128300.58
2025-10-22,M16,Consumption,-4455.0
2025-10-22,M16,OnHandSnapshot,123845.58
2025-10-23,M16,Consumption,-5156.0
2025-10-23,M16,OnHandSnapshot,118689.58
2025-10-24,M16,Consumption,-5972.0
2025-10-24,M16,OnHandSnapshot,112717.58
2025-10-25,M16,Consumption,-4039.0
2025-10-25,M16,OnHandSnapshot,108678.58
2025-10-26,M16,Consumption,-4419.0
2025-10-26,M16,OnHandSnapshot,104259.58
2025-10-27,M16,Consumption,-4528.0
2025-10-27,M16,OnHandSnapshot,99731.58
2025-10-28,M16,Consumption,-4845.0
2025-10-28,M16,OnHandSnapshot,94886.58
2025-10-29,M16,Consumption,-4536.0
2025-10-29,M16,OnHandSnapshot,90350.58
2025-10-30,M16,Consumption,-5204.0
2025-10-30,M16,OnHandSnapshot,85146.58
2025-10-31,M16,Consumption,-5815.0
2025-10-31,M16,OnHandSnapshot,79331.58
2025-11-01,M16,Consumption,-4208.0
2025-11-01,M16,OnHandSnapshot,75123.58
2025-11-02,M16,Consumption,-4287.0
2025-11-02,M16,OnHandSnapshot,70836.58
2025-11-03,M16,Consumption,-4271.0
2025-11-03,M16,OnHandSnapshot,66565.58
2025-11-04,M16,Consumption,-4499.0
2025-11-04,M16,OnHandSnapshot,62066.58
2025-11-05,M16,Consumption,-4482.0
2025-11-05,M16,OnHandSnapshot,57584.58
2025-11-06,M16,Consumption,-5056.0
2025-11-06,M16,OnHandSnapshot,52528.58
2025-11-07,M16,Consumption,-6183.0
2025-11-07,M16,OnHandSnapshot,46345.58
2025-11-08,M16,Receipt,111272.9
2025-11-08,M16,Consumption,-4257.0
2025-11-08,M16,OnHandSnapshot,153361.47
2025-11-09,M16,Consumption,-4406.0
2025-11-09,M16,OnHandSnapshot,148955.47
2025-11-10,M16,Consumption,-4395.0
2025-11-10,M16,OnHandSnapshot,144560.47
2025-11-11,M16,Consumption,-4473.0
2025-11-11,M16,OnHandSnapshot,140087.47
2025-11-12,M16,Consumption,-4636.0
2025-11-12,M16,OnHandSnapshot,135451.47
2025-11-13,M16,Consumption,-5306.0
2025-11-13,M16,OnHandSnapshot,130145.47
2025-11-14,M16,Consumption,-5810.0
2025-11-14,M16,OnHandSnapshot,124335.47
2025-11-15,M16,Consumption,-4328.0
2025-11-15,M16,OnHandSnapshot,120007.47
2025-11-16,M16,Consumption,-4461.0
2025-11-16,M16,OnHandSnapshot,115546.47
2025-11-17,M16,Consumption,-4254.0
2025-11-17,M16,OnHandSnapshot,111292.47
2025-11-18,M16,Consumption,-4286.0
2025-11-18,M16,OnHandSnapshot,107006.47
2025-11-19,M16,Consumption,-4438.0
2025-11-19,M16,OnHandSnapshot,102568.47
2025-11-20,M16,Consumption,-5103.0
2025-11-20,M16,OnHandSnapshot,97465.47
2025-11-21,M16,Consumption,-6192.0
2025-11-21,M16,OnHandSnapshot,91273.47
2025-11-22,M16,Consumption,-4391.0
2025-11-22,M16,OnHandSnapshot,86882.47
2025-11-23,M16,Consumption,-4439.0
2025-11-23,M16,OnHandSnapshot,82443.47
2025-11-24,M16,Consumption,-4287.0
2025-11-24,M16,OnHandSnapshot,78156.47
2025-11-25,M16,Consumption,-4314.0
2025-11-25,M16,OnHandSnapshot,73842.47
2025-11-26,M16,Consumption,-4356.0
2025-11-26,M16,OnHandSnapshot,69486.47
2025-11-27,M16,Consumption,-5058.0
2025-11-27,M16,OnHandSnapshot,64428.47
2025-11-28,M16,Consumption,-5889.0
2025-11-28,M16,OnHandSnapshot,58539.47
2025-11-29,M16,Consumption,-4320.0
2025-11-29,M16,OnHandSnapshot,54219.47
2025-11-30,M16,Consumption,-4850.0
2025-11-30,M16,OnHandSnapshot,49369.47
2025-12-01,M16,Receipt,111272.9
2025-12-01,M16,Consumption,-4619.0
2025-12-01,M16,OnHandSnapshot,156023.37
2025-12-02,M16,Consumption,-4525.0
2025-12-02,M16,OnHandSnapshot,151498.37
2025-12-03,M16,Consumption,-4351.0
2025-12-03,M16,OnHandSnapshot,147147.37
2025-12-04,M16,Consumption,-5034.0
2025-12-04,M16,OnHandSnapshot,142113.37
2025-12-05,M16,Consumption,-6049.0
2025-12-05,M16,OnHandSnapshot,136064.37
2025-12-06,M16,Consumption,-4188.0
2025-12-06,M16,OnHandSnapshot,131876.37
2025-12-07,M16,Consumption,-4650.0
2025-12-07,M16,OnHandSnapshot,127226.37
2025-12-08,M16,Consumption,-4356.0
2025-12-08,M16,OnHandSnapshot,122870.37
2025-12-09,M16,Consumption,-4670.0
2025-12-09,M16,OnHandSnapshot,118200.37
2025-12-10,M16,Consumption,-4638.0
2025-12-10,M16,OnHandSnapshot,113562.37
2025-12-11,M16,Consumption,-5137.0
2025-12-11,M16,OnHandSnapshot,108425.37
2025-12-12,M16,Consumption,-6146.0
2025-12-12,M16,OnHandSnapshot,102279.37
2025-12-13,M16,Consumption,-4569.0
2025-12-13,M16,OnHandSnapshot,97710.37
2025-12-14,M16,Consumption,-4530.0
2025-12-14,M16,OnHandSnapshot,93180.37
2025-12-15,M16,Consumption,-4732.0
2025-12-15,M16,OnHandSnapshot,88448.37
2025-12-16,M16,Consumption,-4894.0
2025-12-16,M16,OnHandSnapshot,83554.37
2025-12-17,M16,Consumption,-4876.0
2025-12-17,M16,OnHandSnapshot,78678.37
2025-12-18,M16,Consumption,-5888.0
2025-12-18,M16,OnHandSnapshot,72790.37
2025-12-19,M16,Consumption,-7024.0
2025-12-19,M16,OnHandSnapshot,65766.37
2025-12-20,M16,Consumption,-4829.0
2025-12-20,M16,OnHandSnapshot,60937.37
2025-12-21,M16,Consumption,-5354.0
2025-12-21,M16,OnHandSnapshot,55583.37
2025-12-22,M16,Receipt,111272.9
2025-12-22,M16,Consumption,-5078.0
2025-12-22,M16,OnHandSnapshot,161778.27
2025-12-23,M16,Consumption,-5199.0
2025-12-23,M16,OnHandSnapshot,156579.27
2025-12-24,M16,Consumption,-5087.0
2025-12-24,M16,OnHandSnapshot,151492.27
2025-12-25,M16,Consumption,-5702.0
2025-12-25,M16,OnHandSnapshot,145790.27
2025-12-26,M16,Consumption,-6895.0
2025-12-26,M16,OnHandSnapshot,138895.27
2025-12-27,M16,Consumption,-4366.0
2025-12-27,M16,OnHandSnapshot,134529.27
2025-12-28,M16,Consumption,-4825.0
2025-12-28,M16,OnHandSnapshot,129704.27
2025-12-29,M16,Consumption,-4585.0
2025-12-29,M16,OnHandSnapshot,125119.27
2025-12-30,M16,Consumption,-4807.0
2025-12-30,M16,OnHandSnapshot,120312.27
2025-12-31,M16,Consumption,-4403.0
2025-12-31,M16,OnHandSnapshot,115909.27
2024-01-01,M17,Consumption,-329.75
2024-01-01,M17,OnHandSnapshot,3981.63
2024-01-02,M17,Consumption,-303.9
2024-01-02,M17,OnHandSnapshot,3677.73
2024-01-03,M17,Consumption,-303.3
2024-01-03,M17,OnHandSnapshot,3374.43
2024-01-04,M17,Consumption,-350.55
2024-01-04,M17,OnHandSnapshot,3023.88
2024-01-05,M17,Consumption,-413.25
2024-01-05,M17,OnHandSnapshot,2610.63
2024-01-06,M17,Consumption,-303.15
2024-01-06,M17,OnHandSnapshot,2307.48
2024-01-07,M17,Consumption,-303.45
2024-01-07,M17,OnHandSnapshot,2004.03
2024-01-08,M17,Receipt,8622.76
2024-01-08,M17,Consumption,-316.8
2024-01-08,M17,OnHandSnapshot,10309.99
2024-01-09,M17,Consumption,-298.75
2024-01-09,M17,OnHandSnapshot,10011.24
2024-01-10,M17,Consumption,-302.9
2024-01-10,M17,OnHandSnapshot,9708.34
2024-01-11,M17,Consumption,-374.95
2024-01-11,M17,OnHandSnapshot,9333.39
2024-01-12,M17,Consumption,-449.25
2024-01-12,M17,OnHandSnapshot,8884.14
2024-01-13,M17,Consumption,-302.4
2024-01-13,M17,OnHandSnapshot,8581.74
2024-01-14,M17,Consumption,-322.2
2024-01-14,M17,OnHandSnapshot,8259.54
2024-01-15,M17,Consumption,-319.3
2024-01-15,M17,OnHandSnapshot,7940.24
2024-01-16,M17,Consumption,-320.25
2024-01-16,M17,OnHandSnapshot,7619.99
2024-01-17,M17,Consumption,-324.0
2024-01-17,M17,OnHandSnapshot,7295.99
2024-01-18,M17,Consumption,-350.45
2024-01-18,M17,OnHandSnapshot,6945.54
2024-01-19,M17,Consumption,-424.35
2024-01-19,M17,OnHandSnapshot,6521.19
2024-01-20,M17,Consumption,-306.65
2024-01-20,M17,OnHandSnapshot,6214.54
2024-01-21,M17,Consumption,-315.15
2024-01-21,M17,OnHandSnapshot,5899.39
2024-01-22,M17,Consumption,-312.7
2024-01-22,M17,OnHandSnapshot,5586.69
2024-01-23,M17,Consumption,-336.95
2024-01-23,M17,OnHandSnapshot,5249.74
2024-01-24,M17,Consumption,-308.15
2024-01-24,M17,OnHandSnapshot,4941.59
2024-01-25,M17,Consumption,-382.9
2024-01-25,M17,OnHandSnapshot,4558.69
2024-01-26,M17,Consumption,-433.45
2024-01-26,M17,OnHandSnapshot,4125.24
2024-01-27,M17,Receipt,8622.76
2024-01-27,M17,Consumption,-314.7
2024-01-27,M17,OnHandSnapshot,12433.3
2024-01-28,M17,Consumption,-321.9
2024-01-28,M17,OnHandSnapshot,12111.4
2024-01-29,M17,Consumption,-317.6
2024-01-29,M17,OnHandSnapshot,11793.8
2024-01-30,M17,Consumption,-317.2
2024-01-30,M17,OnHandSnapshot,11476.6
2024-01-31,M17,Consumption,-327.7
2024-01-31,M17,OnHandSnapshot,11148.9
2024-02-01,M17,Consumption,-375.05
2024-02-01,M17,OnHandSnapshot,10773.85
2024-02-02,M17,Consumption,-423.95
2024-02-02,M17,OnHandSnapshot,10349.9
2024-02-03,M17,Consumption,-301.25
2024-02-03,M17,OnHandSnapshot,10048.65
2024-02-04,M17,Consumption,-317.0
2024-02-04,M17,OnHandSnapshot,9731.65
2024-02-05,M17,Consumption,-328.55
2024-02-05,M17,OnHandSnapshot,9403.1
2024-02-06,M17,Consumption,-311.4
2024-02-06,M17,OnHandSnapshot,9091.7
2024-02-07,M17,Consumption,-296.4
2024-02-07,M17,OnHandSnapshot,8795.3
2024-02-08,M17,Consumption,-364.3
2024-02-08,M17,OnHandSnapshot,8431.0
2024-02-09,M17,Consumption,-422.9
2024-02-09,M17,OnHandSnapshot,8008.1
2024-02-10,M17,Consumption,-302.5
2024-02-10,M17,OnHandSnapshot,7705.6
2024-02-11,M17,Consumption,-305.3
2024-02-11,M17,OnHandSnapshot,7400.3
2024-02-12,M17,Consumption,-332.85
2024-02-12,M17,OnHandSnapshot,7067.45
2024-02-13,M17,Consumption,-334.3
2024-02-13,M17,OnHandSnapshot,6733.15
2024-02-14,M17,Consumption,-323.2
2024-02-14,M17,OnHandSnapshot,6409.95
2024-02-15,M17,Consumption,-370.4
2024-02-15,M17,OnHandSnapshot,6039.55
2024-02-16,M17,Consumption,-428.0
2024-02-16,M17,OnHandSnapshot,5611.55
2024-02-17,M17,Consumption,-307.9
2024-02-17,M17,OnHandSnapshot,5303.65
2024-02-18,M17,Consumption,-302.55
2024-02-18,M17,OnHandSnapshot,5001.1
2024-02-19,M17,Consumption,-292.6
2024-02-19,M17,OnHandSnapshot,4708.5
2024-02-20,M17,Consumption,-306.7
2024-02-20,M17,OnHandSnapshot,4401.8
2024-02-21,M17,Receipt,8622.76
2024-02-21,M17,Consumption,-310.1
2024-02-21,M17,OnHandSnapshot,12714.47
2024-02-22,M17,Consumption,-365.2
2024-02-22,M17,OnHandSnapshot,12349.27
2024-02-23,M17,Consumption,-437.05
2024-02-23,M17,OnHandSnapshot,11912.22
2024-02-24,M17,Consumption,-297.75
2024-02-24,M17,OnHandSnapshot,11614.47
2024-02-25,M17,Consumption,-318.85
2024-02-25,M17,OnHandSnapshot,11295.62
2024-02-26,M17,Consumption,-321.45
2024-02-26,M17,OnHandSnapshot,10974.17
2024-02-27,M17,Consumption,-350.25
2024-02-27,M17,OnHandSnapshot,10623.92
2024-02-28,M17,Consumption,-309.1
2024-02-28,M17,OnHandSnapshot,10314.82
2024-02-29,M17,Consumption,-361.85
2024-02-29,M17,OnHandSnapshot,9952.97
2024-03-01,M17,Consumption,-432.25
2024-03-01,M17,OnHandSnapshot,9520.72
2024-03-02,M17,Consumption,-308.2
2024-03-02,M17,OnHandSnapshot,9212.52
2024-03-03,M17,Consumption,-346.85
2024-03-03,M17,OnHandSnapshot,8865.67
2024-03-04,M17,Consumption,-321.15
2024-03-04,M17,OnHandSnapshot,8544.52
2024-03-05,M17,Consumption,-296.85
2024-03-05,M17,OnHandSnapshot,8247.67
2024-03-06,M17,Consumption,-311.05
2024-03-06,M17,OnHandSnapshot,7936.62
2024-03-07,M17,Consumption,-366.0
2024-03-07,M17,OnHandSnapshot,7570.62
2024-03-08,M17,Consumption,-478.75
2024-03-08,M17,OnHandSnapshot,7091.87
2024-03-09,M17,Consumption,-317.45
2024-03-09,M17,OnHandSnapshot,6774.42
2024-03-10,M17,Consumption,-331.75
2024-03-10,M17,OnHandSnapshot,6442.67
2024-03-11,M17,Consumption,-354.15
2024-03-11,M17,OnHandSnapshot,6088.52
2024-03-12,M17,Consumption,-336.1
2024-03-12,M17,OnHandSnapshot,5752.42
2024-03-13,M17,Consumption,-312.95
2024-03-13,M17,OnHandSnapshot,5439.47
2024-03-14,M17,Consumption,-383.9
2024-03-14,M17,OnHandSnapshot,5055.57
2024-03-15,M17,Consumption,-425.8
2024-03-15,M17,OnHandSnapshot,4629.77
2024-03-16,M17,Receipt,8622.76
2024-03-16,M17,Consumption,-306.55
2024-03-16,M17,OnHandSnapshot,12945.98
2024-03-17,M17,Consumption,-302.2
2024-03-17,M17,OnHandSnapshot,12643.78
2024-03-18,M17,Consumption,-323.15
2024-03-18,M17,OnHandSnapshot,12320.63
2024-03-19,M17,Consumption,-333.25
2024-03-19,M17,OnHandSnapshot,11987.38
2024-03-20,M17,Consumption,-308.65
2024-03-20,M17,OnHandSnapshot,11678.73
2024-03-21,M17,Consumption,-398.7
2024-03-21,M17,OnHandSnapshot,11280.03
2024-03-22,M17,Consumption,-425.8
2024-03-22,M17,OnHandSnapshot,10854.23
2024-03-23,M17,Consumption,-300.1
2024-03-23,M17,OnHandSnapshot,10554.13
2024-03-24,M17,Consumption,-335.6
2024-03-24,M17,OnHandSnapshot,10218.53
2024-03-25,M17,Consumption,-317.3
2024-03-25,M17,OnHandSnapshot,9901.23
2024-03-26,M17,Consumption,-343.1
2024-03-26,M17,OnHandSnapshot,9558.13
2024-03-27,M17,Consumption,-320.35
2024-03-27,M17,OnHandSnapshot,9237.78
2024-03-28,M17,Consumption,-355.8
2024-03-28,M17,OnHandSnapshot,8881.98
2024-03-29,M17,Consumption,-452.45
2024-03-29,M17,OnHandSnapshot,8429.53
2024-03-30,M17,Consumption,-298.8
2024-03-30,M17,OnHandSnapshot,8130.73
2024-03-31,M17,Consumption,-352.75
2024-03-31,M17,OnHandSnapshot,7777.98
2024-04-01,M17,Consumption,-326.9
2024-04-01,M17,OnHandSnapshot,7451.08
2024-04-02,M17,Consumption,-317.0
2024-04-02,M17,OnHandSnapshot,7134.08
2024-04-03,M17,Consumption,-306.25
2024-04-03,M17,OnHandSnapshot,6827.83
2024-04-04,M17,Consumption,-369.65
2024-04-04,M17,OnHandSnapshot,6458.18
2024-04-05,M17,Consumption,-463.05
2024-04-05,M17,OnHandSnapshot,5995.13
2024-04-06,M17,Consumption,-306.5
2024-04-06,M17,OnHandSnapshot,5688.63
2024-04-07,M17,Consumption,-323.15
2024-04-07,M17,OnHandSnapshot,5365.48
2024-04-08,M17,Consumption,-302.05
2024-04-08,M17,OnHandSnapshot,5063.43
2024-04-09,M17,Consumption,-318.1
2024-04-09,M17,OnHandSnapshot,4745.33
2024-04-10,M17,Consumption,-341.4
2024-04-10,M17,OnHandSnapshot,4403.93
2024-04-11,M17,Consumption,-370.25
2024-04-11,M17,OnHandSnapshot,4033.68
2024-04-12,M17,Receipt,8622.76
2024-04-12,M17,Consumption,-446.05
2024-04-12,M17,OnHandSnapshot,12210.39
2024-04-13,M17,Consumption,-297.25
2024-04-13,M17,OnHandSnapshot,11913.14
2024-04-14,M17,Consumption,-303.95
2024-04-14,M17,OnHandSnapshot,11609.19
2024-04-15,M17,Consumption,-298.85
2024-04-15,M17,OnHandSnapshot,11310.34
2024-04-16,M17,Consumption,-312.7
2024-04-16,M17,OnHandSnapshot,10997.64
2024-04-17,M17,Consumption,-321.7
2024-04-17,M17,OnHandSnapshot,10675.94
2024-04-18,M17,Consumption,-385.7
2024-04-18,M17,OnHandSnapshot,10290.24
2024-04-19,M17,Consumption,-436.9
2024-04-19,M17,OnHandSnapshot,9853.34
2024-04-20,M17,Consumption,-283.75
2024-04-20,M17,OnHandSnapshot,9569.59
2024-04-21,M17,Consumption,-355.2
2024-04-21,M17,OnHandSnapshot,9214.39
2024-04-22,M17,Consumption,-334.9
2024-04-22,M17,OnHandSnapshot,8879.49
2024-04-23,M17,Consumption,-307.75
2024-04-23,M17,OnHandSnapshot,8571.74
2024-04-24,M17,Consumption,-323.6
2024-04-24,M17,OnHandSnapshot,8248.14
2024-04-25,M17,Consumption,-375.95
2024-04-25,M17,OnHandSnapshot,7872.19
2024-04-26,M17,Consumption,-432.8
2024-04-26,M17,OnHandSnapshot,7439.39
2024-04-27,M17,Consumption,-302.75
2024-04-27,M17,OnHandSnapshot,7136.64
2024-04-28,M17,Consumption,-302.4
2024-04-28,M17,OnHandSnapshot,6834.24
2024-04-29,M17,Consumption,-321.85
2024-04-29,M17,OnHandSnapshot,6512.39
2024-04-30,M17,Consumption,-321.1
2024-04-30,M17,OnHandSnapshot,6191.29
2024-05-01,M17,Consumption,-309.05
2024-05-01,M17,OnHandSnapshot,5882.24
2024-05-02,M17,Consumption,-353.1
2024-05-02,M17,OnHandSnapshot,5529.14
2024-05-03,M17,Consumption,-401.15
2024-05-03,M17,OnHandSnapshot,5127.99
2024-05-04,M17,Consumption,-321.1
2024-05-04,M17,OnHandSnapshot,4806.89
2024-05-05,M17,Consumption,-322.4
2024-05-05,M17,OnHandSnapshot,4484.49
2024-05-06,M17,Consumption,-304.4
2024-05-06,M17,OnHandSnapshot,4180.09
2024-05-07,M17,Receipt,8622.76
2024-05-07,M17,Consumption,-361.0
2024-05-07,M17,OnHandSnapshot,12441.85
2024-05-08,M17,Consumption,-315.1
2024-05-08,M17,OnHandSnapshot,12126.75
2024-05-09,M17,Consumption,-364.55
2024-05-09,M17,OnHandSnapshot,11762.2
2024-05-10,M17,Consumption,-435.6
2024-05-10,M17,OnHandSnapshot,11326.6
2024-05-11,M17,Consumption,-306.7
2024-05-11,M17,OnHandSnapshot,11019.9
2024-05-12,M17,Consumption,-314.1
2024-05-12,M17,OnHandSnapshot,10705.8
2024-05-13,M17,Consumption,-315.45
2024-05-13,M17,OnHandSnapshot,10390.35
2024-05-14,M17,Consumption,-327.0
2024-05-14,M17,OnHandSnapshot,10063.35
2024-05-15,M17,Consumption,-356.5
2024-05-15,M17,OnHandSnapshot,9706.85
2024-05-16,M17,Consumption,-376.2
2024-05-16,M17,OnHandSnapshot,9330.65
2024-05-17,M17,Consumption,-423.55
2024-05-17,M17,OnHandSnapshot,8907.1
2024-05-18,M17,Consumption,-308.3
2024-05-18,M17,OnHandSnapshot,8598.8
2024-05-19,M17,Consumption,-342.0
2024-05-19,M17,OnHandSnapshot,8256.8
2024-05-20,M17,Consumption,-307.45
2024-05-20,M17,OnHandSnapshot,7949.35
2024-05-21,M17,Consumption,-342.3
2024-05-21,M17,OnHandSnapshot,7607.05
2024-05-22,M17,Consumption,-298.5
2024-05-22,M17,OnHandSnapshot,7308.55
2024-05-23,M17,Consumption,-345.2
2024-05-23,M17,OnHandSnapshot,6963.35
2024-05-24,M17,Consumption,-432.6
2024-05-24,M17,OnHandSnapshot,6530.75
2024-05-25,M17,Consumption,-309.85
2024-05-25,M17,OnHandSnapshot,6220.9
2024-05-26,M17,Consumption,-301.0
2024-05-26,M17,OnHandSnapshot,5919.9
2024-05-27,M17,Consumption,-328.75
2024-05-27,M17,OnHandSnapshot,5591.15
2024-05-28,M17,Consumption,-326.9
2024-05-28,M17,OnHandSnapshot,5264.25
2024-05-29,M17,Consumption,-321.8
2024-05-29,M17,OnHandSnapshot,4942.45
2024-05-30,M17,Consumption,-357.3
2024-05-30,M17,OnHandSnapshot,4585.15
2024-05-31,M17,Consumption,-438.65
2024-05-31,M17,OnHandSnapshot,4146.5
2024-06-01,M17,Consumption,-306.7
2024-06-01,M17,OnHandSnapshot,3839.8
2024-06-02,M17,Consumption,-345.5
2024-06-02,M17,OnHandSnapshot,3494.3
2024-06-03,M17,Consumption,-313.7
2024-06-03,M17,OnHandSnapshot,3180.6
2024-06-04,M17,Receipt,8622.76
2024-06-04,M17,Consumption,-299.45
2024-06-04,M17,OnHandSnapshot,11503.91
2024-06-05,M17,Consumption,-346.3
2024-06-05,M17,OnHandSnapshot,11157.61
2024-06-06,M17,Consumption,-383.3
2024-06-06,M17,OnHandSnapshot,10774.31
2024-06-07,M17,Consumption,-443.4
2024-06-07,M17,OnHandSnapshot,10330.91
2024-06-08,M17,Consumption,-313.4
2024-06-08,M17,OnHandSnapshot,10017.51
2024-06-09,M17,Consumption,-324.7
2024-06-09,M17,OnHandSnapshot,9692.81
2024-06-10,M17,Consumption,-324.65
2024-06-10,M17,OnHandSnapshot,9368.16
2024-06-11,M17,Consumption,-325.75
2024-06-11,M17,OnHandSnapshot,9042.41
2024-06-12,M17,Consumption,-319.4
2024-06-12,M17,OnHandSnapshot,8723.01
2024-06-13,M17,Consumption,-378.75
2024-06-13,M17,OnHandSnapshot,8344.26
2024-06-14,M17,Consumption,-438.95
2024-06-14,M17,OnHandSnapshot,7905.31
2024-06-15,M17,Consumption,-290.6
2024-06-15,M17,OnHandSnapshot,7614.71
2024-06-16,M17,Consumption,-334.55
2024-06-16,M17,OnHandSnapshot,7280.16
2024-06-17,M17,Consumption,-309.3
2024-06-17,M17,OnHandSnapshot,6970.86
2024-06-18,M17,Consumption,-311.75
2024-06-18,M17,OnHandSnapshot,6659.11
2024-06-19,M17,Consumption,-303.65
2024-06-19,M17,OnHandSnapshot,6355.46
2024-06-20,M17,Consumption,-379.5
2024-06-20,M17,OnHandSnapshot,5975.96
2024-06-21,M17,Consumption,-445.05
2024-06-21,M17,OnHandSnapshot,5530.91
2024-06-22,M17,Consumption,-318.25
2024-06-22,M17,OnHandSnapshot,5212.66
2024-06-23,M17,Consumption,-317.95
2024-06-23,M17,OnHandSnapshot,4894.71
2024-06-24,M17,Consumption,-313.4
2024-06-24,M17,OnHandSnapshot,4581.31
2024-06-25,M17,Consumption,-310.1
2024-06-25,M17,OnHandSnapshot,4271.21
2024-06-26,M17,Consumption,-302.4
2024-06-26,M17,OnHandSnapshot,3968.81
2024-06-27,M17,Receipt,8622.76
2024-06-27,M17,Consumption,-371.05
2024-06-27,M17,OnHandSnapshot,12220.52
2024-06-28,M17,Consumption,-440.45
2024-06-28,M17,OnHandSnapshot,11780.07
2024-06-29,M17,Consumption,-333.0
2024-06-29,M17,OnHandSnapshot,11447.07
2024-06-30,M17,Consumption,-336.05
2024-06-30,M17,OnHandSnapshot,11111.02
2024-07-01,M17,Consumption,-303.0
2024-07-01,M17,OnHandSnapshot,10808.02
2024-07-02,M17,Consumption,-310.65
2024-07-02,M17,OnHandSnapshot,10497.37
2024-07-03,M17,Consumption,-323.3
2024-07-03,M17,OnHandSnapshot,10174.07
2024-07-04,M17,Consumption,-390.25
2024-07-04,M17,OnHandSnapshot,9783.82
2024-07-05,M17,Consumption,-412.3
2024-07-05,M17,OnHandSnapshot,9371.52
2024-07-06,M17,Consumption,-285.2
2024-07-06,M17,OnHandSnapshot,9086.32
2024-07-07,M17,Consumption,-313.25
2024-07-07,M17,OnHandSnapshot,8773.07
2024-07-08,M17,Consumption,-340.5
2024-07-08,M17,OnHandSnapshot,8432.57
2024-07-09,M17,Consumption,-326.3
2024-07-09,M17,OnHandSnapshot,8106.27
2024-07-10,M17,Consumption,-364.7
2024-07-10,M17,OnHandSnapshot,7741.57
2024-07-11,M17,Consumption,-400.85
2024-07-11,M17,OnHandSnapshot,7340.72
2024-07-12,M17,Consumption,-445.25
2024-07-12,M17,OnHandSnapshot,6895.47
2024-07-13,M17,Consumption,-350.9
2024-07-13,M17,OnHandSnapshot,6544.57
2024-07-14,M17,Consumption,-317.8
2024-07-14,M17,OnHandSnapshot,6226.77
2024-07-15,M17,Consumption,-319.6
2024-07-15,M17,OnHandSnapshot,5907.17
2024-07-16,M17,Consumption,-314.95
2024-07-16,M17,OnHandSnapshot,5592.22
2024-07-17,M17,Consumption,-335.55
2024-07-17,M17,OnHandSnapshot,5256.67
2024-07-18,M17,Consumption,-368.85
2024-07-18,M17,OnHandSnapshot,4887.82
2024-07-19,M17,Consumption,-473.6
2024-07-19,M17,OnHandSnapshot,4414.22
2024-07-20,M17,Consumption,-318.2
2024-07-20,M17,OnHandSnapshot,4096.02
2024-07-21,M17,Receipt,8622.76
2024-07-21,M17,Consumption,-324.15
2024-07-21,M17,OnHandSnapshot,12394.64
2024-07-22,M17,Consumption,-329.05
2024-07-22,M17,OnHandSnapshot,12065.59
2024-07-23,M17,Consumption,-321.85
2024-07-23,M17,OnHandSnapshot,11743.74
2024-07-24,M17,Consumption,-329.4
2024-07-24,M17,OnHandSnapshot,11414.34
2024-07-25,M17,Consumption,-358.35
2024-07-25,M17,OnHandSnapshot,11055.99
2024-07-26,M17,Consumption,-404.05
2024-07-26,M17,OnHandSnapshot,10651.94
2024-07-27,M17,Consumption,-321.65
2024-07-27,M17,OnHandSnapshot,10330.29
2024-07-28,M17,Consumption,-330.2
2024-07-28,M17,OnHandSnapshot,10000.09
2024-07-29,M17,Consumption,-324.6
2024-07-29,M17,OnHandSnapshot,9675.49
2024-07-30,M17,Consumption,-345.4
2024-07-30,M17,OnHandSnapshot,9330.09
2024-07-31,M17,Consumption,-319.75
2024-07-31,M17,OnHandSnapshot,9010.34
2024-08-01,M17,Consumption,-386.75
2024-08-01,M17,OnHandSnapshot,8623.59
2024-08-02,M17,Consumption,-451.75
2024-08-02,M17,OnHandSnapshot,8171.84
2024-08-03,M17,Consumption,-326.1
2024-08-03,M17,OnHandSnapshot,7845.74
2024-08-04,M17,Consumption,-312.95
2024-08-04,M17,OnHandSnapshot,7532.79
2024-08-05,M17,Consumption,-339.25
2024-08-05,M17,OnHandSnapshot,7193.54
2024-08-06,M17,Consumption,-318.9
2024-08-06,M17,OnHandSnapshot,6874.64
2024-08-07,M17,Consumption,-311.15
2024-08-07,M17,OnHandSnapshot,6563.49
2024-08-08,M17,Consumption,-368.7
2024-08-08,M17,OnHandSnapshot,6194.79
2024-08-09,M17,Consumption,-430.05
2024-08-09,M17,OnHandSnapshot,5764.74
2024-08-10,M17,Consumption,-304.75
2024-08-10,M17,OnHandSnapshot,5459.99
2024-08-11,M17,Consumption,-343.0
2024-08-11,M17,OnHandSnapshot,5116.99
2024-08-12,M17,Consumption,-341.25
2024-08-12,M17,OnHandSnapshot,4775.74
2024-08-13,M17,Consumption,-332.3
2024-08-13,M17,OnHandSnapshot,4443.44
2024-08-14,M17,Consumption,-327.15
2024-08-14,M17,OnHandSnapshot,4116.29
2024-08-15,M17,Consumption,-384.45
2024-08-15,M17,OnHandSnapshot,3731.84
2024-08-16,M17,Receipt,8622.76
2024-08-16,M17,Consumption,-443.2
2024-08-16,M17,OnHandSnapshot,11911.4
2024-08-17,M17,Consumption,-328.55
2024-08-17,M17,OnHandSnapshot,11582.85
2024-08-18,M17,Consumption,-329.3
2024-08-18,M17,OnHandSnapshot,11253.55
2024-08-19,M17,Consumption,-330.1
2024-08-19,M17,OnHandSnapshot,10923.45
2024-08-20,M17,Consumption,-366.3
2024-08-20,M17,OnHandSnapshot,10557.15
2024-08-21,M17,Consumption,-341.6
2024-08-21,M17,OnHandSnapshot,10215.55
2024-08-22,M17,Consumption,-390.1
2024-08-22,M17,OnHandSnapshot,9825.45
2024-08-23,M17,Consumption,-445.55
2024-08-23,M17,OnHandSnapshot,9379.9
2024-08-24,M17,Consumption,-327.1
2024-08-24,M17,OnHandSnapshot,9052.8
2024-08-25,M17,Consumption,-352.45
2024-08-25,M17,OnHandSnapshot,8700.35
2024-08-26,M17,Consumption,-354.3
2024-08-26,M17,OnHandSnapshot,8346.05
2024-08-27,M17,Consumption,-334.9
2024-08-27,M17,OnHandSnapshot,8011.15
2024-08-28,M17,Consumption,-343.0
2024-08-28,M17,OnHandSnapshot,7668.15
2024-08-29,M17,Consumption,-389.85
2024-08-29,M17,OnHandSnapshot,7278.3
2024-08-30,M17,Consumption,-468.0
2024-08-30,M17,OnHandSnapshot,6810.3
2024-08-31,M17,Consumption,-310.1
2024-08-31,M17,OnHandSnapshot,6500.2
2024-09-01,M17,Consumption,-346.15
2024-09-01,M17,OnHandSnapshot,6154.05
2024-09-02,M17,Consumption,-324.05
2024-09-02,M17,OnHandSnapshot,5830.0
2024-09-03,M17,Consumption,-335.95
2024-09-03,M17,OnHandSnapshot,5494.05
2024-09-04,M17,Consumption,-334.3
2024-09-04,M17,OnHandSnapshot,5159.75
2024-09-05,M17,Consumption,-350.15
2024-09-05,M17,OnHandSnapshot,4809.6
2024-09-06,M17,Consumption,-441.15
2024-09-06,M17,OnHandSnapshot,4368.45
2024-09-07,M17,Receipt,8622.76
2024-09-07,M17,Consumption,-311.4
2024-09-07,M17,OnHandSnapshot,12679.81
2024-09-08,M17,Consumption,-330.0
2024-09-08,M17,OnHandSnapshot,12349.81
2024-09-09,M17,Consumption,-337.7
2024-09-09,M17,OnHandSnapshot,12012.11
2024-09-10,M17,Consumption,-327.4
2024-09-10,M17,OnHandSnapshot,11684.71
2024-09-11,M17,Consumption,-343.4
2024-09-11,M17,OnHandSnapshot,11341.31
2024-09-12,M17,Consumption,-366.55
2024-09-12,M17,OnHandSnapshot,10974.76
2024-09-13,M17,Consumption,-462.2
2024-09-13,M17,OnHandSnapshot,10512.56
2024-09-14,M17,Consumption,-300.65
2024-09-14,M17,OnHandSnapshot,10211.91
2024-09-15,M17,Consumption,-355.5
2024-09-15,M17,OnHandSnapshot,9856.41
2024-09-16,M17,Consumption,-347.35
2024-09-16,M17,OnHandSnapshot,9509.06
2024-09-17,M17,Consumption,-329.25
2024-09-17,M17,OnHandSnapshot,9179.81
2024-09-18,M17,Consumption,-316.45
2024-09-18,M17,OnHandSnapshot,8863.36
2024-09-19,M17,Consumption,-377.7
2024-09-19,M17,OnHandSnapshot,8485.66
2024-09-20,M17,Consumption,-456.2
2024-09-20,M17,OnHandSnapshot,8029.46
2024-09-21,M17,Consumption,-327.15
2024-09-21,M17,OnHandSnapshot,7702.31
2024-09-22,M17,Consumption,-312.15
2024-09-22,M17,OnHandSnapshot,7390.16
2024-09-23,M17,Consumption,-333.7
2024-09-23,M17,OnHandSnapshot,7056.46
2024-09-24,M17,Consumption,-339.55
2024-09-24,M17,OnHandSnapshot,6716.91
2024-09-25,M17,Consumption,-330.9
2024-09-25,M17,OnHandSnapshot,6386.01
2024-09-26,M17,Consumption,-375.3
2024-09-26,M17,OnHandSnapshot,6010.71
2024-09-27,M17,Consumption,-432.65
2024-09-27,M17,OnHandSnapshot,5578.06
2024-09-28,M17,Consumption,-319.1
2024-09-28,M17,OnHandSnapshot,5258.96
2024-09-29,M17,Consumption,-339.05
2024-09-29,M17,OnHandSnapshot,4919.91
2024-09-30,M17,Consumption,-303.4
2024-09-30,M17,OnHandSnapshot,4616.51
2024-10-01,M17,Consumption,-326.4
2024-10-01,M17,OnHandSnapshot,4290.11
2024-10-02,M17,Consumption,-329.25
2024-10-02,M17,OnHandSnapshot,3960.86
2024-10-03,M17,Consumption,-373.35
2024-10-03,M17,OnHandSnapshot,3587.51
2024-10-04,M17,Consumption,-435.35
2024-10-04,M17,OnHandSnapshot,3152.16
2024-10-05,M17,Receipt,8622.76
2024-10-05,M17,Consumption,-325.7
2024-10-05,M17,OnHandSnapshot,11449.22
2024-10-06,M17,Consumption,-340.25
2024-10-06,M17,OnHandSnapshot,11108.97
2024-10-07,M17,Consumption,-336.05
2024-10-07,M17,OnHandSnapshot,10772.92
2024-10-08,M17,Consumption,-309.3
2024-10-08,M17,OnHandSnapshot,10463.62
2024-10-09,M17,Consumption,-358.15
2024-10-09,M17,OnHandSnapshot,10105.47
2024-10-10,M17,Consumption,-398.2
2024-10-10,M17,OnHandSnapshot,9707.27
2024-10-11,M17,Consumption,-434.85
2024-10-11,M17,OnHandSnapshot,9272.42
2024-10-12,M17,Consumption,-285.05
2024-10-12,M17,OnHandSnapshot,8987.37
2024-10-13,M17,Consumption,-336.2
2024-10-13,M17,OnHandSnapshot,8651.17
2024-10-14,M17,Consumption,-311.25
2024-10-14,M17,OnHandSnapshot,8339.92
2024-10-15,M17,Consumption,-334.75
2024-10-15,M17,OnHandSnapshot,8005.17
2024-10-16,M17,Consumption,-344.4
2024-10-16,M17,OnHandSnapshot,7660.77
2024-10-17,M17,Consumption,-384.4
2024-10-17,M17,OnHandSnapshot,7276.37
2024-10-18,M17,Consumption,-446.8
2024-10-18,M17,OnHandSnapshot,6829.57
2024-10-19,M17,Consumption,-338.1
2024-10-19,M17,OnHandSnapshot,6491.47
2024-10-20,M17,Consumption,-334.5
2024-10-20,M17,OnHandSnapshot,6156.97
2024-10-21,M17,Consumption,-338.05
2024-10-21,M17,OnHandSnapshot,5818.92
2024-10-22,M17,Consumption,-328.75
2024-10-22,M17,OnHandSnapshot,5490.17
2024-10-23,M17,Consumption,-342.1
2024-10-23,M17,OnHandSnapshot,5148.07
2024-10-24,M17,Consumption,-376.4
2024-10-24,M17,OnHandSnapshot,4771.67
2024-10-25,M17,Consumption,-438.05
2024-10-25,M17,OnHandSnapshot,4333.62
2024-10-26,M17,Consumption,-314.2
2024-10-26,M17,OnHandSnapshot,4019.42
2024-10-27,M17,Receipt,8622.76
2024-10-27,M17,Consumption,-324.45
2024-10-27,M17,OnHandSnapshot,12317.73
2024-10-28,M17,Consumption,-354.95
2024-10-28,M17,OnHandSnapshot,11962.78
2024-10-29,M17,Consumption,-335.65
2024-10-29,M17,OnHandSnapshot,11627.13
2024-10-30,M17,Consumption,-332.25
2024-10-30,M17,OnHandSnapshot,11294.88
2024-10-31,M17,Consumption,-392.3
2024-10-31,M17,OnHandSnapshot,10902.58
2024-11-01,M17,Consumption,-434.9
2024-11-01,M17,OnHandSnapshot,10467.68
2024-11-02,M17,Consumption,-313.15
2024-11-02,M17,OnHandSnapshot,10154.53
2024-11-03,M17,Consumption,-347.85
2024-11-03,M17,OnHandSnapshot,9806.68
2024-11-04,M17,Consumption,-339.2
2024-11-04,M17,OnHandSnapshot,9467.48
2024-11-05,M17,Consumption,-316.5
2024-11-05,M17,OnHandSnapshot,9150.98
2024-11-06,M17,Consumption,-328.6
2024-11-06,M17,OnHandSnapshot,8822.38
2024-11-07,M17,Consumption,-389.1
2024-11-07,M17,OnHandSnapshot,8433.28
2024-11-08,M17,Consumption,-446.45
2024-11-08,M17,OnHandSnapshot,7986.83
2024-11-09,M17,Consumption,-328.0
2024-11-09,M17,OnHandSnapshot,7658.83
2024-11-10,M17,Consumption,-312.85
2024-11-10,M17,OnHandSnapshot,7345.98
2024-11-11,M17,Consumption,-341.4
2024-11-11,M17,OnHandSnapshot,7004.58
2024-11-12,M17,Consumption,-333.05
2024-11-12,M17,OnHandSnapshot,6671.53
2024-11-13,M17,Consumption,-326.9
2024-11-13,M17,OnHandSnapshot,6344.63
2024-11-14,M17,Consumption,-400.3
2024-11-14,M17,OnHandSnapshot,5944.33
2024-11-15,M17,Consumption,-447.35
2024-11-15,M17,OnHandSnapshot,5496.98
2024-11-16,M17,Consumption,-330.15
2024-11-16,M17,OnHandSnapshot,5166.83
2024-11-17,M17,Consumption,-332.65
2024-11-17,M17,OnHandSnapshot,4834.18
2024-11-18,M17,Consumption,-343.15
2024-11-18,M17,OnHandSnapshot,4491.03
2024-11-19,M17,Consumption,-325.0
2024-11-19,M17,OnHandSnapshot,4166.03
2024-11-20,M17,Consumption,-345.5
2024-11-20,M17,OnHandSnapshot,3820.53
2024-11-21,M17,Receipt,8622.76
2024-11-21,M17,Consumption,-385.7
2024-11-21,M17,OnHandSnapshot,12057.59
2024-11-22,M17,Consumption,-439.95
2024-11-22,M17,OnHandSnapshot,11617.64
2024-11-23,M17,Consumption,-303.5
2024-11-23,M17,OnHandSnapshot,11314.14
2024-11-24,M17,Consumption,-346.8
2024-11-24,M17,OnHandSnapshot,10967.34
2024-11-25,M17,Consumption,-328.85
2024-11-25,M17,OnHandSnapshot,10638.49
2024-11-26,M17,Consumption,-322.7
2024-11-26,M17,OnHandSnapshot,10315.79
2024-11-27,M17,Consumption,-329.85
2024-11-27,M17,OnHandSnapshot,9985.94
2024-11-28,M17,Consumption,-386.75
2024-11-28,M17,OnHandSnapshot,9599.19
2024-11-29,M17,Consumption,-439.85
2024-11-29,M17,OnHandSnapshot,9159.34
2024-11-30,M17,Consumption,-319.75
2024-11-30,M17,OnHandSnapshot,8839.59
2024-12-01,M17,Consumption,-337.35
2024-12-01,M17,OnHandSnapshot,8502.24
2024-12-02,M17,Consumption,-350.35
2024-12-02,M17,OnHandSnapshot,8151.89
2024-12-03,M17,Consumption,-327.9
2024-12-03,M17,OnHandSnapshot,7823.99
2024-12-04,M17,Consumption,-334.75
2024-12-04,M17,OnHandSnapshot,7489.24
2024-12-05,M17,Consumption,-377.6
2024-12-05,M17,OnHandSnapshot,7111.64
2024-12-06,M17,Consumption,-442.9
2024-12-06,M17,OnHandSnapshot,6668.74
2024-12-07,M17,Consumption,-305.25
2024-12-07,M17,OnHandSnapshot,6363.49
2024-12-08,M17,Consumption,-323.95
2024-12-08,M17,OnHandSnapshot,6039.54
2024-12-09,M17,Consumption,-332.35
2024-12-09,M17,OnHandSnapshot,5707.19
2024-12-10,M17,Consumption,-313.2
2024-12-10,M17,OnHandSnapshot,5393.99
2024-12-11,M17,Consumption,-317.4
2024-12-11,M17,OnHandSnapshot,5076.59
2024-12-12,M17,Consumption,-406.0
2024-12-12,M17,OnHandSnapshot,4670.59
2024-12-13,M17,Consumption,-449.3
2024-12-13,M17,OnHandSnapshot,4221.29
2024-12-14,M17,Consumption,-312.6
2024-12-14,M17,OnHandSnapshot,3908.69
2024-12-15,M17,Receipt,8622.76
2024-12-15,M17,Consumption,-310.25
2024-12-15,M17,OnHandSnapshot,12221.21
2024-12-16,M17,Consumption,-354.1
2024-12-16,M17,OnHandSnapshot,11867.11
2024-12-17,M17,Consumption,-328.35
2024-12-17,M17,OnHandSnapshot,11538.76
2024-12-18,M17,Consumption,-363.95
2024-12-18,M17,OnHandSnapshot,11174.81
2024-12-19,M17,Consumption,-393.9
2024-12-19,M17,OnHandSnapshot,10780.91
2024-12-20,M17,Consumption,-461.0
2024-12-20,M17,OnHandSnapshot,10319.91
2024-12-21,M17,Consumption,-294.2
2024-12-21,M17,OnHandSnapshot,10025.71
2024-12-22,M17,Consumption,-328.9
2024-12-22,M17,OnHandSnapshot,9696.81
2024-12-23,M17,Consumption,-365.2
2024-12-23,M17,OnHandSnapshot,9331.61
2024-12-24,M17,Consumption,-339.3
2024-12-24,M17,OnHandSnapshot,8992.31
2024-12-25,M17,Consumption,-349.4
2024-12-25,M17,OnHandSnapshot,8642.91
2024-12-26,M17,Consumption,-367.25
2024-12-26,M17,OnHandSnapshot,8275.66
2024-12-27,M17,Consumption,-476.1
2024-12-27,M17,OnHandSnapshot,7799.56
2024-12-28,M17,Consumption,-338.05
2024-12-28,M17,OnHandSnapshot,7461.51
2024-12-29,M17,Consumption,-338.3
2024-12-29,M17,OnHandSnapshot,7123.21
2024-12-30,M17,Consumption,-368.0
2024-12-30,M17,OnHandSnapshot,6755.21
2024-12-31,M17,Consumption,-332.8
2024-12-31,M17,OnHandSnapshot,6422.41
2025-01-01,M17,Consumption,-316.9
2025-01-01,M17,OnHandSnapshot,6105.51
2025-01-02,M17,Consumption,-381.45
2025-01-02,M17,OnHandSnapshot,5724.06
2025-01-03,M17,Consumption,-440.2
2025-01-03,M17,OnHandSnapshot,5283.86
2025-01-04,M17,Consumption,-310.85
2025-01-04,M17,OnHandSnapshot,4973.01
2025-01-05,M17,Consumption,-351.4
2025-01-05,M17,OnHandSnapshot,4621.61
2025-01-06,M17,Consumption,-337.1
2025-01-06,M17,OnHandSnapshot,4284.51
2025-01-07,M17,Consumption,-332.4
2025-01-07,M17,OnHandSnapshot,3952.11
2025-01-08,M17,Receipt,8622.76
2025-01-08,M17,Consumption,-331.35
2025-01-08,M17,OnHandSnapshot,12243.52
2025-01-09,M17,Consumption,-401.1
2025-01-09,M17,OnHandSnapshot,11842.42
2025-01-10,M17,Consumption,-444.35
2025-01-10,M17,OnHandSnapshot,11398.07
2025-01-11,M17,Consumption,-327.3
2025-01-11,M17,OnHandSnapshot,11070.77
2025-01-12,M17,Consumption,-346.75
2025-01-12,M17,OnHandSnapshot,10724.02
2025-01-13,M17,Consumption,-343.75
2025-01-13,M17,OnHandSnapshot,10380.27
2025-01-14,M17,Consumption,-319.75
2025-01-14,M17,OnHandSnapshot,10060.52
2025-01-15,M17,Consumption,-350.5
2025-01-15,M17,OnHandSnapshot,9710.02
2025-01-16,M17,Consumption,-385.65
2025-01-16,M17,OnHandSnapshot,9324.37
2025-01-17,M17,Consumption,-451.8
2025-01-17,M17,OnHandSnapshot,8872.57
2025-01-18,M17,Consumption,-325.0
2025-01-18,M17,OnHandSnapshot,8547.57
2025-01-19,M17,Consumption,-317.5
2025-01-19,M17,OnHandSnapshot,8230.07
2025-01-20,M17,Consumption,-350.25
2025-01-20,M17,OnHandSnapshot,7879.82
2025-01-21,M17,Consumption,-317.6
2025-01-21,M17,OnHandSnapshot,7562.22
2025-01-22,M17,Consumption,-353.5
2025-01-22,M17,OnHandSnapshot,7208.72
2025-01-23,M17,Consumption,-405.9
2025-01-23,M17,OnHandSnapshot,6802.82
2025-01-24,M17,Consumption,-484.7
2025-01-24,M17,OnHandSnapshot,6318.12
2025-01-25,M17,Consumption,-332.05
2025-01-25,M17,OnHandSnapshot,5986.07
2025-01-26,M17,Consumption,-349.65
2025-01-26,M17,OnHandSnapshot,5636.42
2025-01-27,M17,Consumption,-359.7
2025-01-27,M17,OnHandSnapshot,5276.72
2025-01-28,M17,Consumption,-337.8
2025-01-28,M17,OnHandSnapshot,4938.92
2025-01-29,M17,Receipt,8622.76
2025-01-29,M17,Consumption,-339.95
2025-01-29,M17,OnHandSnapshot,13221.73
2025-01-30,M17,Consumption,-395.75
2025-01-30,M17,OnHandSnapshot,12825.98
2025-01-31,M17,Consumption,-454.15
2025-01-31,M17,OnHandSnapshot,12371.83
2025-02-01,M17,Consumption,-305.95
2025-02-01,M17,OnHandSnapshot,12065.88
2025-02-02,M17,Consumption,-343.3
2025-02-02,M17,OnHandSnapshot,11722.58
2025-02-03,M17,Consumption,-323.8
2025-02-03,M17,OnHandSnapshot,11398.78
2025-02-04,M17,Consumption,-307.9
2025-02-04,M17,OnHandSnapshot,11090.88
2025-02-05,M17,Consumption,-361.15
2025-02-05,M17,OnHandSnapshot,10729.73
2025-02-06,M17,Consumption,-397.3
2025-02-06,M17,OnHandSnapshot,10332.43
2025-02-07,M17,Consumption,-453.8
2025-02-07,M17,OnHandSnapshot,9878.63
2025-02-08,M17,Consumption,-318.4
2025-02-08,M17,OnHandSnapshot,9560.23
2025-02-09,M17,Consumption,-337.65
2025-02-09,M17,OnHandSnapshot,9222.58
2025-02-10,M17,Consumption,-337.1
2025-02-10,M17,OnHandSnapshot,8885.48
2025-02-11,M17,Consumption,-314.4
2025-02-11,M17,OnHandSnapshot,8571.08
2025-02-12,M17,Consumption,-359.4
2025-02-12,M17,OnHandSnapshot,8211.68
2025-02-13,M17,Consumption,-409.45
2025-02-13,M17,OnHandSnapshot,7802.23
2025-02-14,M17,Consumption,-489.95
2025-02-14,M17,OnHandSnapshot,7312.28
2025-02-15,M17,Consumption,-315.45
2025-02-15,M17,OnHandSnapshot,6996.83
2025-02-16,M17,Consumption,-349.3
2025-02-16,M17,OnHandSnapshot,6647.53
2025-02-17,M17,Consumption,-336.95
2025-02-17,M17,OnHandSnapshot,6310.58
2025-02-18,M17,Consumption,-323.45
2025-02-18,M17,OnHandSnapshot,5987.13
2025-02-19,M17,Consumption,-362.8
2025-02-19,M17,OnHandSnapshot,5624.33
2025-02-20,M17,Consumption,-387.45
2025-02-20,M17,OnHandSnapshot,5236.88
2025-02-21,M17,Consumption,-439.15
2025-02-21,M17,OnHandSnapshot,4797.73
2025-02-22,M17,Consumption,-333.1
2025-02-22,M17,OnHandSnapshot,4464.63
2025-02-23,M17,Receipt,8622.76
2025-02-23,M17,Consumption,-325.8
2025-02-23,M17,OnHandSnapshot,12761.59
2025-02-24,M17,Consumption,-328.4
2025-02-24,M17,OnHandSnapshot,12433.19
2025-02-25,M17,Consumption,-352.1
2025-02-25,M17,OnHandSnapshot,12081.09
2025-02-26,M17,Consumption,-337.4
2025-02-26,M17,OnHandSnapshot,11743.69
2025-02-27,M17,Consumption,-388.2
2025-02-27,M17,OnHandSnapshot,11355.49
2025-02-28,M17,Consumption,-468.6
2025-02-28,M17,OnHandSnapshot,10886.89
2025-03-01,M17,Consumption,-338.55
2025-03-01,M17,OnHandSnapshot,10548.34
2025-03-02,M17,Consumption,-331.8
2025-03-02,M17,OnHandSnapshot,10216.54
2025-03-03,M17,Consumption,-344.65
2025-03-03,M17,OnHandSnapshot,9871.89
2025-03-04,M17,Consumption,-354.1
2025-03-04,M17,OnHandSnapshot,9517.79
2025-03-05,M17,Consumption,-339.0
2025-03-05,M17,OnHandSnapshot,9178.79
2025-03-06,M17,Consumption,-394.75
2025-03-06,M17,OnHandSnapshot,8784.04
2025-03-07,M17,Consumption,-474.0
2025-03-07,M17,OnHandSnapshot,8310.04
2025-03-08,M17,Consumption,-311.85
2025-03-08,M17,OnHandSnapshot,7998.19
2025-03-09,M17,Consumption,-355.0
2025-03-09,M17,OnHandSnapshot,7643.19
2025-03-10,M17,Consumption,-339.8
2025-03-10,M17,OnHandSnapshot,7303.39
2025-03-11,M17,Consumption,-353.5
2025-03-11,M17,OnHandSnapshot,6949.89
2025-03-12,M17,Consumption,-350.55
2025-03-12,M17,OnHandSnapshot,6599.34
2025-03-13,M17,Consumption,-398.95
2025-03-13,M17,OnHandSnapshot,6200.39
2025-03-14,M17,Consumption,-446.15
2025-03-14,M17,OnHandSnapshot,5754.24
2025-03-15,M17,Consumption,-348.4
2025-03-15,M17,OnHandSnapshot,5405.84
2025-03-16,M17,Consumption,-337.6
2025-03-16,M17,OnHandSnapshot,5068.24
2025-03-17,M17,Consumption,-340.55
2025-03-17,M17,OnHandSnapshot,4727.69
2025-03-18,M17,Consumption,-340.0
2025-03-18,M17,OnHandSnapshot,4387.69
2025-03-19,M17,Consumption,-353.1
2025-03-19,M17,OnHandSnapshot,4034.59
2025-03-20,M17,Receipt,8622.76
2025-03-20,M17,Consumption,-401.7
2025-03-20,M17,OnHandSnapshot,12255.65
2025-03-21,M17,Consumption,-513.4
2025-03-21,M17,OnHandSnapshot,11742.25
2025-03-22,M17,Consumption,-326.75
2025-03-22,M17,OnHandSnapshot,11415.5
2025-03-23,M17,Consumption,-344.25
2025-03-23,M17,OnHandSnapshot,11071.25
2025-03-24,M17,Consumption,-346.0
2025-03-24,M17,OnHandSnapshot,10725.25
2025-03-25,M17,Consumption,-341.85
2025-03-25,M17,OnHandSnapshot,10383.4
2025-03-26,M17,Consumption,-333.65
2025-03-26,M17,OnHandSnapshot,10049.75
2025-03-27,M17,Consumption,-383.6
2025-03-27,M17,OnHandSnapshot,9666.15
2025-03-28,M17,Consumption,-482.85
2025-03-28,M17,OnHandSnapshot,9183.3
2025-03-29,M17,Consumption,-330.2
2025-03-29,M17,OnHandSnapshot,8853.1
2025-03-30,M17,Consumption,-341.55
2025-03-30,M17,OnHandSnapshot,8511.55
2025-03-31,M17,Consumption,-350.45
2025-03-31,M17,OnHandSnapshot,8161.1
2025-04-01,M17,Consumption,-359.95
2025-04-01,M17,OnHandSnapshot,7801.15
2025-04-02,M17,Consumption,-327.1
2025-04-02,M17,OnHandSnapshot,7474.05
2025-04-03,M17,Consumption,-372.8
2025-04-03,M17,OnHandSnapshot,7101.25
2025-04-04,M17,Consumption,-438.4
2025-04-04,M17,OnHandSnapshot,6662.85
2025-04-05,M17,Consumption,-315.55
2025-04-05,M17,OnHandSnapshot,6347.3
2025-04-06,M17,Consumption,-341.65
2025-04-06,M17,OnHandSnapshot,6005.65
2025-04-07,M17,Consumption,-335.95
2025-04-07,M17,OnHandSnapshot,5669.7
2025-04-08,M17,Consumption,-347.45
2025-04-08,M17,OnHandSnapshot,5322.25
2025-04-09,M17,Consumption,-347.8
2025-04-09,M17,OnHandSnapshot,4974.45
2025-04-10,M17,Consumption,-377.55
2025-04-10,M17,OnHandSnapshot,4596.9
2025-04-11,M17,Consumption,-474.25
2025-04-11,M17,OnHandSnapshot,4122.65
2025-04-12,M17,Consumption,-328.9
2025-04-12,M17,OnHandSnapshot,3793.75
2025-04-13,M17,Receipt,8622.76
2025-04-13,M17,Consumption,-334.1
2025-04-13,M17,OnHandSnapshot,12082.41
2025-04-14,M17,Consumption,-340.35
2025-04-14,M17,OnHandSnapshot,11742.06
2025-04-15,M17,Consumption,-345.95
2025-04-15,M17,OnHandSnapshot,11396.11
2025-04-16,M17,Consumption,-355.05
2025-04-16,M17,OnHandSnapshot,11041.06
2025-04-17,M17,Consumption,-386.3
2025-04-17,M17,OnHandSnapshot,10654.76
2025-04-18,M17,Consumption,-430.2
2025-04-18,M17,OnHandSnapshot,10224.56
2025-04-19,M17,Consumption,-328.75
2025-04-19,M17,OnHandSnapshot,9895.81
2025-04-20,M17,Consumption,-314.95
2025-04-20,M17,OnHandSnapshot,9580.86
2025-04-21,M17,Consumption,-366.7
2025-04-21,M17,OnHandSnapshot,9214.16
2025-04-22,M17,Consumption,-356.2
2025-04-22,M17,OnHandSnapshot,8857.96
2025-04-23,M17,Consumption,-331.85
2025-04-23,M17,OnHandSnapshot,8526.11
2025-04-24,M17,Consumption,-407.4
2025-04-24,M17,OnHandSnapshot,8118.71
2025-04-25,M17,Consumption,-468.75
2025-04-25,M17,OnHandSnapshot,7649.96
2025-04-26,M17,Consumption,-328.25
2025-04-26,M17,OnHandSnapshot,7321.71
2025-04-27,M17,Consumption,-323.05
2025-04-27,M17,OnHandSnapshot,6998.66
2025-04-28,M17,Consumption,-323.45
2025-04-28,M17,OnHandSnapshot,6675.21
2025-04-29,M17,Consumption,-338.3
2025-04-29,M17,OnHandSnapshot,6336.91
2025-04-30,M17,Consumption,-362.75
2025-04-30,M17,OnHandSnapshot,5974.16
2025-05-01,M17,Consumption,-412.25
2025-05-01,M17,OnHandSnapshot,5561.91
2025-05-02,M17,Consumption,-476.35
2025-05-02,M17,OnHandSnapshot,5085.56
2025-05-03,M17,Consumption,-308.8
2025-05-03,M17,OnHandSnapshot,4776.76
2025-05-04,M17,Consumption,-338.85
2025-05-04,M17,OnHandSnapshot,4437.91
2025-05-05,M17,Consumption,-325.05
2025-05-05,M17,OnHandSnapshot,4112.86
2025-05-06,M17,Consumption,-319.05
2025-05-06,M17,OnHandSnapshot,3793.81
2025-05-07,M17,Receipt,8622.76
2025-05-07,M17,Consumption,-339.7
2025-05-07,M17,OnHandSnapshot,12076.88
2025-05-08,M17,Consumption,-434.1
2025-05-08,M17,OnHandSnapshot,11642.78
2025-05-09,M17,Consumption,-467.2
2025-05-09,M17,OnHandSnapshot,11175.58
2025-05-10,M17,Consumption,-319.5
2025-05-10,M17,OnHandSnapshot,10856.08
2025-05-11,M17,Consumption,-359.45
2025-05-11,M17,OnHandSnapshot,10496.63
2025-05-12,M17,Consumption,-348.1
2025-05-12,M17,OnHandSnapshot,10148.53
2025-05-13,M17,Consumption,-342.35
2025-05-13,M17,OnHandSnapshot,9806.18
2025-05-14,M17,Consumption,-336.25
2025-05-14,M17,OnHandSnapshot,9469.93
2025-05-15,M17,Consumption,-428.2
2025-05-15,M17,OnHandSnapshot,9041.73
2025-05-16,M17,Consumption,-500.6
2025-05-16,M17,OnHandSnapshot,8541.13
2025-05-17,M17,Consumption,-320.45
2025-05-17,M17,OnHandSnapshot,8220.68
2025-05-18,M17,Consumption,-342.3
2025-05-18,M17,OnHandSnapshot,7878.38
2025-05-19,M17,Consumption,-347.9
2025-05-19,M17,OnHandSnapshot,7530.48
2025-05-20,M17,Consumption,-333.15
2025-05-20,M17,OnHandSnapshot,7197.33
2025-05-21,M17,Consumption,-356.9
2025-05-21,M17,OnHandSnapshot,6840.43
2025-05-22,M17,Consumption,-403.9
2025-05-22,M17,OnHandSnapshot,6436.53
2025-05-23,M17,Consumption,-492.65
2025-05-23,M17,OnHandSnapshot,5943.88
2025-05-24,M17,Consumption,-318.9
2025-05-24,M17,OnHandSnapshot,5624.98
2025-05-25,M17,Consumption,-317.3
2025-05-25,M17,OnHandSnapshot,5307.68
2025-05-26,M17,Consumption,-377.45
2025-05-26,M17,OnHandSnapshot,4930.23
2025-05-27,M17,Consumption,-341.45
2025-05-27,M17,OnHandSnapshot,4588.78
2025-05-28,M17,Consumption,-334.0
2025-05-28,M17,OnHandSnapshot,4254.78
2025-05-29,M17,Consumption,-363.6
2025-05-29,M17,OnHandSnapshot,3891.18
2025-05-30,M17,Receipt,8622.76
2025-05-30,M17,Consumption,-440.9
2025-05-30,M17,OnHandSnapshot,12073.04
2025-05-31,M17,Consumption,-329.1
2025-05-31,M17,OnHandSnapshot,11743.94
2025-06-01,M17,Consumption,-375.1
2025-06-01,M17,OnHandSnapshot,11368.84
2025-06-02,M17,Consumption,-347.1
2025-06-02,M17,OnHandSnapshot,11021.74
2025-06-03,M17,Consumption,-347.3
2025-06-03,M17,OnHandSnapshot,10674.44
2025-06-04,M17,Consumption,-357.65
2025-06-04,M17,OnHandSnapshot,10316.79
2025-06-05,M17,Consumption,-399.65
2025-06-05,M17,OnHandSnapshot,9917.14
2025-06-06,M17,Consumption,-442.65
2025-06-06,M17,OnHandSnapshot,9474.49
2025-06-07,M17,Consumption,-315.85
2025-06-07,M17,OnHandSnapshot,9158.64
2025-06-08,M17,Consumption,-343.0
2025-06-08,M17,OnHandSnapshot,8815.64
2025-06-09,M17,Consumption,-334.15
2025-06-09,M17,OnHandSnapshot,8481.49
2025-06-10,M17,Consumption,-362.25
2025-06-10,M17,OnHandSnapshot,8119.24
2025-06-11,M17,Consumption,-362.35
2025-06-11,M17,OnHandSnapshot,7756.89
2025-06-12,M17,Consumption,-396.9
2025-06-12,M17,OnHandSnapshot,7359.99
2025-06-13,M17,Consumption,-454.85
2025-06-13,M17,OnHandSnapshot,6905.14
2025-06-14,M17,Consumption,-327.25
2025-06-14,M17,OnHandSnapshot,6577.89
2025-06-15,M17,Consumption,-332.75
2025-06-15,M17,OnHandSnapshot,6245.14
2025-06-16,M17,Consumption,-350.3
2025-06-16,M17,OnHandSnapshot,5894.84
2025-06-17,M17,Consumption,-351.3
2025-06-17,M17,OnHandSnapshot,5543.54
2025-06-18,M17,Consumption,-369.45
2025-06-18,M17,OnHandSnapshot,5174.09
2025-06-19,M17,Consumption,-374.7
2025-06-19,M17,OnHandSnapshot,4799.39
2025-06-20,M17,Consumption,-468.1
2025-06-20,M17,OnHandSnapshot,4331.29
2025-06-21,M17,Consumption,-331.2
2025-06-21,M17,OnHandSnapshot,4000.09
2025-06-22,M17,Receipt,8622.76
2025-06-22,M17,Consumption,-353.35
2025-06-22,M17,OnHandSnapshot,12269.5
2025-06-23,M17,Consumption,-361.3
2025-06-23,M17,OnHandSnapshot,11908.2
2025-06-24,M17,Consumption,-344.55
2025-06-24,M17,OnHandSnapshot,11563.65
2025-06-25,M17,Consumption,-356.95
2025-06-25,M17,OnHandSnapshot,11206.7
2025-06-26,M17,Consumption,-387.3
2025-06-26,M17,OnHandSnapshot,10819.4
2025-06-27,M17,Consumption,-451.0
2025-06-27,M17,OnHandSnapshot,10368.4
2025-06-28,M17,Consumption,-313.9
2025-06-28,M17,OnHandSnapshot,10054.5
2025-06-29,M17,Consumption,-349.7
2025-06-29,M17,OnHandSnapshot,9704.8
2025-06-30,M17,Consumption,-339.9
2025-06-30,M17,OnHandSnapshot,9364.9
2025-07-01,M17,Consumption,-357.1
2025-07-01,M17,OnHandSnapshot,9007.8
2025-07-02,M17,Consumption,-341.25
2025-07-02,M17,OnHandSnapshot,8666.55
2025-07-03,M17,Consumption,-429.95
2025-07-03,M17,OnHandSnapshot,8236.6
2025-07-04,M17,Consumption,-503.0
2025-07-04,M17,OnHandSnapshot,7733.6
2025-07-05,M17,Consumption,-321.35
2025-07-05,M17,OnHandSnapshot,7412.25
2025-07-06,M17,Consumption,-358.95
2025-07-06,M17,OnHandSnapshot,7053.3
2025-07-07,M17,Consumption,-354.0
2025-07-07,M17,OnHandSnapshot,6699.3
2025-07-08,M17,Consumption,-349.5
2025-07-08,M17,OnHandSnapshot,6349.8
2025-07-09,M17,Consumption,-340.5
2025-07-09,M17,OnHandSnapshot,6009.3
2025-07-10,M17,Consumption,-400.05
2025-07-10,M17,OnHandSnapshot,5609.25
2025-07-11,M17,Consumption,-457.9
2025-07-11,M17,OnHandSnapshot,5151.35
2025-07-12,M17,Consumption,-333.75
2025-07-12,M17,OnHandSnapshot,4817.6
2025-07-13,M17,Consumption,-361.25
2025-07-13,M17,OnHandSnapshot,4456.35
2025-07-14,M17,Consumption,-348.9
2025-07-14,M17,OnHandSnapshot,4107.45
2025-07-15,M17,Receipt,8622.76
2025-07-15,M17,Consumption,-325.6
2025-07-15,M17,OnHandSnapshot,12404.61
2025-07-16,M17,Consumption,-367.55
2025-07-16,M17,OnHandSnapshot,12037.06
2025-07-17,M17,Consumption,-381.1
2025-07-17,M17,OnHandSnapshot,11655.96
2025-07-18,M17,Consumption,-483.15
2025-07-18,M17,OnHandSnapshot,11172.81
2025-07-19,M17,Consumption,-324.55
2025-07-19,M17,OnHandSnapshot,10848.26
2025-07-20,M17,Consumption,-339.9
2025-07-20,M17,OnHandSnapshot,10508.36
2025-07-21,M17,Consumption,-348.15
2025-07-21,M17,OnHandSnapshot,10160.21
2025-07-22,M17,Consumption,-348.55
2025-07-22,M17,OnHandSnapshot,9811.66
2025-07-23,M17,Consumption,-370.4
2025-07-23,M17,OnHandSnapshot,9441.26
2025-07-24,M17,Consumption,-396.8
2025-07-24,M17,OnHandSnapshot,9044.46
2025-07-25,M17,Consumption,-512.4
2025-07-25,M17,OnHandSnapshot,8532.06
2025-07-26,M17,Consumption,-315.75
2025-07-26,M17,OnHandSnapshot,8216.31
2025-07-27,M17,Consumption,-344.8
2025-07-27,M17,OnHandSnapshot,7871.51
2025-07-28,M17,Consumption,-355.35
2025-07-28,M17,OnHandSnapshot,7516.16
2025-07-29,M17,Consumption,-352.8
2025-07-29,M17,OnHandSnapshot,7163.36
2025-07-30,M17,Consumption,-366.5
2025-07-30,M17,OnHandSnapshot,6796.86
2025-07-31,M17,Consumption,-418.45
2025-07-31,M17,OnHandSnapshot,6378.41
2025-08-01,M17,Consumption,-459.0
2025-08-01,M17,OnHandSnapshot,5919.41
2025-08-02,M17,Consumption,-359.4
2025-08-02,M17,OnHandSnapshot,5560.01
2025-08-03,M17,Consumption,-327.25
2025-08-03,M17,OnHandSnapshot,5232.76
2025-08-04,M17,Consumption,-350.25
2025-08-04,M17,OnHandSnapshot,4882.51
2025-08-05,M17,Consumption,-346.0
2025-08-05,M17,OnHandSnapshot,4536.51
2025-08-06,M17,Consumption,-357.8
2025-08-06,M17,OnHandSnapshot,4178.71
2025-08-07,M17,Consumption,-400.55
2025-08-07,M17,OnHandSnapshot,3778.16
2025-08-08,M17,Consumption,-465.55
2025-08-08,M17,OnHandSnapshot,3312.61
2025-08-09,M17,Receipt,8622.76
2025-08-09,M17,Consumption,-329.65
2025-08-09,M17,OnHandSnapshot,11605.72
2025-08-10,M17,Consumption,-349.05
2025-08-10,M17,OnHandSnapshot,11256.67
2025-08-11,M17,Consumption,-381.8
2025-08-11,M17,OnHandSnapshot,10874.87
2025-08-12,M17,Consumption,-359.25
2025-08-12,M17,OnHandSnapshot,10515.62
2025-08-13,M17,Consumption,-339.5
2025-08-13,M17,OnHandSnapshot,10176.12
2025-08-14,M17,Consumption,-400.3
2025-08-14,M17,OnHandSnapshot,9775.82
2025-08-15,M17,Consumption,-449.4
2025-08-15,M17,OnHandSnapshot,9326.42
2025-08-16,M17,Consumption,-349.35
2025-08-16,M17,OnHandSnapshot,8977.07
2025-08-17,M17,Consumption,-373.05
2025-08-17,M17,OnHandSnapshot,8604.02
2025-08-18,M17,Consumption,-327.85
2025-08-18,M17,OnHandSnapshot,8276.17
2025-08-19,M17,Consumption,-358.15
2025-08-19,M17,OnHandSnapshot,7918.02
2025-08-20,M17,Consumption,-349.7
2025-08-20,M17,OnHandSnapshot,7568.32
2025-08-21,M17,Consumption,-400.75
2025-08-21,M17,OnHandSnapshot,7167.57
2025-08-22,M17,Consumption,-501.1
2025-08-22,M17,OnHandSnapshot,6666.47
2025-08-23,M17,Consumption,-312.25
2025-08-23,M17,OnHandSnapshot,6354.22
2025-08-24,M17,Consumption,-359.25
2025-08-24,M17,OnHandSnapshot,5994.97
2025-08-25,M17,Consumption,-328.75
2025-08-25,M17,OnHandSnapshot,5666.22
2025-08-26,M17,Consumption,-340.75
2025-08-26,M17,OnHandSnapshot,5325.47
2025-08-27,M17,Consumption,-345.2
2025-08-27,M17,OnHandSnapshot,4980.27
2025-08-28,M17,Consumption,-365.0
2025-08-28,M17,OnHandSnapshot,4615.27
2025-08-29,M17,Consumption,-474.15
2025-08-29,M17,OnHandSnapshot,4141.12
2025-08-30,M17,Receipt,8622.76
2025-08-30,M17,Consumption,-338.25
2025-08-30,M17,OnHandSnapshot,12425.63
2025-08-31,M17,Consumption,-353.4
2025-08-31,M17,OnHandSnapshot,12072.23
2025-09-01,M17,Consumption,-383.95
2025-09-01,M17,OnHandSnapshot,11688.28
2025-09-02,M17,Consumption,-346.6
2025-09-02,M17,OnHandSnapshot,11341.68
2025-09-03,M17,Consumption,-353.05
2025-09-03,M17,OnHandSnapshot,10988.63
2025-09-04,M17,Consumption,-448.6
2025-09-04,M17,OnHandSnapshot,10540.03
2025-09-05,M17,Consumption,-494.95
2025-09-05,M17,OnHandSnapshot,10045.08
2025-09-06,M17,Consumption,-348.15
2025-09-06,M17,OnHandSnapshot,9696.93
2025-09-07,M17,Consumption,-322.95
2025-09-07,M17,OnHandSnapshot,9373.98
2025-09-08,M17,Consumption,-366.35
2025-09-08,M17,OnHandSnapshot,9007.63
2025-09-09,M17,Consumption,-336.1
2025-09-09,M17,OnHandSnapshot,8671.53
2025-09-10,M17,Consumption,-335.45
2025-09-10,M17,OnHandSnapshot,8336.08
2025-09-11,M17,Consumption,-396.65
2025-09-11,M17,OnHandSnapshot,7939.43
2025-09-12,M17,Consumption,-480.2
2025-09-12,M17,OnHandSnapshot,7459.23
2025-09-13,M17,Consumption,-319.55
2025-09-13,M17,OnHandSnapshot,7139.68
2025-09-14,M17,Consumption,-348.25
2025-09-14,M17,OnHandSnapshot,6791.43
2025-09-15,M17,Consumption,-361.2
2025-09-15,M17,OnHandSnapshot,6430.23
2025-09-16,M17,Consumption,-337.55
2025-09-16,M17,OnHandSnapshot,6092.68
2025-09-17,M17,Consumption,-370.6
2025-09-17,M17,OnHandSnapshot,5722.08
2025-09-18,M17,Consumption,-392.05
2025-09-18,M17,OnHandSnapshot,5330.03
2025-09-19,M17,Consumption,-489.1
2025-09-19,M17,OnHandSnapshot,4840.93
2025-09-20,M17,Consumption,-335.3
2025-09-20,M17,OnHandSnapshot,4505.63
2025-09-21,M17,Consumption,-354.9
2025-09-21,M17,OnHandSnapshot,4150.73
2025-09-22,M17,Consumption,-337.3
2025-09-22,M17,OnHandSnapshot,3813.43
2025-09-23,M17,Consumption,-353.95
2025-09-23,M17,OnHandSnapshot,3459.48
2025-09-24,M17,Receipt,8622.76
2025-09-24,M17,Consumption,-345.5
2025-09-24,M17,OnHandSnapshot,11736.75
2025-09-25,M17,Consumption,-402.05
2025-09-25,M17,OnHandSnapshot,11334.7
2025-09-26,M17,Consumption,-500.8
2025-09-26,M17,OnHandSnapshot,10833.9
2025-09-27,M17,Consumption,-340.5
2025-09-27,M17,OnHandSnapshot,10493.4
2025-09-28,M17,Consumption,-346.2
2025-09-28,M17,OnHandSnapshot,10147.2
2025-09-29,M17,Consumption,-379.45
2025-09-29,M17,OnHandSnapshot,9767.75
2025-09-30,M17,Consumption,-320.45
2025-09-30,M17,OnHandSnapshot,9447.3
2025-10-01,M17,Consumption,-339.4
2025-10-01,M17,OnHandSnapshot,9107.9
2025-10-02,M17,Consumption,-409.9
2025-10-02,M17,OnHandSnapshot,8698.0
2025-10-03,M17,Consumption,-500.3
2025-10-03,M17,OnHandSnapshot,8197.7
2025-10-04,M17,Consumption,-314.45
2025-10-04,M17,OnHandSnapshot,7883.25
2025-10-05,M17,Consumption,-343.3
2025-10-05,M17,OnHandSnapshot,7539.95
2025-10-06,M17,Consumption,-381.85
2025-10-06,M17,OnHandSnapshot,7158.1
2025-10-07,M17,Consumption,-339.5
2025-10-07,M17,OnHandSnapshot,6818.6
2025-10-08,M17,Consumption,-349.9
2025-10-08,M17,OnHandSnapshot,6468.7
2025-10-09,M17,Consumption,-417.25
2025-10-09,M17,OnHandSnapshot,6051.45
2025-10-10,M17,Consumption,-486.9
2025-10-10,M17,OnHandSnapshot,5564.55
2025-10-11,M17,Consumption,-362.2
2025-10-11,M17,OnHandSnapshot,5202.35
2025-10-12,M17,Consumption,-344.75
2025-10-12,M17,OnHandSnapshot,4857.6
2025-10-13,M17,Consumption,-327.7
2025-10-13,M17,OnHandSnapshot,4529.9
2025-10-14,M17,Consumption,-319.75
2025-10-14,M17,OnHandSnapshot,4210.15
2025-10-15,M17,Receipt,8622.76
2025-10-15,M17,Consumption,-327.05
2025-10-15,M17,OnHandSnapshot,12505.86
2025-10-16,M17,Consumption,-401.0
2025-10-16,M17,OnHandSnapshot,12104.86
2025-10-17,M17,Consumption,-480.4
2025-10-17,M17,OnHandSnapshot,11624.46
2025-10-18,M17,Consumption,-322.3
2025-10-18,M17,OnHandSnapshot,11302.16
2025-10-19,M17,Consumption,-339.25
2025-10-19,M17,OnHandSnapshot,10962.91
2025-10-20,M17,Consumption,-341.15
2025-10-20,M17,OnHandSnapshot,10621.76
2025-10-21,M17,Consumption,-375.2
2025-10-21,M17,OnHandSnapshot,10246.56
2025-10-22,M17,Consumption,-351.65
2025-10-22,M17,OnHandSnapshot,9894.91
2025-10-23,M17,Consumption,-404.95
2025-10-23,M17,OnHandSnapshot,9489.96
2025-10-24,M17,Consumption,-486.0
2025-10-24,M17,OnHandSnapshot,9003.96
2025-10-25,M17,Consumption,-333.5
2025-10-25,M17,OnHandSnapshot,8670.46
2025-10-26,M17,Consumption,-354.9
2025-10-26,M17,OnHandSnapshot,8315.56
2025-10-27,M17,Consumption,-381.4
2025-10-27,M17,OnHandSnapshot,7934.16
2025-10-28,M17,Consumption,-353.05
2025-10-28,M17,OnHandSnapshot,7581.11
2025-10-29,M17,Consumption,-382.2
2025-10-29,M17,OnHandSnapshot,7198.91
2025-10-30,M17,Consumption,-406.8
2025-10-30,M17,OnHandSnapshot,6792.11
2025-10-31,M17,Consumption,-469.6
2025-10-31,M17,OnHandSnapshot,6322.51
2025-11-01,M17,Consumption,-342.5
2025-11-01,M17,OnHandSnapshot,5980.01
2025-11-02,M17,Consumption,-335.1
2025-11-02,M17,OnHandSnapshot,5644.91
2025-11-03,M17,Consumption,-333.45
2025-11-03,M17,OnHandSnapshot,5311.46
2025-11-04,M17,Consumption,-351.0
2025-11-04,M17,OnHandSnapshot,4960.46
2025-11-05,M17,Consumption,-364.25
2025-11-05,M17,OnHandSnapshot,4596.21
2025-11-06,M17,Consumption,-391.25
2025-11-06,M17,OnHandSnapshot,4204.96
2025-11-07,M17,Consumption,-497.55
2025-11-07,M17,OnHandSnapshot,3707.41
2025-11-08,M17,Receipt,8622.76
2025-11-08,M17,Consumption,-357.55
2025-11-08,M17,OnHandSnapshot,11972.62
2025-11-09,M17,Consumption,-363.65
2025-11-09,M17,OnHandSnapshot,11608.97
2025-11-10,M17,Consumption,-364.05
2025-11-10,M17,OnHandSnapshot,11244.92
2025-11-11,M17,Consumption,-353.0
2025-11-11,M17,OnHandSnapshot,10891.92
2025-11-12,M17,Consumption,-380.25
2025-11-12,M17,OnHandSnapshot,10511.67
2025-11-13,M17,Consumption,-444.15
2025-11-13,M17,OnHandSnapshot,10067.52
2025-11-14,M17,Consumption,-466.85
2025-11-14,M17,OnHandSnapshot,9600.67
2025-11-15,M17,Consumption,-352.0
2025-11-15,M17,OnHandSnapshot,9248.67
2025-11-16,M17,Consumption,-358.45
2025-11-16,M17,OnHandSnapshot,8890.22
2025-11-17,M17,Consumption,-331.05
2025-11-17,M17,OnHandSnapshot,8559.17
2025-11-18,M17,Consumption,-337.7
2025-11-18,M17,OnHandSnapshot,8221.47
2025-11-19,M17,Consumption,-358.4
2025-11-19,M17,OnHandSnapshot,7863.07
2025-11-20,M17,Consumption,-411.25
2025-11-20,M17,OnHandSnapshot,7451.82
2025-11-21,M17,Consumption,-531.8
2025-11-21,M17,OnHandSnapshot,6920.02
2025-11-22,M17,Consumption,-332.9
2025-11-22,M17,OnHandSnapshot,6587.12
2025-11-23,M17,Consumption,-358.35
2025-11-23,M17,OnHandSnapshot,6228.77
2025-11-24,M17,Consumption,-343.5
2025-11-24,M17,OnHandSnapshot,5885.27
2025-11-25,M17,Consumption,-357.3
2025-11-25,M17,OnHandSnapshot,5527.97
2025-11-26,M17,Consumption,-353.4
2025-11-26,M17,OnHandSnapshot,5174.57
2025-11-27,M17,Consumption,-399.95
2025-11-27,M17,OnHandSnapshot,4774.62
2025-11-28,M17,Consumption,-460.45
2025-11-28,M17,OnHandSnapshot,4314.17
2025-11-29,M17,Consumption,-325.7
2025-11-29,M17,OnHandSnapshot,3988.47
2025-11-30,M17,Consumption,-377.45
2025-11-30,M17,OnHandSnapshot,3611.02
2025-12-01,M17,Receipt,8622.76
2025-12-01,M17,Consumption,-352.4
2025-12-01,M17,OnHandSnapshot,11881.38
2025-12-02,M17,Consumption,-387.4
2025-12-02,M17,OnHandSnapshot,11493.98
2025-12-03,M17,Consumption,-375.6
2025-12-03,M17,OnHandSnapshot,11118.38
2025-12-04,M17,Consumption,-412.6
2025-12-04,M17,OnHandSnapshot,10705.78
2025-12-05,M17,Consumption,-472.85
2025-12-05,M17,OnHandSnapshot,10232.93
2025-12-06,M17,Consumption,-335.35
2025-12-06,M17,OnHandSnapshot,9897.58
2025-12-07,M17,Consumption,-354.15
2025-12-07,M17,OnHandSnapshot,9543.43
2025-12-08,M17,Consumption,-363.75
2025-12-08,M17,OnHandSnapshot,9179.68
2025-12-09,M17,Consumption,-369.55
2025-12-09,M17,OnHandSnapshot,8810.13
2025-12-10,M17,Consumption,-359.2
2025-12-10,M17,OnHandSnapshot,8450.93
2025-12-11,M17,Consumption,-421.9
2025-12-11,M17,OnHandSnapshot,8029.03
2025-12-12,M17,Consumption,-493.7
2025-12-12,M17,OnHandSnapshot,7535.33
2025-12-13,M17,Consumption,-349.85
2025-12-13,M17,OnHandSnapshot,7185.48
2025-12-14,M17,Consumption,-351.75
2025-12-14,M17,OnHandSnapshot,6833.73
2025-12-15,M17,Consumption,-349.0
2025-12-15,M17,OnHandSnapshot,6484.73
2025-12-16,M17,Consumption,-370.6
2025-12-16,M17,OnHandSnapshot,6114.13
2025-12-17,M17,Consumption,-360.15
2025-12-17,M17,OnHandSnapshot,5753.98
2025-12-18,M17,Consumption,-425.8
2025-12-18,M17,OnHandSnapshot,5328.18
2025-12-19,M17,Consumption,-477.4
2025-12-19,M17,OnHandSnapshot,4850.78
2025-12-20,M17,Consumption,-342.45
2025-12-20,M17,OnHandSnapshot,4508.33
2025-12-21,M17,Consumption,-349.85
2025-12-21,M17,OnHandSnapshot,4158.48
2025-12-22,M17,Consumption,-351.4
2025-12-22,M17,OnHandSnapshot,3807.08
2025-12-23,M17,Consumption,-366.95
2025-12-23,M17,OnHandSnapshot,3440.13
2025-12-24,M17,Consumption,-361.9
2025-12-24,M17,OnHandSnapshot,3078.23
2025-12-25,M17,Receipt,8622.76
2025-12-25,M17,Consumption,-407.25
2025-12-25,M17,OnHandSnapshot,11293.74
2025-12-26,M17,Consumption,-523.15
2025-12-26,M17,OnHandSnapshot,10770.59
2025-12-27,M17,Consumption,-327.05
2025-12-27,M17,OnHandSnapshot,10443.54
2025-12-28,M17,Consumption,-377.2
2025-12-28,M17,OnHandSnapshot,10066.34
2025-12-29,M17,Consumption,-368.2
2025-12-29,M17,OnHandSnapshot,9698.14
2025-12-30,M17,Consumption,-357.9
2025-12-30,M17,OnHandSnapshot,9340.24
2025-12-31,M17,Consumption,-358.2
2025-12-31,M17,OnHandSnapshot,8982.04
2024-01-01,M18,Consumption,-117.0
2024-01-01,M18,OnHandSnapshot,1948.9
2024-01-02,M18,Consumption,-126.0
2024-01-02,M18,OnHandSnapshot,1822.9
2024-01-03,M18,Consumption,-136.0
2024-01-03,M18,OnHandSnapshot,1686.9
2024-01-04,M18,Consumption,-133.0
2024-01-04,M18,OnHandSnapshot,1553.9
2024-01-05,M18,Consumption,-178.0
2024-01-05,M18,OnHandSnapshot,1375.9
2024-01-06,M18,Consumption,-95.0
2024-01-06,M18,OnHandSnapshot,1280.9
2024-01-07,M18,Consumption,-144.0
2024-01-07,M18,OnHandSnapshot,1136.9
2024-01-08,M18,Consumption,-148.0
2024-01-08,M18,OnHandSnapshot,988.9
2024-01-09,M18,Receipt,5164.76
2024-01-09,M18,Consumption,-153.0
2024-01-09,M18,OnHandSnapshot,6000.66
2024-01-10,M18,Consumption,-129.0
2024-01-10,M18,OnHandSnapshot,5871.66
2024-01-11,M18,Consumption,-173.0
2024-01-11,M18,OnHandSnapshot,5698.66
2024-01-12,M18,Consumption,-170.0
2024-01-12,M18,OnHandSnapshot,5528.66
2024-01-13,M18,Consumption,-123.0
2024-01-13,M18,OnHandSnapshot,5405.66
2024-01-14,M18,Consumption,-118.0
2024-01-14,M18,OnHandSnapshot,5287.66
2024-01-15,M18,Consumption,-151.0
2024-01-15,M18,OnHandSnapshot,5136.66
2024-01-16,M18,Consumption,-120.0
2024-01-16,M18,OnHandSnapshot,5016.66
2024-01-17,M18,Consumption,-131.0
2024-01-17,M18,OnHandSnapshot,4885.66
2024-01-18,M18,Consumption,-130.0
2024-01-18,M18,OnHandSnapshot,4755.66
2024-01-19,M18,Consumption,-143.0
2024-01-19,M18,OnHandSnapshot,4612.66
2024-01-20,M18,Consumption,-119.0
2024-01-20,M18,OnHandSnapshot,4493.66
2024-01-21,M18,Consumption,-107.0
2024-01-21,M18,OnHandSnapshot,4386.66
2024-01-22,M18,Consumption,-138.0
2024-01-22,M18,OnHandSnapshot,4248.66
2024-01-23,M18,Consumption,-157.0
2024-01-23,M18,OnHandSnapshot,4091.66
2024-01-24,M18,Consumption,-119.0
2024-01-24,M18,OnHandSnapshot,3972.66
2024-01-25,M18,Consumption,-128.0
2024-01-25,M18,OnHandSnapshot,3844.66
2024-01-26,M18,Consumption,-212.0
2024-01-26,M18,OnHandSnapshot,3632.66
2024-01-27,M18,Consumption,-147.0
2024-01-27,M18,OnHandSnapshot,3485.66
2024-01-28,M18,Consumption,-141.0
2024-01-28,M18,OnHandSnapshot,3344.66
2024-01-29,M18,Consumption,-137.0
2024-01-29,M18,OnHandSnapshot,3207.66
2024-01-30,M18,Consumption,-153.0
2024-01-30,M18,OnHandSnapshot,3054.66
2024-01-31,M18,Consumption,-137.0
2024-01-31,M18,OnHandSnapshot,2917.66
2024-02-01,M18,Consumption,-138.0
2024-02-01,M18,OnHandSnapshot,2779.66
2024-02-02,M18,Consumption,-170.0
2024-02-02,M18,OnHandSnapshot,2609.66
2024-02-03,M18,Consumption,-139.0
2024-02-03,M18,OnHandSnapshot,2470.66
2024-02-04,M18,Consumption,-144.0
2024-02-04,M18,OnHandSnapshot,2326.66
2024-02-05,M18,Consumption,-141.0
2024-02-05,M18,OnHandSnapshot,2185.66
2024-02-06,M18,Receipt,5164.76
2024-02-06,M18,Consumption,-125.0
2024-02-06,M18,OnHandSnapshot,7225.43
2024-02-07,M18,Consumption,-134.0
2024-02-07,M18,OnHandSnapshot,7091.43
2024-02-08,M18,Consumption,-162.0
2024-02-08,M18,OnHandSnapshot,6929.43
2024-02-09,M18,Consumption,-142.0
2024-02-09,M18,OnHandSnapshot,6787.43
2024-02-10,M18,Consumption,-105.0
2024-02-10,M18,OnHandSnapshot,6682.43
2024-02-11,M18,Consumption,-151.0
2024-02-11,M18,OnHandSnapshot,6531.43
2024-02-12,M18,Consumption,-127.0
2024-02-12,M18,OnHandSnapshot,6404.43
2024-02-13,M18,Consumption,-114.0
2024-02-13,M18,OnHandSnapshot,6290.43
2024-02-14,M18,Consumption,-153.0
2024-02-14,M18,OnHandSnapshot,6137.43
2024-02-15,M18,Consumption,-149.0
2024-02-15,M18,OnHandSnapshot,5988.43
2024-02-16,M18,Consumption,-173.0
2024-02-16,M18,OnHandSnapshot,5815.43
2024-02-17,M18,Consumption,-148.0
2024-02-17,M18,OnHandSnapshot,5667.43
2024-02-18,M18,Consumption,-126.0
2024-02-18,M18,OnHandSnapshot,5541.43
2024-02-19,M18,Consumption,-114.0
2024-02-19,M18,OnHandSnapshot,5427.43
2024-02-20,M18,Consumption,-146.0
2024-02-20,M18,OnHandSnapshot,5281.43
2024-02-21,M18,Consumption,-158.0
2024-02-21,M18,OnHandSnapshot,5123.43
2024-02-22,M18,Consumption,-161.0
2024-02-22,M18,OnHandSnapshot,4962.43
2024-02-23,M18,Consumption,-186.0
2024-02-23,M18,OnHandSnapshot,4776.43
2024-02-24,M18,Consumption,-161.0
2024-02-24,M18,OnHandSnapshot,4615.43
2024-02-25,M18,Consumption,-158.0
2024-02-25,M18,OnHandSnapshot,4457.43
2024-02-26,M18,Consumption,-155.0
2024-02-26,M18,OnHandSnapshot,4302.43
2024-02-27,M18,Consumption,-129.0
2024-02-27,M18,OnHandSnapshot,4173.43
2024-02-28,M18,Consumption,-143.0
2024-02-28,M18,OnHandSnapshot,4030.43
2024-02-29,M18,Consumption,-160.0
2024-02-29,M18,OnHandSnapshot,3870.43
2024-03-01,M18,Consumption,-184.0
2024-03-01,M18,OnHandSnapshot,3686.43
2024-03-02,M18,Consumption,-123.0
2024-03-02,M18,OnHandSnapshot,3563.43
2024-03-03,M18,Consumption,-140.0
2024-03-03,M18,OnHandSnapshot,3423.43
2024-03-04,M18,Consumption,-163.0
2024-03-04,M18,OnHandSnapshot,3260.43
2024-03-05,M18,Consumption,-163.0
2024-03-05,M18,OnHandSnapshot,3097.43
2024-03-06,M18,Consumption,-165.0
2024-03-06,M18,OnHandSnapshot,2932.43
2024-03-07,M18,Consumption,-198.0
2024-03-07,M18,OnHandSnapshot,2734.43
2024-03-08,M18,Consumption,-240.0
2024-03-08,M18,OnHandSnapshot,2494.43
2024-03-09,M18,Consumption,-181.0
2024-03-09,M18,OnHandSnapshot,2313.43
2024-03-10,M18,Receipt,5164.76
2024-03-10,M18,Consumption,-203.0
2024-03-10,M18,OnHandSnapshot,7275.19
2024-03-11,M18,Consumption,-244.0
2024-03-11,M18,OnHandSnapshot,7031.19
2024-03-12,M18,Consumption,-274.0
2024-03-12,M18,OnHandSnapshot,6757.19
2024-03-13,M18,Consumption,-309.0
2024-03-13,M18,OnHandSnapshot,6448.19
2024-03-14,M18,Consumption,-333.0
2024-03-14,M18,OnHandSnapshot,6115.19
2024-03-15,M18,Consumption,-521.0
2024-03-15,M18,OnHandSnapshot,5594.19
2024-03-16,M18,Consumption,-359.0
2024-03-16,M18,OnHandSnapshot,5235.19
2024-03-17,M18,Consumption,-328.0
2024-03-17,M18,OnHandSnapshot,4907.19
2024-03-18,M18,Consumption,-327.0
2024-03-18,M18,OnHandSnapshot,4580.19
2024-03-19,M18,Consumption,-357.0
2024-03-19,M18,OnHandSnapshot,4223.19
2024-03-20,M18,Consumption,-404.0
2024-03-20,M18,OnHandSnapshot,3819.19
2024-03-21,M18,Consumption,-235.0
2024-03-21,M18,OnHandSnapshot,3584.19
2024-03-22,M18,Consumption,-225.0
2024-03-22,M18,OnHandSnapshot,3359.19
2024-03-23,M18,Consumption,-186.0
2024-03-23,M18,OnHandSnapshot,3173.19
2024-03-24,M18,Consumption,-199.0
2024-03-24,M18,OnHandSnapshot,2974.19
2024-03-25,M18,Consumption,-183.0
2024-03-25,M18,OnHandSnapshot,2791.19
2024-03-26,M18,Consumption,-179.0
2024-03-26,M18,OnHandSnapshot,2612.19
2024-03-27,M18,Consumption,-212.0
2024-03-27,M18,OnHandSnapshot,2400.19
2024-03-28,M18,Consumption,-242.0
2024-03-28,M18,OnHandSnapshot,2158.19
2024-03-29,M18,Consumption,-254.0
2024-03-29,M18,OnHandSnapshot,1904.19
2024-03-30,M18,Receipt,5164.76
2024-03-30,M18,Consumption,-162.0
2024-03-30,M18,OnHandSnapshot,6906.95
2024-03-31,M18,Consumption,-208.0
2024-03-31,M18,OnHandSnapshot,6698.95
2024-04-01,M18,Consumption,-179.0
2024-04-01,M18,OnHandSnapshot,6519.95
2024-04-02,M18,Consumption,-177.0
2024-04-02,M18,OnHandSnapshot,6342.95
2024-04-03,M18,Consumption,-156.0
2024-04-03,M18,OnHandSnapshot,6186.95
2024-04-04,M18,Consumption,-220.0
2024-04-04,M18,OnHandSnapshot,5966.95
2024-04-05,M18,Consumption,-240.0
2024-04-05,M18,OnHandSnapshot,5726.95
2024-04-06,M18,Consumption,-156.0
2024-04-06,M18,OnHandSnapshot,5570.95
2024-04-07,M18,Consumption,-208.0
2024-04-07,M18,OnHandSnapshot,5362.95
2024-04-08,M18,Consumption,-173.0
2024-04-08,M18,OnHandSnapshot,5189.95
2024-04-09,M18,Consumption,-206.0
2024-04-09,M18,OnHandSnapshot,4983.95
2024-04-10,M18,Consumption,-132.0
2024-04-10,M18,OnHandSnapshot,4851.95
2024-04-11,M18,Consumption,-134.0
2024-04-11,M18,OnHandSnapshot,4717.95
2024-04-12,M18,Consumption,-186.0
2024-04-12,M18,OnHandSnapshot,4531.95
2024-04-13,M18,Consumption,-103.0
2024-04-13,M18,OnHandSnapshot,4428.95
2024-04-14,M18,Consumption,-132.0
2024-04-14,M18,OnHandSnapshot,4296.95
2024-04-15,M18,Consumption,-145.0
2024-04-15,M18,OnHandSnapshot,4151.95
2024-04-16,M18,Consumption,-128.0
2024-04-16,M18,OnHandSnapshot,4023.95
2024-04-17,M18,Consumption,-174.0
2024-04-17,M18,OnHandSnapshot,3849.95
2024-04-18,M18,Consumption,-150.0
2024-04-18,M18,OnHandSnapshot,3699.95
2024-04-19,M18,Consumption,-199.0
2024-04-19,M18,OnHandSnapshot,3500.95
2024-04-20,M18,Consumption,-139.0
2024-04-20,M18,OnHandSnapshot,3361.95
2024-04-21,M18,Consumption,-164.0
2024-04-21,M18,OnHandSnapshot,3197.95
2024-04-22,M18,Consumption,-141.0
2024-04-22,M18,OnHandSnapshot,3056.95
2024-04-23,M18,Consumption,-152.0
2024-04-23,M18,OnHandSnapshot,2904.95
2024-04-24,M18,Consumption,-126.0
2024-04-24,M18,OnHandSnapshot,2778.95
2024-04-25,M18,Consumption,-156.0
2024-04-25,M18,OnHandSnapshot,2622.95
2024-04-26,M18,Consumption,-182.0
2024-04-26,M18,OnHandSnapshot,2440.95
2024-04-27,M18,Consumption,-130.0
2024-04-27,M18,OnHandSnapshot,2310.95
2024-04-28,M18,Consumption,-116.0
2024-04-28,M18,OnHandSnapshot,2194.95
2024-04-29,M18,Receipt,5164.76
2024-04-29,M18,Consumption,-132.0
2024-04-29,M18,OnHandSnapshot,7227.71
2024-04-30,M18,Consumption,-137.0
2024-04-30,M18,OnHandSnapshot,7090.71
2024-05-01,M18,Consumption,-121.0
2024-05-01,M18,OnHandSnapshot,6969.71
2024-05-02,M18,Consumption,-149.0
2024-05-02,M18,OnHandSnapshot,6820.71
2024-05-03,M18,Consumption,-179.0
2024-05-03,M18,OnHandSnapshot,6641.71
2024-05-04,M18,Consumption,-108.0
2024-05-04,M18,OnHandSnapshot,6533.71
2024-05-05,M18,Consumption,-147.0
2024-05-05,M18,OnHandSnapshot,6386.71
2024-05-06,M18,Consumption,-140.0
2024-05-06,M18,OnHandSnapshot,6246.71
2024-05-07,M18,Consumption,-131.0
2024-05-07,M18,OnHandSnapshot,6115.71
2024-05-08,M18,Consumption,-139.0
2024-05-08,M18,OnHandSnapshot,5976.71
2024-05-09,M18,Consumption,-146.0
2024-05-09,M18,OnHandSnapshot,5830.71
2024-05-10,M18,Consumption,-190.0
2024-05-10,M18,OnHandSnapshot,5640.71
2024-05-11,M18,Consumption,-133.0
2024-05-11,M18,OnHandSnapshot,5507.71
2024-05-12,M18,Consumption,-135.0
2024-05-12,M18,OnHandSnapshot,5372.71
2024-05-13,M18,Consumption,-132.0
2024-05-13,M18,OnHandSnapshot,5240.71
2024-05-14,M18,Consumption,-96.0
2024-05-14,M18,OnHandSnapshot,5144.71
2024-05-15,M18,Consumption,-108.0
2024-05-15,M18,OnHandSnapshot,5036.71
2024-05-16,M18,Consumption,-171.0
2024-05-16,M18,OnHandSnapshot,4865.71
2024-05-17,M18,Consumption,-180.0
2024-05-17,M18,OnHandSnapshot,4685.71
2024-05-18,M18,Consumption,-119.0
2024-05-18,M18,OnHandSnapshot,4566.71
2024-05-19,M18,Consumption,-135.0
2024-05-19,M18,OnHandSnapshot,4431.71
2024-05-20,M18,Consumption,-123.0
2024-05-20,M18,OnHandSnapshot,4308.71
2024-05-21,M18,Consumption,-129.0
2024-05-21,M18,OnHandSnapshot,4179.71
2024-05-22,M18,Consumption,-138.0
2024-05-22,M18,OnHandSnapshot,4041.71
2024-05-23,M18,Consumption,-127.0
2024-05-23,M18,OnHandSnapshot,3914.71
2024-05-24,M18,Consumption,-193.0
2024-05-24,M18,OnHandSnapshot,3721.71
2024-05-25,M18,Consumption,-115.0
2024-05-25,M18,OnHandSnapshot,3606.71
2024-05-26,M18,Consumption,-116.0
2024-05-26,M18,OnHandSnapshot,3490.71
2024-05-27,M18,Consumption,-121.0
2024-05-27,M18,OnHandSnapshot,3369.71
2024-05-28,M18,Consumption,-146.0
2024-05-28,M18,OnHandSnapshot,3223.71
2024-05-29,M18,Consumption,-114.0
2024-05-29,M18,OnHandSnapshot,3109.71
2024-05-30,M18,Consumption,-140.0
2024-05-30,M18,OnHandSnapshot,2969.71
2024-05-31,M18,Consumption,-169.0
2024-05-31,M18,OnHandSnapshot,2800.71
2024-06-01,M18,Consumption,-127.0
2024-06-01,M18,OnHandSnapshot,2673.71
2024-06-02,M18,Receipt,5164.76
2024-06-02,M18,Consumption,-161.0
2024-06-02,M18,OnHandSnapshot,7677.47
2024-06-03,M18,Consumption,-161.0
2024-06-03,M18,OnHandSnapshot,7516.47
2024-06-04,M18,Consumption,-133.0
2024-06-04,M18,OnHandSnapshot,7383.47
2024-06-05,M18,Consumption,-142.0
2024-06-05,M18,OnHandSnapshot,7241.47
2024-06-06,M18,Consumption,-170.0
2024-06-06,M18,OnHandSnapshot,7071.47
2024-06-07,M18,Consumption,-214.0
2024-06-07,M18,OnHandSnapshot,6857.47
2024-06-08,M18,Consumption,-167.0
2024-06-08,M18,OnHandSnapshot,6690.47
2024-06-09,M18,Consumption,-140.0
2024-06-09,M18,OnHandSnapshot,6550.47
2024-06-10,M18,Consumption,-195.0
2024-06-10,M18,OnHandSnapshot,6355.47
2024-06-11,M18,Consumption,-155.0
2024-06-11,M18,OnHandSnapshot,6200.47
2024-06-12,M18,Consumption,-161.0
2024-06-12,M18,OnHandSnapshot,6039.47
2024-06-13,M18,Consumption,-196.0
2024-06-13,M18,OnHandSnapshot,5843.47
2024-06-14,M18,Consumption,-226.0
2024-06-14,M18,OnHandSnapshot,5617.47
2024-06-15,M18,Consumption,-135.0
2024-06-15,M18,OnHandSnapshot,5482.47
2024-06-16,M18,Consumption,-163.0
2024-06-16,M18,OnHandSnapshot,5319.47
2024-06-17,M18,Consumption,-160.0
2024-06-17,M18,OnHandSnapshot,5159.47
2024-06-18,M18,Consumption,-202.0
2024-06-18,M18,OnHandSnapshot,4957.47
2024-06-19,M18,Consumption,-146.0
2024-06-19,M18,OnHandSnapshot,4811.47
2024-06-20,M18,Consumption,-208.0
2024-06-20,M18,OnHandSnapshot,4603.47
2024-06-21,M18,Consumption,-218.0
2024-06-21,M18,OnHandSnapshot,4385.47
2024-06-22,M18,Consumption,-131.0
2024-06-22,M18,OnHandSnapshot,4254.47
2024-06-23,M18,Consumption,-159.0
2024-06-23,M18,OnHandSnapshot,4095.47
2024-06-24,M18,Consumption,-135.0
2024-06-24,M18,OnHandSnapshot,3960.47
2024-06-25,M18,Consumption,-198.0
2024-06-25,M18,OnHandSnapshot,3762.47
2024-06-26,M18,Consumption,-139.0
2024-06-26,M18,OnHandSnapshot,3623.47
2024-06-27,M18,Consumption,-188.0
2024-06-27,M18,OnHandSnapshot,3435.47
2024-06-28,M18,Consumption,-229.0
2024-06-28,M18,OnHandSnapshot,3206.47
2024-06-29,M18,Consumption,-153.0
2024-06-29,M18,OnHandSnapshot,3053.47
2024-06-30,M18,Consumption,-169.0
2024-06-30,M18,OnHandSnapshot,2884.47
2024-07-01,M18,Consumption,-162.0
2024-07-01,M18,OnHandSnapshot,2722.47
2024-07-02,M18,Consumption,-145.0
2024-07-02,M18,OnHandSnapshot,2577.47
2024-07-03,M18,Consumption,-129.0
2024-07-03,M18,OnHandSnapshot,2448.47
2024-07-04,M18,Receipt,5164.76
2024-07-04,M18,Consumption,-167.0
2024-07-04,M18,OnHandSnapshot,7446.23
2024-07-05,M18,Consumption,-190.0
2024-07-05,M18,OnHandSnapshot,7256.23
2024-07-06,M18,Consumption,-147.0
2024-07-06,M18,OnHandSnapshot,7109.23
2024-07-07,M18,Consumption,-148.0
2024-07-07,M18,OnHandSnapshot,6961.23
2024-07-08,M18,Consumption,-171.0
2024-07-08,M18,OnHandSnapshot,6790.23
2024-07-09,M18,Consumption,-155.0
2024-07-09,M18,OnHandSnapshot,6635.23
2024-07-10,M18,Consumption,-133.0
2024-07-10,M18,OnHandSnapshot,6502.23
2024-07-11,M18,Consumption,-129.0
2024-07-11,M18,OnHandSnapshot,6373.23
2024-07-12,M18,Consumption,-207.0
2024-07-12,M18,OnHandSnapshot,6166.23
2024-07-13,M18,Consumption,-144.0
2024-07-13,M18,OnHandSnapshot,6022.23
2024-07-14,M18,Consumption,-159.0
2024-07-14,M18,OnHandSnapshot,5863.23
2024-07-15,M18,Consumption,-128.0
2024-07-15,M18,OnHandSnapshot,5735.23
2024-07-16,M18,Consumption,-133.0
2024-07-16,M18,OnHandSnapshot,5602.23
2024-07-17,M18,Consumption,-146.0
2024-07-17,M18,OnHandSnapshot,5456.23
2024-07-18,M18,Consumption,-189.0
2024-07-18,M18,OnHandSnapshot,5267.23
2024-07-19,M18,Consumption,-241.0
2024-07-19,M18,OnHandSnapshot,5026.23
2024-07-20,M18,Consumption,-141.0
2024-07-20,M18,OnHandSnapshot,4885.23
2024-07-21,M18,Consumption,-177.0
2024-07-21,M18,OnHandSnapshot,4708.23
2024-07-22,M18,Consumption,-166.0
2024-07-22,M18,OnHandSnapshot,4542.23
2024-07-23,M18,Consumption,-181.0
2024-07-23,M18,OnHandSnapshot,4361.23
2024-07-24,M18,Consumption,-147.0
2024-07-24,M18,OnHandSnapshot,4214.23
2024-07-25,M18,Consumption,-157.0
2024-07-25,M18,OnHandSnapshot,4057.23
2024-07-26,M18,Consumption,-224.0
2024-07-26,M18,OnHandSnapshot,3833.23
2024-07-27,M18,Consumption,-142.0
2024-07-27,M18,OnHandSnapshot,3691.23
2024-07-28,M18,Consumption,-109.0
2024-07-28,M18,OnHandSnapshot,3582.23
2024-07-29,M18,Consumption,-166.0
2024-07-29,M18,OnHandSnapshot,3416.23
2024-07-30,M18,Consumption,-150.0
2024-07-30,M18,OnHandSnapshot,3266.23
2024-07-31,M18,Consumption,-160.0
2024-07-31,M18,OnHandSnapshot,3106.23
2024-08-01,M18,Consumption,-173.0
2024-08-01,M18,OnHandSnapshot,2933.23
2024-08-02,M18,Consumption,-199.0
2024-08-02,M18,OnHandSnapshot,2734.23
2024-08-03,M18,Consumption,-172.0
2024-08-03,M18,OnHandSnapshot,2562.23
2024-08-04,M18,Consumption,-167.0
2024-08-04,M18,OnHandSnapshot,2395.23
2024-08-05,M18,Consumption,-156.0
2024-08-05,M18,OnHandSnapshot,2239.23
2024-08-06,M18,Consumption,-153.0
2024-08-06,M18,OnHandSnapshot,2086.23
2024-08-07,M18,Receipt,5164.76
2024-08-07,M18,Consumption,-139.0
2024-08-07,M18,OnHandSnapshot,7111.99
2024-08-08,M18,Consumption,-176.0
2024-08-08,M18,OnHandSnapshot,6935.99
2024-08-09,M18,Consumption,-208.0
2024-08-09,M18,OnHandSnapshot,6727.99
2024-08-10,M18,Consumption,-154.0
2024-08-10,M18,OnHandSnapshot,6573.99
2024-08-11,M18,Consumption,-187.0
2024-08-11,M18,OnHandSnapshot,6386.99
2024-08-12,M18,Consumption,-136.0
2024-08-12,M18,OnHandSnapshot,6250.99
2024-08-13,M18,Consumption,-150.0
2024-08-13,M18,OnHandSnapshot,6100.99
2024-08-14,M18,Consumption,-146.0
2024-08-14,M18,OnHandSnapshot,5954.99
2024-08-15,M18,Consumption,-180.0
2024-08-15,M18,OnHandSnapshot,5774.99
2024-08-16,M18,Consumption,-207.0
2024-08-16,M18,OnHandSnapshot,5567.99
2024-08-17,M18,Consumption,-167.0
2024-08-17,M18,OnHandSnapshot,5400.99
2024-08-18,M18,Consumption,-149.0
2024-08-18,M18,OnHandSnapshot,5251.99
2024-08-19,M18,Consumption,-171.0
2024-08-19,M18,OnHandSnapshot,5080.99
2024-08-20,M18,Consumption,-172.0
2024-08-20,M18,OnHandSnapshot,4908.99
2024-08-21,M18,Consumption,-167.0
2024-08-21,M18,OnHandSnapshot,4741.99
2024-08-22,M18,Consumption,-160.0
2024-08-22,M18,OnHandSnapshot,4581.99
2024-08-23,M18,Consumption,-203.0
2024-08-23,M18,OnHandSnapshot,4378.99
2024-08-24,M18,Consumption,-117.0
2024-08-24,M18,OnHandSnapshot,4261.99
2024-08-25,M18,Consumption,-143.0
2024-08-25,M18,OnHandSnapshot,4118.99
2024-08-26,M18,Consumption,-151.0
2024-08-26,M18,OnHandSnapshot,3967.99
2024-08-27,M18,Consumption,-202.0
2024-08-27,M18,OnHandSnapshot,3765.99
2024-08-28,M18,Consumption,-159.0
2024-08-28,M18,OnHandSnapshot,3606.99
2024-08-29,M18,Consumption,-178.0
2024-08-29,M18,OnHandSnapshot,3428.99
2024-08-30,M18,Consumption,-185.0
2024-08-30,M18,OnHandSnapshot,3243.99
2024-08-31,M18,Consumption,-166.0
2024-08-31,M18,OnHandSnapshot,3077.99
2024-09-01,M18,Consumption,-161.0
2024-09-01,M18,OnHandSnapshot,2916.99
2024-09-02,M18,Consumption,-160.0
2024-09-02,M18,OnHandSnapshot,2756.99
2024-09-03,M18,Receipt,5164.76
2024-09-03,M18,Consumption,-126.0
2024-09-03,M18,OnHandSnapshot,7795.75
2024-09-04,M18,Consumption,-135.0
2024-09-04,M18,OnHandSnapshot,7660.75
2024-09-05,M18,Consumption,-183.0
2024-09-05,M18,OnHandSnapshot,7477.75
2024-09-06,M18,Consumption,-211.0
2024-09-06,M18,OnHandSnapshot,7266.75
2024-09-07,M18,Consumption,-138.0
2024-09-07,M18,OnHandSnapshot,7128.75
2024-09-08,M18,Consumption,-157.0
2024-09-08,M18,OnHandSnapshot,6971.75
2024-09-09,M18,Consumption,-135.0
2024-09-09,M18,OnHandSnapshot,6836.75
2024-09-10,M18,Consumption,-118.0
2024-09-10,M18,OnHandSnapshot,6718.75
2024-09-11,M18,Consumption,-129.0
2024-09-11,M18,OnHandSnapshot,6589.75
2024-09-12,M18,Consumption,-184.0
2024-09-12,M18,OnHandSnapshot,6405.75
2024-09-13,M18,Consumption,-208.0
2024-09-13,M18,OnHandSnapshot,6197.75
2024-09-14,M18,Consumption,-126.0
2024-09-14,M18,OnHandSnapshot,6071.75
2024-09-15,M18,Consumption,-153.0
2024-09-15,M18,OnHandSnapshot,5918.75
2024-09-16,M18,Consumption,-218.0
2024-09-16,M18,OnHandSnapshot,5700.75
2024-09-17,M18,Consumption,-160.0
2024-09-17,M18,OnHandSnapshot,5540.75
2024-09-18,M18,Consumption,-192.0
2024-09-18,M18,OnHandSnapshot,5348.75
2024-09-19,M18,Consumption,-216.0
2024-09-19,M18,OnHandSnapshot,5132.75
2024-09-20,M18,Consumption,-271.0
2024-09-20,M18,OnHandSnapshot,4861.75
2024-09-21,M18,Consumption,-198.0
2024-09-21,M18,OnHandSnapshot,4663.75
2024-09-22,M18,Consumption,-154.0
2024-09-22,M18,OnHandSnapshot,4509.75
2024-09-23,M18,Consumption,-158.0
2024-09-23,M18,OnHandSnapshot,4351.75
2024-09-24,M18,Consumption,-199.0
2024-09-24,M18,OnHandSnapshot,4152.75
2024-09-25,M18,Consumption,-210.0
2024-09-25,M18,OnHandSnapshot,3942.75
2024-09-26,M18,Consumption,-208.0
2024-09-26,M18,OnHandSnapshot,3734.75
2024-09-27,M18,Consumption,-266.0
2024-09-27,M18,OnHandSnapshot,3468.75
2024-09-28,M18,Consumption,-193.0
2024-09-28,M18,OnHandSnapshot,3275.75
2024-09-29,M18,Consumption,-194.0
2024-09-29,M18,OnHandSnapshot,3081.75
2024-09-30,M18,Consumption,-190.0
2024-09-30,M18,OnHandSnapshot,2891.75
2024-10-01,M18,Consumption,-225.0
2024-10-01,M18,OnHandSnapshot,2666.75
2024-10-02,M18,Consumption,-163.0
2024-10-02,M18,OnHandSnapshot,2503.75
2024-10-03,M18,Consumption,-201.0
2024-10-03,M18,OnHandSnapshot,2302.75
2024-10-04,M18,Consumption,-242.0
2024-10-04,M18,OnHandSnapshot,2060.75
2024-10-05,M18,Receipt,5164.76
2024-10-05,M18,Consumption,-179.0
2024-10-05,M18,OnHandSnapshot,7046.51
2024-10-06,M18,Consumption,-183.0
2024-10-06,M18,OnHandSnapshot,6863.51
2024-10-07,M18,Consumption,-185.0
2024-10-07,M18,OnHandSnapshot,6678.51
2024-10-08,M18,Consumption,-208.0
2024-10-08,M18,OnHandSnapshot,6470.51
2024-10-09,M18,Consumption,-216.0
2024-10-09,M18,OnHandSnapshot,6254.51
2024-10-10,M18,Consumption,-237.0
2024-10-10,M18,OnHandSnapshot,6017.51
2024-10-11,M18,Consumption,-176.0
2024-10-11,M18,OnHandSnapshot,5841.51
2024-10-12,M18,Consumption,-126.0
2024-10-12,M18,OnHandSnapshot,5715.51
2024-10-13,M18,Consumption,-138.0
2024-10-13,M18,OnHandSnapshot,5577.51
2024-10-14,M18,Consumption,-130.0
2024-10-14,M18,OnHandSnapshot,5447.51
2024-10-15,M18,Consumption,-143.0
2024-10-15,M18,OnHandSnapshot,5304.51
2024-10-16,M18,Consumption,-129.0
2024-10-16,M18,OnHandSnapshot,5175.51
2024-10-17,M18,Consumption,-163.0
2024-10-17,M18,OnHandSnapshot,5012.51
2024-10-18,M18,Consumption,-213.0
2024-10-18,M18,OnHandSnapshot,4799.51
2024-10-19,M18,Consumption,-107.0
2024-10-19,M18,OnHandSnapshot,4692.51
2024-10-20,M18,Consumption,-110.0
2024-10-20,M18,OnHandSnapshot,4582.51
2024-10-21,M18,Consumption,-150.0
2024-10-21,M18,OnHandSnapshot,4432.51
2024-10-22,M18,Consumption,-122.0
2024-10-22,M18,OnHandSnapshot,4310.51
2024-10-23,M18,Consumption,-140.0
2024-10-23,M18,OnHandSnapshot,4170.51
2024-10-24,M18,Consumption,-198.0
2024-10-24,M18,OnHandSnapshot,3972.51
2024-10-25,M18,Consumption,-203.0
2024-10-25,M18,OnHandSnapshot,3769.51
2024-10-26,M18,Consumption,-120.0
2024-10-26,M18,OnHandSnapshot,3649.51
2024-10-27,M18,Consumption,-117.0
2024-10-27,M18,OnHandSnapshot,3532.51
2024-10-28,M18,Consumption,-157.0
2024-10-28,M18,OnHandSnapshot,3375.51
2024-10-29,M18,Consumption,-158.0
2024-10-29,M18,OnHandSnapshot,3217.51
2024-10-30,M18,Consumption,-148.0
2024-10-30,M18,OnHandSnapshot,3069.51
2024-10-31,M18,Consumption,-161.0
2024-10-31,M18,OnHandSnapshot,2908.51
2024-11-01,M18,Consumption,-189.0
2024-11-01,M18,OnHandSnapshot,2719.51
2024-11-02,M18,Consumption,-175.0
2024-11-02,M18,OnHandSnapshot,2544.51
2024-11-03,M18,Consumption,-143.0
2024-11-03,M18,OnHandSnapshot,2401.51
2024-11-04,M18,Consumption,-122.0
2024-11-04,M18,OnHandSnapshot,2279.51
2024-11-05,M18,Consumption,-146.0
2024-11-05,M18,OnHandSnapshot,2133.51
2024-11-06,M18,Receipt,5164.76
2024-11-06,M18,Consumption,-157.0
2024-11-06,M18,OnHandSnapshot,7141.27
2024-11-07,M18,Consumption,-117.0
2024-11-07,M18,OnHandSnapshot,7024.27
2024-11-08,M18,Consumption,-168.0
2024-11-08,M18,OnHandSnapshot,6856.27
2024-11-09,M18,Consumption,-137.0
2024-11-09,M18,OnHandSnapshot,6719.27
2024-11-10,M18,Consumption,-150.0
2024-11-10,M18,OnHandSnapshot,6569.27
2024-11-11,M18,Consumption,-139.0
2024-11-11,M18,OnHandSnapshot,6430.27
2024-11-12,M18,Consumption,-126.0
2024-11-12,M18,OnHandSnapshot,6304.27
2024-11-13,M18,Consumption,-146.0
2024-11-13,M18,OnHandSnapshot,6158.27
2024-11-14,M18,Consumption,-139.0
2024-11-14,M18,OnHandSnapshot,6019.27
2024-11-15,M18,Consumption,-198.0
2024-11-15,M18,OnHandSnapshot,5821.27
2024-11-16,M18,Consumption,-121.0
2024-11-16,M18,OnHandSnapshot,5700.27
2024-11-17,M18,Consumption,-154.0
2024-11-17,M18,OnHandSnapshot,5546.27
2024-11-18,M18,Consumption,-132.0
2024-11-18,M18,OnHandSnapshot,5414.27
2024-11-19,M18,Consumption,-163.0
2024-11-19,M18,OnHandSnapshot,5251.27
2024-11-20,M18,Consumption,-150.0
2024-11-20,M18,OnHandSnapshot,5101.27
2024-11-21,M18,Consumption,-123.0
2024-11-21,M18,OnHandSnapshot,4978.27
2024-11-22,M18,Consumption,-191.0
2024-11-22,M18,OnHandSnapshot,4787.27
2024-11-23,M18,Consumption,-125.0
2024-11-23,M18,OnHandSnapshot,4662.27
2024-11-24,M18,Consumption,-133.0
2024-11-24,M18,OnHandSnapshot,4529.27
2024-11-25,M18,Consumption,-150.0
2024-11-25,M18,OnHandSnapshot,4379.27
2024-11-26,M18,Consumption,-137.0
2024-11-26,M18,OnHandSnapshot,4242.27
2024-11-27,M18,Consumption,-149.0
2024-11-27,M18,OnHandSnapshot,4093.27
2024-11-28,M18,Consumption,-179.0
2024-11-28,M18,OnHandSnapshot,3914.27
2024-11-29,M18,Consumption,-174.0
2024-11-29,M18,OnHandSnapshot,3740.27
2024-11-30,M18,Consumption,-123.0
2024-11-30,M18,OnHandSnapshot,3617.27
2024-12-01,M18,Consumption,-135.0
2024-12-01,M18,OnHandSnapshot,3482.27
2024-12-02,M18,Consumption,-151.0
2024-12-02,M18,OnHandSnapshot,3331.27
2024-12-03,M18,Consumption,-129.0
2024-12-03,M18,OnHandSnapshot,3202.27
2024-12-04,M18,Consumption,-157.0
2024-12-04,M18,OnHandSnapshot,3045.27
2024-12-05,M18,Consumption,-170.0
2024-12-05,M18,OnHandSnapshot,2875.27
2024-12-06,M18,Consumption,-158.0
2024-12-06,M18,OnHandSnapshot,2717.27
2024-12-07,M18,Consumption,-133.0
2024-12-07,M18,OnHandSnapshot,2584.27
2024-12-08,M18,Consumption,-131.0
2024-12-08,M18,OnHandSnapshot,2453.27
2024-12-09,M18,Consumption,-110.0
2024-12-09,M18,OnHandSnapshot,2343.27
2024-12-10,M18,Consumption,-110.0
2024-12-10,M18,OnHandSnapshot,2233.27
2024-12-11,M18,Receipt,5164.76
2024-12-11,M18,Consumption,-192.0
2024-12-11,M18,OnHandSnapshot,7206.03
2024-12-12,M18,Consumption,-198.0
2024-12-12,M18,OnHandSnapshot,7008.03
2024-12-13,M18,Consumption,-209.0
2024-12-13,M18,OnHandSnapshot,6799.03
2024-12-14,M18,Consumption,-183.0
2024-12-14,M18,OnHandSnapshot,6616.03
2024-12-15,M18,Consumption,-193.0
2024-12-15,M18,OnHandSnapshot,6423.03
2024-12-16,M18,Consumption,-240.0
2024-12-16,M18,OnHandSnapshot,6183.03
2024-12-17,M18,Consumption,-231.0
2024-12-17,M18,OnHandSnapshot,5952.03
2024-12-18,M18,Consumption,-236.0
2024-12-18,M18,OnHandSnapshot,5716.03
2024-12-19,M18,Consumption,-244.0
2024-12-19,M18,OnHandSnapshot,5472.03
2024-12-20,M18,Consumption,-328.0
2024-12-20,M18,OnHandSnapshot,5144.03
2024-12-21,M18,Consumption,-284.0
2024-12-21,M18,OnHandSnapshot,4860.03
2024-12-22,M18,Consumption,-266.0
2024-12-22,M18,OnHandSnapshot,4594.03
2024-12-23,M18,Consumption,-193.0
2024-12-23,M18,OnHandSnapshot,4401.03
2024-12-24,M18,Consumption,-214.0
2024-12-24,M18,OnHandSnapshot,4187.03
2024-12-25,M18,Consumption,-205.0
2024-12-25,M18,OnHandSnapshot,3982.03
2024-12-26,M18,Consumption,-233.0
2024-12-26,M18,OnHandSnapshot,3749.03
2024-12-27,M18,Consumption,-250.0
2024-12-27,M18,OnHandSnapshot,3499.03
2024-12-28,M18,Consumption,-157.0
2024-12-28,M18,OnHandSnapshot,3342.03
2024-12-29,M18,Consumption,-162.0
2024-12-29,M18,OnHandSnapshot,3180.03
2024-12-30,M18,Consumption,-147.0
2024-12-30,M18,OnHandSnapshot,3033.03
2024-12-31,M18,Consumption,-139.0
2024-12-31,M18,OnHandSnapshot,2894.03
2025-01-01,M18,Consumption,-129.0
2025-01-01,M18,OnHandSnapshot,2765.03
2025-01-02,M18,Consumption,-154.0
2025-01-02,M18,OnHandSnapshot,2611.03
2025-01-03,M18,Consumption,-189.0
2025-01-03,M18,OnHandSnapshot,2422.03
2025-01-04,M18,Consumption,-135.0
2025-01-04,M18,OnHandSnapshot,2287.03
2025-01-05,M18,Receipt,5164.76
2025-01-05,M18,Consumption,-156.0
2025-01-05,M18,OnHandSnapshot,7295.79
2025-01-06,M18,Consumption,-130.0
2025-01-06,M18,OnHandSnapshot,7165.79
2025-01-07,M18,Consumption,-146.0
2025-01-07,M18,OnHandSnapshot,7019.79
2025-01-08,M18,Consumption,-139.0
2025-01-08,M18,OnHandSnapshot,6880.79
2025-01-09,M18,Consumption,-176.0
2025-01-09,M18,OnHandSnapshot,6704.79
2025-01-10,M18,Consumption,-191.0
2025-01-10,M18,OnHandSnapshot,6513.79
2025-01-11,M18,Consumption,-128.0
2025-01-11,M18,OnHandSnapshot,6385.79
2025-01-12,M18,Consumption,-110.0
2025-01-12,M18,OnHandSnapshot,6275.79
2025-01-13,M18,Consumption,-155.0
2025-01-13,M18,OnHandSnapshot,6120.79
2025-01-14,M18,Consumption,-146.0
2025-01-14,M18,OnHandSnapshot,5974.79
2025-01-15,M18,Consumption,-152.0
2025-01-15,M18,OnHandSnapshot,5822.79
2025-01-16,M18,Consumption,-143.0
2025-01-16,M18,OnHandSnapshot,5679.79
2025-01-17,M18,Consumption,-189.0
2025-01-17,M18,OnHandSnapshot,5490.79
2025-01-18,M18,Consumption,-163.0
2025-01-18,M18,OnHandSnapshot,5327.79
2025-01-19,M18,Consumption,-150.0
2025-01-19,M18,OnHandSnapshot,5177.79
2025-01-20,M18,Consumption,-146.0
2025-01-20,M18,OnHandSnapshot,5031.79
2025-01-21,M18,Consumption,-181.0
2025-01-21,M18,OnHandSnapshot,4850.79
2025-01-22,M18,Consumption,-114.0
2025-01-22,M18,OnHandSnapshot,4736.79
2025-01-23,M18,Consumption,-158.0
2025-01-23,M18,OnHandSnapshot,4578.79
2025-01-24,M18,Consumption,-219.0
2025-01-24,M18,OnHandSnapshot,4359.79
2025-01-25,M18,Consumption,-157.0
2025-01-25,M18,OnHandSnapshot,4202.79
2025-01-26,M18,Consumption,-121.0
2025-01-26,M18,OnHandSnapshot,4081.79
2025-01-27,M18,Consumption,-143.0
2025-01-27,M18,OnHandSnapshot,3938.79
2025-01-28,M18,Consumption,-140.0
2025-01-28,M18,OnHandSnapshot,3798.79
2025-01-29,M18,Consumption,-135.0
2025-01-29,M18,OnHandSnapshot,3663.79
2025-01-30,M18,Consumption,-195.0
2025-01-30,M18,OnHandSnapshot,3468.79
2025-01-31,M18,Consumption,-180.0
2025-01-31,M18,OnHandSnapshot,3288.79
2025-02-01,M18,Consumption,-133.0
2025-02-01,M18,OnHandSnapshot,3155.79
2025-02-02,M18,Consumption,-145.0
2025-02-02,M18,OnHandSnapshot,3010.79
2025-02-03,M18,Consumption,-141.0
2025-02-03,M18,OnHandSnapshot,2869.79
2025-02-04,M18,Consumption,-129.0
2025-02-04,M18,OnHandSnapshot,2740.79
2025-02-05,M18,Consumption,-127.0
2025-02-05,M18,OnHandSnapshot,2613.79
2025-02-06,M18,Consumption,-153.0
2025-02-06,M18,OnHandSnapshot,2460.79
2025-02-07,M18,Receipt,5164.76
2025-02-07,M18,Consumption,-173.0
2025-02-07,M18,OnHandSnapshot,7452.55
2025-02-08,M18,Consumption,-101.0
2025-02-08,M18,OnHandSnapshot,7351.55
2025-02-09,M18,Consumption,-161.0
2025-02-09,M18,OnHandSnapshot,7190.55
2025-02-10,M18,Consumption,-124.0
2025-02-10,M18,OnHandSnapshot,7066.55
2025-02-11,M18,Consumption,-129.0
2025-02-11,M18,OnHandSnapshot,6937.55
2025-02-12,M18,Consumption,-140.0
2025-02-12,M18,OnHandSnapshot,6797.55
2025-02-13,M18,Consumption,-170.0
2025-02-13,M18,OnHandSnapshot,6627.55
2025-02-14,M18,Consumption,-168.0
2025-02-14,M18,OnHandSnapshot,6459.55
2025-02-15,M18,Consumption,-133.0
2025-02-15,M18,OnHandSnapshot,6326.55
2025-02-16,M18,Consumption,-143.0
2025-02-16,M18,OnHandSnapshot,6183.55
2025-02-17,M18,Consumption,-142.0
2025-02-17,M18,OnHandSnapshot,6041.55
2025-02-18,M18,Consumption,-130.0
2025-02-18,M18,OnHandSnapshot,5911.55
2025-02-19,M18,Consumption,-114.0
2025-02-19,M18,OnHandSnapshot,5797.55
2025-02-20,M18,Consumption,-143.0
2025-02-20,M18,OnHandSnapshot,5654.55
2025-02-21,M18,Consumption,-195.0
2025-02-21,M18,OnHandSnapshot,5459.55
2025-02-22,M18,Consumption,-139.0
2025-02-22,M18,OnHandSnapshot,5320.55
2025-02-23,M18,Consumption,-131.0
2025-02-23,M18,OnHandSnapshot,5189.55
2025-02-24,M18,Consumption,-150.0
2025-02-24,M18,OnHandSnapshot,5039.55
2025-02-25,M18,Consumption,-143.0
2025-02-25,M18,OnHandSnapshot,4896.55
2025-02-26,M18,Consumption,-120.0
2025-02-26,M18,OnHandSnapshot,4776.55
2025-02-27,M18,Consumption,-131.0
2025-02-27,M18,OnHandSnapshot,4645.55
2025-02-28,M18,Consumption,-156.0
2025-02-28,M18,OnHandSnapshot,4489.55
2025-03-01,M18,Consumption,-192.0
2025-03-01,M18,OnHandSnapshot,4297.55
2025-03-02,M18,Consumption,-182.0
2025-03-02,M18,OnHandSnapshot,4115.55
2025-03-03,M18,Consumption,-226.0
2025-03-03,M18,OnHandSnapshot,3889.55
2025-03-04,M18,Consumption,-205.0
2025-03-04,M18,OnHandSnapshot,3684.55
2025-03-05,M18,Consumption,-192.0
2025-03-05,M18,OnHandSnapshot,3492.55
2025-03-06,M18,Consumption,-269.0
2025-03-06,M18,OnHandSnapshot,3223.55
2025-03-07,M18,Consumption,-351.0
2025-03-07,M18,OnHandSnapshot,2872.55
2025-03-08,M18,Consumption,-252.0
2025-03-08,M18,OnHandSnapshot,2620.55
2025-03-09,M18,Consumption,-240.0
2025-03-09,M18,OnHandSnapshot,2380.55
2025-03-10,M18,Consumption,-252.0
2025-03-10,M18,OnHandSnapshot,2128.55
2025-03-11,M18,Consumption,-332.0
2025-03-11,M18,OnHandSnapshot,1796.55
2025-03-12,M18,Receipt,5164.76
2025-03-12,M18,Consumption,-305.0
2025-03-12,M18,OnHandSnapshot,6656.31
2025-03-13,M18,Consumption,-335.0
2025-03-13,M18,OnHandSnapshot,6321.31
2025-03-14,M18,Consumption,-495.0
2025-03-14,M18,OnHandSnapshot,5826.31
2025-03-15,M18,Consumption,-366.0
2025-03-15,M18,OnHandSnapshot,5460.31
2025-03-16,M18,Consumption,-379.0
2025-03-16,M18,OnHandSnapshot,5081.31
2025-03-17,M18,Consumption,-359.0
2025-03-17,M18,OnHandSnapshot,4722.31
2025-03-18,M18,Consumption,-362.0
2025-03-18,M18,OnHandSnapshot,4360.31
2025-03-19,M18,Consumption,-438.0
2025-03-19,M18,OnHandSnapshot,3922.31
2025-03-20,M18,Consumption,-441.0
2025-03-20,M18,OnHandSnapshot,3481.31
2025-03-21,M18,Consumption,-262.0
2025-03-21,M18,OnHandSnapshot,3219.31
2025-03-22,M18,Consumption,-168.0
2025-03-22,M18,OnHandSnapshot,3051.31
2025-03-23,M18,Consumption,-176.0
2025-03-23,M18,OnHandSnapshot,2875.31
2025-03-24,M18,Consumption,-207.0
2025-03-24,M18,OnHandSnapshot,2668.31
2025-03-25,M18,Consumption,-202.0
2025-03-25,M18,OnHandSnapshot,2466.31
2025-03-26,M18,Consumption,-191.0
2025-03-26,M18,OnHandSnapshot,2275.31
2025-03-27,M18,Receipt,5164.76
2025-03-27,M18,Consumption,-227.0
2025-03-27,M18,OnHandSnapshot,7213.07
2025-03-28,M18,Consumption,-263.0
2025-03-28,M18,OnHandSnapshot,6950.07
2025-03-29,M18,Consumption,-162.0
2025-03-29,M18,OnHandSnapshot,6788.07
2025-03-30,M18,Consumption,-195.0
2025-03-30,M18,OnHandSnapshot,6593.07
2025-03-31,M18,Consumption,-130.0
2025-03-31,M18,OnHandSnapshot,6463.07
2025-04-01,M18,Consumption,-151.0
2025-04-01,M18,OnHandSnapshot,6312.07
2025-04-02,M18,Consumption,-120.0
2025-04-02,M18,OnHandSnapshot,6192.07
2025-04-03,M18,Consumption,-164.0
2025-04-03,M18,OnHandSnapshot,6028.07
2025-04-04,M18,Consumption,-196.0
2025-04-04,M18,OnHandSnapshot,5832.07
2025-04-05,M18,Consumption,-159.0
2025-04-05,M18,OnHandSnapshot,5673.07
2025-04-06,M18,Consumption,-162.0
2025-04-06,M18,OnHandSnapshot,5511.07
2025-04-07,M18,Consumption,-117.0
2025-04-07,M18,OnHandSnapshot,5394.07
2025-04-08,M18,Consumption,-140.0
2025-04-08,M18,OnHandSnapshot,5254.07
2025-04-09,M18,Consumption,-145.0
2025-04-09,M18,OnHandSnapshot,5109.07
2025-04-10,M18,Consumption,-178.0
2025-04-10,M18,OnHandSnapshot,4931.07
2025-04-11,M18,Consumption,-189.0
2025-04-11,M18,OnHandSnapshot,4742.07
2025-04-12,M18,Consumption,-127.0
2025-04-12,M18,OnHandSnapshot,4615.07
2025-04-13,M18,Consumption,-163.0
2025-04-13,M18,OnHandSnapshot,4452.07
2025-04-14,M18,Consumption,-135.0
2025-04-14,M18,OnHandSnapshot,4317.07
2025-04-15,M18,Consumption,-125.0
2025-04-15,M18,OnHandSnapshot,4192.07
2025-04-16,M18,Consumption,-169.0
2025-04-16,M18,OnHandSnapshot,4023.07
2025-04-17,M18,Consumption,-222.0
2025-04-17,M18,OnHandSnapshot,3801.07
2025-04-18,M18,Consumption,-203.0
2025-04-18,M18,OnHandSnapshot,3598.07
2025-04-19,M18,Consumption,-142.0
2025-04-19,M18,OnHandSnapshot,3456.07
2025-04-20,M18,Consumption,-116.0
2025-04-20,M18,OnHandSnapshot,3340.07
2025-04-21,M18,Consumption,-106.0
2025-04-21,M18,OnHandSnapshot,3234.07
2025-04-22,M18,Consumption,-165.0
2025-04-22,M18,OnHandSnapshot,3069.07
2025-04-23,M18,Consumption,-128.0
2025-04-23,M18,OnHandSnapshot,2941.07
2025-04-24,M18,Consumption,-143.0
2025-04-24,M18,OnHandSnapshot,2798.07
2025-04-25,M18,Consumption,-195.0
2025-04-25,M18,OnHandSnapshot,2603.07
2025-04-26,M18,Consumption,-150.0
2025-04-26,M18,OnHandSnapshot,2453.07
2025-04-27,M18,Receipt,5164.76
2025-04-27,M18,Consumption,-139.0
2025-04-27,M18,OnHandSnapshot,7478.83
2025-04-28,M18,Consumption,-103.0
2025-04-28,M18,OnHandSnapshot,7375.83
2025-04-29,M18,Consumption,-150.0
2025-04-29,M18,OnHandSnapshot,7225.83
2025-04-30,M18,Consumption,-136.0
2025-04-30,M18,OnHandSnapshot,7089.83
2025-05-01,M18,Consumption,-159.0
2025-05-01,M18,OnHandSnapshot,6930.83
2025-05-02,M18,Consumption,-170.0
2025-05-02,M18,OnHandSnapshot,6760.83
2025-05-03,M18,Consumption,-163.0
2025-05-03,M18,OnHandSnapshot,6597.83
2025-05-04,M18,Consumption,-133.0
2025-05-04,M18,OnHandSnapshot,6464.83
2025-05-05,M18,Consumption,-129.0
2025-05-05,M18,OnHandSnapshot,6335.83
2025-05-06,M18,Consumption,-141.0
2025-05-06,M18,OnHandSnapshot,6194.83
2025-05-07,M18,Consumption,-122.0
2025-05-07,M18,OnHandSnapshot,6072.83
2025-05-08,M18,Consumption,-168.0
2025-05-08,M18,OnHandSnapshot,5904.83
2025-05-09,M18,Consumption,-197.0
2025-05-09,M18,OnHandSnapshot,5707.83
2025-05-10,M18,Consumption,-119.0
2025-05-10,M18,OnHandSnapshot,5588.83
2025-05-11,M18,Consumption,-152.0
2025-05-11,M18,OnHandSnapshot,5436.83
2025-05-12,M18,Consumption,-146.0
2025-05-12,M18,OnHandSnapshot,5290.83
2025-05-13,M18,Consumption,-139.0
2025-05-13,M18,OnHandSnapshot,5151.83
2025-05-14,M18,Consumption,-134.0
2025-05-14,M18,OnHandSnapshot,5017.83
2025-05-15,M18,Consumption,-177.0
2025-05-15,M18,OnHandSnapshot,4840.83
2025-05-16,M18,Consumption,-213.0
2025-05-16,M18,OnHandSnapshot,4627.83
2025-05-17,M18,Consumption,-144.0
2025-05-17,M18,OnHandSnapshot,4483.83
2025-05-18,M18,Consumption,-169.0
2025-05-18,M18,OnHandSnapshot,4314.83
2025-05-19,M18,Consumption,-132.0
2025-05-19,M18,OnHandSnapshot,4182.83
2025-05-20,M18,Consumption,-130.0
2025-05-20,M18,OnHandSnapshot,4052.83
2025-05-21,M18,Consumption,-164.0
2025-05-21,M18,OnHandSnapshot,3888.83
2025-05-22,M18,Consumption,-167.0
2025-05-22,M18,OnHandSnapshot,3721.83
2025-05-23,M18,Consumption,-211.0
2025-05-23,M18,OnHandSnapshot,3510.83
2025-05-24,M18,Consumption,-137.0
2025-05-24,M18,OnHandSnapshot,3373.83
2025-05-25,M18,Consumption,-162.0
2025-05-25,M18,OnHandSnapshot,3211.83
2025-05-26,M18,Consumption,-130.0
2025-05-26,M18,OnHandSnapshot,3081.83
2025-05-27,M18,Consumption,-145.0
2025-05-27,M18,OnHandSnapshot,2936.83
2025-05-28,M18,Consumption,-172.0
2025-05-28,M18,OnHandSnapshot,2764.83
2025-05-29,M18,Consumption,-169.0
2025-05-29,M18,OnHandSnapshot,2595.83
2025-05-30,M18,Consumption,-203.0
2025-05-30,M18,OnHandSnapshot,2392.83
2025-05-31,M18,Consumption,-143.0
2025-05-31,M18,OnHandSnapshot,2249.83
2025-06-01,M18,Receipt,5164.76
2025-06-01,M18,Consumption,-199.0
2025-06-01,M18,OnHandSnapshot,7215.6
2025-06-02,M18,Consumption,-164.0
2025-06-02,M18,OnHandSnapshot,7051.6
2025-06-03,M18,Consumption,-157.0
2025-06-03,M18,OnHandSnapshot,6894.6
2025-06-04,M18,Consumption,-148.0
2025-06-04,M18,OnHandSnapshot,6746.6
2025-06-05,M18,Consumption,-162.0
2025-06-05,M18,OnHandSnapshot,6584.6
2025-06-06,M18,Consumption,-253.0
2025-06-06,M18,OnHandSnapshot,6331.6
2025-06-07,M18,Consumption,-183.0
2025-06-07,M18,OnHandSnapshot,6148.6
2025-06-08,M18,Consumption,-160.0
2025-06-08,M18,OnHandSnapshot,5988.6
2025-06-09,M18,Consumption,-176.0
2025-06-09,M18,OnHandSnapshot,5812.6
2025-06-10,M18,Consumption,-149.0
2025-06-10,M18,OnHandSnapshot,5663.6
2025-06-11,M18,Consumption,-166.0
2025-06-11,M18,OnHandSnapshot,5497.6
2025-06-12,M18,Consumption,-196.0
2025-06-12,M18,OnHandSnapshot,5301.6
2025-06-13,M18,Consumption,-195.0
2025-06-13,M18,OnHandSnapshot,5106.6
2025-06-14,M18,Consumption,-151.0
2025-06-14,M18,OnHandSnapshot,4955.6
2025-06-15,M18,Consumption,-173.0
2025-06-15,M18,OnHandSnapshot,4782.6
2025-06-16,M18,Consumption,-181.0
2025-06-16,M18,OnHandSnapshot,4601.6
2025-06-17,M18,Consumption,-162.0
2025-06-17,M18,OnHandSnapshot,4439.6
2025-06-18,M18,Consumption,-135.0
2025-06-18,M18,OnHandSnapshot,4304.6
2025-06-19,M18,Consumption,-209.0
2025-06-19,M18,OnHandSnapshot,4095.6
2025-06-20,M18,Consumption,-225.0
2025-06-20,M18,OnHandSnapshot,3870.6
2025-06-21,M18,Consumption,-181.0
2025-06-21,M18,OnHandSnapshot,3689.6
2025-06-22,M18,Consumption,-180.0
2025-06-22,M18,OnHandSnapshot,3509.6
2025-06-23,M18,Consumption,-152.0
2025-06-23,M18,OnHandSnapshot,3357.6
2025-06-24,M18,Consumption,-171.0
2025-06-24,M18,OnHandSnapshot,3186.6
2025-06-25,M18,Consumption,-216.0
2025-06-25,M18,OnHandSnapshot,2970.6
2025-06-26,M18,Consumption,-206.0
2025-06-26,M18,OnHandSnapshot,2764.6
2025-06-27,M18,Consumption,-286.0
2025-06-27,M18,OnHandSnapshot,2478.6
2025-06-28,M18,Receipt,5164.76
2025-06-28,M18,Consumption,-153.0
2025-06-28,M18,OnHandSnapshot,7490.36
2025-06-29,M18,Consumption,-157.0
2025-06-29,M18,OnHandSnapshot,7333.36
2025-06-30,M18,Consumption,-151.0
2025-06-30,M18,OnHandSnapshot,7182.36
2025-07-01,M18,Consumption,-201.0
2025-07-01,M18,OnHandSnapshot,6981.36
2025-07-02,M18,Consumption,-152.0
2025-07-02,M18,OnHandSnapshot,6829.36
2025-07-03,M18,Consumption,-201.0
2025-07-03,M18,OnHandSnapshot,6628.36
2025-07-04,M18,Consumption,-222.0
2025-07-04,M18,OnHandSnapshot,6406.36
2025-07-05,M18,Consumption,-150.0
2025-07-05,M18,OnHandSnapshot,6256.36
2025-07-06,M18,Consumption,-180.0
2025-07-06,M18,OnHandSnapshot,6076.36
2025-07-07,M18,Consumption,-183.0
2025-07-07,M18,OnHandSnapshot,5893.36
2025-07-08,M18,Consumption,-170.0
2025-07-08,M18,OnHandSnapshot,5723.36
2025-07-09,M18,Consumption,-129.0
2025-07-09,M18,OnHandSnapshot,5594.36
2025-07-10,M18,Consumption,-195.0
2025-07-10,M18,OnHandSnapshot,5399.36
2025-07-11,M18,Consumption,-208.0
2025-07-11,M18,OnHandSnapshot,5191.36
2025-07-12,M18,Consumption,-185.0
2025-07-12,M18,OnHandSnapshot,5006.36
2025-07-13,M18,Consumption,-188.0
2025-07-13,M18,OnHandSnapshot,4818.36
2025-07-14,M18,Consumption,-168.0
2025-07-14,M18,OnHandSnapshot,4650.36
2025-07-15,M18,Consumption,-151.0
2025-07-15,M18,OnHandSnapshot,4499.36
2025-07-16,M18,Consumption,-131.0
2025-07-16,M18,OnHandSnapshot,4368.36
2025-07-17,M18,Consumption,-213.0
2025-07-17,M18,OnHandSnapshot,4155.36
2025-07-18,M18,Consumption,-211.0
2025-07-18,M18,OnHandSnapshot,3944.36
2025-07-19,M18,Consumption,-160.0
2025-07-19,M18,OnHandSnapshot,3784.36
2025-07-20,M18,Consumption,-176.0
2025-07-20,M18,OnHandSnapshot,3608.36
2025-07-21,M18,Consumption,-147.0
2025-07-21,M18,OnHandSnapshot,3461.36
2025-07-22,M18,Consumption,-188.0
2025-07-22,M18,OnHandSnapshot,3273.36
2025-07-23,M18,Consumption,-168.0
2025-07-23,M18,OnHandSnapshot,3105.36
2025-07-24,M18,Consumption,-184.0
2025-07-24,M18,OnHandSnapshot,2921.36
2025-07-25,M18,Consumption,-252.0
2025-07-25,M18,OnHandSnapshot,2669.36
2025-07-26,M18,Consumption,-126.0
2025-07-26,M18,OnHandSnapshot,2543.36
2025-07-27,M18,Consumption,-169.0
2025-07-27,M18,OnHandSnapshot,2374.36
2025-07-28,M18,Consumption,-150.0
2025-07-28,M18,OnHandSnapshot,2224.36
2025-07-29,M18,Receipt,5164.76
2025-07-29,M18,Consumption,-215.0
2025-07-29,M18,OnHandSnapshot,7174.12
2025-07-30,M18,Consumption,-170.0
2025-07-30,M18,OnHandSnapshot,7004.12
2025-07-31,M18,Consumption,-172.0
2025-07-31,M18,OnHandSnapshot,6832.12
2025-08-01,M18,Consumption,-192.0
2025-08-01,M18,OnHandSnapshot,6640.12
2025-08-02,M18,Consumption,-144.0
2025-08-02,M18,OnHandSnapshot,6496.12
2025-08-03,M18,Consumption,-182.0
2025-08-03,M18,OnHandSnapshot,6314.12
2025-08-04,M18,Consumption,-157.0
2025-08-04,M18,OnHandSnapshot,6157.12
2025-08-05,M18,Consumption,-127.0
2025-08-05,M18,OnHandSnapshot,6030.12
2025-08-06,M18,Consumption,-200.0
2025-08-06,M18,OnHandSnapshot,5830.12
2025-08-07,M18,Consumption,-182.0
2025-08-07,M18,OnHandSnapshot,5648.12
2025-08-08,M18,Consumption,-228.0
2025-08-08,M18,OnHandSnapshot,5420.12
2025-08-09,M18,Consumption,-161.0
2025-08-09,M18,OnHandSnapshot,5259.12
2025-08-10,M18,Consumption,-161.0
2025-08-10,M18,OnHandSnapshot,5098.12
2025-08-11,M18,Consumption,-167.0
2025-08-11,M18,OnHandSnapshot,4931.12
2025-08-12,M18,Consumption,-192.0
2025-08-12,M18,OnHandSnapshot,4739.12
2025-08-13,M18,Consumption,-179.0
2025-08-13,M18,OnHandSnapshot,4560.12
2025-08-14,M18,Consumption,-177.0
2025-08-14,M18,OnHandSnapshot,4383.12
2025-08-15,M18,Consumption,-244.0
2025-08-15,M18,OnHandSnapshot,4139.12
2025-08-16,M18,Consumption,-164.0
2025-08-16,M18,OnHandSnapshot,3975.12
2025-08-17,M18,Consumption,-182.0
2025-08-17,M18,OnHandSnapshot,3793.12
2025-08-18,M18,Consumption,-163.0
2025-08-18,M18,OnHandSnapshot,3630.12
2025-08-19,M18,Consumption,-182.0
2025-08-19,M18,OnHandSnapshot,3448.12
2025-08-20,M18,Consumption,-182.0
2025-08-20,M18,OnHandSnapshot,3266.12
2025-08-21,M18,Consumption,-187.0
2025-08-21,M18,OnHandSnapshot,3079.12
2025-08-22,M18,Consumption,-239.0
2025-08-22,M18,OnHandSnapshot,2840.12
2025-08-23,M18,Consumption,-154.0
2025-08-23,M18,OnHandSnapshot,2686.12
2025-08-24,M18,Consumption,-171.0
2025-08-24,M18,OnHandSnapshot,2515.12
2025-08-25,M18,Consumption,-176.0
2025-08-25,M18,OnHandSnapshot,2339.12
2025-08-26,M18,Consumption,-143.0
2025-08-26,M18,OnHandSnapshot,2196.12
2025-08-27,M18,Consumption,-172.0
2025-08-27,M18,OnHandSnapshot,2024.12
2025-08-28,M18,Consumption,-226.0
2025-08-28,M18,OnHandSnapshot,1798.12
2025-08-29,M18,Receipt,5164.76
2025-08-29,M18,Consumption,-208.0
2025-08-29,M18,OnHandSnapshot,6754.88
2025-08-30,M18,Consumption,-144.0
2025-08-30,M18,OnHandSnapshot,6610.88
2025-08-31,M18,Consumption,-173.0
2025-08-31,M18,OnHandSnapshot,6437.88
2025-09-01,M18,Consumption,-126.0
2025-09-01,M18,OnHandSnapshot,6311.88
2025-09-02,M18,Consumption,-147.0
2025-09-02,M18,OnHandSnapshot,6164.88
2025-09-03,M18,Consumption,-147.0
2025-09-03,M18,OnHandSnapshot,6017.88
2025-09-04,M18,Consumption,-138.0
2025-09-04,M18,OnHandSnapshot,5879.88
2025-09-05,M18,Consumption,-206.0
2025-09-05,M18,OnHandSnapshot,5673.88
2025-09-06,M18,Consumption,-110.0
2025-09-06,M18,OnHandSnapshot,5563.88
2025-09-07,M18,Consumption,-133.0
2025-09-07,M18,OnHandSnapshot,5430.88
2025-09-08,M18,Consumption,-181.0
2025-09-08,M18,OnHandSnapshot,5249.88
2025-09-09,M18,Consumption,-160.0
2025-09-09,M18,OnHandSnapshot,5089.88
2025-09-10,M18,Consumption,-141.0
2025-09-10,M18,OnHandSnapshot,4948.88
2025-09-11,M18,Consumption,-170.0
2025-09-11,M18,OnHandSnapshot,4778.88
2025-09-12,M18,Consumption,-201.0
2025-09-12,M18,OnHandSnapshot,4577.88
2025-09-13,M18,Consumption,-145.0
2025-09-13,M18,OnHandSnapshot,4432.88
2025-09-14,M18,Consumption,-126.0
2025-09-14,M18,OnHandSnapshot,4306.88
2025-09-15,M18,Consumption,-249.0
2025-09-15,M18,OnHandSnapshot,4057.88
2025-09-16,M18,Consumption,-186.0
2025-09-16,M18,OnHandSnapshot,3871.88
2025-09-17,M18,Consumption,-219.0
2025-09-17,M18,OnHandSnapshot,3652.88
2025-09-18,M18,Consumption,-214.0
2025-09-18,M18,OnHandSnapshot,3438.88
2025-09-19,M18,Consumption,-281.0
2025-09-19,M18,OnHandSnapshot,3157.88
2025-09-20,M18,Consumption,-210.0
2025-09-20,M18,OnHandSnapshot,2947.88
2025-09-21,M18,Consumption,-175.0
2025-09-21,M18,OnHandSnapshot,2772.88
2025-09-22,M18,Consumption,-217.0
2025-09-22,M18,OnHandSnapshot,2555.88
2025-09-23,M18,Consumption,-202.0
2025-09-23,M18,OnHandSnapshot,2353.88
2025-09-24,M18,Consumption,-167.0
2025-09-24,M18,OnHandSnapshot,2186.88
2025-09-25,M18,Receipt,5164.76
2025-09-25,M18,Consumption,-251.0
2025-09-25,M18,OnHandSnapshot,7100.64
2025-09-26,M18,Consumption,-266.0
2025-09-26,M18,OnHandSnapshot,6834.64
2025-09-27,M18,Consumption,-210.0
2025-09-27,M18,OnHandSnapshot,6624.64
2025-09-28,M18,Consumption,-181.0
2025-09-28,M18,OnHandSnapshot,6443.64
2025-09-29,M18,Consumption,-233.0
2025-09-29,M18,OnHandSnapshot,6210.64
2025-09-30,M18,Consumption,-208.0
2025-09-30,M18,OnHandSnapshot,6002.64
2025-10-01,M18,Consumption,-182.0
2025-10-01,M18,OnHandSnapshot,5820.64
2025-10-02,M18,Consumption,-218.0
2025-10-02,M18,OnHandSnapshot,5602.64
2025-10-03,M18,Consumption,-252.0
2025-10-03,M18,OnHandSnapshot,5350.64
2025-10-04,M18,Consumption,-221.0
2025-10-04,M18,OnHandSnapshot,5129.64
2025-10-05,M18,Consumption,-229.0
2025-10-05,M18,OnHandSnapshot,4900.64
2025-10-06,M18,Consumption,-188.0
2025-10-06,M18,OnHandSnapshot,4712.64
2025-10-07,M18,Consumption,-187.0
2025-10-07,M18,OnHandSnapshot,4525.64
2025-10-08,M18,Consumption,-183.0
2025-10-08,M18,OnHandSnapshot,4342.64
2025-10-09,M18,Consumption,-217.0
2025-10-09,M18,OnHandSnapshot,4125.64
2025-10-10,M18,Consumption,-275.0
2025-10-10,M18,OnHandSnapshot,3850.64
2025-10-11,M18,Consumption,-146.0
2025-10-11,M18,OnHandSnapshot,3704.64
2025-10-12,M18,Consumption,-138.0
2025-10-12,M18,OnHandSnapshot,3566.64
2025-10-13,M18,Consumption,-175.0
2025-10-13,M18,OnHandSnapshot,3391.64
2025-10-14,M18,Consumption,-136.0
2025-10-14,M18,OnHandSnapshot,3255.64
2025-10-15,M18,Consumption,-126.0
2025-10-15,M18,OnHandSnapshot,3129.64
2025-10-16,M18,Consumption,-174.0
2025-10-16,M18,OnHandSnapshot,2955.64
2025-10-17,M18,Consumption,-171.0
2025-10-17,M18,OnHandSnapshot,2784.64
2025-10-18,M18,Consumption,-150.0
2025-10-18,M18,OnHandSnapshot,2634.64
2025-10-19,M18,Consumption,-166.0
2025-10-19,M18,OnHandSnapshot,2468.64
2025-10-20,M18,Consumption,-136.0
2025-10-20,M18,OnHandSnapshot,2332.64
2025-10-21,M18,Receipt,5164.76
2025-10-21,M18,Consumption,-139.0
2025-10-21,M18,OnHandSnapshot,7358.4
2025-10-22,M18,Consumption,-151.0
2025-10-22,M18,OnHandSnapshot,7207.4
2025-10-23,M18,Consumption,-185.0
2025-10-23,M18,OnHandSnapshot,7022.4
2025-10-24,M18,Consumption,-208.0
2025-10-24,M18,OnHandSnapshot,6814.4
2025-10-25,M18,Consumption,-155.0
2025-10-25,M18,OnHandSnapshot,6659.4
2025-10-26,M18,Consumption,-147.0
2025-10-26,M18,OnHandSnapshot,6512.4
2025-10-27,M18,Consumption,-152.0
2025-10-27,M18,OnHandSnapshot,6360.4
2025-10-28,M18,Consumption,-151.0
2025-10-28,M18,OnHandSnapshot,6209.4
2025-10-29,M18,Consumption,-146.0
2025-10-29,M18,OnHandSnapshot,6063.4
2025-10-30,M18,Consumption,-139.0
2025-10-30,M18,OnHandSnapshot,5924.4
2025-10-31,M18,Consumption,-209.0
2025-10-31,M18,OnHandSnapshot,5715.4
2025-11-01,M18,Consumption,-121.0
2025-11-01,M18,OnHandSnapshot,5594.4
2025-11-02,M18,Consumption,-130.0
2025-11-02,M18,OnHandSnapshot,5464.4
2025-11-03,M18,Consumption,-143.0
2025-11-03,M18,OnHandSnapshot,5321.4
2025-11-04,M18,Consumption,-161.0
2025-11-04,M18,OnHandSnapshot,5160.4
2025-11-05,M18,Consumption,-177.0
2025-11-05,M18,OnHandSnapshot,4983.4
2025-11-06,M18,Consumption,-131.0
2025-11-06,M18,OnHandSnapshot,4852.4
2025-11-07,M18,Consumption,-202.0
2025-11-07,M18,OnHandSnapshot,4650.4
2025-11-08,M18,Consumption,-159.0
2025-11-08,M18,OnHandSnapshot,4491.4
2025-11-09,M18,Consumption,-164.0
2025-11-09,M18,OnHandSnapshot,4327.4
2025-11-10,M18,Consumption,-138.0
2025-11-10,M18,OnHandSnapshot,4189.4
2025-11-11,M18,Consumption,-155.0
2025-11-11,M18,OnHandSnapshot,4034.4
2025-11-12,M18,Consumption,-116.0
2025-11-12,M18,OnHandSnapshot,3918.4
2025-11-13,M18,Consumption,-145.0
2025-11-13,M18,OnHandSnapshot,3773.4
2025-11-14,M18,Consumption,-183.0
2025-11-14,M18,OnHandSnapshot,3590.4
2025-11-15,M18,Consumption,-146.0
2025-11-15,M18,OnHandSnapshot,3444.4
2025-11-16,M18,Consumption,-123.0
2025-11-16,M18,OnHandSnapshot,3321.4
2025-11-17,M18,Consumption,-126.0
2025-11-17,M18,OnHandSnapshot,3195.4
2025-11-18,M18,Consumption,-139.0
2025-11-18,M18,OnHandSnapshot,3056.4
2025-11-19,M18,Consumption,-119.0
2025-11-19,M18,OnHandSnapshot,2937.4
2025-11-20,M18,Consumption,-159.0
2025-11-20,M18,OnHandSnapshot,2778.4
2025-11-21,M18,Consumption,-189.0
2025-11-21,M18,OnHandSnapshot,2589.4
2025-11-22,M18,Consumption,-135.0
2025-11-22,M18,OnHandSnapshot,2454.4
2025-11-23,M18,Consumption,-140.0
2025-11-23,M18,OnHandSnapshot,2314.4
2025-11-24,M18,Receipt,5164.76
2025-11-24,M18,Consumption,-144.0
2025-11-24,M18,OnHandSnapshot,7335.16
2025-11-25,M18,Consumption,-171.0
2025-11-25,M18,OnHandSnapshot,7164.16
2025-11-26,M18,Consumption,-178.0
2025-11-26,M18,OnHandSnapshot,6986.16
2025-11-27,M18,Consumption,-168.0
2025-11-27,M18,OnHandSnapshot,6818.16
2025-11-28,M18,Consumption,-179.0
2025-11-28,M18,OnHandSnapshot,6639.16
2025-11-29,M18,Consumption,-137.0
2025-11-29,M18,OnHandSnapshot,6502.16
2025-11-30,M18,Consumption,-111.0
2025-11-30,M18,OnHandSnapshot,6391.16
2025-12-01,M18,Consumption,-147.0
2025-12-01,M18,OnHandSnapshot,6244.16
2025-12-02,M18,Consumption,-125.0
2025-12-02,M18,OnHandSnapshot,6119.16
2025-12-03,M18,Consumption,-159.0
2025-12-03,M18,OnHandSnapshot,5960.16
2025-12-04,M18,Consumption,-187.0
2025-12-04,M18,OnHandSnapshot,5773.16
2025-12-05,M18,Consumption,-188.0
2025-12-05,M18,OnHandSnapshot,5585.16
2025-12-06,M18,Consumption,-158.0
2025-12-06,M18,OnHandSnapshot,5427.16
2025-12-07,M18,Consumption,-157.0
2025-12-07,M18,OnHandSnapshot,5270.16
2025-12-08,M18,Consumption,-120.0
2025-12-08,M18,OnHandSnapshot,5150.16
2025-12-09,M18,Consumption,-133.0
2025-12-09,M18,OnHandSnapshot,5017.16
2025-12-10,M18,Consumption,-171.0
2025-12-10,M18,OnHandSnapshot,4846.16
2025-12-11,M18,Consumption,-165.0
2025-12-11,M18,OnHandSnapshot,4681.16
2025-12-12,M18,Consumption,-223.0
2025-12-12,M18,OnHandSnapshot,4458.16
2025-12-13,M18,Consumption,-160.0
2025-12-13,M18,OnHandSnapshot,4298.16
2025-12-14,M18,Consumption,-181.0
2025-12-14,M18,OnHandSnapshot,4117.16
2025-12-15,M18,Consumption,-202.0
2025-12-15,M18,OnHandSnapshot,3915.16
2025-12-16,M18,Consumption,-249.0
2025-12-16,M18,OnHandSnapshot,3666.16
2025-12-17,M18,Consumption,-196.0
2025-12-17,M18,OnHandSnapshot,3470.16
2025-12-18,M18,Consumption,-263.0
2025-12-18,M18,OnHandSnapshot,3207.16
2025-12-19,M18,Consumption,-354.0
2025-12-19,M18,OnHandSnapshot,2853.16
2025-12-20,M18,Consumption,-262.0
2025-12-20,M18,OnHandSnapshot,2591.16
2025-12-21,M18,Consumption,-290.0
2025-12-21,M18,OnHandSnapshot,2301.16
2025-12-22,M18,Consumption,-259.0
2025-12-22,M18,OnHandSnapshot,2042.16
2025-12-23,M18,Consumption,-275.0
2025-12-23,M18,OnHandSnapshot,1767.16
2025-12-24,M18,Consumption,-269.0
2025-12-24,M18,OnHandSnapshot,1498.16
2025-12-25,M18,Consumption,-250.0
2025-12-25,M18,OnHandSnapshot,1248.16
2025-12-26,M18,Consumption,-233.0
2025-12-26,M18,OnHandSnapshot,1015.16
2025-12-27,M18,Consumption,-240.0
2025-12-27,M18,OnHandSnapshot,775.16
2025-12-28,M18,Receipt,5164.76
2025-12-28,M18,Consumption,-152.0
2025-12-28,M18,OnHandSnapshot,5787.92
2025-12-29,M18,Consumption,-149.0
2025-12-29,M18,OnHandSnapshot,5638.92
2025-12-30,M18,Consumption,-142.0
2025-12-30,M18,OnHandSnapshot,5496.92
2025-12-31,M18,Consumption,-160.0
2025-12-31,M18,OnHandSnapshot,5336.92
