date,line_id,product_id,planned_units,produced_units,scrap_units,downtime_minutes
2024-01-01,L1,P001,98,95,2,23
2024-01-01,L1,P002,101,99,1,11
2024-01-01,L1,P003,122,119,3,0
2024-01-01,L1,P004,106,103,2,20
2024-01-01,L2,P005,47,46,1,8
2024-01-01,L2,P006,87,84,1,34
2024-01-01,L2,P007,53,52,1,11
2024-01-01,L2,P008,58,57,1,8
2024-01-01,L3,P009,173,169,3,10
2024-01-01,L3,P010,192,189,2,14
2024-01-01,L3,P011,154,150,2,43
2024-01-01,L3,P012,174,171,3,0
2024-01-01,L3,P013,137,135,2,0
2024-01-01,L3,P014,157,153,2,34
2024-01-01,L4,P015,516,510,1,20
2024-01-01,L4,P016,733,709,13,28
2024-01-01,L4,P017,555,539,15,2
2024-01-01,L4,P018,263,262,1,1
2024-01-01,L4,P019,243,239,4,0
2024-01-01,L4,P020,339,329,6,25
2024-01-01,L5,P021,23,23,0,14
2024-01-01,L5,P022,27,27,0,32
2024-01-01,L5,P023,27,26,1,1
2024-01-01,L5,P024,17,17,0,22
2024-01-01,L5,P025,24,24,0,29
2024-01-02,L1,P001,86,83,2,12
2024-01-02,L1,P002,110,107,2,10
2024-01-02,L1,P003,91,89,1,18
2024-01-02,L1,P004,90,87,1,34
2024-01-02,L2,P005,79,77,1,23
2024-01-02,L2,P006,68,66,1,38
2024-01-02,L2,P007,57,56,1,11
2024-01-02,L2,P008,55,53,1,22
2024-01-02,L3,P009,180,175,3,24
2024-01-02,L3,P010,165,159,4,35
2024-01-02,L3,P011,171,168,3,0
2024-01-02,L3,P012,153,149,2,31
2024-01-02,L3,P013,166,162,2,41
2024-01-02,L3,P014,150,147,3,4
2024-01-02,L4,P015,521,515,6,0
2024-01-02,L4,P016,557,533,8,55
2024-01-02,L4,P017,550,538,5,25
2024-01-02,L4,P018,254,247,4,19
2024-01-02,L4,P019,241,233,2,47
2024-01-02,L4,P020,272,267,5,0
2024-01-02,L5,P021,27,26,0,43
2024-01-02,L5,P022,21,21,0,0
2024-01-02,L5,P023,21,21,0,26
2024-01-02,L5,P024,39,39,0,20
2024-01-02,L5,P025,19,19,0,12
2024-01-03,L1,P001,100,98,1,16
2024-01-03,L1,P002,93,89,2,35
2024-01-03,L1,P003,93,91,1,13
2024-01-03,L1,P004,94,91,1,39
2024-01-03,L2,P005,73,70,2,17
2024-01-03,L2,P006,66,64,1,22
2024-01-03,L2,P007,67,66,1,0
2024-01-03,L2,P008,46,45,1,18
2024-01-03,L3,P009,169,166,1,33
2024-01-03,L3,P010,159,157,2,0
2024-01-03,L3,P011,194,192,1,19
2024-01-03,L3,P012,186,184,2,1
2024-01-03,L3,P013,152,149,2,18
2024-01-03,L3,P014,172,170,0,33
2024-01-03,L4,P015,568,555,6,24
2024-01-03,L4,P016,558,537,14,25
2024-01-03,L4,P017,451,440,7,17
2024-01-03,L4,P018,242,236,2,31
2024-01-03,L4,P019,259,250,5,28
2024-01-03,L4,P020,270,263,5,16
2024-01-03,L5,P021,21,21,0,20
2024-01-03,L5,P022,30,29,1,0
2024-01-03,L5,P023,28,27,0,45
2024-01-03,L5,P024,27,27,0,24
2024-01-03,L5,P025,32,32,0,11
2024-01-04,L1,P001,133,131,2,1
2024-01-04,L1,P002,126,122,2,33
2024-01-04,L1,P003,106,103,2,10
2024-01-04,L1,P004,123,119,3,22
2024-01-04,L2,P005,50,48,2,0
2024-01-04,L2,P006,87,85,1,16
2024-01-04,L2,P007,101,99,2,2
2024-01-04,L2,P008,74,72,1,32
2024-01-04,L3,P009,189,186,1,28
2024-01-04,L3,P010,171,170,0,16
2024-01-04,L3,P011,193,189,4,5
2024-01-04,L3,P012,191,185,6,0
2024-01-04,L3,P013,179,176,1,38
2024-01-04,L3,P014,175,170,3,29
2024-01-04,L4,P015,580,565,10,17
2024-01-04,L4,P016,641,627,9,15
2024-01-04,L4,P017,630,610,11,27
2024-01-04,L4,P018,264,257,4,24
2024-01-04,L4,P019,264,254,5,34
2024-01-04,L4,P020,271,268,3,1
2024-01-04,L5,P021,23,22,1,41
2024-01-04,L5,P022,25,25,0,28
2024-01-04,L5,P023,33,31,1,32
2024-01-04,L5,P024,30,30,0,0
2024-01-04,L5,P025,25,25,0,0
2024-01-05,L1,P001,120,116,3,20
2024-01-05,L1,P002,102,101,1,0
2024-01-05,L1,P003,128,124,2,30
2024-01-05,L1,P004,128,125,1,32
2024-01-05,L2,P005,104,102,1,18
2024-01-05,L2,P006,87,84,1,39
2024-01-05,L2,P007,76,74,1,20
2024-01-05,L2,P008,109,107,2,0
2024-01-05,L3,P009,224,220,4,3
2024-01-05,L3,P010,236,230,5,9
2024-01-05,L3,P011,220,212,6,20
2024-01-05,L3,P012,197,192,5,0
2024-01-05,L3,P013,300,292,5,32
2024-01-05,L3,P014,239,233,2,53
2024-01-05,L4,P015,670,647,15,23
2024-01-05,L4,P016,802,780,10,29
2024-01-05,L4,P017,769,748,9,29
2024-01-05,L4,P018,366,359,4,14
2024-01-05,L4,P019,331,320,5,35
2024-01-05,L4,P020,364,346,7,57
2024-01-05,L5,P021,27,26,1,0
2024-01-05,L5,P022,45,44,1,3
2024-01-05,L5,P023,31,31,0,22
2024-01-05,L5,P024,35,35,0,12
2024-01-05,L5,P025,43,42,1,22
2024-01-06,L1,P001,83,80,2,18
2024-01-06,L1,P002,137,133,2,28
2024-01-06,L1,P003,96,92,2,36
2024-01-06,L1,P004,110,107,1,40
2024-01-06,L2,P005,65,63,1,27
2024-01-06,L2,P006,58,56,1,34
2024-01-06,L2,P007,59,57,1,21
2024-01-06,L2,P008,43,43,0,14
2024-01-06,L3,P009,181,177,2,39
2024-01-06,L3,P010,179,176,3,6
2024-01-06,L3,P011,135,133,1,21
2024-01-06,L3,P012,155,152,2,25
2024-01-06,L3,P013,157,154,2,27
2024-01-06,L3,P014,172,169,2,23
2024-01-06,L4,P015,514,504,8,9
2024-01-06,L4,P016,538,525,13,0
2024-01-06,L4,P017,510,493,14,13
2024-01-06,L4,P018,249,241,4,30
2024-01-06,L4,P019,255,249,5,10
2024-01-06,L4,P020,244,237,4,26
2024-01-06,L5,P021,12,12,0,32
2024-01-06,L5,P022,15,15,0,37
2024-01-06,L5,P023,9,9,0,16
2024-01-06,L5,P024,32,32,0,8
2024-01-06,L5,P025,28,27,0,43
2024-01-07,L1,P001,110,107,2,12
2024-01-07,L1,P002,65,64,1,2
2024-01-07,L1,P003,83,80,1,35
2024-01-07,L1,P004,87,85,1,23
2024-01-07,L2,P005,58,57,0,43
2024-01-07,L2,P006,62,61,1,11
2024-01-07,L2,P007,80,78,1,25
2024-01-07,L2,P008,76,73,2,26
2024-01-07,L3,P009,162,159,1,30
2024-01-07,L3,P010,179,177,2,0
2024-01-07,L3,P011,143,140,2,12
2024-01-07,L3,P012,191,187,2,35
2024-01-07,L3,P013,138,133,3,36
2024-01-07,L3,P014,133,130,2,20
2024-01-07,L4,P015,537,521,5,39
2024-01-07,L4,P016,483,468,8,27
2024-01-07,L4,P017,511,492,9,39
2024-01-07,L4,P018,274,265,6,20
2024-01-07,L4,P019,252,245,5,14
2024-01-07,L4,P020,258,251,4,21
2024-01-07,L5,P021,23,23,0,0
2024-01-07,L5,P022,38,37,1,4
2024-01-07,L5,P023,20,19,0,55
2024-01-07,L5,P024,42,40,1,33
2024-01-07,L5,P025,25,25,0,2
2024-01-08,L1,P001,98,96,1,15
2024-01-08,L1,P002,98,95,1,32
2024-01-08,L1,P003,117,114,2,12
2024-01-08,L1,P004,87,84,1,39
2024-01-08,L2,P005,58,57,0,30
2024-01-08,L2,P006,62,60,1,18
2024-01-08,L2,P007,116,114,2,7
2024-01-08,L2,P008,62,60,1,24
2024-01-08,L3,P009,173,167,4,37
2024-01-08,L3,P010,201,199,2,1
2024-01-08,L3,P011,157,153,2,28
2024-01-08,L3,P012,165,158,4,49
2024-01-08,L3,P013,191,189,2,7
2024-01-08,L3,P014,136,134,2,1
2024-01-08,L4,P015,487,479,5,10
2024-01-08,L4,P016,509,499,10,1
2024-01-08,L4,P017,503,496,5,8
2024-01-08,L4,P018,243,239,4,0
2024-01-08,L4,P019,269,261,5,23
2024-01-08,L4,P020,243,234,4,41
2024-01-08,L5,P021,35,35,0,14
2024-01-08,L5,P022,27,27,0,21
2024-01-08,L5,P023,25,25,0,23
2024-01-08,L5,P024,22,22,0,38
2024-01-08,L5,P025,40,39,1,14
2024-01-09,L1,P001,111,109,2,0
2024-01-09,L1,P002,114,112,1,14
2024-01-09,L1,P003,99,94,2,49
2024-01-09,L1,P004,129,125,2,30
2024-01-09,L2,P005,61,60,1,1
2024-01-09,L2,P006,56,54,1,27
2024-01-09,L2,P007,75,73,1,19
2024-01-09,L2,P008,57,56,1,2
2024-01-09,L3,P009,148,144,2,35
2024-01-09,L3,P010,162,157,4,9
2024-01-09,L3,P011,153,151,0,37
2024-01-09,L3,P012,170,167,2,18
2024-01-09,L3,P013,158,156,2,6
2024-01-09,L3,P014,156,153,2,20
2024-01-09,L4,P015,465,461,4,0
2024-01-09,L4,P016,589,580,9,0
2024-01-09,L4,P017,561,543,11,24
2024-01-09,L4,P018,237,229,4,34
2024-01-09,L4,P019,208,201,6,13
2024-01-09,L4,P020,212,210,1,6
2024-01-09,L5,P021,29,29,0,13
2024-01-09,L5,P022,20,20,0,40
2024-01-09,L5,P023,42,41,1,0
2024-01-09,L5,P024,32,32,0,13
2024-01-09,L5,P025,32,31,1,6
2024-01-10,L1,P001,101,99,2,0
2024-01-10,L1,P002,111,108,2,17
2024-01-10,L1,P003,137,134,1,35
2024-01-10,L1,P004,79,77,1,20
2024-01-10,L2,P005,59,56,2,27
2024-01-10,L2,P006,55,54,1,3
2024-01-10,L2,P007,78,75,1,51
2024-01-10,L2,P008,74,71,1,44
2024-01-10,L3,P009,187,182,3,35
2024-01-10,L3,P010,149,147,1,24
2024-01-10,L3,P011,172,168,3,17
2024-01-10,L3,P012,168,166,1,14
2024-01-10,L3,P013,171,167,4,5
2024-01-10,L3,P014,143,139,2,43
2024-01-10,L4,P015,542,525,12,19
2024-01-10,L4,P016,517,503,8,24
2024-01-10,L4,P017,731,714,6,29
2024-01-10,L4,P018,236,230,5,9
2024-01-10,L4,P019,253,246,4,23
2024-01-10,L4,P020,199,196,1,21
2024-01-10,L5,P021,31,30,1,26
2024-01-10,L5,P022,33,32,1,27
2024-01-10,L5,P023,23,23,0,5
2024-01-10,L5,P024,25,25,0,13
2024-01-10,L5,P025,19,19,0,10
2024-01-11,L1,P001,128,123,3,28
2024-01-11,L1,P002,96,92,2,47
2024-01-11,L1,P003,98,95,2,27
2024-01-11,L1,P004,116,115,1,0
2024-01-11,L2,P005,69,67,1,27
2024-01-11,L2,P006,93,91,1,19
2024-01-11,L2,P007,68,66,1,24
2024-01-11,L2,P008,97,94,2,22
2024-01-11,L3,P009,192,188,4,0
2024-01-11,L3,P010,189,187,2,1
2024-01-11,L3,P011,163,159,3,13
2024-01-11,L3,P012,170,165,4,21
2024-01-11,L3,P013,171,167,3,23
2024-01-11,L3,P014,170,168,2,7
2024-01-11,L4,P015,623,607,10,20
2024-01-11,L4,P016,621,603,15,10
2024-01-11,L4,P017,591,579,5,24
2024-01-11,L4,P018,436,424,2,42
2024-01-11,L4,P019,287,280,3,25
2024-01-11,L4,P020,253,242,5,43
2024-01-11,L5,P021,34,33,1,2
2024-01-11,L5,P022,28,27,1,0
2024-01-11,L5,P023,50,50,0,19
2024-01-11,L5,P024,31,29,1,34
2024-01-11,L5,P025,35,34,1,22
2024-01-12,L1,P001,119,115,2,26
2024-01-12,L1,P002,117,115,0,28
2024-01-12,L1,P003,164,161,3,0
2024-01-12,L1,P004,168,164,2,25
2024-01-12,L2,P005,117,114,3,3
2024-01-12,L2,P006,103,101,1,12
2024-01-12,L2,P007,76,74,2,5
2024-01-12,L2,P008,115,113,2,0
2024-01-12,L3,P009,208,204,3,9
2024-01-12,L3,P010,233,228,3,30
2024-01-12,L3,P011,199,197,1,15
2024-01-12,L3,P012,181,178,2,11
2024-01-12,L3,P013,204,199,3,23
2024-01-12,L3,P014,199,195,3,13
2024-01-12,L4,P015,738,730,6,6
2024-01-12,L4,P016,696,686,10,0
2024-01-12,L4,P017,724,707,10,19
2024-01-12,L4,P018,384,374,8,11
2024-01-12,L4,P019,347,337,9,8
2024-01-12,L4,P020,345,339,3,15
2024-01-12,L5,P021,42,41,1,13
2024-01-12,L5,P022,38,37,1,25
2024-01-12,L5,P023,35,34,1,21
2024-01-12,L5,P024,33,31,1,33
2024-01-12,L5,P025,28,27,0,48
2024-01-13,L1,P001,96,95,1,10
2024-01-13,L1,P002,86,85,0,15
2024-01-13,L1,P003,153,149,2,29
2024-01-13,L1,P004,96,93,2,29
2024-01-13,L2,P005,94,91,3,1
2024-01-13,L2,P006,57,56,1,8
2024-01-13,L2,P007,52,51,1,13
2024-01-13,L2,P008,69,68,1,3
2024-01-13,L3,P009,151,148,2,21
2024-01-13,L3,P010,147,145,2,4
2024-01-13,L3,P011,149,148,0,15
2024-01-13,L3,P012,159,157,1,24
2024-01-13,L3,P013,154,152,1,14
2024-01-13,L3,P014,186,183,2,14
2024-01-13,L4,P015,538,528,6,13
2024-01-13,L4,P016,463,451,10,9
2024-01-13,L4,P017,492,476,9,26
2024-01-13,L4,P018,242,234,3,39
2024-01-13,L4,P019,207,202,2,25
2024-01-13,L4,P020,222,216,5,6
2024-01-13,L5,P021,31,30,1,6
2024-01-13,L5,P022,25,24,0,55
2024-01-13,L5,P023,23,23,0,33
2024-01-13,L5,P024,26,26,0,28
2024-01-13,L5,P025,20,20,0,0
2024-01-14,L1,P001,98,94,2,39
2024-01-14,L1,P002,104,100,1,47
2024-01-14,L1,P003,96,93,1,48
2024-01-14,L1,P004,121,119,2,0
2024-01-14,L2,P005,94,91,1,45
2024-01-14,L2,P006,80,78,1,23
2024-01-14,L2,P007,59,57,2,0
2024-01-14,L2,P008,68,64,2,48
2024-01-14,L3,P009,156,153,2,26
2024-01-14,L3,P010,159,154,4,15
2024-01-14,L3,P011,162,159,1,32
2024-01-14,L3,P012,187,183,3,13
2024-01-14,L3,P013,162,158,3,11
2024-01-14,L3,P014,181,173,5,50
2024-01-14,L4,P015,535,522,5,30
2024-01-14,L4,P016,543,529,4,34
2024-01-14,L4,P017,518,509,6,12
2024-01-14,L4,P018,215,209,4,16
2024-01-14,L4,P019,321,310,5,36
2024-01-14,L4,P020,226,222,4,0
2024-01-14,L5,P021,21,21,0,32
2024-01-14,L5,P022,13,13,0,10
2024-01-14,L5,P023,24,24,0,13
2024-01-14,L5,P024,32,32,0,0
2024-01-14,L5,P025,29,28,0,40
2024-01-15,L1,P001,84,80,2,40
2024-01-15,L1,P002,72,71,1,0
2024-01-15,L1,P003,130,126,1,49
2024-01-15,L1,P004,148,145,2,10
2024-01-15,L2,P005,73,70,2,23
2024-01-15,L2,P006,74,73,1,5
2024-01-15,L2,P007,73,71,1,31
2024-01-15,L2,P008,75,74,1,6
2024-01-15,L3,P009,159,157,2,1
2024-01-15,L3,P010,164,160,2,36
2024-01-15,L3,P011,161,159,0,29
2024-01-15,L3,P012,171,167,4,0
2024-01-15,L3,P013,159,155,3,17
2024-01-15,L3,P014,145,144,1,0
2024-01-15,L4,P015,526,508,8,37
2024-01-15,L4,P016,572,555,8,29
2024-01-15,L4,P017,534,518,6,37
2024-01-15,L4,P018,253,251,2,0
2024-01-15,L4,P019,222,215,4,28
2024-01-15,L4,P020,250,243,5,15
2024-01-15,L5,P021,37,37,0,10
2024-01-15,L5,P022,33,32,0,32
2024-01-15,L5,P023,31,31,0,23
2024-01-15,L5,P024,15,15,0,0
2024-01-15,L5,P025,38,36,1,53
2024-01-16,L1,P001,79,77,1,15
2024-01-16,L1,P002,101,98,2,23
2024-01-16,L1,P003,88,85,2,30
2024-01-16,L1,P004,101,97,3,14
2024-01-16,L2,P005,77,76,1,0
2024-01-16,L2,P006,66,65,1,8
2024-01-16,L2,P007,55,54,1,0
2024-01-16,L2,P008,99,97,1,20
2024-01-16,L3,P009,164,156,4,67
2024-01-16,L3,P010,169,164,3,32
2024-01-16,L3,P011,156,153,2,27
2024-01-16,L3,P012,136,133,2,23
2024-01-16,L3,P013,167,165,2,4
2024-01-16,L3,P014,125,121,2,41
2024-01-16,L4,P015,556,532,11,44
2024-01-16,L4,P016,525,502,8,54
2024-01-16,L4,P017,539,526,7,22
2024-01-16,L4,P018,256,248,3,38
2024-01-16,L4,P019,239,234,1,29
2024-01-16,L4,P020,317,308,7,13
2024-01-16,L5,P021,12,12,0,28
2024-01-16,L5,P022,25,25,0,12
2024-01-16,L5,P023,22,22,0,0
2024-01-16,L5,P024,31,30,0,32
2024-01-16,L5,P025,31,31,0,21
2024-01-17,L1,P001,112,110,2,7
2024-01-17,L1,P002,106,103,1,31
2024-01-17,L1,P003,88,85,2,30
2024-01-17,L1,P004,100,98,1,12
2024-01-17,L2,P005,59,58,1,0
2024-01-17,L2,P006,55,54,1,9
2024-01-17,L2,P007,73,72,1,9
2024-01-17,L2,P008,66,64,1,25
2024-01-17,L3,P009,156,152,2,35
2024-01-17,L3,P010,163,160,2,10
2024-01-17,L3,P011,146,144,1,26
2024-01-17,L3,P012,168,165,1,37
2024-01-17,L3,P013,144,141,2,17
2024-01-17,L3,P014,150,147,3,0
2024-01-17,L4,P015,536,518,9,32
2024-01-17,L4,P016,459,448,7,18
2024-01-17,L4,P017,507,492,10,19
2024-01-17,L4,P018,271,266,3,16
2024-01-17,L4,P019,294,284,5,33
2024-01-17,L4,P020,272,265,2,35
2024-01-17,L5,P021,17,17,0,36
2024-01-17,L5,P022,26,25,1,6
2024-01-17,L5,P023,26,26,0,24
2024-01-17,L5,P024,31,30,1,16
2024-01-17,L5,P025,34,33,1,0
2024-01-18,L1,P001,111,108,2,16
2024-01-18,L1,P002,112,109,3,0
2024-01-18,L1,P003,117,115,1,10
2024-01-18,L1,P004,84,81,2,16
2024-01-18,L2,P005,78,75,2,17
2024-01-18,L2,P006,84,81,2,16
2024-01-18,L2,P007,76,74,1,16
2024-01-18,L2,P008,95,94,1,0
2024-01-18,L3,P009,153,151,1,24
2024-01-18,L3,P010,188,182,3,45
2024-01-18,L3,P011,196,192,3,14
2024-01-18,L3,P012,203,196,4,45
2024-01-18,L3,P013,214,211,3,0
2024-01-18,L3,P014,158,154,2,33
2024-01-18,L4,P015,559,551,1,25
2024-01-18,L4,P016,606,594,9,11
2024-01-18,L4,P017,599,583,7,30
2024-01-18,L4,P018,258,252,2,33
2024-01-18,L4,P019,278,272,4,17
2024-01-18,L4,P020,314,307,7,0
2024-01-18,L5,P021,34,34,0,24
2024-01-18,L5,P022,33,33,0,28
2024-01-18,L5,P023,21,21,0,10
2024-01-18,L5,P024,12,12,0,14
2024-01-18,L5,P025,31,30,1,23
2024-01-19,L1,P001,119,118,0,13
2024-01-19,L1,P002,146,143,2,12
2024-01-19,L1,P003,137,133,2,22
2024-01-19,L1,P004,132,127,2,42
2024-01-19,L2,P005,93,90,2,14
2024-01-19,L2,P006,120,116,2,26
2024-01-19,L2,P007,86,84,1,16
2024-01-19,L2,P008,85,84,0,30
2024-01-19,L3,P009,254,247,5,21
2024-01-19,L3,P010,229,226,1,19
2024-01-19,L3,P011,241,235,5,17
2024-01-19,L3,P012,241,237,2,23
2024-01-19,L3,P013,209,201,4,54
2024-01-19,L3,P014,231,222,7,22
2024-01-19,L4,P015,728,718,4,15
2024-01-19,L4,P016,710,693,11,17
2024-01-19,L4,P017,785,770,15,0
2024-01-19,L4,P018,347,339,2,34
2024-01-19,L4,P019,310,306,2,10
2024-01-19,L4,P020,364,358,6,0
2024-01-19,L5,P021,32,32,0,21
2024-01-19,L5,P022,26,26,0,24
2024-01-19,L5,P023,24,24,0,10
2024-01-19,L5,P024,33,33,0,16
2024-01-19,L5,P025,28,28,0,27
2024-01-20,L1,P001,95,93,1,15
2024-01-20,L1,P002,100,97,2,10
2024-01-20,L1,P003,74,73,1,9
2024-01-20,L1,P004,100,98,2,4
2024-01-20,L2,P005,74,72,1,36
2024-01-20,L2,P006,66,64,0,49
2024-01-20,L2,P007,77,76,1,9
2024-01-20,L2,P008,57,56,1,0
2024-01-20,L3,P009,156,153,2,21
2024-01-20,L3,P010,166,162,3,19
2024-01-20,L3,P011,211,207,1,36
2024-01-20,L3,P012,164,161,3,0
2024-01-20,L3,P013,182,177,5,2
2024-01-20,L3,P014,153,150,2,18
2024-01-20,L4,P015,527,515,7,17
2024-01-20,L4,P016,505,490,13,9
2024-01-20,L4,P017,476,469,1,25
2024-01-20,L4,P018,312,304,6,10
2024-01-20,L4,P019,207,199,5,26
2024-01-20,L4,P020,250,244,3,24
2024-01-20,L5,P021,22,22,0,17
2024-01-20,L5,P022,17,17,0,28
2024-01-20,L5,P023,29,28,1,15
2024-01-20,L5,P024,24,24,0,22
2024-01-20,L5,P025,28,28,0,32
2024-01-21,L1,P001,118,113,3,29
2024-01-21,L1,P002,94,92,1,19
2024-01-21,L1,P003,135,133,2,4
2024-01-21,L1,P004,105,102,2,10
2024-01-21,L2,P005,69,67,1,16
2024-01-21,L2,P006,82,79,1,36
2024-01-21,L2,P007,58,56,1,28
2024-01-21,L2,P008,91,89,1,25
2024-01-21,L3,P009,165,160,3,39
2024-01-21,L3,P010,151,149,2,0
2024-01-21,L3,P011,150,147,3,1
2024-01-21,L3,P012,165,160,3,31
2024-01-21,L3,P013,120,119,1,12
2024-01-21,L3,P014,150,147,2,19
2024-01-21,L4,P015,502,487,6,33
2024-01-21,L4,P016,514,501,6,26
2024-01-21,L4,P017,540,525,5,36
2024-01-21,L4,P018,221,215,4,14
2024-01-21,L4,P019,231,225,1,45
2024-01-21,L4,P020,226,222,4,0
2024-01-21,L5,P021,20,20,0,43
2024-01-21,L5,P022,28,28,0,30
2024-01-21,L5,P023,13,13,0,23
2024-01-21,L5,P024,24,24,0,23
2024-01-21,L5,P025,22,22,0,31
2024-01-22,L1,P001,68,67,1,0
2024-01-22,L1,P002,74,72,1,21
2024-01-22,L1,P003,98,96,2,0
2024-01-22,L1,P004,137,134,2,16
2024-01-22,L2,P005,74,71,2,34
2024-01-22,L2,P006,67,65,1,19
2024-01-22,L2,P007,86,85,1,1
2024-01-22,L2,P008,69,68,1,1
2024-01-22,L3,P009,159,154,3,31
2024-01-22,L3,P010,127,124,2,34
2024-01-22,L3,P011,126,123,1,37
2024-01-22,L3,P012,149,145,2,38
2024-01-22,L3,P013,129,126,2,14
2024-01-22,L3,P014,158,153,2,47
2024-01-22,L4,P015,590,572,10,27
2024-01-22,L4,P016,481,471,5,21
2024-01-22,L4,P017,553,548,4,2
2024-01-22,L4,P018,265,257,3,36
2024-01-22,L4,P019,244,239,5,1
2024-01-22,L4,P020,253,245,4,29
2024-01-22,L5,P021,32,32,0,12
2024-01-22,L5,P022,28,28,0,8
2024-01-22,L5,P023,22,22,0,3
2024-01-22,L5,P024,25,24,0,50
2024-01-22,L5,P025,32,32,0,24
2024-01-23,L1,P001,80,78,1,22
2024-01-23,L1,P002,103,100,1,37
2024-01-23,L1,P003,102,98,2,45
2024-01-23,L1,P004,105,104,1,5
2024-01-23,L2,P005,74,73,1,0
2024-01-23,L2,P006,81,77,2,38
2024-01-23,L2,P007,80,78,2,10
2024-01-23,L2,P008,73,71,1,18
2024-01-23,L3,P009,176,172,3,17
2024-01-23,L3,P010,141,139,2,0
2024-01-23,L3,P011,190,185,4,10
2024-01-23,L3,P012,157,152,3,31
2024-01-23,L3,P013,158,153,3,29
2024-01-23,L3,P014,139,137,2,7
2024-01-23,L4,P015,522,512,6,14
2024-01-23,L4,P016,688,673,15,0
2024-01-23,L4,P017,514,505,8,5
2024-01-23,L4,P018,265,253,5,48
2024-01-23,L4,P019,263,253,8,12
2024-01-23,L4,P020,339,330,3,35
2024-01-23,L5,P021,38,37,1,13
2024-01-23,L5,P022,26,26,0,32
2024-01-23,L5,P023,39,38,1,1
2024-01-23,L5,P024,29,28,1,32
2024-01-23,L5,P025,28,28,0,22
2024-01-24,L1,P001,88,85,2,16
2024-01-24,L1,P002,87,86,1,0
2024-01-24,L1,P003,93,90,2,18
2024-01-24,L1,P004,111,109,1,19
2024-01-24,L2,P005,90,88,1,12
2024-01-24,L2,P006,68,66,1,28
2024-01-24,L2,P007,58,56,1,34
2024-01-24,L2,P008,76,75,0,29
2024-01-24,L3,P009,161,156,4,15
2024-01-24,L3,P010,169,166,3,6
2024-01-24,L3,P011,157,154,2,10
2024-01-24,L3,P012,179,174,5,0
2024-01-24,L3,P013,179,174,2,42
2024-01-24,L3,P014,156,155,1,4
2024-01-24,L4,P015,569,553,9,23
2024-01-24,L4,P016,501,484,9,29
2024-01-24,L4,P017,516,504,11,5
2024-01-24,L4,P018,223,215,3,43
2024-01-24,L4,P019,260,255,4,11
2024-01-24,L4,P020,259,252,5,14
2024-01-24,L5,P021,19,19,0,34
2024-01-24,L5,P022,23,23,0,15
2024-01-24,L5,P023,22,22,0,35
2024-01-24,L5,P024,19,19,0,23
2024-01-24,L5,P025,37,36,0,37
2024-01-25,L1,P001,139,137,2,5
2024-01-25,L1,P002,108,104,1,48
2024-01-25,L1,P003,113,110,1,38
2024-01-25,L1,P004,135,131,3,20
2024-01-25,L2,P005,75,73,1,14
2024-01-25,L2,P006,49,48,0,26
2024-01-25,L2,P007,96,93,1,36
2024-01-25,L2,P008,68,66,1,27
2024-01-25,L3,P009,179,175,3,18
2024-01-25,L3,P010,170,165,3,35
2024-01-25,L3,P011,210,209,1,3
2024-01-25,L3,P012,168,166,2,2
2024-01-25,L3,P013,189,184,3,36
2024-01-25,L3,P014,216,211,2,36
2024-01-25,L4,P015,578,566,7,16
2024-01-25,L4,P016,642,628,14,0
2024-01-25,L4,P017,588,583,4,3
2024-01-25,L4,P018,304,294,6,24
2024-01-25,L4,P019,406,392,7,32
2024-01-25,L4,P020,285,276,3,43
2024-01-25,L5,P021,22,22,0,0
2024-01-25,L5,P022,16,16,0,14
2024-01-25,L5,P023,26,24,1,48
2024-01-25,L5,P024,35,35,0,25
2024-01-25,L5,P025,33,31,1,36
2024-01-26,L1,P001,141,137,2,32
2024-01-26,L1,P002,145,143,2,6
2024-01-26,L1,P003,131,127,1,39
2024-01-26,L1,P004,196,188,5,30
2024-01-26,L2,P005,84,81,2,30
2024-01-26,L2,P006,84,81,2,23
2024-01-26,L2,P007,79,75,1,67
2024-01-26,L2,P008,87,85,2,10
2024-01-26,L3,P009,211,209,2,5
2024-01-26,L3,P010,222,219,3,6
2024-01-26,L3,P011,251,248,3,0
2024-01-26,L3,P012,198,196,2,3
2024-01-26,L3,P013,214,208,4,27
2024-01-26,L3,P014,202,197,4,21
2024-01-26,L4,P015,751,734,11,15
2024-01-26,L4,P016,720,706,11,8
2024-01-26,L4,P017,681,673,3,14
2024-01-26,L4,P018,335,323,9,20
2024-01-26,L4,P019,365,359,6,0
2024-01-26,L4,P020,347,339,8,0
2024-01-26,L5,P021,62,59,1,48
2024-01-26,L5,P022,43,41,1,42
2024-01-26,L5,P023,46,46,0,9
2024-01-26,L5,P024,37,36,1,19
2024-01-26,L5,P025,30,30,0,26
2024-01-27,L1,P001,108,104,1,45
2024-01-27,L1,P002,117,115,2,7
2024-01-27,L1,P003,97,96,1,0
2024-01-27,L1,P004,96,93,2,17
2024-01-27,L2,P005,79,76,2,29
2024-01-27,L2,P006,68,66,1,27
2024-01-27,L2,P007,81,79,1,13
2024-01-27,L2,P008,59,57,1,32
2024-01-27,L3,P009,232,230,1,13
2024-01-27,L3,P010,151,149,1,22
2024-01-27,L3,P011,167,164,3,3
2024-01-27,L3,P012,166,163,2,23
2024-01-27,L3,P013,157,153,3,20
2024-01-27,L3,P014,154,149,3,46
2024-01-27,L4,P015,551,542,7,8
2024-01-27,L4,P016,530,513,10,24
2024-01-27,L4,P017,553,540,8,19
2024-01-27,L4,P018,251,242,4,41
2024-01-27,L4,P019,252,244,8,0
2024-01-27,L4,P020,235,230,3,14
2024-01-27,L5,P021,30,30,0,25
2024-01-27,L5,P022,27,27,0,32
2024-01-27,L5,P023,31,31,0,29
2024-01-27,L5,P024,26,26,0,0
2024-01-27,L5,P025,33,33,0,4
2024-01-28,L1,P001,85,83,1,22
2024-01-28,L1,P002,101,98,2,27
2024-01-28,L1,P003,101,99,1,17
2024-01-28,L1,P004,100,96,2,31
2024-01-28,L2,P005,66,64,2,3
2024-01-28,L2,P006,83,81,2,7
2024-01-28,L2,P007,74,72,1,30
2024-01-28,L2,P008,74,73,1,12
2024-01-28,L3,P009,164,160,2,35
2024-01-28,L3,P010,162,160,1,10
2024-01-28,L3,P011,178,172,4,39
2024-01-28,L3,P012,168,166,1,18
2024-01-28,L3,P013,159,156,2,17
2024-01-28,L3,P014,146,144,1,27
2024-01-28,L4,P015,506,491,7,30
2024-01-28,L4,P016,522,504,9,34
2024-01-28,L4,P017,519,510,8,4
2024-01-28,L4,P018,245,239,4,12
2024-01-28,L4,P019,269,265,3,7
2024-01-28,L4,P020,276,273,1,12
2024-01-28,L5,P021,22,21,1,26
2024-01-28,L5,P022,27,27,0,13
2024-01-28,L5,P023,35,35,0,13
2024-01-28,L5,P024,35,34,1,5
2024-01-28,L5,P025,25,24,0,52
2024-01-29,L1,P001,85,83,2,7
2024-01-29,L1,P002,110,108,2,5
2024-01-29,L1,P003,114,112,1,20
2024-01-29,L1,P004,97,95,1,28
2024-01-29,L2,P005,74,70,2,46
2024-01-29,L2,P006,68,67,0,21
2024-01-29,L2,P007,50,49,1,5
2024-01-29,L2,P008,74,72,1,31
2024-01-29,L3,P009,159,156,2,20
2024-01-29,L3,P010,169,168,1,2
2024-01-29,L3,P011,176,172,3,17
2024-01-29,L3,P012,187,185,1,13
2024-01-29,L3,P013,197,193,2,24
2024-01-29,L3,P014,146,142,2,30
2024-01-29,L4,P015,543,528,11,13
2024-01-29,L4,P016,515,507,6,8
2024-01-29,L4,P017,533,517,10,20
2024-01-29,L4,P018,257,251,4,17
2024-01-29,L4,P019,308,300,4,23
2024-01-29,L4,P020,224,217,4,23
2024-01-29,L5,P021,33,32,1,0
2024-01-29,L5,P022,33,31,1,41
2024-01-29,L5,P023,20,20,0,35
2024-01-29,L5,P024,34,32,1,31
2024-01-29,L5,P025,22,22,0,13
2024-01-30,L1,P001,109,105,2,40
2024-01-30,L1,P002,113,107,3,43
2024-01-30,L1,P003,105,102,1,29
2024-01-30,L1,P004,109,105,2,29
2024-01-30,L2,P005,68,66,1,33
2024-01-30,L2,P006,70,68,1,31
2024-01-30,L2,P007,55,53,1,31
2024-01-30,L2,P008,63,62,1,6
2024-01-30,L3,P009,152,148,3,21
2024-01-30,L3,P010,182,175,3,69
2024-01-30,L3,P011,156,153,2,22
2024-01-30,L3,P012,178,175,3,0
2024-01-30,L3,P013,151,146,4,22
2024-01-30,L3,P014,175,172,3,0
2024-01-30,L4,P015,525,515,4,23
2024-01-30,L4,P016,521,503,8,38
2024-01-30,L4,P017,504,489,7,29
2024-01-30,L4,P018,257,254,1,15
2024-01-30,L4,P019,261,252,5,30
2024-01-30,L4,P020,252,245,3,29
2024-01-30,L5,P021,47,47,0,10
2024-01-30,L5,P022,21,21,0,16
2024-01-30,L5,P023,31,31,0,29
2024-01-30,L5,P024,32,31,1,0
2024-01-30,L5,P025,23,23,0,26
2024-01-31,L1,P001,102,100,1,14
2024-01-31,L1,P002,105,103,1,16
2024-01-31,L1,P003,112,109,2,23
2024-01-31,L1,P004,99,96,2,23
2024-01-31,L2,P005,82,79,1,39
2024-01-31,L2,P006,63,60,2,20
2024-01-31,L2,P007,65,65,0,0
2024-01-31,L2,P008,122,118,2,27
2024-01-31,L3,P009,154,148,3,48
2024-01-31,L3,P010,161,156,3,31
2024-01-31,L3,P011,139,137,2,4
2024-01-31,L3,P012,151,147,1,50
2024-01-31,L3,P013,184,181,2,19
2024-01-31,L3,P014,138,134,3,29
2024-01-31,L4,P015,500,492,7,5
2024-01-31,L4,P016,506,487,8,40
2024-01-31,L4,P017,546,535,10,4
2024-01-31,L4,P018,243,235,2,49
2024-01-31,L4,P019,251,246,3,13
2024-01-31,L4,P020,253,245,4,27
2024-01-31,L5,P021,31,30,1,28
2024-01-31,L5,P022,30,30,0,19
2024-01-31,L5,P023,26,25,1,21
2024-01-31,L5,P024,28,27,1,17
2024-01-31,L5,P025,25,25,0,22
2024-02-01,L1,P001,126,122,3,13
2024-02-01,L1,P002,116,113,2,12
2024-02-01,L1,P003,117,115,2,0
2024-02-01,L1,P004,169,165,3,17
2024-02-01,L2,P005,55,55,0,11
2024-02-01,L2,P006,100,97,2,24
2024-02-01,L2,P007,92,91,1,9
2024-02-01,L2,P008,80,79,1,12
2024-02-01,L3,P009,205,202,2,21
2024-02-01,L3,P010,164,160,4,4
2024-02-01,L3,P011,200,196,3,16
2024-02-01,L3,P012,215,207,5,38
2024-02-01,L3,P013,170,168,2,4
2024-02-01,L3,P014,181,174,3,63
2024-02-01,L4,P015,617,597,10,31
2024-02-01,L4,P016,634,619,10,16
2024-02-01,L4,P017,593,576,10,23
2024-02-01,L4,P018,280,277,3,0
2024-02-01,L4,P019,287,285,1,7
2024-02-01,L4,P020,268,267,0,5
2024-02-01,L5,P021,37,36,0,46
2024-02-01,L5,P022,40,39,1,11
2024-02-01,L5,P023,16,16,0,15
2024-02-01,L5,P024,31,31,0,14
2024-02-01,L5,P025,16,16,0,14
2024-02-02,L1,P001,134,133,0,11
2024-02-02,L1,P002,158,153,3,20
2024-02-02,L1,P003,141,139,1,8
2024-02-02,L1,P004,120,119,0,10
2024-02-02,L2,P005,98,97,1,3
2024-02-02,L2,P006,115,112,1,29
2024-02-02,L2,P007,92,90,1,30
2024-02-02,L2,P008,96,92,1,56
2024-02-02,L3,P009,197,193,4,3
2024-02-02,L3,P010,223,219,4,2
2024-02-02,L3,P011,184,178,2,61
2024-02-02,L3,P012,300,295,5,0
2024-02-02,L3,P013,210,207,2,9
2024-02-02,L3,P014,198,192,4,26
2024-02-02,L4,P015,708,687,12,25
2024-02-02,L4,P016,649,642,7,0
2024-02-02,L4,P017,749,731,6,31
2024-02-02,L4,P018,334,327,3,25
2024-02-02,L4,P019,325,317,3,32
2024-02-02,L4,P020,318,307,6,30
2024-02-02,L5,P021,32,32,0,19
2024-02-02,L5,P022,35,35,0,0
2024-02-02,L5,P023,28,27,0,51
2024-02-02,L5,P024,41,40,1,0
2024-02-02,L5,P025,37,36,1,11
2024-02-03,L1,P001,101,99,1,18
2024-02-03,L1,P002,90,89,1,0
2024-02-03,L1,P003,94,91,1,36
2024-02-03,L1,P004,99,96,2,22
2024-02-03,L2,P005,51,50,1,9
2024-02-03,L2,P006,59,58,1,10
2024-02-03,L2,P007,64,62,1,26
2024-02-03,L2,P008,82,80,2,0
2024-02-03,L3,P009,165,162,2,19
2024-02-03,L3,P010,165,160,3,29
2024-02-03,L3,P011,146,142,3,17
2024-02-03,L3,P012,166,160,3,48
2024-02-03,L3,P013,135,133,1,15
2024-02-03,L3,P014,176,174,2,2
2024-02-03,L4,P015,499,493,4,9
2024-02-03,L4,P016,498,487,7,14
2024-02-03,L4,P017,477,474,2,3
2024-02-03,L4,P018,228,220,4,32
2024-02-03,L4,P019,297,291,4,14
2024-02-03,L4,P020,220,214,4,21
2024-02-03,L5,P021,31,31,0,27
2024-02-03,L5,P022,26,26,0,12
2024-02-03,L5,P023,41,39,1,27
2024-02-03,L5,P024,22,22,0,20
2024-02-03,L5,P025,21,21,0,36
2024-02-04,L1,P001,104,103,1,0
2024-02-04,L1,P002,98,95,1,34
2024-02-04,L1,P003,116,113,1,36
2024-02-04,L1,P004,125,122,1,27
2024-02-04,L2,P005,75,74,1,9
2024-02-04,L2,P006,51,50,0,28
2024-02-04,L2,P007,95,93,1,30
2024-02-04,L2,P008,60,58,1,29
2024-02-04,L3,P009,173,168,4,23
2024-02-04,L3,P010,119,116,2,13
2024-02-04,L3,P011,149,147,2,0
2024-02-04,L3,P012,154,151,2,10
2024-02-04,L3,P013,176,169,4,41
2024-02-04,L3,P014,148,144,2,35
2024-02-04,L4,P015,496,488,8,0
2024-02-04,L4,P016,521,509,6,23
2024-02-04,L4,P017,588,569,15,12
2024-02-04,L4,P018,242,234,3,37
2024-02-04,L4,P019,215,207,4,32
2024-02-04,L4,P020,264,259,3,18
2024-02-04,L5,P021,44,43,1,21
2024-02-04,L5,P022,39,38,1,0
2024-02-04,L5,P023,22,21,0,44
2024-02-04,L5,P024,16,16,0,28
2024-02-04,L5,P025,26,26,0,11
2024-02-05,L1,P001,113,108,2,50
2024-02-05,L1,P002,117,114,2,22
2024-02-05,L1,P003,106,102,2,35
2024-02-05,L1,P004,99,97,1,28
2024-02-05,L2,P005,68,67,1,13
2024-02-05,L2,P006,48,46,1,53
2024-02-05,L2,P007,46,45,0,32
2024-02-05,L2,P008,86,84,1,28
2024-02-05,L3,P009,165,161,2,39
2024-02-05,L3,P010,148,143,5,0
2024-02-05,L3,P011,171,167,2,26
2024-02-05,L3,P012,170,167,1,27
2024-02-05,L3,P013,183,180,2,14
2024-02-05,L3,P014,137,136,1,5
2024-02-05,L4,P015,562,544,9,31
2024-02-05,L4,P016,525,514,6,19
2024-02-05,L4,P017,515,506,6,13
2024-02-05,L4,P018,218,211,4,24
2024-02-05,L4,P019,310,303,4,21
2024-02-05,L4,P020,311,300,6,32
2024-02-05,L5,P021,24,24,0,14
2024-02-05,L5,P022,34,32,1,31
2024-02-05,L5,P023,33,31,1,34
2024-02-05,L5,P024,31,31,0,26
2024-02-05,L5,P025,23,23,0,6
2024-02-06,L1,P001,114,111,2,15
2024-02-06,L1,P002,100,97,2,26
2024-02-06,L1,P003,99,97,2,6
2024-02-06,L1,P004,129,127,2,0
2024-02-06,L2,P005,52,51,0,35
2024-02-06,L2,P006,77,75,1,17
2024-02-06,L2,P007,80,77,2,23
2024-02-06,L2,P008,74,73,1,0
2024-02-06,L3,P009,157,152,3,29
2024-02-06,L3,P010,162,158,3,26
2024-02-06,L3,P011,165,162,3,7
2024-02-06,L3,P012,151,149,1,16
2024-02-06,L3,P013,157,154,2,18
2024-02-06,L3,P014,157,154,3,4
2024-02-06,L4,P015,520,503,4,48
2024-02-06,L4,P016,549,539,9,2
2024-02-06,L4,P017,544,538,6,0
2024-02-06,L4,P018,233,227,3,27
2024-02-06,L4,P019,233,225,6,19
2024-02-06,L4,P020,224,220,1,28
2024-02-06,L5,P021,21,20,1,10
2024-02-06,L5,P022,28,28,0,18
2024-02-06,L5,P023,29,28,1,27
2024-02-06,L5,P024,19,19,0,47
2024-02-06,L5,P025,32,30,1,32
2024-02-07,L1,P001,78,77,1,0
2024-02-07,L1,P002,85,83,1,16
2024-02-07,L1,P003,99,97,1,17
2024-02-07,L1,P004,104,101,1,33
2024-02-07,L2,P005,74,71,1,40
2024-02-07,L2,P006,72,72,0,10
2024-02-07,L2,P007,86,84,2,0
2024-02-07,L2,P008,52,51,1,1
2024-02-07,L3,P009,134,131,2,30
2024-02-07,L3,P010,152,146,4,41
2024-02-07,L3,P011,149,146,2,16
2024-02-07,L3,P012,122,120,1,35
2024-02-07,L3,P013,170,167,3,0
2024-02-07,L3,P014,157,155,2,9
2024-02-07,L4,P015,524,514,7,10
2024-02-07,L4,P016,476,466,4,23
2024-02-07,L4,P017,545,526,1,65
2024-02-07,L4,P018,214,207,3,39
2024-02-07,L4,P019,269,264,4,9
2024-02-07,L4,P020,223,216,3,34
2024-02-07,L5,P021,25,25,0,17
2024-02-07,L5,P022,40,39,1,6
2024-02-07,L5,P023,16,16,0,29
2024-02-07,L5,P024,26,25,1,35
2024-02-07,L5,P025,29,29,0,24
2024-02-08,L1,P001,82,80,1,19
2024-02-08,L1,P002,157,152,2,37
2024-02-08,L1,P003,115,111,2,30
2024-02-08,L1,P004,116,115,1,0
2024-02-08,L2,P005,83,80,1,40
2024-02-08,L2,P006,70,68,2,6
2024-02-08,L2,P007,91,89,2,0
2024-02-08,L2,P008,77,75,1,30
2024-02-08,L3,P009,198,194,4,6
2024-02-08,L3,P010,187,183,3,8
2024-02-08,L3,P011,176,172,3,22
2024-02-08,L3,P012,221,219,2,5
2024-02-08,L3,P013,187,183,3,16
2024-02-08,L3,P014,206,204,1,14
2024-02-08,L4,P015,577,560,9,26
2024-02-08,L4,P016,629,613,9,20
2024-02-08,L4,P017,646,639,7,0
2024-02-08,L4,P018,312,303,6,17
2024-02-08,L4,P019,290,282,5,23
2024-02-08,L4,P020,287,274,5,51
2024-02-08,L5,P021,26,26,0,8
2024-02-08,L5,P022,30,30,0,0
2024-02-08,L5,P023,43,43,0,16
2024-02-08,L5,P024,38,37,1,0
2024-02-08,L5,P025,26,26,0,15
2024-02-09,L1,P001,154,149,3,28
2024-02-09,L1,P002,119,116,1,31
2024-02-09,L1,P003,138,132,4,21
2024-02-09,L1,P004,139,135,2,26
2024-02-09,L2,P005,91,88,2,31
2024-02-09,L2,P006,98,95,1,48
2024-02-09,L2,P007,88,85,2,24
2024-02-09,L2,P008,122,118,2,26
2024-02-09,L3,P009,183,181,0,39
2024-02-09,L3,P010,204,200,3,21
2024-02-09,L3,P011,258,253,5,1
2024-02-09,L3,P012,199,196,2,15
2024-02-09,L3,P013,229,222,6,13
2024-02-09,L3,P014,205,203,0,28
2024-02-09,L4,P015,763,741,12,26
2024-02-09,L4,P016,728,713,10,12
2024-02-09,L4,P017,665,651,12,5
2024-02-09,L4,P018,349,342,5,11
2024-02-09,L4,P019,335,326,8,4
2024-02-09,L4,P020,303,299,4,0
2024-02-09,L5,P021,39,38,1,0
2024-02-09,L5,P022,24,24,0,3
2024-02-09,L5,P023,39,38,1,8
2024-02-09,L5,P024,16,16,0,43
2024-02-09,L5,P025,28,26,1,38
2024-02-10,L1,P001,114,112,1,23
2024-02-10,L1,P002,96,93,2,15
2024-02-10,L1,P003,96,93,1,38
2024-02-10,L1,P004,93,91,1,23
2024-02-10,L2,P005,65,63,1,32
2024-02-10,L2,P006,52,50,1,25
2024-02-10,L2,P007,56,55,1,11
2024-02-10,L2,P008,87,85,1,25
2024-02-10,L3,P009,155,151,3,10
2024-02-10,L3,P010,169,165,3,12
2024-02-10,L3,P011,138,136,2,9
2024-02-10,L3,P012,144,139,4,29
2024-02-10,L3,P013,173,169,3,23
2024-02-10,L3,P014,161,157,2,30
2024-02-10,L4,P015,466,455,6,22
2024-02-10,L4,P016,522,509,13,0
2024-02-10,L4,P017,477,468,5,15
2024-02-10,L4,P018,249,245,2,14
2024-02-10,L4,P019,244,242,0,15
2024-02-10,L4,P020,227,223,1,24
2024-02-10,L5,P021,9,9,0,0
2024-02-10,L5,P022,28,28,0,29
2024-02-10,L5,P023,23,23,0,37
2024-02-10,L5,P024,24,24,0,18
2024-02-10,L5,P025,21,21,0,5
2024-02-11,L1,P001,87,84,1,53
2024-02-11,L1,P002,106,104,2,9
2024-02-11,L1,P003,94,92,1,23
2024-02-11,L1,P004,74,72,1,14
2024-02-11,L2,P005,72,69,1,47
2024-02-11,L2,P006,80,79,1,4
2024-02-11,L2,P007,57,55,1,42
2024-02-11,L2,P008,81,79,1,20
2024-02-11,L3,P009,162,159,3,4
2024-02-11,L3,P010,162,159,3,1
2024-02-11,L3,P011,157,153,2,41
2024-02-11,L3,P012,150,147,2,28
2024-02-11,L3,P013,140,138,1,25
2024-02-11,L3,P014,143,141,2,0
2024-02-11,L4,P015,481,468,6,29
2024-02-11,L4,P016,551,540,8,9
2024-02-11,L4,P017,522,503,12,26
2024-02-11,L4,P018,238,230,4,33
2024-02-11,L4,P019,253,249,3,7
2024-02-11,L4,P020,259,255,4,0
2024-02-11,L5,P021,28,27,1,23
2024-02-11,L5,P022,31,31,0,0
2024-02-11,L5,P023,37,36,1,0
2024-02-11,L5,P024,19,18,1,8
2024-02-11,L5,P025,41,39,1,40
2024-02-12,L1,P001,75,74,0,21
2024-02-12,L1,P002,105,103,1,20
2024-02-12,L1,P003,113,110,1,30
2024-02-12,L1,P004,152,149,3,3
2024-02-12,L2,P005,84,83,1,9
2024-02-12,L2,P006,65,62,2,28
2024-02-12,L2,P007,57,55,1,20
2024-02-12,L2,P008,84,81,2,33
2024-02-12,L3,P009,174,171,3,6
2024-02-12,L3,P010,128,125,1,41
2024-02-12,L3,P011,171,169,0,29
2024-02-12,L3,P012,194,191,2,19
2024-02-12,L3,P013,141,138,2,27
2024-02-12,L3,P014,181,176,4,18
2024-02-12,L4,P015,539,531,5,10
2024-02-12,L4,P016,527,519,8,0
2024-02-12,L4,P017,572,546,11,52
2024-02-12,L4,P018,313,308,1,22
2024-02-12,L4,P019,205,196,5,35
2024-02-12,L4,P020,268,264,2,11
2024-02-12,L5,P021,30,30,0,0
2024-02-12,L5,P022,31,30,1,24
2024-02-12,L5,P023,15,15,0,25
2024-02-12,L5,P024,25,25,0,19
2024-02-12,L5,P025,27,27,0,14
2024-02-13,L1,P001,103,98,2,53
2024-02-13,L1,P002,99,95,2,31
2024-02-13,L1,P003,114,111,3,8
2024-02-13,L1,P004,134,131,3,5
2024-02-13,L2,P005,66,64,1,42
2024-02-13,L2,P006,57,55,1,28
2024-02-13,L2,P007,97,94,2,12
2024-02-13,L2,P008,76,74,1,15
2024-02-13,L3,P009,145,141,3,24
2024-02-13,L3,P010,174,172,1,22
2024-02-13,L3,P011,162,159,2,18
2024-02-13,L3,P012,170,166,3,24
2024-02-13,L3,P013,151,148,2,27
2024-02-13,L3,P014,176,172,2,26
2024-02-13,L4,P015,519,496,11,43
2024-02-13,L4,P016,540,530,8,8
2024-02-13,L4,P017,528,512,9,26
2024-02-13,L4,P018,239,235,2,20
2024-02-13,L4,P019,255,246,4,35
2024-02-13,L4,P020,294,288,4,15
2024-02-13,L5,P021,16,16,0,5
2024-02-13,L5,P022,26,25,1,21
2024-02-13,L5,P023,24,24,0,34
2024-02-13,L5,P024,31,30,0,34
2024-02-13,L5,P025,19,19,0,0
2024-02-14,L1,P001,116,113,1,36
2024-02-14,L1,P002,99,96,1,31
2024-02-14,L1,P003,128,124,2,26
2024-02-14,L1,P004,109,105,2,43
2024-02-14,L2,P005,82,79,2,15
2024-02-14,L2,P006,65,63,1,37
2024-02-14,L2,P007,69,69,0,11
2024-02-14,L2,P008,65,63,1,26
2024-02-14,L3,P009,144,140,3,14
2024-02-14,L3,P010,175,168,5,26
2024-02-14,L3,P011,172,170,1,19
2024-02-14,L3,P012,173,167,4,33
2024-02-14,L3,P013,153,151,1,23
2024-02-14,L3,P014,171,168,3,5
2024-02-14,L4,P015,556,530,11,51
2024-02-14,L4,P016,580,560,10,34
2024-02-14,L4,P017,591,581,10,0
2024-02-14,L4,P018,233,230,1,15
2024-02-14,L4,P019,267,259,4,26
2024-02-14,L4,P020,243,237,4,16
2024-02-14,L5,P021,38,37,0,34
2024-02-14,L5,P022,19,19,0,18
2024-02-14,L5,P023,33,33,0,28
2024-02-14,L5,P024,28,28,0,26
2024-02-14,L5,P025,37,36,1,10
2024-02-15,L1,P001,146,140,3,38
2024-02-15,L1,P002,114,110,3,19
2024-02-15,L1,P003,108,105,2,15
2024-02-15,L1,P004,126,124,1,17
2024-02-15,L2,P005,80,78,1,25
2024-02-15,L2,P006,76,73,2,27
2024-02-15,L2,P007,92,88,2,36
2024-02-15,L2,P008,101,98,1,46
2024-02-15,L3,P009,196,191,4,12
2024-02-15,L3,P010,184,180,2,32
2024-02-15,L3,P011,206,202,3,7
2024-02-15,L3,P012,204,199,2,43
2024-02-15,L3,P013,189,186,2,9
2024-02-15,L3,P014,201,196,5,0
2024-02-15,L4,P015,670,653,6,32
2024-02-15,L4,P016,553,536,10,25
2024-02-15,L4,P017,688,676,5,20
2024-02-15,L4,P018,245,237,3,42
2024-02-15,L4,P019,305,297,2,36
2024-02-15,L4,P020,304,298,6,0
2024-02-15,L5,P021,27,27,0,0
2024-02-15,L5,P022,21,21,0,6
2024-02-15,L5,P023,35,34,1,0
2024-02-15,L5,P024,30,29,0,54
2024-02-15,L5,P025,40,38,1,41
2024-02-16,L1,P001,147,143,3,13
2024-02-16,L1,P002,119,117,1,16
2024-02-16,L1,P003,149,145,2,30
2024-02-16,L1,P004,134,130,2,29
2024-02-16,L2,P005,113,109,2,27
2024-02-16,L2,P006,99,96,2,22
2024-02-16,L2,P007,106,104,2,0
2024-02-16,L2,P008,81,80,1,0
2024-02-16,L3,P009,214,209,3,22
2024-02-16,L3,P010,178,175,3,0
2024-02-16,L3,P011,247,241,3,35
2024-02-16,L3,P012,234,226,6,30
2024-02-16,L3,P013,218,215,2,10
2024-02-16,L3,P014,222,213,5,46
2024-02-16,L4,P015,772,756,4,29
2024-02-16,L4,P016,779,745,12,55
2024-02-16,L4,P017,721,700,10,30
2024-02-16,L4,P018,337,333,2,14
2024-02-16,L4,P019,313,310,3,2
2024-02-16,L4,P020,345,342,2,7
2024-02-16,L5,P021,34,33,1,15
2024-02-16,L5,P022,30,30,0,15
2024-02-16,L5,P023,42,41,0,45
2024-02-16,L5,P024,21,21,0,23
2024-02-16,L5,P025,49,48,0,21
2024-02-17,L1,P001,92,91,1,8
2024-02-17,L1,P002,128,125,2,12
2024-02-17,L1,P003,70,69,1,13
2024-02-17,L1,P004,114,113,1,7
2024-02-17,L2,P005,64,62,1,17
2024-02-17,L2,P006,80,78,1,14
2024-02-17,L2,P007,68,67,1,11
2024-02-17,L2,P008,78,77,0,20
2024-02-17,L3,P009,117,113,3,34
2024-02-17,L3,P010,169,167,2,7
2024-02-17,L3,P011,154,152,1,12
2024-02-17,L3,P012,157,155,2,3
2024-02-17,L3,P013,149,148,1,0
2024-02-17,L3,P014,155,151,2,32
2024-02-17,L4,P015,540,530,7,9
2024-02-17,L4,P016,580,556,11,43
2024-02-17,L4,P017,578,568,10,0
2024-02-17,L4,P018,223,219,1,24
2024-02-17,L4,P019,252,243,4,35
2024-02-17,L4,P020,228,225,3,2
2024-02-17,L5,P021,56,55,1,0
2024-02-17,L5,P022,11,11,0,11
2024-02-17,L5,P023,29,29,0,7
2024-02-17,L5,P024,26,26,0,23
2024-02-17,L5,P025,27,27,0,0
2024-02-18,L1,P001,90,88,1,13
2024-02-18,L1,P002,99,96,2,14
2024-02-18,L1,P003,114,111,1,33
2024-02-18,L1,P004,101,99,1,13
2024-02-18,L2,P005,62,61,1,10
2024-02-18,L2,P006,83,80,2,24
2024-02-18,L2,P007,59,57,1,27
2024-02-18,L2,P008,64,63,1,0
2024-02-18,L3,P009,161,158,2,14
2024-02-18,L3,P010,143,138,2,57
2024-02-18,L3,P011,168,164,2,28
2024-02-18,L3,P012,165,160,3,34
2024-02-18,L3,P013,159,156,1,35
2024-02-18,L3,P014,140,137,2,27
2024-02-18,L4,P015,505,495,3,26
2024-02-18,L4,P016,564,549,9,22
2024-02-18,L4,P017,524,505,11,31
2024-02-18,L4,P018,251,249,1,4
2024-02-18,L4,P019,229,221,2,47
2024-02-18,L4,P020,234,224,5,39
2024-02-18,L5,P021,29,28,1,33
2024-02-18,L5,P022,34,33,1,16
2024-02-18,L5,P023,27,27,0,32
2024-02-18,L5,P024,14,14,0,9
2024-02-18,L5,P025,24,24,0,0
2024-02-19,L1,P001,102,99,2,18
2024-02-19,L1,P002,111,106,3,26
2024-02-19,L1,P003,81,79,1,34
2024-02-19,L1,P004,106,103,1,38
2024-02-19,L2,P005,57,55,1,35
2024-02-19,L2,P006,72,71,1,2
2024-02-19,L2,P007,76,74,1,32
2024-02-19,L2,P008,65,65,0,13
2024-02-19,L3,P009,194,189,4,18
2024-02-19,L3,P010,154,152,2,3
2024-02-19,L3,P011,165,161,4,5
2024-02-19,L3,P012,189,186,2,20
2024-02-19,L3,P013,165,161,4,2
2024-02-19,L3,P014,149,146,3,9
2024-02-19,L4,P015,571,554,7,34
2024-02-19,L4,P016,528,512,8,28
2024-02-19,L4,P017,543,535,6,6
2024-02-19,L4,P018,227,220,5,18
2024-02-19,L4,P019,184,180,3,14
2024-02-19,L4,P020,257,248,5,33
2024-02-19,L5,P021,20,19,1,1
2024-02-19,L5,P022,25,25,0,34
2024-02-19,L5,P023,19,19,0,26
2024-02-19,L5,P024,31,31,0,8
2024-02-19,L5,P025,20,20,0,11
2024-02-20,L1,P001,98,96,1,14
2024-02-20,L1,P002,97,96,1,2
2024-02-20,L1,P003,87,85,1,21
2024-02-20,L1,P004,79,77,1,29
2024-02-20,L2,P005,69,68,0,27
2024-02-20,L2,P006,68,65,1,53
2024-02-20,L2,P007,57,56,1,12
2024-02-20,L2,P008,77,75,1,17
2024-02-20,L3,P009,171,167,3,19
2024-02-20,L3,P010,151,148,3,2
2024-02-20,L3,P011,145,141,3,13
2024-02-20,L3,P012,139,138,1,7
2024-02-20,L3,P013,147,145,1,18
2024-02-20,L3,P014,176,172,3,10
2024-02-20,L4,P015,521,507,6,30
2024-02-20,L4,P016,536,523,9,16
2024-02-20,L4,P017,547,542,3,7
2024-02-20,L4,P018,219,214,5,4
2024-02-20,L4,P019,209,200,4,45
2024-02-20,L4,P020,353,347,6,0
2024-02-20,L5,P021,34,33,1,25
2024-02-20,L5,P022,38,36,1,46
2024-02-20,L5,P023,21,21,0,39
2024-02-20,L5,P024,33,32,1,15
2024-02-20,L5,P025,24,24,0,32
2024-02-21,L1,P001,120,115,3,31
2024-02-21,L1,P002,97,93,3,26
2024-02-21,L1,P003,106,103,2,17
2024-02-21,L1,P004,95,94,1,8
2024-02-21,L2,P005,61,59,1,33
2024-02-21,L2,P006,63,61,1,24
2024-02-21,L2,P007,77,74,1,47
2024-02-21,L2,P008,95,91,2,39
2024-02-21,L3,P009,139,135,3,17
2024-02-21,L3,P010,135,135,0,0
2024-02-21,L3,P011,165,162,3,2
2024-02-21,L3,P012,146,143,1,30
2024-02-21,L3,P013,122,119,2,16
2024-02-21,L3,P014,175,173,2,1
2024-02-21,L4,P015,498,482,7,35
2024-02-21,L4,P016,571,550,11,34
2024-02-21,L4,P017,582,566,8,28
2024-02-21,L4,P018,250,245,2,24
2024-02-21,L4,P019,211,202,5,38
2024-02-21,L4,P020,243,241,2,1
2024-02-21,L5,P021,41,41,0,19
2024-02-21,L5,P022,37,36,0,28
2024-02-21,L5,P023,31,29,1,55
2024-02-21,L5,P024,34,33,0,30
2024-02-21,L5,P025,19,19,0,38
2024-02-22,L1,P001,149,149,0,5
2024-02-22,L1,P002,111,108,3,6
2024-02-22,L1,P003,108,104,2,42
2024-02-22,L1,P004,123,121,1,19
2024-02-22,L2,P005,99,97,1,10
2024-02-22,L2,P006,58,56,1,17
2024-02-22,L2,P007,67,65,1,30
2024-02-22,L2,P008,99,96,2,11
2024-02-22,L3,P009,194,188,4,26
2024-02-22,L3,P010,185,180,4,8
2024-02-22,L3,P011,153,151,2,0
2024-02-22,L3,P012,199,196,3,3
2024-02-22,L3,P013,167,165,0,39
2024-02-22,L3,P014,203,196,4,39
2024-02-22,L4,P015,635,625,6,13
2024-02-22,L4,P016,644,634,2,24
2024-02-22,L4,P017,655,624,17,40
2024-02-22,L4,P018,237,233,3,7
2024-02-22,L4,P019,328,320,3,29
2024-02-22,L4,P020,285,278,6,9
2024-02-22,L5,P021,39,38,1,19
2024-02-22,L5,P022,32,31,0,42
2024-02-22,L5,P023,23,23,0,23
2024-02-22,L5,P024,33,32,0,34
2024-02-22,L5,P025,38,37,1,22
2024-02-23,L1,P001,168,165,3,0
2024-02-23,L1,P002,112,110,2,3
2024-02-23,L1,P003,125,123,2,0
2024-02-23,L1,P004,153,149,3,13
2024-02-23,L2,P005,82,80,1,25
2024-02-23,L2,P006,94,92,2,9
2024-02-23,L2,P007,88,86,1,14
2024-02-23,L2,P008,99,96,2,12
2024-02-23,L3,P009,238,228,7,35
2024-02-23,L3,P010,222,219,2,9
2024-02-23,L3,P011,225,220,3,22
2024-02-23,L3,P012,225,220,5,0
2024-02-23,L3,P013,241,237,1,36
2024-02-23,L3,P014,208,202,5,12
2024-02-23,L4,P015,706,695,11,0
2024-02-23,L4,P016,738,722,8,22
2024-02-23,L4,P017,721,699,13,24
2024-02-23,L4,P018,366,358,8,0
2024-02-23,L4,P019,341,330,8,16
2024-02-23,L4,P020,376,371,5,0
2024-02-23,L5,P021,44,44,0,8
2024-02-23,L5,P022,52,50,1,52
2024-02-23,L5,P023,22,22,0,19
2024-02-23,L5,P024,23,23,0,12
2024-02-23,L5,P025,48,47,0,29
2024-02-24,L1,P001,113,110,2,25
2024-02-24,L1,P002,95,92,2,16
2024-02-24,L1,P003,91,90,1,7
2024-02-24,L1,P004,111,110,1,0
2024-02-24,L2,P005,59,57,1,23
2024-02-24,L2,P006,57,55,1,27
2024-02-24,L2,P007,62,60,1,31
2024-02-24,L2,P008,67,65,1,15
2024-02-24,L3,P009,122,121,1,0
2024-02-24,L3,P010,155,151,3,25
2024-02-24,L3,P011,115,113,1,24
2024-02-24,L3,P012,148,144,2,34
2024-02-24,L3,P013,106,104,2,0
2024-02-24,L3,P014,183,176,5,30
2024-02-24,L4,P015,504,490,11,13
2024-02-24,L4,P016,476,463,9,17
2024-02-24,L4,P017,490,471,8,44
2024-02-24,L4,P018,240,231,5,33
2024-02-24,L4,P019,200,194,2,38
2024-02-24,L4,P020,275,265,4,44
2024-02-24,L5,P021,26,26,0,10
2024-02-24,L5,P022,27,26,0,48
2024-02-24,L5,P023,33,32,0,33
2024-02-24,L5,P024,33,32,0,54
2024-02-24,L5,P025,45,45,0,0
2024-02-25,L1,P001,88,85,2,16
2024-02-25,L1,P002,96,96,0,0
2024-02-25,L1,P003,113,110,2,12
2024-02-25,L1,P004,79,78,1,0
2024-02-25,L2,P005,77,75,1,34
2024-02-25,L2,P006,85,83,1,20
2024-02-25,L2,P007,87,85,1,24
2024-02-25,L2,P008,80,77,2,32
2024-02-25,L3,P009,156,152,3,18
2024-02-25,L3,P010,157,155,2,0
2024-02-25,L3,P011,144,141,1,30
2024-02-25,L3,P012,205,203,2,1
2024-02-25,L3,P013,182,177,3,28
2024-02-25,L3,P014,158,156,2,3
2024-02-25,L4,P015,559,536,12,38
2024-02-25,L4,P016,586,579,7,0
2024-02-25,L4,P017,550,528,12,34
2024-02-25,L4,P018,240,235,3,14
2024-02-25,L4,P019,270,259,7,32
2024-02-25,L4,P020,242,239,1,12
2024-02-25,L5,P021,31,30,1,14
2024-02-25,L5,P022,33,33,0,0
2024-02-25,L5,P023,50,49,0,25
2024-02-25,L5,P024,30,30,0,15
2024-02-25,L5,P025,16,16,0,19
2024-02-26,L1,P001,115,112,2,9
2024-02-26,L1,P002,119,114,3,38
2024-02-26,L1,P003,88,84,2,36
2024-02-26,L1,P004,81,80,1,8
2024-02-26,L2,P005,84,81,1,49
2024-02-26,L2,P006,67,66,1,6
2024-02-26,L2,P007,61,60,1,11
2024-02-26,L2,P008,86,84,1,13
2024-02-26,L3,P009,185,182,3,5
2024-02-26,L3,P010,148,145,2,13
2024-02-26,L3,P011,176,172,3,17
2024-02-26,L3,P012,140,137,2,26
2024-02-26,L3,P013,205,200,2,41
2024-02-26,L3,P014,170,165,3,34
2024-02-26,L4,P015,562,549,7,20
2024-02-26,L4,P016,558,545,9,15
2024-02-26,L4,P017,557,532,12,46
2024-02-26,L4,P018,246,241,5,3
2024-02-26,L4,P019,272,266,4,13
2024-02-26,L4,P020,257,249,3,37
2024-02-26,L5,P021,35,34,1,26
2024-02-26,L5,P022,34,34,0,14
2024-02-26,L5,P023,24,24,0,23
2024-02-26,L5,P024,42,41,1,4
2024-02-26,L5,P025,23,22,0,50
2024-02-27,L1,P001,112,109,3,1
2024-02-27,L1,P002,85,83,1,18
2024-02-27,L1,P003,101,99,2,4
2024-02-27,L1,P004,111,108,1,37
2024-02-27,L2,P005,79,77,0,45
2024-02-27,L2,P006,79,78,1,0
2024-02-27,L2,P007,98,95,1,40
2024-02-27,L2,P008,49,48,1,12
2024-02-27,L3,P009,133,131,1,28
2024-02-27,L3,P010,188,186,2,6
2024-02-27,L3,P011,170,166,2,31
2024-02-27,L3,P012,163,158,3,29
2024-02-27,L3,P013,176,172,2,37
2024-02-27,L3,P014,212,207,3,29
2024-02-27,L4,P015,526,517,7,6
2024-02-27,L4,P016,552,534,4,50
2024-02-27,L4,P017,578,564,9,16
2024-02-27,L4,P018,281,271,6,24
2024-02-27,L4,P019,356,347,5,22
2024-02-27,L4,P020,270,262,4,27
2024-02-27,L5,P021,26,26,0,32
2024-02-27,L5,P022,26,25,1,19
2024-02-27,L5,P023,19,18,0,52
2024-02-27,L5,P024,32,32,0,15
2024-02-27,L5,P025,29,28,1,0
2024-02-28,L1,P001,109,108,1,8
2024-02-28,L1,P002,94,94,0,0
2024-02-28,L1,P003,97,96,1,0
2024-02-28,L1,P004,92,88,1,54
2024-02-28,L2,P005,83,81,1,17
2024-02-28,L2,P006,64,62,1,19
2024-02-28,L2,P007,61,59,1,37
2024-02-28,L2,P008,68,66,1,30
2024-02-28,L3,P009,156,154,2,0
2024-02-28,L3,P010,165,161,2,34
2024-02-28,L3,P011,161,159,2,4
2024-02-28,L3,P012,167,163,3,13
2024-02-28,L3,P013,143,140,2,27
2024-02-28,L3,P014,152,148,3,13
2024-02-28,L4,P015,541,529,7,19
2024-02-28,L4,P016,572,560,6,20
2024-02-28,L4,P017,591,569,12,32
2024-02-28,L4,P018,246,240,5,4
2024-02-28,L4,P019,252,244,4,27
2024-02-28,L4,P020,250,244,3,23
2024-02-28,L5,P021,33,33,0,20
2024-02-28,L5,P022,23,23,0,22
2024-02-28,L5,P023,39,38,1,7
2024-02-28,L5,P024,26,26,0,3
2024-02-28,L5,P025,24,23,1,23
2024-02-29,L1,P001,137,133,2,32
2024-02-29,L1,P002,103,100,3,0
2024-02-29,L1,P003,131,126,2,38
2024-02-29,L1,P004,132,130,1,16
2024-02-29,L2,P005,80,79,1,7
2024-02-29,L2,P006,72,72,0,5
2024-02-29,L2,P007,79,76,2,31
2024-02-29,L2,P008,67,65,1,42
2024-02-29,L3,P009,181,177,4,1
2024-02-29,L3,P010,167,164,1,39
2024-02-29,L3,P011,176,175,1,0
2024-02-29,L3,P012,178,176,1,15
2024-02-29,L3,P013,136,132,2,39
2024-02-29,L3,P014,200,194,5,9
2024-02-29,L4,P015,650,636,12,6
2024-02-29,L4,P016,613,601,8,11
2024-02-29,L4,P017,608,601,7,0
2024-02-29,L4,P018,289,279,5,30
2024-02-29,L4,P019,297,288,6,20
2024-02-29,L4,P020,275,266,3,39
2024-02-29,L5,P021,44,43,0,44
2024-02-29,L5,P022,28,28,0,0
2024-02-29,L5,P023,27,27,0,14
2024-02-29,L5,P024,22,22,0,25
2024-02-29,L5,P025,41,40,1,0
2024-03-01,L1,P001,149,146,3,0
2024-03-01,L1,P002,163,157,4,24
2024-03-01,L1,P003,152,148,4,0
2024-03-01,L1,P004,111,108,1,28
2024-03-01,L2,P005,94,91,2,20
2024-03-01,L2,P006,103,99,2,38
2024-03-01,L2,P007,134,129,4,18
2024-03-01,L2,P008,92,91,0,19
2024-03-01,L3,P009,209,204,4,11
2024-03-01,L3,P010,227,222,3,23
2024-03-01,L3,P011,200,196,3,9
2024-03-01,L3,P012,204,201,2,16
2024-03-01,L3,P013,200,196,3,9
2024-03-01,L3,P014,186,180,4,36
2024-03-01,L4,P015,696,673,12,31
2024-03-01,L4,P016,739,718,15,16
2024-03-01,L4,P017,703,694,6,9
2024-03-01,L4,P018,318,309,7,15
2024-03-01,L4,P019,314,309,4,6
2024-03-01,L4,P020,345,332,6,39
2024-03-01,L5,P021,28,28,0,30
2024-03-01,L5,P022,56,54,1,48
2024-03-01,L5,P023,34,33,0,36
2024-03-01,L5,P024,40,39,1,8
2024-03-01,L5,P025,31,30,1,17
2024-03-02,L1,P001,108,107,1,0
2024-03-02,L1,P002,85,82,1,39
2024-03-02,L1,P003,72,72,0,9
2024-03-02,L1,P004,96,92,2,40
2024-03-02,L2,P005,91,89,1,17
2024-03-02,L2,P006,70,67,1,55
2024-03-02,L2,P007,70,69,1,0
2024-03-02,L2,P008,52,50,1,30
2024-03-02,L3,P009,269,264,5,0
2024-03-02,L3,P010,246,242,3,16
2024-03-02,L3,P011,225,221,3,16
2024-03-02,L3,P012,233,230,2,8
2024-03-02,L3,P013,151,147,2,31
2024-03-02,L3,P014,147,144,2,26
2024-03-02,L4,P015,458,448,10,0
2024-03-02,L4,P016,493,483,6,15
2024-03-02,L4,P017,525,513,5,26
2024-03-02,L4,P018,269,262,4,18
2024-03-02,L4,P019,250,244,2,27
2024-03-02,L4,P020,256,250,5,8
2024-03-02,L5,P021,27,26,0,69
2024-03-02,L5,P022,40,39,1,0
2024-03-02,L5,P023,9,9,0,14
2024-03-02,L5,P024,26,25,1,26
2024-03-02,L5,P025,24,24,0,5
2024-03-03,L1,P001,112,111,1,0
2024-03-03,L1,P002,111,110,1,5
2024-03-03,L1,P003,117,114,2,16
2024-03-03,L1,P004,102,100,1,21
2024-03-03,L2,P005,91,89,1,25
2024-03-03,L2,P006,74,71,2,32
2024-03-03,L2,P007,80,76,2,56
2024-03-03,L2,P008,48,46,1,42
2024-03-03,L3,P009,309,299,6,33
2024-03-03,L3,P010,294,290,3,9
2024-03-03,L3,P011,295,292,3,0
2024-03-03,L3,P012,318,306,9,29
2024-03-03,L3,P013,226,220,4,31
2024-03-03,L3,P014,172,167,4,22
2024-03-03,L4,P015,520,508,7,20
2024-03-03,L4,P016,530,521,5,16
2024-03-03,L4,P017,494,480,9,18
2024-03-03,L4,P018,348,338,5,25
2024-03-03,L4,P019,254,248,4,13
2024-03-03,L4,P020,258,252,3,26
2024-03-03,L5,P021,31,30,1,6
2024-03-03,L5,P022,51,49,1,36
2024-03-03,L5,P023,14,14,0,40
2024-03-03,L5,P024,28,26,1,36
2024-03-03,L5,P025,21,21,0,14
2024-03-04,L1,P001,108,106,1,22
2024-03-04,L1,P002,116,113,3,0
2024-03-04,L1,P003,94,91,2,19
2024-03-04,L1,P004,110,109,1,5
2024-03-04,L2,P005,79,76,2,33
2024-03-04,L2,P006,69,68,1,5
2024-03-04,L2,P007,103,99,2,32
2024-03-04,L2,P008,55,53,1,18
2024-03-04,L3,P009,306,301,5,2
2024-03-04,L3,P010,313,307,3,27
2024-03-04,L3,P011,308,302,3,24
2024-03-04,L3,P012,305,296,8,14
2024-03-04,L3,P013,135,133,2,8
2024-03-04,L3,P014,150,147,2,27
2024-03-04,L4,P015,526,514,3,32
2024-03-04,L4,P016,557,543,10,14
2024-03-04,L4,P017,589,564,14,37
2024-03-04,L4,P018,280,271,5,26
2024-03-04,L4,P019,206,198,4,38
2024-03-04,L4,P020,252,243,3,42
2024-03-04,L5,P021,33,33,0,3
2024-03-04,L5,P022,34,33,0,31
2024-03-04,L5,P023,28,28,0,16
2024-03-04,L5,P024,44,44,0,8
2024-03-04,L5,P025,25,25,0,0
2024-03-05,L1,P001,77,76,1,11
2024-03-05,L1,P002,100,97,2,11
2024-03-05,L1,P003,105,102,2,18
2024-03-05,L1,P004,87,84,1,43
2024-03-05,L2,P005,83,81,2,1
2024-03-05,L2,P006,80,77,2,25
2024-03-05,L2,P007,95,94,1,0
2024-03-05,L2,P008,64,62,1,36
2024-03-05,L3,P009,328,321,4,23
2024-03-05,L3,P010,339,332,6,11
2024-03-05,L3,P011,299,291,5,25
2024-03-05,L3,P012,367,358,4,36
2024-03-05,L3,P013,168,164,3,23
2024-03-05,L3,P014,163,161,1,13
2024-03-05,L4,P015,533,509,14,35
2024-03-05,L4,P016,540,514,9,60
2024-03-05,L4,P017,510,497,10,11
2024-03-05,L4,P018,204,196,3,43
2024-03-05,L4,P019,237,232,2,25
2024-03-05,L4,P020,222,215,3,36
2024-03-05,L5,P021,34,33,1,4
2024-03-05,L5,P022,65,63,1,23
2024-03-05,L5,P023,22,22,0,16
2024-03-05,L5,P024,20,20,0,20
2024-03-05,L5,P025,25,25,0,6
2024-03-06,L1,P001,103,101,1,12
2024-03-06,L1,P002,82,80,1,28
2024-03-06,L1,P003,88,86,1,28
2024-03-06,L1,P004,104,99,2,57
2024-03-06,L2,P005,81,79,1,32
2024-03-06,L2,P006,78,77,1,7
2024-03-06,L2,P007,79,76,2,24
2024-03-06,L2,P008,77,75,1,23
2024-03-06,L3,P009,443,434,7,13
2024-03-06,L3,P010,365,359,5,5
2024-03-06,L3,P011,369,359,5,38
2024-03-06,L3,P012,388,380,4,29
2024-03-06,L3,P013,162,157,2,48
2024-03-06,L3,P014,166,163,2,16
2024-03-06,L4,P015,613,596,16,2
2024-03-06,L4,P016,732,714,18,0
2024-03-06,L4,P017,541,529,8,14
2024-03-06,L4,P018,225,216,4,41
2024-03-06,L4,P019,251,247,4,0
2024-03-06,L4,P020,257,251,2,29
2024-03-06,L5,P021,28,28,0,8
2024-03-06,L5,P022,77,76,1,3
2024-03-06,L5,P023,19,19,0,35
2024-03-06,L5,P024,24,23,0,46
2024-03-06,L5,P025,19,19,0,28
2024-03-07,L1,P001,109,108,1,5
2024-03-07,L1,P002,134,130,3,12
2024-03-07,L1,P003,123,118,3,27
2024-03-07,L1,P004,120,118,1,21
2024-03-07,L2,P005,65,63,1,27
2024-03-07,L2,P006,76,74,1,17
2024-03-07,L2,P007,79,76,2,33
2024-03-07,L2,P008,70,69,1,0
2024-03-07,L3,P009,558,547,11,0
2024-03-07,L3,P010,697,678,8,47
2024-03-07,L3,P011,505,493,8,25
2024-03-07,L3,P012,556,548,7,5
2024-03-07,L3,P013,173,170,2,10
2024-03-07,L3,P014,189,186,3,0
2024-03-07,L4,P015,592,574,12,20
2024-03-07,L4,P016,611,588,11,39
2024-03-07,L4,P017,570,560,10,0
2024-03-07,L4,P018,391,373,10,39
2024-03-07,L4,P019,249,241,4,30
2024-03-07,L4,P020,277,271,6,0
2024-03-07,L5,P021,34,34,0,24
2024-03-07,L5,P022,86,85,1,2
2024-03-07,L5,P023,33,33,0,27
2024-03-07,L5,P024,19,19,0,21
2024-03-07,L5,P025,27,27,0,25
2024-03-08,L1,P001,116,113,2,12
2024-03-08,L1,P002,153,151,2,6
2024-03-08,L1,P003,182,178,4,3
2024-03-08,L1,P004,147,144,3,1
2024-03-08,L2,P005,94,90,2,35
2024-03-08,L2,P006,91,89,1,21
2024-03-08,L2,P007,87,87,0,10
2024-03-08,L2,P008,82,79,2,30
2024-03-08,L3,P009,712,698,9,22
2024-03-08,L3,P010,648,634,14,0
2024-03-08,L3,P011,702,690,11,5
2024-03-08,L3,P012,754,743,8,10
2024-03-08,L3,P013,220,214,3,38
2024-03-08,L3,P014,171,167,3,24
2024-03-08,L4,P015,719,711,8,0
2024-03-08,L4,P016,655,640,8,21
2024-03-08,L4,P017,698,688,6,11
2024-03-08,L4,P018,481,471,6,14
2024-03-08,L4,P019,447,431,10,25
2024-03-08,L4,P020,348,328,12,42
2024-03-08,L5,P021,34,33,0,42
2024-03-08,L5,P022,99,95,2,40
2024-03-08,L5,P023,33,32,0,30
2024-03-08,L5,P024,45,43,1,33
2024-03-08,L5,P025,38,37,1,0
2024-03-09,L1,P001,159,154,3,27
2024-03-09,L1,P002,80,78,1,23
2024-03-09,L1,P003,99,95,3,20
2024-03-09,L1,P004,112,110,2,0
2024-03-09,L2,P005,84,82,1,24
2024-03-09,L2,P006,79,77,1,30
2024-03-09,L2,P007,60,59,1,8
2024-03-09,L2,P008,72,70,1,18
2024-03-09,L3,P009,592,579,6,32
2024-03-09,L3,P010,580,569,8,14
2024-03-09,L3,P011,757,738,14,20
2024-03-09,L3,P012,564,556,8,0
2024-03-09,L3,P013,155,152,3,2
2024-03-09,L3,P014,193,189,4,7
2024-03-09,L4,P015,483,468,10,19
2024-03-09,L4,P016,553,537,11,19
2024-03-09,L4,P017,532,517,7,30
2024-03-09,L4,P018,261,255,4,18
2024-03-09,L4,P019,219,209,5,40
2024-03-09,L4,P020,224,217,4,29
2024-03-09,L5,P021,23,23,0,9
2024-03-09,L5,P022,87,84,2,20
2024-03-09,L5,P023,24,24,0,0
2024-03-09,L5,P024,16,16,0,32
2024-03-09,L5,P025,34,34,0,14
2024-03-10,L1,P001,128,127,0,10
2024-03-10,L1,P002,109,105,3,23
2024-03-10,L1,P003,96,94,1,24
2024-03-10,L1,P004,97,94,2,20
2024-03-10,L2,P005,79,78,1,3
2024-03-10,L2,P006,58,56,1,25
2024-03-10,L2,P007,86,84,1,22
2024-03-10,L2,P008,74,73,1,11
2024-03-10,L3,P009,702,698,4,1
2024-03-10,L3,P010,617,608,6,12
2024-03-10,L3,P011,869,861,5,11
2024-03-10,L3,P012,704,688,11,21
2024-03-10,L3,P013,171,169,2,3
2024-03-10,L3,P014,194,189,4,11
2024-03-10,L4,P015,545,527,11,24
2024-03-10,L4,P016,510,491,10,34
2024-03-10,L4,P017,505,498,0,26
2024-03-10,L4,P018,251,244,4,20
2024-03-10,L4,P019,210,205,4,6
2024-03-10,L4,P020,328,321,4,16
2024-03-10,L5,P021,28,27,0,52
2024-03-10,L5,P022,104,99,3,29
2024-03-10,L5,P023,33,32,0,34
2024-03-10,L5,P024,21,21,0,0
2024-03-10,L5,P025,24,24,0,26
2024-03-11,L1,P001,122,119,2,14
2024-03-11,L1,P002,104,102,1,17
2024-03-11,L1,P003,99,96,1,41
2024-03-11,L1,P004,114,112,2,4
2024-03-11,L2,P005,69,66,1,50
2024-03-11,L2,P006,50,49,1,17
2024-03-11,L2,P007,92,90,1,26
2024-03-11,L2,P008,91,89,1,25
2024-03-11,L3,P009,726,718,4,17
2024-03-11,L3,P010,747,737,10,0
2024-03-11,L3,P011,785,771,8,23
2024-03-11,L3,P012,756,736,10,38
2024-03-11,L3,P013,165,161,3,12
2024-03-11,L3,P014,147,145,1,23
2024-03-11,L4,P015,555,535,19,2
2024-03-11,L4,P016,568,550,7,36
2024-03-11,L4,P017,524,507,9,30
2024-03-11,L4,P018,232,222,4,47
2024-03-11,L4,P019,278,267,7,25
2024-03-11,L4,P020,387,378,9,0
2024-03-11,L5,P021,24,23,1,0
2024-03-11,L5,P022,100,99,1,0
2024-03-11,L5,P023,76,74,1,18
2024-03-11,L5,P024,26,26,0,21
2024-03-11,L5,P025,23,22,1,0
2024-03-12,L1,P001,106,103,2,15
2024-03-12,L1,P002,108,106,2,4
2024-03-12,L1,P003,81,80,1,0
2024-03-12,L1,P004,110,108,2,5
2024-03-12,L2,P005,88,85,2,17
2024-03-12,L2,P006,93,91,1,17
2024-03-12,L2,P007,109,105,2,44
2024-03-12,L2,P008,82,80,1,25
2024-03-12,L3,P009,821,803,17,4
2024-03-12,L3,P010,876,856,17,10
2024-03-12,L3,P011,763,744,13,22
2024-03-12,L3,P012,847,842,2,9
2024-03-12,L3,P013,164,161,2,23
2024-03-12,L3,P014,132,130,2,4
2024-03-12,L4,P015,562,538,10,47
2024-03-12,L4,P016,539,522,9,27
2024-03-12,L4,P017,594,581,8,16
2024-03-12,L4,P018,232,228,2,20
2024-03-12,L4,P019,260,253,4,25
2024-03-12,L4,P020,257,252,3,18
2024-03-12,L5,P021,32,30,1,37
2024-03-12,L5,P022,135,131,2,34
2024-03-12,L5,P023,65,64,1,14
2024-03-12,L5,P024,30,29,1,29
2024-03-12,L5,P025,20,20,0,16
2024-03-13,L1,P001,122,118,2,26
2024-03-13,L1,P002,110,108,1,21
2024-03-13,L1,P003,123,119,3,18
2024-03-13,L1,P004,121,118,2,13
2024-03-13,L2,P005,75,73,1,15
2024-03-13,L2,P006,77,76,1,5
2024-03-13,L2,P007,32,31,1,18
2024-03-13,L2,P008,58,56,1,38
2024-03-13,L3,P009,931,925,6,0
2024-03-13,L3,P010,921,912,4,15
2024-03-13,L3,P011,898,873,17,26
2024-03-13,L3,P012,951,930,12,27
2024-03-13,L3,P013,198,192,5,14
2024-03-13,L3,P014,143,139,2,35
2024-03-13,L4,P015,546,532,7,23
2024-03-13,L4,P016,553,546,3,15
2024-03-13,L4,P017,554,543,10,2
2024-03-13,L4,P018,282,276,6,0
2024-03-13,L4,P019,239,228,4,58
2024-03-13,L4,P020,193,187,4,23
2024-03-13,L5,P021,16,16,0,1
2024-03-13,L5,P022,153,150,2,11
2024-03-13,L5,P023,88,86,1,12
2024-03-13,L5,P024,27,27,0,0
2024-03-13,L5,P025,30,30,0,21
2024-03-14,L1,P001,118,115,2,10
2024-03-14,L1,P002,103,102,1,0
2024-03-14,L1,P003,122,119,1,39
2024-03-14,L1,P004,117,113,1,46
2024-03-14,L2,P005,91,89,2,0
2024-03-14,L2,P006,75,72,2,24
2024-03-14,L2,P007,51,50,1,0
2024-03-14,L2,P008,73,70,2,16
2024-03-14,L3,P009,1070,1045,12,34
2024-03-14,L3,P010,1162,1132,12,45
2024-03-14,L3,P011,1618,1580,23,27
2024-03-14,L3,P012,1181,1160,16,12
2024-03-14,L3,P013,148,146,1,17
2024-03-14,L3,P014,185,180,4,13
2024-03-14,L4,P015,622,609,10,10
2024-03-14,L4,P016,611,592,8,34
2024-03-14,L4,P017,606,584,12,32
2024-03-14,L4,P018,303,294,6,16
2024-03-14,L4,P019,312,300,6,35
2024-03-14,L4,P020,427,413,6,34
2024-03-14,L5,P021,23,22,1,35
2024-03-14,L5,P022,166,162,3,15
2024-03-14,L5,P023,91,89,1,23
2024-03-14,L5,P024,37,36,0,42
2024-03-14,L5,P025,25,24,0,53
2024-03-15,L1,P001,141,136,3,21
2024-03-15,L1,P002,121,117,2,27
2024-03-15,L1,P003,120,116,2,32
2024-03-15,L1,P004,109,109,0,0
2024-03-15,L2,P005,100,98,1,26
2024-03-15,L2,P006,113,110,2,17
2024-03-15,L2,P007,95,91,2,43
2024-03-15,L2,P008,105,103,2,2
2024-03-15,L3,P009,1453,1419,21,26
2024-03-15,L3,P010,1496,1464,30,3
2024-03-15,L3,P011,1501,1476,19,11
2024-03-15,L3,P012,1484,1441,30,26
2024-03-15,L3,P013,190,186,3,13
2024-03-15,L3,P014,239,232,5,22
2024-03-15,L4,P015,632,626,5,4
2024-03-15,L4,P016,712,699,10,8
2024-03-15,L4,P017,673,662,5,17
2024-03-15,L4,P018,366,357,2,35
2024-03-15,L4,P019,380,377,3,0
2024-03-15,L4,P020,303,295,3,31
2024-03-15,L5,P021,35,35,0,17
2024-03-15,L5,P022,332,327,2,20
2024-03-15,L5,P023,96,92,2,36
2024-03-15,L5,P024,45,43,1,46
2024-03-15,L5,P025,24,24,0,5
2024-03-16,L1,P001,82,78,2,48
2024-03-16,L1,P002,144,142,2,4
2024-03-16,L1,P003,83,81,1,25
2024-03-16,L1,P004,97,93,2,40
2024-03-16,L2,P005,74,72,2,0
2024-03-16,L2,P006,88,86,1,31
2024-03-16,L2,P007,65,64,0,15
2024-03-16,L2,P008,57,55,1,19
2024-03-16,L3,P009,1063,1046,13,11
2024-03-16,L3,P010,1125,1101,21,8
2024-03-16,L3,P011,1087,1066,21,0
2024-03-16,L3,P012,1030,1010,12,21
2024-03-16,L3,P013,173,173,0,0
2024-03-16,L3,P014,143,140,1,39
2024-03-16,L4,P015,535,522,5,28
2024-03-16,L4,P016,480,471,3,23
2024-03-16,L4,P017,552,541,4,26
2024-03-16,L4,P018,281,272,5,30
2024-03-16,L4,P019,215,213,2,0
2024-03-16,L4,P020,220,209,4,59
2024-03-16,L5,P021,40,39,0,41
2024-03-16,L5,P022,183,182,1,0
2024-03-16,L5,P023,83,81,1,13
2024-03-16,L5,P024,30,30,0,21
2024-03-16,L5,P025,27,27,0,26
2024-03-17,L1,P001,109,107,2,4
2024-03-17,L1,P002,94,90,2,38
2024-03-17,L1,P003,103,100,2,22
2024-03-17,L1,P004,104,102,2,0
2024-03-17,L2,P005,78,76,1,27
2024-03-17,L2,P006,47,45,1,33
2024-03-17,L2,P007,70,68,1,19
2024-03-17,L2,P008,66,64,1,17
2024-03-17,L3,P009,1223,1200,23,0
2024-03-17,L3,P010,1266,1240,9,38
2024-03-17,L3,P011,1262,1243,18,2
2024-03-17,L3,P012,1153,1121,16,40
2024-03-17,L3,P013,135,133,1,11
2024-03-17,L3,P014,164,157,4,56
2024-03-17,L4,P015,585,565,16,13
2024-03-17,L4,P016,582,572,3,24
2024-03-17,L4,P017,595,585,9,4
2024-03-17,L4,P018,181,180,1,0
2024-03-17,L4,P019,281,274,5,16
2024-03-17,L4,P020,250,242,6,14
2024-03-17,L5,P021,7,7,0,11
2024-03-17,L5,P022,223,219,2,17
2024-03-17,L5,P023,62,60,1,25
2024-03-17,L5,P024,30,29,0,34
2024-03-17,L5,P025,13,13,0,12
2024-03-18,L1,P001,103,102,1,0
2024-03-18,L1,P002,63,62,1,6
2024-03-18,L1,P003,116,113,1,39
2024-03-18,L1,P004,111,108,2,17
2024-03-18,L2,P005,86,84,1,21
2024-03-18,L2,P006,90,87,1,43
2024-03-18,L2,P007,85,83,1,28
2024-03-18,L2,P008,50,48,1,24
2024-03-18,L3,P009,1199,1166,26,16
2024-03-18,L3,P010,1285,1257,21,15
2024-03-18,L3,P011,1269,1233,27,21
2024-03-18,L3,P012,1169,1155,12,4
2024-03-18,L3,P013,179,177,2,6
2024-03-18,L3,P014,167,166,1,8
2024-03-18,L4,P015,512,498,10,14
2024-03-18,L4,P016,563,542,14,24
2024-03-18,L4,P017,464,459,3,7
2024-03-18,L4,P018,228,224,3,6
2024-03-18,L4,P019,272,266,4,16
2024-03-18,L4,P020,276,267,8,8
2024-03-18,L5,P021,31,30,0,39
2024-03-18,L5,P022,176,173,2,6
2024-03-18,L5,P023,74,72,1,32
2024-03-18,L5,P024,16,16,0,3
2024-03-18,L5,P025,37,36,1,4
2024-03-19,L1,P001,84,80,2,43
2024-03-19,L1,P002,112,109,2,12
2024-03-19,L1,P003,86,85,1,5
2024-03-19,L1,P004,80,79,0,28
2024-03-19,L2,P005,87,85,1,14
2024-03-19,L2,P006,43,43,0,7
2024-03-19,L2,P007,85,82,1,52
2024-03-19,L2,P008,55,54,1,12
2024-03-19,L3,P009,1757,1733,17,12
2024-03-19,L3,P010,1301,1283,9,20
2024-03-19,L3,P011,1286,1257,24,12
2024-03-19,L3,P012,1210,1194,3,31
2024-03-19,L3,P013,168,164,2,29
2024-03-19,L3,P014,140,137,1,36
2024-03-19,L4,P015,509,497,8,14
2024-03-19,L4,P016,555,535,11,32
2024-03-19,L4,P017,491,484,5,7
2024-03-19,L4,P018,306,297,3,36
2024-03-19,L4,P019,360,345,7,45
2024-03-19,L4,P020,258,253,5,3
2024-03-19,L5,P021,14,14,0,24
2024-03-19,L5,P022,214,209,4,13
2024-03-19,L5,P023,74,73,1,7
2024-03-19,L5,P024,39,39,0,10
2024-03-19,L5,P025,22,22,0,22
2024-03-20,L1,P001,102,97,3,31
2024-03-20,L1,P002,87,85,1,30
2024-03-20,L1,P003,119,116,2,22
2024-03-20,L1,P004,98,96,2,0
2024-03-20,L2,P005,65,64,1,2
2024-03-20,L2,P006,79,78,0,15
2024-03-20,L2,P007,73,71,1,31
2024-03-20,L2,P008,85,82,1,36
2024-03-20,L3,P009,1303,1272,23,17
2024-03-20,L3,P010,1190,1150,18,53
2024-03-20,L3,P011,1323,1304,13,13
2024-03-20,L3,P012,1316,1269,29,40
2024-03-20,L3,P013,138,135,2,16
2024-03-20,L3,P014,127,123,2,43
2024-03-20,L4,P015,502,493,7,9
2024-03-20,L4,P016,564,542,15,23
2024-03-20,L4,P017,568,558,10,0
2024-03-20,L4,P018,203,196,5,20
2024-03-20,L4,P019,286,277,4,31
2024-03-20,L4,P020,214,209,3,19
2024-03-20,L5,P021,40,38,1,26
2024-03-20,L5,P022,216,212,3,5
2024-03-20,L5,P023,100,97,2,25
2024-03-20,L5,P024,28,28,0,13
2024-03-20,L5,P025,29,29,0,7
2024-03-21,L1,P001,117,113,3,13
2024-03-21,L1,P002,126,124,1,13
2024-03-21,L1,P003,117,113,2,32
2024-03-21,L1,P004,132,129,3,0
2024-03-21,L2,P005,85,83,1,32
2024-03-21,L2,P006,73,72,1,1
2024-03-21,L2,P007,61,59,1,16
2024-03-21,L2,P008,83,81,1,15
2024-03-21,L3,P009,184,179,4,23
2024-03-21,L3,P010,191,186,3,23
2024-03-21,L3,P011,194,190,3,14
2024-03-21,L3,P012,180,177,1,34
2024-03-21,L3,P013,205,202,3,0
2024-03-21,L3,P014,167,164,2,16
2024-03-21,L4,P015,642,620,11,33
2024-03-21,L4,P016,635,617,14,11
2024-03-21,L4,P017,595,591,2,5
2024-03-21,L4,P018,403,398,5,0
2024-03-21,L4,P019,346,336,6,21
2024-03-21,L4,P020,300,292,6,10
2024-03-21,L5,P021,27,27,0,27
2024-03-21,L5,P022,29,27,1,46
2024-03-21,L5,P023,110,107,2,18
2024-03-21,L5,P024,43,42,1,15
2024-03-21,L5,P025,33,32,1,13
2024-03-22,L1,P001,169,166,3,0
2024-03-22,L1,P002,162,157,3,21
2024-03-22,L1,P003,122,118,2,36
2024-03-22,L1,P004,137,133,2,24
2024-03-22,L2,P005,113,111,2,0
2024-03-22,L2,P006,88,84,2,35
2024-03-22,L2,P007,78,76,1,15
2024-03-22,L2,P008,86,83,2,18
2024-03-22,L3,P009,228,223,4,15
2024-03-22,L3,P010,254,250,2,26
2024-03-22,L3,P011,246,242,3,8
2024-03-22,L3,P012,205,199,3,48
2024-03-22,L3,P013,244,238,3,35
2024-03-22,L3,P014,245,242,3,3
2024-03-22,L4,P015,683,662,12,26
2024-03-22,L4,P016,683,662,15,17
2024-03-22,L4,P017,765,746,8,27
2024-03-22,L4,P018,309,294,6,56
2024-03-22,L4,P019,361,352,6,17
2024-03-22,L4,P020,328,323,1,21
2024-03-22,L5,P021,26,26,0,11
2024-03-22,L5,P022,43,41,1,25
2024-03-22,L5,P023,100,96,3,24
2024-03-22,L5,P024,39,38,1,16
2024-03-22,L5,P025,24,24,0,15
2024-03-23,L1,P001,111,106,1,65
2024-03-23,L1,P002,98,95,2,20
2024-03-23,L1,P003,91,88,2,12
2024-03-23,L1,P004,94,92,1,26
2024-03-23,L2,P005,65,63,1,27
2024-03-23,L2,P006,80,78,1,30
2024-03-23,L2,P007,67,65,2,14
2024-03-23,L2,P008,61,59,1,27
2024-03-23,L3,P009,165,161,3,15
2024-03-23,L3,P010,166,163,3,8
2024-03-23,L3,P011,149,147,1,24
2024-03-23,L3,P012,186,182,3,8
2024-03-23,L3,P013,154,151,2,14
2024-03-23,L3,P014,138,137,1,3
2024-03-23,L4,P015,508,493,6,33
2024-03-23,L4,P016,532,525,6,4
2024-03-23,L4,P017,493,480,8,19
2024-03-23,L4,P018,224,219,3,18
2024-03-23,L4,P019,256,247,5,28
2024-03-23,L4,P020,234,227,7,0
2024-03-23,L5,P021,31,30,0,35
2024-03-23,L5,P022,17,17,0,24
2024-03-23,L5,P023,91,88,1,37
2024-03-23,L5,P024,23,23,0,11
2024-03-23,L5,P025,28,28,0,0
2024-03-24,L1,P001,103,100,2,19
2024-03-24,L1,P002,117,116,1,0
2024-03-24,L1,P003,129,126,2,9
2024-03-24,L1,P004,131,127,2,35
2024-03-24,L2,P005,55,54,1,17
2024-03-24,L2,P006,55,53,1,32
2024-03-24,L2,P007,76,76,0,12
2024-03-24,L2,P008,119,116,0,47
2024-03-24,L3,P009,157,153,2,45
2024-03-24,L3,P010,180,175,3,29
2024-03-24,L3,P011,157,153,3,25
2024-03-24,L3,P012,184,180,3,9
2024-03-24,L3,P013,161,158,3,0
2024-03-24,L3,P014,148,146,2,0
2024-03-24,L4,P015,489,470,12,29
2024-03-24,L4,P016,525,516,1,28
2024-03-24,L4,P017,585,571,7,24
2024-03-24,L4,P018,251,242,6,20
2024-03-24,L4,P019,245,239,3,26
2024-03-24,L4,P020,239,237,2,0
2024-03-24,L5,P021,33,32,1,17
2024-03-24,L5,P022,42,42,0,21
2024-03-24,L5,P023,77,75,1,32
2024-03-24,L5,P024,26,25,1,17
2024-03-24,L5,P025,25,25,0,6
2024-03-25,L1,P001,143,141,0,25
2024-03-25,L1,P002,105,102,2,21
2024-03-25,L1,P003,82,81,1,0
2024-03-25,L1,P004,87,85,2,0
2024-03-25,L2,P005,60,59,0,21
2024-03-25,L2,P006,51,50,1,0
2024-03-25,L2,P007,56,54,1,20
2024-03-25,L2,P008,63,62,1,0
2024-03-25,L3,P009,163,159,2,27
2024-03-25,L3,P010,150,148,2,0
2024-03-25,L3,P011,166,161,4,15
2024-03-25,L3,P012,133,130,2,13
2024-03-25,L3,P013,186,181,4,21
2024-03-25,L3,P014,167,162,3,29
2024-03-25,L4,P015,553,538,15,0
2024-03-25,L4,P016,557,548,9,0
2024-03-25,L4,P017,493,483,10,0
2024-03-25,L4,P018,252,250,1,7
2024-03-25,L4,P019,326,318,6,14
2024-03-25,L4,P020,229,226,0,28
2024-03-25,L5,P021,24,24,0,0
2024-03-25,L5,P022,23,23,0,41
2024-03-25,L5,P023,86,86,0,0
2024-03-25,L5,P024,26,26,0,10
2024-03-25,L5,P025,24,24,0,34
2024-03-26,L1,P001,103,102,1,0
2024-03-26,L1,P002,126,124,1,12
2024-03-26,L1,P003,92,88,2,37
2024-03-26,L1,P004,121,117,2,35
2024-03-26,L2,P005,61,60,0,41
2024-03-26,L2,P006,43,43,0,0
2024-03-26,L2,P007,79,78,1,9
2024-03-26,L2,P008,76,74,1,27
2024-03-26,L3,P009,150,146,2,33
2024-03-26,L3,P010,161,159,1,11
2024-03-26,L3,P011,163,158,3,30
2024-03-26,L3,P012,146,143,1,32
2024-03-26,L3,P013,131,128,2,24
2024-03-26,L3,P014,231,226,3,29
2024-03-26,L4,P015,524,504,10,38
2024-03-26,L4,P016,518,507,5,22
2024-03-26,L4,P017,530,518,12,0
2024-03-26,L4,P018,287,279,5,19
2024-03-26,L4,P019,364,354,5,27
2024-03-26,L4,P020,231,225,3,24
2024-03-26,L5,P021,34,32,1,40
2024-03-26,L5,P022,34,33,0,32
2024-03-26,L5,P023,72,70,2,0
2024-03-26,L5,P024,30,30,0,14
2024-03-26,L5,P025,14,14,0,22
2024-03-27,L1,P001,100,97,2,26
2024-03-27,L1,P002,87,84,1,49
2024-03-27,L1,P003,117,114,2,18
2024-03-27,L1,P004,118,115,2,13
2024-03-27,L2,P005,65,62,1,51
2024-03-27,L2,P006,86,84,1,26
2024-03-27,L2,P007,49,48,1,0
2024-03-27,L2,P008,81,79,2,0
2024-03-27,L3,P009,150,146,3,24
2024-03-27,L3,P010,172,169,3,0
2024-03-27,L3,P011,197,191,3,40
2024-03-27,L3,P012,145,142,2,14
2024-03-27,L3,P013,174,167,5,33
2024-03-27,L3,P014,140,136,3,18
2024-03-27,L4,P015,546,536,5,16
2024-03-27,L4,P016,470,460,5,19
2024-03-27,L4,P017,530,522,5,12
2024-03-27,L4,P018,261,252,5,27
2024-03-27,L4,P019,237,228,7,16
2024-03-27,L4,P020,270,268,1,7
2024-03-27,L5,P021,34,34,0,14
2024-03-27,L5,P022,29,28,1,2
2024-03-27,L5,P023,96,93,2,26
2024-03-27,L5,P024,27,26,1,0
2024-03-27,L5,P025,32,31,1,0
2024-03-28,L1,P001,101,99,2,5
2024-03-28,L1,P002,118,114,3,22
2024-03-28,L1,P003,121,119,1,17
2024-03-28,L1,P004,115,113,1,16
2024-03-28,L2,P005,98,95,1,34
2024-03-28,L2,P006,95,92,2,29
2024-03-28,L2,P007,46,45,1,0
2024-03-28,L2,P008,100,99,1,9
2024-03-28,L3,P009,218,214,2,20
2024-03-28,L3,P010,196,193,3,0
2024-03-28,L3,P011,197,192,4,18
2024-03-28,L3,P012,188,185,2,13
2024-03-28,L3,P013,158,156,1,19
2024-03-28,L3,P014,200,194,3,38
2024-03-28,L4,P015,590,575,7,27
2024-03-28,L4,P016,605,588,10,23
2024-03-28,L4,P017,645,627,12,19
2024-03-28,L4,P018,237,230,4,21
2024-03-28,L4,P019,324,317,3,25
2024-03-28,L4,P020,270,262,3,34
2024-03-28,L5,P021,40,38,1,25
2024-03-28,L5,P022,23,23,0,40
2024-03-28,L5,P023,113,110,1,34
2024-03-28,L5,P024,32,31,1,23
2024-03-28,L5,P025,42,40,1,39
2024-03-29,L1,P001,136,131,2,41
2024-03-29,L1,P002,150,150,0,0
2024-03-29,L1,P003,171,168,3,4
2024-03-29,L1,P004,138,136,2,0
2024-03-29,L2,P005,110,107,1,42
2024-03-29,L2,P006,123,120,2,8
2024-03-29,L2,P007,83,81,1,14
2024-03-29,L2,P008,83,80,1,38
2024-03-29,L3,P009,290,279,7,38
2024-03-29,L3,P010,236,229,5,19
2024-03-29,L3,P011,203,200,3,0
2024-03-29,L3,P012,191,188,3,0
2024-03-29,L3,P013,232,227,4,16
2024-03-29,L3,P014,227,221,3,33
2024-03-29,L4,P015,700,681,10,26
2024-03-29,L4,P016,710,689,11,28
2024-03-29,L4,P017,729,700,21,20
2024-03-29,L4,P018,437,427,7,12
2024-03-29,L4,P019,326,321,5,0
2024-03-29,L4,P020,307,298,9,0
2024-03-29,L5,P021,24,24,0,38
2024-03-29,L5,P022,61,59,1,31
2024-03-29,L5,P023,101,99,2,6
2024-03-29,L5,P024,35,35,0,12
2024-03-29,L5,P025,38,37,1,10
2024-03-30,L1,P001,87,84,2,25
2024-03-30,L1,P002,95,92,1,31
2024-03-30,L1,P003,112,111,1,0
2024-03-30,L1,P004,97,95,1,17
2024-03-30,L2,P005,64,63,1,7
2024-03-30,L2,P006,52,51,1,7
2024-03-30,L2,P007,83,80,1,39
2024-03-30,L2,P008,50,48,1,21
2024-03-30,L3,P009,154,150,3,26
2024-03-30,L3,P010,134,131,2,16
2024-03-30,L3,P011,128,124,2,37
2024-03-30,L3,P012,141,138,2,20
2024-03-30,L3,P013,152,148,2,29
2024-03-30,L3,P014,143,140,2,11
2024-03-30,L4,P015,493,476,8,35
2024-03-30,L4,P016,559,548,11,0
2024-03-30,L4,P017,504,494,6,15
2024-03-30,L4,P018,221,213,4,35
2024-03-30,L4,P019,285,281,2,15
2024-03-30,L4,P020,223,220,3,0
2024-03-30,L5,P021,22,22,0,11
2024-03-30,L5,P022,24,24,0,40
2024-03-30,L5,P023,83,82,0,33
2024-03-30,L5,P024,20,20,0,14
2024-03-30,L5,P025,14,14,0,15
2024-03-31,L1,P001,84,79,2,65
2024-03-31,L1,P002,119,115,1,49
2024-03-31,L1,P003,156,151,2,32
2024-03-31,L1,P004,105,103,0,34
2024-03-31,L2,P005,85,83,1,13
2024-03-31,L2,P006,81,80,1,0
2024-03-31,L2,P007,116,112,2,30
2024-03-31,L2,P008,58,56,1,35
2024-03-31,L3,P009,161,156,4,17
2024-03-31,L3,P010,148,145,3,0
2024-03-31,L3,P011,191,185,5,21
2024-03-31,L3,P012,170,167,2,19
2024-03-31,L3,P013,162,159,2,22
2024-03-31,L3,P014,127,124,2,30
2024-03-31,L4,P015,511,506,4,5
2024-03-31,L4,P016,565,550,8,25
2024-03-31,L4,P017,527,508,10,33
2024-03-31,L4,P018,296,285,5,36
2024-03-31,L4,P019,268,262,3,23
2024-03-31,L4,P020,250,243,4,26
2024-03-31,L5,P021,26,26,0,0
2024-03-31,L5,P022,29,27,1,35
2024-03-31,L5,P023,104,101,0,48
2024-03-31,L5,P024,25,25,0,26
2024-03-31,L5,P025,29,29,0,30
2024-04-01,L1,P001,111,108,1,26
2024-04-01,L1,P002,97,94,2,21
2024-04-01,L1,P003,108,106,2,0
2024-04-01,L1,P004,94,92,2,0
2024-04-01,L2,P005,57,56,1,0
2024-04-01,L2,P006,103,100,1,37
2024-04-01,L2,P007,51,50,1,2
2024-04-01,L2,P008,79,76,2,17
2024-04-01,L3,P009,169,166,2,20
2024-04-01,L3,P010,138,135,2,16
2024-04-01,L3,P011,155,153,1,17
2024-04-01,L3,P012,159,153,5,17
2024-04-01,L3,P013,192,190,2,1
2024-04-01,L3,P014,175,171,4,8
2024-04-01,L4,P015,694,664,15,41
2024-04-01,L4,P016,640,628,12,0
2024-04-01,L4,P017,475,460,7,34
2024-04-01,L4,P018,285,279,4,14
2024-04-01,L4,P019,252,244,4,32
2024-04-01,L4,P020,263,259,1,21
2024-04-01,L5,P021,21,21,0,28
2024-04-01,L5,P022,17,17,0,5
2024-04-01,L5,P023,96,95,0,26
2024-04-01,L5,P024,25,25,0,25
2024-04-01,L5,P025,21,21,0,38
2024-04-02,L1,P001,109,105,2,28
2024-04-02,L1,P002,133,131,1,19
2024-04-02,L1,P003,94,93,1,5
2024-04-02,L1,P004,97,95,1,10
2024-04-02,L2,P005,66,64,1,23
2024-04-02,L2,P006,67,65,1,32
2024-04-02,L2,P007,52,51,0,35
2024-04-02,L2,P008,95,92,2,29
2024-04-02,L3,P009,152,151,1,6
2024-04-02,L3,P010,167,164,2,25
2024-04-02,L3,P011,168,166,0,28
2024-04-02,L3,P012,138,135,2,23
2024-04-02,L3,P013,186,182,2,33
2024-04-02,L3,P014,167,164,3,2
2024-04-02,L4,P015,497,487,6,16
2024-04-02,L4,P016,543,525,12,21
2024-04-02,L4,P017,525,503,11,42
2024-04-02,L4,P018,250,243,5,14
2024-04-02,L4,P019,225,219,2,35
2024-04-02,L4,P020,259,253,5,4
2024-04-02,L5,P021,28,27,1,7
2024-04-02,L5,P022,26,26,0,0
2024-04-02,L5,P023,77,75,2,9
2024-04-02,L5,P024,30,29,1,17
2024-04-02,L5,P025,20,20,0,31
2024-04-03,L1,P001,77,76,1,2
2024-04-03,L1,P002,134,129,3,24
2024-04-03,L1,P003,96,95,1,9
2024-04-03,L1,P004,98,96,2,0
2024-04-03,L2,P005,72,71,1,5
2024-04-03,L2,P006,56,54,1,36
2024-04-03,L2,P007,80,78,1,20
2024-04-03,L2,P008,80,78,1,18
2024-04-03,L3,P009,154,151,2,16
2024-04-03,L3,P010,158,155,1,36
2024-04-03,L3,P011,162,159,2,21
2024-04-03,L3,P012,164,160,3,12
2024-04-03,L3,P013,175,171,2,28
2024-04-03,L3,P014,164,162,2,0
2024-04-03,L4,P015,556,547,9,1
2024-04-03,L4,P016,537,532,2,11
2024-04-03,L4,P017,514,501,9,16
2024-04-03,L4,P018,235,227,1,58
2024-04-03,L4,P019,224,217,2,42
2024-04-03,L4,P020,249,241,4,29
2024-04-03,L5,P021,16,16,0,8
2024-04-03,L5,P022,28,28,0,17
2024-04-03,L5,P023,64,64,0,14
2024-04-03,L5,P024,28,28,0,28
2024-04-03,L5,P025,20,20,0,6
2024-04-04,L1,P001,116,112,3,10
2024-04-04,L1,P002,122,119,1,24
2024-04-04,L1,P003,122,119,2,9
2024-04-04,L1,P004,113,112,0,24
2024-04-04,L2,P005,92,89,2,30
2024-04-04,L2,P006,97,96,0,16
2024-04-04,L2,P007,76,74,2,4
2024-04-04,L2,P008,73,72,1,7
2024-04-04,L3,P009,205,199,5,10
2024-04-04,L3,P010,183,179,2,27
2024-04-04,L3,P011,203,200,3,5
2024-04-04,L3,P012,189,187,1,21
2024-04-04,L3,P013,185,181,3,14
2024-04-04,L3,P014,157,152,4,19
2024-04-04,L4,P015,632,620,7,16
2024-04-04,L4,P016,616,595,4,54
2024-04-04,L4,P017,639,619,12,23
2024-04-04,L4,P018,300,296,4,0
2024-04-04,L4,P019,306,298,6,10
2024-04-04,L4,P020,269,263,4,13
2024-04-04,L5,P021,38,38,0,7
2024-04-04,L5,P022,23,23,0,28
2024-04-04,L5,P023,110,108,1,12
2024-04-04,L5,P024,20,20,0,10
2024-04-04,L5,P025,32,31,1,13
2024-04-05,L1,P001,156,151,2,39
2024-04-05,L1,P002,148,143,2,37
2024-04-05,L1,P003,117,115,1,24
2024-04-05,L1,P004,134,131,1,22
2024-04-05,L2,P005,111,108,2,18
2024-04-05,L2,P006,79,77,1,22
2024-04-05,L2,P007,114,112,1,14
2024-04-05,L2,P008,112,108,2,26
2024-04-05,L3,P009,187,183,2,35
2024-04-05,L3,P010,205,202,2,21
2024-04-05,L3,P011,207,203,4,4
2024-04-05,L3,P012,224,218,3,36
2024-04-05,L3,P013,221,216,5,0
2024-04-05,L3,P014,349,339,7,24
2024-04-05,L4,P015,713,697,9,18
2024-04-05,L4,P016,730,714,10,17
2024-04-05,L4,P017,704,682,12,28
2024-04-05,L4,P018,353,343,4,30
2024-04-05,L4,P019,379,370,8,4
2024-04-05,L4,P020,427,421,6,0
2024-04-05,L5,P021,47,45,1,29
2024-04-05,L5,P022,34,34,0,9
2024-04-05,L5,P023,94,93,0,26
2024-04-05,L5,P024,33,32,1,20
2024-04-05,L5,P025,37,36,0,26
2024-04-06,L1,P001,113,112,1,0
2024-04-06,L1,P002,115,111,3,21
2024-04-06,L1,P003,117,114,2,18
2024-04-06,L1,P004,66,65,1,9
2024-04-06,L2,P005,61,60,1,4
2024-04-06,L2,P006,63,61,1,16
2024-04-06,L2,P007,76,74,2,3
2024-04-06,L2,P008,84,81,2,13
2024-04-06,L3,P009,157,153,3,14
2024-04-06,L3,P010,139,136,2,23
2024-04-06,L3,P011,156,152,4,0
2024-04-06,L3,P012,129,126,3,4
2024-04-06,L3,P013,170,164,4,31
2024-04-06,L3,P014,135,133,1,26
2024-04-06,L4,P015,538,527,7,13
2024-04-06,L4,P016,518,508,6,13
2024-04-06,L4,P017,537,518,16,12
2024-04-06,L4,P018,237,229,3,37
2024-04-06,L4,P019,207,204,3,4
2024-04-06,L4,P020,260,252,6,18
2024-04-06,L5,P021,13,13,0,12
2024-04-06,L5,P022,21,21,0,37
2024-04-06,L5,P023,68,66,1,37
2024-04-06,L5,P024,33,32,1,22
2024-04-06,L5,P025,24,24,0,36
2024-04-07,L1,P001,118,115,1,37
2024-04-07,L1,P002,85,83,1,21
2024-04-07,L1,P003,168,163,2,38
2024-04-07,L1,P004,104,101,2,19
2024-04-07,L2,P005,83,81,1,28
2024-04-07,L2,P006,39,37,1,33
2024-04-07,L2,P007,82,80,2,3
2024-04-07,L2,P008,61,59,1,24
2024-04-07,L3,P009,148,146,1,21
2024-04-07,L3,P010,163,160,3,0
2024-04-07,L3,P011,152,149,2,17
2024-04-07,L3,P012,181,177,4,0
2024-04-07,L3,P013,178,174,2,26
2024-04-07,L3,P014,151,150,1,6
2024-04-07,L4,P015,590,576,8,18
2024-04-07,L4,P016,519,513,6,0
2024-04-07,L4,P017,711,694,3,39
2024-04-07,L4,P018,194,190,2,20
2024-04-07,L4,P019,274,269,1,28
2024-04-07,L4,P020,265,258,5,12
2024-04-07,L5,P021,48,46,1,43
2024-04-07,L5,P022,24,24,0,2
2024-04-07,L5,P023,78,76,2,3
2024-04-07,L5,P024,32,32,0,27
2024-04-07,L5,P025,30,30,0,29
2024-04-08,L1,P001,103,101,2,7
2024-04-08,L1,P002,84,82,1,13
2024-04-08,L1,P003,100,97,1,47
2024-04-08,L1,P004,96,94,1,27
2024-04-08,L2,P005,50,48,1,21
2024-04-08,L2,P006,67,65,1,16
2024-04-08,L2,P007,61,59,1,16
2024-04-08,L2,P008,66,63,2,20
2024-04-08,L3,P009,126,123,2,13
2024-04-08,L3,P010,183,177,4,27
2024-04-08,L3,P011,214,212,1,9
2024-04-08,L3,P012,153,148,3,44
2024-04-08,L3,P013,174,170,3,20
2024-04-08,L3,P014,179,174,3,28
2024-04-08,L4,P015,517,498,8,40
2024-04-08,L4,P016,722,706,12,10
2024-04-08,L4,P017,535,525,2,29
2024-04-08,L4,P018,241,237,3,9
2024-04-08,L4,P019,265,258,4,21
2024-04-08,L4,P020,264,254,4,47
2024-04-08,L5,P021,30,30,0,5
2024-04-08,L5,P022,32,31,1,22
2024-04-08,L5,P023,67,65,1,30
2024-04-08,L5,P024,26,26,0,21
2024-04-08,L5,P025,21,21,0,31
2024-04-09,L1,P001,91,87,2,37
2024-04-09,L1,P002,121,120,1,0
2024-04-09,L1,P003,109,106,2,23
2024-04-09,L1,P004,76,74,1,21
2024-04-09,L2,P005,81,79,1,28
2024-04-09,L2,P006,56,55,1,9
2024-04-09,L2,P007,76,74,1,26
2024-04-09,L2,P008,64,63,0,39
2024-04-09,L3,P009,161,157,3,18
2024-04-09,L3,P010,191,189,2,7
2024-04-09,L3,P011,149,146,2,27
2024-04-09,L3,P012,141,138,2,21
2024-04-09,L3,P013,147,144,3,4
2024-04-09,L3,P014,163,161,1,25
2024-04-09,L4,P015,547,536,10,4
2024-04-09,L4,P016,522,510,12,0
2024-04-09,L4,P017,540,528,3,33
2024-04-09,L4,P018,239,232,4,25
2024-04-09,L4,P019,286,280,6,0
2024-04-09,L4,P020,258,256,2,3
2024-04-09,L5,P021,32,31,0,44
2024-04-09,L5,P022,25,25,0,28
2024-04-09,L5,P023,102,99,2,20
2024-04-09,L5,P024,30,29,1,4
2024-04-09,L5,P025,23,22,0,51
2024-04-10,L1,P001,87,84,2,24
2024-04-10,L1,P002,108,105,1,35
2024-04-10,L1,P003,120,117,1,31
2024-04-10,L1,P004,98,95,1,38
2024-04-10,L2,P005,55,53,1,22
2024-04-10,L2,P006,86,83,2,31
2024-04-10,L2,P007,95,94,1,8
2024-04-10,L2,P008,62,61,1,14
2024-04-10,L3,P009,141,136,2,55
2024-04-10,L3,P010,191,185,4,23
2024-04-10,L3,P011,173,171,2,0
2024-04-10,L3,P012,164,162,2,0
2024-04-10,L3,P013,233,226,6,15
2024-04-10,L3,P014,165,162,2,16
2024-04-10,L4,P015,547,539,8,0
2024-04-10,L4,P016,542,524,10,30
2024-04-10,L4,P017,519,502,15,9
2024-04-10,L4,P018,236,232,4,0
2024-04-10,L4,P019,364,354,4,31
2024-04-10,L4,P020,261,256,3,12
2024-04-10,L5,P021,35,34,1,13
2024-04-10,L5,P022,29,27,1,41
2024-04-10,L5,P023,26,26,0,32
2024-04-10,L5,P024,27,26,1,23
2024-04-10,L5,P025,19,19,0,18
2024-04-11,L1,P001,123,120,2,19
2024-04-11,L1,P002,115,112,2,19
2024-04-11,L1,P003,149,146,1,21
2024-04-11,L1,P004,113,111,2,0
2024-04-11,L2,P005,87,85,2,11
2024-04-11,L2,P006,68,66,1,17
2024-04-11,L2,P007,83,81,1,30
2024-04-11,L2,P008,97,96,1,3
2024-04-11,L3,P009,161,158,2,9
2024-04-11,L3,P010,178,175,2,13
2024-04-11,L3,P011,243,241,2,0
2024-04-11,L3,P012,200,197,2,17
2024-04-11,L3,P013,202,197,4,17
2024-04-11,L3,P014,162,159,2,22
2024-04-11,L4,P015,598,573,7,57
2024-04-11,L4,P016,684,669,10,13
2024-04-11,L4,P017,626,613,11,6
2024-04-11,L4,P018,247,239,3,41
2024-04-11,L4,P019,310,302,5,17
2024-04-11,L4,P020,292,289,3,0
2024-04-11,L5,P021,32,32,0,24
2024-04-11,L5,P022,31,31,0,0
2024-04-11,L5,P023,25,24,1,1
2024-04-11,L5,P024,26,26,0,9
2024-04-11,L5,P025,21,21,0,12
2024-04-12,L1,P001,146,142,2,32
2024-04-12,L1,P002,139,136,1,28
2024-04-12,L1,P003,166,161,3,22
2024-04-12,L1,P004,161,157,2,23
2024-04-12,L2,P005,111,109,2,0
2024-04-12,L2,P006,106,100,2,65
2024-04-12,L2,P007,95,92,2,24
2024-04-12,L2,P008,88,84,2,34
2024-04-12,L3,P009,275,271,2,24
2024-04-12,L3,P010,194,189,3,26
2024-04-12,L3,P011,243,236,4,34
2024-04-12,L3,P012,232,227,4,8
2024-04-12,L3,P013,231,228,3,4
2024-04-12,L3,P014,190,188,0,34
2024-04-12,L4,P015,679,663,9,19
2024-04-12,L4,P016,777,745,21,27
2024-04-12,L4,P017,670,647,13,28
2024-04-12,L4,P018,363,355,2,31
2024-04-12,L4,P019,350,338,6,33
2024-04-12,L4,P020,321,311,9,4
2024-04-12,L5,P021,31,31,0,21
2024-04-12,L5,P022,37,36,1,13
2024-04-12,L5,P023,47,45,1,34
2024-04-12,L5,P024,46,45,0,30
2024-04-12,L5,P025,29,29,0,21
2024-04-13,L1,P001,116,114,2,0
2024-04-13,L1,P002,64,64,0,5
2024-04-13,L1,P003,74,72,1,26
2024-04-13,L1,P004,91,89,1,25
2024-04-13,L2,P005,78,77,0,34
2024-04-13,L2,P006,66,64,1,23
2024-04-13,L2,P007,62,61,1,0
2024-04-13,L2,P008,48,48,0,1
2024-04-13,L3,P009,164,160,3,14
2024-04-13,L3,P010,170,167,1,40
2024-04-13,L3,P011,154,150,4,0
2024-04-13,L3,P012,178,175,2,10
2024-04-13,L3,P013,166,161,3,35
2024-04-13,L3,P014,215,212,3,3
2024-04-13,L4,P015,594,579,9,20
2024-04-13,L4,P016,615,599,6,31
2024-04-13,L4,P017,529,520,2,27
2024-04-13,L4,P018,239,235,4,1
2024-04-13,L4,P019,251,241,5,41
2024-04-13,L4,P020,279,274,5,3
2024-04-13,L5,P021,23,22,1,19
2024-04-13,L5,P022,25,24,1,16
2024-04-13,L5,P023,24,24,0,0
2024-04-13,L5,P024,19,19,0,16
2024-04-13,L5,P025,14,14,0,0
2024-04-14,L1,P001,119,115,3,14
2024-04-14,L1,P002,100,98,2,0
2024-04-14,L1,P003,99,98,1,0
2024-04-14,L1,P004,113,110,1,40
2024-04-14,L2,P005,51,50,1,8
2024-04-14,L2,P006,73,70,1,57
2024-04-14,L2,P007,51,49,1,19
2024-04-14,L2,P008,78,77,1,0
2024-04-14,L3,P009,173,168,4,17
2024-04-14,L3,P010,186,179,4,39
2024-04-14,L3,P011,166,164,1,20
2024-04-14,L3,P012,151,148,2,21
2024-04-14,L3,P013,165,161,3,12
2024-04-14,L3,P014,154,149,2,61
2024-04-14,L4,P015,553,543,10,0
2024-04-14,L4,P016,547,533,7,26
2024-04-14,L4,P017,546,539,6,3
2024-04-14,L4,P018,236,228,6,15
2024-04-14,L4,P019,249,243,3,20
2024-04-14,L4,P020,220,215,4,5
2024-04-14,L5,P021,34,34,0,18
2024-04-14,L5,P022,35,33,1,36
2024-04-14,L5,P023,22,22,0,24
2024-04-14,L5,P024,21,21,0,31
2024-04-14,L5,P025,23,22,1,28
2024-04-15,L1,P001,101,98,1,41
2024-04-15,L1,P002,93,90,2,19
2024-04-15,L1,P003,111,106,2,57
2024-04-15,L1,P004,123,121,1,18
2024-04-15,L2,P005,65,63,1,25
2024-04-15,L2,P006,77,74,1,40
2024-04-15,L2,P007,58,56,1,46
2024-04-15,L2,P008,59,57,1,41
2024-04-15,L3,P009,162,158,3,19
2024-04-15,L3,P010,170,167,3,0
2024-04-15,L3,P011,148,147,1,7
2024-04-15,L3,P012,133,129,3,11
2024-04-15,L3,P013,141,140,0,23
2024-04-15,L3,P014,197,194,2,15
2024-04-15,L4,P015,542,526,8,28
2024-04-15,L4,P016,587,574,6,24
2024-04-15,L4,P017,558,553,5,0
2024-04-15,L4,P018,221,215,4,15
2024-04-15,L4,P019,239,232,1,46
2024-04-15,L4,P020,222,216,6,1
2024-04-15,L5,P021,29,28,1,8
2024-04-15,L5,P022,45,44,1,6
2024-04-15,L5,P023,23,23,0,10
2024-04-15,L5,P024,21,21,0,20
2024-04-15,L5,P025,29,29,0,16
2024-04-16,L1,P001,85,82,2,25
2024-04-16,L1,P002,117,115,1,15
2024-04-16,L1,P003,96,92,2,37
2024-04-16,L1,P004,94,93,1,0
2024-04-16,L2,P005,79,77,1,31
2024-04-16,L2,P006,70,69,1,12
2024-04-16,L2,P007,60,59,1,13
2024-04-16,L2,P008,82,79,1,39
2024-04-16,L3,P009,140,139,1,9
2024-04-16,L3,P010,163,159,2,29
2024-04-16,L3,P011,193,188,3,34
2024-04-16,L3,P012,156,152,3,20
2024-04-16,L3,P013,155,154,1,0
2024-04-16,L3,P014,140,135,3,44
2024-04-16,L4,P015,552,541,11,0
2024-04-16,L4,P016,534,526,8,1
2024-04-16,L4,P017,580,570,9,4
2024-04-16,L4,P018,236,229,5,16
2024-04-16,L4,P019,251,244,3,27
2024-04-16,L4,P020,264,258,3,24
2024-04-16,L5,P021,13,13,0,20
2024-04-16,L5,P022,35,34,1,26
2024-04-16,L5,P023,28,28,0,26
2024-04-16,L5,P024,25,24,0,43
2024-04-16,L5,P025,29,29,0,21
2024-04-17,L1,P001,99,98,1,0
2024-04-17,L1,P002,118,112,3,41
2024-04-17,L1,P003,130,127,1,32
2024-04-17,L1,P004,102,99,0,60
2024-04-17,L2,P005,79,76,1,52
2024-04-17,L2,P006,63,60,1,48
2024-04-17,L2,P007,51,49,1,20
2024-04-17,L2,P008,79,77,1,30
2024-04-17,L3,P009,159,156,2,10
2024-04-17,L3,P010,151,147,3,15
2024-04-17,L3,P011,158,153,3,29
2024-04-17,L3,P012,111,109,1,35
2024-04-17,L3,P013,154,152,2,4
2024-04-17,L3,P014,154,152,1,17
2024-04-17,L4,P015,623,615,5,10
2024-04-17,L4,P016,561,550,11,1
2024-04-17,L4,P017,607,592,9,20
2024-04-17,L4,P018,259,250,5,32
2024-04-17,L4,P019,237,234,0,23
2024-04-17,L4,P020,260,252,6,13
2024-04-17,L5,P021,34,34,0,14
2024-04-17,L5,P022,39,37,1,36
2024-04-17,L5,P023,44,43,0,38
2024-04-17,L5,P024,37,35,1,35
2024-04-17,L5,P025,25,25,0,0
2024-04-18,L1,P001,122,119,1,25
2024-04-18,L1,P002,128,127,1,4
2024-04-18,L1,P003,145,139,1,62
2024-04-18,L1,P004,146,141,2,35
2024-04-18,L2,P005,85,84,1,6
2024-04-18,L2,P006,70,69,1,12
2024-04-18,L2,P007,61,60,0,19
2024-04-18,L2,P008,72,71,1,7
2024-04-18,L3,P009,180,177,1,38
2024-04-18,L3,P010,199,192,4,39
2024-04-18,L3,P011,186,184,1,18
2024-04-18,L3,P012,171,168,3,5
2024-04-18,L3,P013,188,184,2,24
2024-04-18,L3,P014,189,188,0,8
2024-04-18,L4,P015,615,599,13,9
2024-04-18,L4,P016,616,601,13,7
2024-04-18,L4,P017,612,589,13,30
2024-04-18,L4,P018,318,308,4,37
2024-04-18,L4,P019,280,276,4,0
2024-04-18,L4,P020,340,332,6,11
2024-04-18,L5,P021,23,22,1,0
2024-04-18,L5,P022,22,22,0,0
2024-04-18,L5,P023,47,45,1,24
2024-04-18,L5,P024,35,35,0,3
2024-04-18,L5,P025,26,26,0,2
2024-04-19,L1,P001,136,133,1,29
2024-04-19,L1,P002,146,142,2,20
2024-04-19,L1,P003,126,124,1,10
2024-04-19,L1,P004,192,189,3,3
2024-04-19,L2,P005,64,63,1,0
2024-04-19,L2,P006,102,100,2,0
2024-04-19,L2,P007,61,59,1,31
2024-04-19,L2,P008,90,88,2,7
2024-04-19,L3,P009,179,172,5,28
2024-04-19,L3,P010,232,224,6,25
2024-04-19,L3,P011,201,196,3,22
2024-04-19,L3,P012,212,207,4,20
2024-04-19,L3,P013,211,207,3,9
2024-04-19,L3,P014,209,202,5,32
2024-04-19,L4,P015,733,720,7,16
2024-04-19,L4,P016,819,803,12,9
2024-04-19,L4,P017,701,699,2,0
2024-04-19,L4,P018,373,361,5,34
2024-04-19,L4,P019,367,359,6,8
2024-04-19,L4,P020,349,342,7,0
2024-04-19,L5,P021,31,31,0,10
2024-04-19,L5,P022,50,48,1,28
2024-04-19,L5,P023,60,58,1,25
2024-04-19,L5,P024,33,33,0,17
2024-04-19,L5,P025,30,29,0,34
2024-04-20,L1,P001,90,87,2,15
2024-04-20,L1,P002,77,75,1,34
2024-04-20,L1,P003,96,94,1,23
2024-04-20,L1,P004,103,99,1,47
2024-04-20,L2,P005,81,80,1,10
2024-04-20,L2,P006,45,44,1,13
2024-04-20,L2,P007,58,57,1,16
2024-04-20,L2,P008,68,67,1,0
2024-04-20,L3,P009,187,180,6,22
2024-04-20,L3,P010,159,154,4,27
2024-04-20,L3,P011,149,146,2,14
2024-04-20,L3,P012,199,195,3,18
2024-04-20,L3,P013,187,183,2,33
2024-04-20,L3,P014,139,136,2,29
2024-04-20,L4,P015,517,506,9,6
2024-04-20,L4,P016,515,503,9,10
2024-04-20,L4,P017,679,672,7,0
2024-04-20,L4,P018,219,215,4,0
2024-04-20,L4,P019,221,212,2,61
2024-04-20,L4,P020,243,238,5,0
2024-04-20,L5,P021,28,27,1,17
2024-04-20,L5,P022,32,31,1,0
2024-04-20,L5,P023,27,27,0,35
2024-04-20,L5,P024,22,22,0,25
2024-04-20,L5,P025,33,32,0,44
2024-04-21,L1,P001,108,107,1,0
2024-04-21,L1,P002,112,109,1,28
2024-04-21,L1,P003,93,89,2,34
2024-04-21,L1,P004,97,95,2,0
2024-04-21,L2,P005,115,111,3,10
2024-04-21,L2,P006,92,89,1,39
2024-04-21,L2,P007,105,103,2,0
2024-04-21,L2,P008,67,65,1,30
2024-04-21,L3,P009,162,159,3,3
2024-04-21,L3,P010,143,140,2,23
2024-04-21,L3,P011,164,161,2,15
2024-04-21,L3,P012,172,169,2,9
2024-04-21,L3,P013,171,166,4,14
2024-04-21,L3,P014,164,158,4,32
2024-04-21,L4,P015,578,558,9,36
2024-04-21,L4,P016,523,506,14,12
2024-04-21,L4,P017,592,564,13,48
2024-04-21,L4,P018,311,298,7,35
2024-04-21,L4,P019,252,246,5,5
2024-04-21,L4,P020,276,272,2,17
2024-04-21,L5,P021,42,42,0,19
2024-04-21,L5,P022,28,28,0,0
2024-04-21,L5,P023,35,34,0,52
2024-04-21,L5,P024,29,28,0,48
2024-04-21,L5,P025,32,32,0,12
2024-04-22,L1,P001,96,95,1,5
2024-04-22,L1,P002,113,111,1,14
2024-04-22,L1,P003,100,96,2,34
2024-04-22,L1,P004,114,112,2,8
2024-04-22,L2,P005,73,70,1,43
2024-04-22,L2,P006,73,72,1,7
2024-04-22,L2,P007,67,66,1,8
2024-04-22,L2,P008,65,64,0,39
2024-04-22,L3,P009,148,144,1,55
2024-04-22,L3,P010,145,143,1,10
2024-04-22,L3,P011,183,181,2,6
2024-04-22,L3,P012,163,160,1,30
2024-04-22,L3,P013,162,160,1,14
2024-04-22,L3,P014,199,195,2,24
2024-04-22,L4,P015,551,538,8,17
2024-04-22,L4,P016,554,537,5,40
2024-04-22,L4,P017,509,502,0,26
2024-04-22,L4,P018,306,296,6,26
2024-04-22,L4,P019,221,217,2,14
2024-04-22,L4,P020,310,304,6,0
2024-04-22,L5,P021,47,46,1,7
2024-04-22,L5,P022,31,31,0,16
2024-04-22,L5,P023,33,33,0,26
2024-04-22,L5,P024,7,7,0,0
2024-04-22,L5,P025,24,24,0,5
2024-04-23,L1,P001,94,91,2,16
2024-04-23,L1,P002,121,118,1,33
2024-04-23,L1,P003,100,95,3,35
2024-04-23,L1,P004,103,101,2,0
2024-04-23,L2,P005,74,73,1,0
2024-04-23,L2,P006,67,66,1,9
2024-04-23,L2,P007,67,64,2,17
2024-04-23,L2,P008,43,43,0,10
2024-04-23,L3,P009,165,160,2,44
2024-04-23,L3,P010,162,158,3,24
2024-04-23,L3,P011,168,168,0,0
2024-04-23,L3,P012,171,168,1,42
2024-04-23,L3,P013,168,162,3,46
2024-04-23,L3,P014,150,147,2,14
2024-04-23,L4,P015,490,479,8,11
2024-04-23,L4,P016,528,507,13,28
2024-04-23,L4,P017,628,615,6,21
2024-04-23,L4,P018,223,222,1,1
2024-04-23,L4,P019,247,239,4,29
2024-04-23,L4,P020,267,264,3,0
2024-04-23,L5,P021,22,22,0,17
2024-04-23,L5,P022,31,30,0,45
2024-04-23,L5,P023,27,27,0,33
2024-04-23,L5,P024,33,32,1,23
2024-04-23,L5,P025,42,41,1,11
2024-04-24,L1,P001,108,106,1,13
2024-04-24,L1,P002,134,131,3,0
2024-04-24,L1,P003,117,116,1,0
2024-04-24,L1,P004,77,75,1,30
2024-04-24,L2,P005,77,75,1,13
2024-04-24,L2,P006,74,71,2,18
2024-04-24,L2,P007,80,79,0,30
2024-04-24,L2,P008,68,67,1,0
2024-04-24,L3,P009,137,135,2,0
2024-04-24,L3,P010,182,178,3,16
2024-04-24,L3,P011,183,177,4,30
2024-04-24,L3,P012,168,166,1,17
2024-04-24,L3,P013,171,169,2,0
2024-04-24,L3,P014,132,128,2,40
2024-04-24,L4,P015,483,475,7,4
2024-04-24,L4,P016,614,596,9,27
2024-04-24,L4,P017,546,540,1,19
2024-04-24,L4,P018,227,220,5,15
2024-04-24,L4,P019,285,277,1,45
2024-04-24,L4,P020,223,221,2,0
2024-04-24,L5,P021,32,30,1,40
2024-04-24,L5,P022,24,24,0,7
2024-04-24,L5,P023,21,21,0,12
2024-04-24,L5,P024,25,25,0,0
2024-04-24,L5,P025,26,26,0,19
2024-04-25,L1,P001,113,109,2,30
2024-04-25,L1,P002,93,92,1,2
2024-04-25,L1,P003,105,102,2,16
2024-04-25,L1,P004,113,108,2,45
2024-04-25,L2,P005,100,99,1,0
2024-04-25,L2,P006,74,72,1,14
2024-04-25,L2,P007,103,100,2,23
2024-04-25,L2,P008,102,101,1,0
2024-04-25,L3,P009,169,166,2,9
2024-04-25,L3,P010,205,201,4,5
2024-04-25,L3,P011,143,142,1,3
2024-04-25,L3,P012,158,154,3,26
2024-04-25,L3,P013,231,227,3,18
2024-04-25,L3,P014,198,195,1,27
2024-04-25,L4,P015,661,637,12,35
2024-04-25,L4,P016,639,622,5,35
2024-04-25,L4,P017,636,618,3,46
2024-04-25,L4,P018,287,283,2,14
2024-04-25,L4,P019,293,282,6,35
2024-04-25,L4,P020,344,336,8,1
2024-04-25,L5,P021,37,35,1,29
2024-04-25,L5,P022,33,32,1,2
2024-04-25,L5,P023,28,28,0,29
2024-04-25,L5,P024,25,24,0,54
2024-04-25,L5,P025,37,37,0,24
2024-04-26,L1,P001,144,138,3,37
2024-04-26,L1,P002,133,131,2,0
2024-04-26,L1,P003,95,92,2,15
2024-04-26,L1,P004,165,161,1,33
2024-04-26,L2,P005,99,96,2,26
2024-04-26,L2,P006,93,91,1,13
2024-04-26,L2,P007,128,123,1,53
2024-04-26,L2,P008,104,100,2,31
2024-04-26,L3,P009,253,247,3,33
2024-04-26,L3,P010,211,206,4,16
2024-04-26,L3,P011,250,248,2,0
2024-04-26,L3,P012,233,228,3,21
2024-04-26,L3,P013,229,225,3,7
2024-04-26,L3,P014,211,208,1,25
2024-04-26,L4,P015,741,722,9,27
2024-04-26,L4,P016,816,781,13,52
2024-04-26,L4,P017,792,770,15,18
2024-04-26,L4,P018,371,360,5,29
2024-04-26,L4,P019,313,305,6,10
2024-04-26,L4,P020,345,334,7,20
2024-04-26,L5,P021,27,27,0,19
2024-04-26,L5,P022,42,41,1,18
2024-04-26,L5,P023,38,38,0,1
2024-04-26,L5,P024,38,37,1,24
2024-04-26,L5,P025,40,39,1,6
2024-04-27,L1,P001,102,99,1,40
2024-04-27,L1,P002,87,84,2,14
2024-04-27,L1,P003,76,74,1,30
2024-04-27,L1,P004,100,99,1,6
2024-04-27,L2,P005,88,85,2,19
2024-04-27,L2,P006,55,53,1,29
2024-04-27,L2,P007,69,68,0,32
2024-04-27,L2,P008,63,61,1,42
2024-04-27,L3,P009,146,143,2,14
2024-04-27,L3,P010,122,121,1,2
2024-04-27,L3,P011,131,130,0,21
2024-04-27,L3,P012,146,140,3,52
2024-04-27,L3,P013,148,143,2,57
2024-04-27,L3,P014,136,132,2,38
2024-04-27,L4,P015,504,492,7,19
2024-04-27,L4,P016,525,513,11,5
2024-04-27,L4,P017,504,486,10,29
2024-04-27,L4,P018,271,264,4,22
2024-04-27,L4,P019,238,230,6,13
2024-04-27,L4,P020,245,241,2,12
2024-04-27,L5,P021,33,32,0,31
2024-04-27,L5,P022,35,34,1,14
2024-04-27,L5,P023,28,27,1,14
2024-04-27,L5,P024,24,24,0,3
2024-04-27,L5,P025,13,13,0,22
2024-04-28,L1,P001,86,85,1,0
2024-04-28,L1,P002,106,103,1,28
2024-04-28,L1,P003,88,86,1,18
2024-04-28,L1,P004,90,89,1,0
2024-04-28,L2,P005,76,74,1,19
2024-04-28,L2,P006,76,74,1,25
2024-04-28,L2,P007,67,66,1,0
2024-04-28,L2,P008,77,75,1,21
2024-04-28,L3,P009,163,160,2,19
2024-04-28,L3,P010,188,185,3,6
2024-04-28,L3,P011,178,174,2,35
2024-04-28,L3,P012,167,163,3,18
2024-04-28,L3,P013,145,143,1,28
2024-04-28,L3,P014,173,169,2,36
2024-04-28,L4,P015,516,508,6,6
2024-04-28,L4,P016,553,534,11,28
2024-04-28,L4,P017,556,530,12,50
2024-04-28,L4,P018,263,257,3,24
2024-04-28,L4,P019,247,241,5,8
2024-04-28,L4,P020,203,199,3,12
2024-04-28,L5,P021,15,15,0,9
2024-04-28,L5,P022,25,25,0,16
2024-04-28,L5,P023,30,30,0,16
2024-04-28,L5,P024,29,27,1,35
2024-04-28,L5,P025,19,19,0,0
2024-04-29,L1,P001,97,95,2,0
2024-04-29,L1,P002,103,100,1,30
2024-04-29,L1,P003,94,92,1,22
2024-04-29,L1,P004,111,109,2,0
2024-04-29,L2,P005,70,68,1,33
2024-04-29,L2,P006,70,68,1,28
2024-04-29,L2,P007,90,87,1,43
2024-04-29,L2,P008,79,78,1,0
2024-04-29,L3,P009,165,162,1,38
2024-04-29,L3,P010,186,180,4,29
2024-04-29,L3,P011,106,105,1,0
2024-04-29,L3,P012,171,168,3,8
2024-04-29,L3,P013,167,162,4,21
2024-04-29,L3,P014,171,167,3,9
2024-04-29,L4,P015,602,585,7,32
2024-04-29,L4,P016,554,534,9,39
2024-04-29,L4,P017,585,572,11,8
2024-04-29,L4,P018,271,267,4,0
2024-04-29,L4,P019,243,238,5,0
2024-04-29,L4,P020,237,233,2,16
2024-04-29,L5,P021,43,42,1,8
2024-04-29,L5,P022,24,23,1,0
2024-04-29,L5,P023,9,9,0,8
2024-04-29,L5,P024,27,25,1,36
2024-04-29,L5,P025,33,33,0,10
2024-04-30,L1,P001,125,121,2,27
2024-04-30,L1,P002,100,99,1,3
2024-04-30,L1,P003,106,105,1,0
2024-04-30,L1,P004,104,102,1,26
2024-04-30,L2,P005,70,68,2,9
2024-04-30,L2,P006,74,72,1,28
2024-04-30,L2,P007,78,76,1,18
2024-04-30,L2,P008,61,59,1,39
2024-04-30,L3,P009,159,155,3,16
2024-04-30,L3,P010,166,162,2,31
2024-04-30,L3,P011,165,161,2,40
2024-04-30,L3,P012,149,144,4,11
2024-04-30,L3,P013,201,196,1,59
2024-04-30,L3,P014,150,146,2,41
2024-04-30,L4,P015,551,531,11,31
2024-04-30,L4,P016,554,531,17,21
2024-04-30,L4,P017,510,497,8,19
2024-04-30,L4,P018,256,245,7,27
2024-04-30,L4,P019,263,255,4,29
2024-04-30,L4,P020,232,228,4,0
2024-04-30,L5,P021,15,15,0,35
2024-04-30,L5,P022,42,41,0,31
2024-04-30,L5,P023,28,28,0,27
2024-04-30,L5,P024,31,31,0,8
2024-04-30,L5,P025,22,22,0,23
2024-05-01,L1,P001,86,84,1,26
2024-05-01,L1,P002,118,116,1,23
2024-05-01,L1,P003,87,84,2,28
2024-05-01,L1,P004,85,83,1,19
2024-05-01,L2,P005,49,48,1,18
2024-05-01,L2,P006,88,86,0,45
2024-05-01,L2,P007,69,68,1,9
2024-05-01,L2,P008,86,84,1,18
2024-05-01,L3,P009,153,150,3,9
2024-05-01,L3,P010,155,153,2,5
2024-05-01,L3,P011,181,176,3,30
2024-05-01,L3,P012,150,145,2,50
2024-05-01,L3,P013,161,157,2,36
2024-05-01,L3,P014,132,129,2,32
2024-05-01,L4,P015,560,548,4,28
2024-05-01,L4,P016,568,557,9,6
2024-05-01,L4,P017,488,472,8,32
2024-05-01,L4,P018,262,253,3,41
2024-05-01,L4,P019,245,240,4,9
2024-05-01,L4,P020,243,236,3,34
2024-05-01,L5,P021,25,25,0,15
2024-05-01,L5,P022,9,9,0,21
2024-05-01,L5,P023,35,35,0,21
2024-05-01,L5,P024,23,23,0,30
2024-05-01,L5,P025,29,29,0,25
2024-05-02,L1,P001,85,84,1,1
2024-05-02,L1,P002,102,100,1,27
2024-05-02,L1,P003,100,99,1,0
2024-05-02,L1,P004,112,109,2,10
2024-05-02,L2,P005,88,85,1,48
2024-05-02,L2,P006,72,70,1,24
2024-05-02,L2,P007,80,78,2,0
2024-05-02,L2,P008,83,81,1,14
2024-05-02,L3,P009,233,231,2,0
2024-05-02,L3,P010,182,178,3,21
2024-05-02,L3,P011,171,169,2,5
2024-05-02,L3,P012,188,184,3,20
2024-05-02,L3,P013,169,165,2,33
2024-05-02,L3,P014,273,268,3,24
2024-05-02,L4,P015,653,640,10,10
2024-05-02,L4,P016,645,635,10,0
2024-05-02,L4,P017,632,610,13,26
2024-05-02,L4,P018,303,293,7,22
2024-05-02,L4,P019,296,289,6,5
2024-05-02,L4,P020,312,301,5,36
2024-05-02,L5,P021,39,39,0,6
2024-05-02,L5,P022,19,19,0,0
2024-05-02,L5,P023,39,37,1,41
2024-05-02,L5,P024,28,28,0,25
2024-05-02,L5,P025,27,26,1,24
2024-05-03,L1,P001,108,106,2,0
2024-05-03,L1,P002,122,118,1,43
2024-05-03,L1,P003,123,120,2,23
2024-05-03,L1,P004,150,146,2,25
2024-05-03,L2,P005,112,108,2,33
2024-05-03,L2,P006,94,92,1,24
2024-05-03,L2,P007,95,94,1,8
2024-05-03,L2,P008,92,91,1,5
2024-05-03,L3,P009,204,199,5,0
2024-05-03,L3,P010,240,232,5,37
2024-05-03,L3,P011,221,220,0,11
2024-05-03,L3,P012,210,208,2,1
2024-05-03,L3,P013,241,238,3,0
2024-05-03,L3,P014,205,201,3,17
2024-05-03,L4,P015,750,731,9,25
2024-05-03,L4,P016,706,686,12,23
2024-05-03,L4,P017,687,662,8,47
2024-05-03,L4,P018,326,315,7,25
2024-05-03,L4,P019,323,317,4,9
2024-05-03,L4,P020,293,280,4,59
2024-05-03,L5,P021,60,60,0,15
2024-05-03,L5,P022,27,26,0,37
2024-05-03,L5,P023,24,24,0,8
2024-05-03,L5,P024,27,27,0,21
2024-05-03,L5,P025,42,42,0,15
2024-05-04,L1,P001,99,97,1,24
2024-05-04,L1,P002,116,113,2,23
2024-05-04,L1,P003,82,81,1,0
2024-05-04,L1,P004,115,110,3,39
2024-05-04,L2,P005,80,79,1,0
2024-05-04,L2,P006,68,66,2,4
2024-05-04,L2,P007,57,56,0,35
2024-05-04,L2,P008,113,108,2,45
2024-05-04,L3,P009,139,137,2,7
2024-05-04,L3,P010,165,161,2,36
2024-05-04,L3,P011,172,168,0,59
2024-05-04,L3,P012,186,180,4,27
2024-05-04,L3,P013,157,155,2,0
2024-05-04,L3,P014,214,213,0,14
2024-05-04,L4,P015,502,493,9,0
2024-05-04,L4,P016,520,505,12,11
2024-05-04,L4,P017,529,514,13,6
2024-05-04,L4,P018,291,279,9,22
2024-05-04,L4,P019,258,253,3,18
2024-05-04,L4,P020,193,186,4,29
2024-05-04,L5,P021,24,23,1,30
2024-05-04,L5,P022,28,27,1,13
2024-05-04,L5,P023,29,28,0,50
2024-05-04,L5,P024,19,19,0,20
2024-05-04,L5,P025,11,11,0,34
2024-05-05,L1,P001,104,100,2,29
2024-05-05,L1,P002,98,97,1,5
2024-05-05,L1,P003,96,94,1,21
2024-05-05,L1,P004,91,89,1,28
2024-05-05,L2,P005,82,80,1,18
2024-05-05,L2,P006,78,75,1,53
2024-05-05,L2,P007,43,41,1,28
2024-05-05,L2,P008,46,44,1,27
2024-05-05,L3,P009,172,169,2,14
2024-05-05,L3,P010,155,153,2,5
2024-05-05,L3,P011,176,173,2,22
2024-05-05,L3,P012,164,160,2,40
2024-05-05,L3,P013,133,131,1,11
2024-05-05,L3,P014,217,212,3,27
2024-05-05,L4,P015,537,522,6,32
2024-05-05,L4,P016,537,526,10,3
2024-05-05,L4,P017,537,521,10,23
2024-05-05,L4,P018,279,271,8,0
2024-05-05,L4,P019,293,283,3,43
2024-05-05,L4,P020,289,283,4,14
2024-05-05,L5,P021,33,33,0,24
2024-05-05,L5,P022,24,24,0,22
2024-05-05,L5,P023,30,29,1,32
2024-05-05,L5,P024,35,34,0,28
2024-05-05,L5,P025,28,27,1,22
2024-05-06,L1,P001,102,99,2,16
2024-05-06,L1,P002,85,83,1,17
2024-05-06,L1,P003,95,92,2,29
2024-05-06,L1,P004,87,83,2,47
2024-05-06,L2,P005,70,66,2,61
2024-05-06,L2,P006,70,68,1,26
2024-05-06,L2,P007,63,62,1,15
2024-05-06,L2,P008,57,55,1,44
2024-05-06,L3,P009,139,136,3,8
2024-05-06,L3,P010,204,201,1,32
2024-05-06,L3,P011,135,133,1,20
2024-05-06,L3,P012,141,138,2,26
2024-05-06,L3,P013,167,163,2,32
2024-05-06,L3,P014,172,166,4,36
2024-05-06,L4,P015,565,555,3,24
2024-05-06,L4,P016,529,524,5,0
2024-05-06,L4,P017,773,763,6,11
2024-05-06,L4,P018,274,263,4,50
2024-05-06,L4,P019,244,241,3,2
2024-05-06,L4,P020,265,258,4,23
2024-05-06,L5,P021,28,28,0,0
2024-05-06,L5,P022,27,27,0,3
2024-05-06,L5,P023,26,26,0,4
2024-05-06,L5,P024,35,34,1,4
2024-05-06,L5,P025,26,25,1,20
2024-05-07,L1,P001,121,116,2,44
2024-05-07,L1,P002,103,98,3,39
2024-05-07,L1,P003,114,112,2,0
2024-05-07,L1,P004,132,129,2,11
2024-05-07,L2,P005,73,71,1,23
2024-05-07,L2,P006,96,93,2,20
2024-05-07,L2,P007,88,88,0,9
2024-05-07,L2,P008,79,77,1,25
2024-05-07,L3,P009,182,180,1,9
2024-05-07,L3,P010,135,133,2,10
2024-05-07,L3,P011,182,177,3,24
2024-05-07,L3,P012,202,199,3,5
2024-05-07,L3,P013,184,180,3,8
2024-05-07,L3,P014,167,164,2,10
2024-05-07,L4,P015,573,562,10,5
2024-05-07,L4,P016,493,475,5,51
2024-05-07,L4,P017,574,567,7,0
2024-05-07,L4,P018,249,244,2,20
2024-05-07,L4,P019,342,334,6,14
2024-05-07,L4,P020,251,247,3,11
2024-05-07,L5,P021,40,38,1,43
2024-05-07,L5,P022,26,26,0,0
2024-05-07,L5,P023,27,26,1,10
2024-05-07,L5,P024,20,20,0,4
2024-05-07,L5,P025,22,21,0,52
2024-05-08,L1,P001,64,62,1,25
2024-05-08,L1,P002,101,98,1,33
2024-05-08,L1,P003,90,89,0,18
2024-05-08,L1,P004,103,100,2,27
2024-05-08,L2,P005,85,84,1,0
2024-05-08,L2,P006,69,68,0,26
2024-05-08,L2,P007,88,85,2,24
2024-05-08,L2,P008,79,76,1,45
2024-05-08,L3,P009,159,155,3,26
2024-05-08,L3,P010,152,145,5,46
2024-05-08,L3,P011,194,192,1,8
2024-05-08,L3,P012,170,168,2,0
2024-05-08,L3,P013,125,122,1,39
2024-05-08,L3,P014,187,184,2,23
2024-05-08,L4,P015,579,567,8,14
2024-05-08,L4,P016,501,490,5,23
2024-05-08,L4,P017,490,475,7,33
2024-05-08,L4,P018,240,233,2,41
2024-05-08,L4,P019,260,256,4,1
2024-05-08,L4,P020,268,259,5,29
2024-05-08,L5,P021,25,24,1,37
2024-05-08,L5,P022,29,29,0,10
2024-05-08,L5,P023,32,32,0,14
2024-05-08,L5,P024,31,30,0,32
2024-05-08,L5,P025,24,24,0,6
2024-05-09,L1,P001,126,124,1,9
2024-05-09,L1,P002,106,104,2,0
2024-05-09,L1,P003,114,110,2,28
2024-05-09,L1,P004,120,117,2,16
2024-05-09,L2,P005,93,91,2,0
2024-05-09,L2,P006,75,73,1,14
2024-05-09,L2,P007,94,91,2,26
2024-05-09,L2,P008,103,101,2,0
2024-05-09,L3,P009,190,184,3,45
2024-05-09,L3,P010,176,172,2,38
2024-05-09,L3,P011,211,205,5,15
2024-05-09,L3,P012,187,181,5,10
2024-05-09,L3,P013,202,197,4,20
2024-05-09,L3,P014,201,196,3,23
2024-05-09,L4,P015,596,579,10,21
2024-05-09,L4,P016,615,595,9,33
2024-05-09,L4,P017,611,591,14,19
2024-05-09,L4,P018,252,247,4,8
2024-05-09,L4,P019,294,284,4,40
2024-05-09,L4,P020,285,278,6,10
2024-05-09,L5,P021,42,40,1,33
2024-05-09,L5,P022,26,26,0,20
2024-05-09,L5,P023,17,17,0,28
2024-05-09,L5,P024,22,22,0,13
2024-05-09,L5,P025,41,41,0,17
2024-05-10,L1,P001,167,165,2,2
2024-05-10,L1,P002,154,151,1,22
2024-05-10,L1,P003,131,128,2,21
2024-05-10,L1,P004,128,126,1,19
2024-05-10,L2,P005,117,113,3,9
2024-05-10,L2,P006,131,129,2,6
2024-05-10,L2,P007,88,85,1,36
2024-05-10,L2,P008,64,63,1,10
2024-05-10,L3,P009,227,222,3,31
2024-05-10,L3,P010,223,216,5,21
2024-05-10,L3,P011,194,192,1,20
2024-05-10,L3,P012,253,246,5,25
2024-05-10,L3,P013,193,189,2,25
2024-05-10,L3,P014,178,175,2,20
2024-05-10,L4,P015,741,724,12,14
2024-05-10,L4,P016,724,709,6,23
2024-05-10,L4,P017,687,669,10,21
2024-05-10,L4,P018,335,326,8,4
2024-05-10,L4,P019,359,348,7,21
2024-05-10,L4,P020,314,304,7,20
2024-05-10,L5,P021,41,39,1,29
2024-05-10,L5,P022,39,38,1,19
2024-05-10,L5,P023,40,39,1,5
2024-05-10,L5,P024,34,33,1,3
2024-05-10,L5,P025,43,41,1,34
2024-05-11,L1,P001,82,79,2,23
2024-05-11,L1,P002,98,97,1,0
2024-05-11,L1,P003,110,108,1,22
2024-05-11,L1,P004,101,99,2,9
2024-05-11,L2,P005,60,58,1,27
2024-05-11,L2,P006,68,66,1,28
2024-05-11,L2,P007,58,56,1,31
2024-05-11,L2,P008,103,99,2,40
2024-05-11,L3,P009,149,147,2,6
2024-05-11,L3,P010,175,171,2,35
2024-05-11,L3,P011,136,133,2,20
2024-05-11,L3,P012,161,157,3,9
2024-05-11,L3,P013,152,148,3,20
2024-05-11,L3,P014,149,146,2,12
2024-05-11,L4,P015,490,483,4,11
2024-05-11,L4,P016,565,551,10,13
2024-05-11,L4,P017,529,515,3,41
2024-05-11,L4,P018,246,243,3,0
2024-05-11,L4,P019,261,254,4,19
2024-05-11,L4,P020,212,209,3,3
2024-05-11,L5,P021,21,21,0,0
2024-05-11,L5,P022,24,24,0,37
2024-05-11,L5,P023,26,26,0,11
2024-05-11,L5,P024,29,28,0,40
2024-05-11,L5,P025,35,34,1,6
2024-05-12,L1,P001,98,94,2,35
2024-05-12,L1,P002,119,117,2,5
2024-05-12,L1,P003,101,98,1,30
2024-05-12,L1,P004,129,125,3,14
2024-05-12,L2,P005,63,62,1,9
2024-05-12,L2,P006,75,73,1,19
2024-05-12,L2,P007,91,87,2,42
2024-05-12,L2,P008,56,54,1,29
2024-05-12,L3,P009,181,177,3,11
2024-05-12,L3,P010,179,174,3,38
2024-05-12,L3,P011,165,162,2,17
2024-05-12,L3,P012,162,161,1,0
2024-05-12,L3,P013,155,151,3,16
2024-05-12,L3,P014,166,161,3,34
2024-05-12,L4,P015,730,722,3,12
2024-05-12,L4,P016,526,515,6,19
2024-05-12,L4,P017,504,497,7,0
2024-05-12,L4,P018,226,218,3,41
2024-05-12,L4,P019,223,216,5,17
2024-05-12,L4,P020,255,249,2,28
2024-05-12,L5,P021,31,30,1,4
2024-05-12,L5,P022,30,29,1,0
2024-05-12,L5,P023,31,31,0,16
2024-05-12,L5,P024,22,22,0,36
2024-05-12,L5,P025,23,23,0,29
2024-05-13,L1,P001,93,91,2,9
2024-05-13,L1,P002,101,97,3,12
2024-05-13,L1,P003,119,118,0,10
2024-05-13,L1,P004,108,107,1,0
2024-05-13,L2,P005,67,66,0,19
2024-05-13,L2,P006,58,56,1,26
2024-05-13,L2,P007,58,56,2,11
2024-05-13,L2,P008,76,74,1,21
2024-05-13,L3,P009,175,170,5,0
2024-05-13,L3,P010,166,162,3,13
2024-05-13,L3,P011,174,171,2,17
2024-05-13,L3,P012,134,132,1,27
2024-05-13,L3,P013,184,178,3,41
2024-05-13,L3,P014,156,151,4,23
2024-05-13,L4,P015,536,527,8,2
2024-05-13,L4,P016,496,478,9,35
2024-05-13,L4,P017,579,566,4,30
2024-05-13,L4,P018,245,241,4,0
2024-05-13,L4,P019,262,256,3,20
2024-05-13,L4,P020,256,249,3,32
2024-05-13,L5,P021,25,25,0,21
2024-05-13,L5,P022,32,30,1,42
2024-05-13,L5,P023,24,24,0,29
2024-05-13,L5,P024,32,31,0,35
2024-05-13,L5,P025,22,22,0,3
2024-05-14,L1,P001,91,89,1,24
2024-05-14,L1,P002,103,99,2,40
2024-05-14,L1,P003,87,85,1,28
2024-05-14,L1,P004,119,114,2,48
2024-05-14,L2,P005,60,57,2,24
2024-05-14,L2,P006,82,80,1,13
2024-05-14,L2,P007,72,72,0,8
2024-05-14,L2,P008,70,68,1,15
2024-05-14,L3,P009,173,170,3,0
2024-05-14,L3,P010,139,137,2,4
2024-05-14,L3,P011,180,177,3,0
2024-05-14,L3,P012,121,119,2,0
2024-05-14,L3,P013,182,180,1,18
2024-05-14,L3,P014,185,181,3,11
2024-05-14,L4,P015,544,535,3,20
2024-05-14,L4,P016,503,492,5,21
2024-05-14,L4,P017,490,480,9,2
2024-05-14,L4,P018,245,242,0,24
2024-05-14,L4,P019,260,249,5,46
2024-05-14,L4,P020,321,314,3,21
2024-05-14,L5,P021,24,24,0,18
2024-05-14,L5,P022,24,23,1,34
2024-05-14,L5,P023,24,22,1,41
2024-05-14,L5,P024,17,17,0,25
2024-05-14,L5,P025,10,10,0,8
2024-05-15,L1,P001,134,132,2,0
2024-05-15,L1,P002,96,94,1,11
2024-05-15,L1,P003,103,101,2,2
2024-05-15,L1,P004,140,136,2,28
2024-05-15,L2,P005,56,55,0,40
2024-05-15,L2,P006,94,90,2,37
2024-05-15,L2,P007,92,90,1,21
2024-05-15,L2,P008,81,80,1,0
2024-05-15,L3,P009,136,134,1,25
2024-05-15,L3,P010,181,177,3,20
2024-05-15,L3,P011,149,145,4,8
2024-05-15,L3,P012,186,185,1,0
2024-05-15,L3,P013,138,134,2,34
2024-05-15,L3,P014,172,167,5,7
2024-05-15,L4,P015,575,565,9,3
2024-05-15,L4,P016,542,533,7,6
2024-05-15,L4,P017,541,529,6,23
2024-05-15,L4,P018,272,266,4,17
2024-05-15,L4,P019,290,282,3,30
2024-05-15,L4,P020,272,262,7,19
2024-05-15,L5,P021,25,24,0,54
2024-05-15,L5,P022,30,30,0,9
2024-05-15,L5,P023,25,25,0,23
2024-05-15,L5,P024,15,15,0,7
2024-05-15,L5,P025,15,14,0,68
2024-05-16,L1,P001,141,137,2,34
2024-05-16,L1,P002,119,117,2,6
2024-05-16,L1,P003,111,108,1,42
2024-05-16,L1,P004,103,101,1,14
2024-05-16,L2,P005,87,84,2,16
2024-05-16,L2,P006,87,85,1,20
2024-05-16,L2,P007,83,82,1,8
2024-05-16,L2,P008,79,78,1,11
2024-05-16,L3,P009,182,175,5,35
2024-05-16,L3,P010,166,163,1,27
2024-05-16,L3,P011,187,184,1,36
2024-05-16,L3,P012,194,189,4,10
2024-05-16,L3,P013,149,146,2,16
2024-05-16,L3,P014,150,148,2,0
2024-05-16,L4,P015,809,795,9,13
2024-05-16,L4,P016,657,647,5,14
2024-05-16,L4,P017,598,592,6,0
2024-05-16,L4,P018,309,304,1,26
2024-05-16,L4,P019,295,286,5,29
2024-05-16,L4,P020,311,301,4,37
2024-05-16,L5,P021,32,31,1,19
2024-05-16,L5,P022,37,37,0,7
2024-05-16,L5,P023,23,23,0,19
2024-05-16,L5,P024,50,49,0,22
2024-05-16,L5,P025,32,31,1,12
2024-05-17,L1,P001,171,167,2,21
2024-05-17,L1,P002,152,151,1,0
2024-05-17,L1,P003,119,115,4,2
2024-05-17,L1,P004,129,127,1,15
2024-05-17,L2,P005,101,100,0,26
2024-05-17,L2,P006,109,106,2,24
2024-05-17,L2,P007,92,89,1,34
2024-05-17,L2,P008,110,104,3,47
2024-05-17,L3,P009,219,216,3,0
2024-05-17,L3,P010,212,209,2,11
2024-05-17,L3,P011,203,200,2,10
2024-05-17,L3,P012,217,211,3,38
2024-05-17,L3,P013,188,183,4,22
2024-05-17,L3,P014,212,208,3,14
2024-05-17,L4,P015,811,796,13,5
2024-05-17,L4,P016,775,740,14,52
2024-05-17,L4,P017,717,704,9,11
2024-05-17,L4,P018,322,313,6,16
2024-05-17,L4,P019,322,315,5,9
2024-05-17,L4,P020,300,291,6,20
2024-05-17,L5,P021,34,33,1,13
2024-05-17,L5,P022,32,32,0,27
2024-05-17,L5,P023,32,32,0,3
2024-05-17,L5,P024,40,40,0,10
2024-05-17,L5,P025,45,43,1,33
2024-05-18,L1,P001,94,91,2,17
2024-05-18,L1,P002,93,90,2,19
2024-05-18,L1,P003,98,96,1,19
2024-05-18,L1,P004,83,80,1,36
2024-05-18,L2,P005,70,69,0,35
2024-05-18,L2,P006,66,63,2,29
2024-05-18,L2,P007,81,80,1,5
2024-05-18,L2,P008,58,57,1,11
2024-05-18,L3,P009,187,185,2,2
2024-05-18,L3,P010,154,152,1,23
2024-05-18,L3,P011,137,134,3,9
2024-05-18,L3,P012,153,151,2,0
2024-05-18,L3,P013,163,157,3,48
2024-05-18,L3,P014,156,153,3,0
2024-05-18,L4,P015,558,539,11,26
2024-05-18,L4,P016,514,501,7,23
2024-05-18,L4,P017,679,660,14,15
2024-05-18,L4,P018,234,230,4,0
2024-05-18,L4,P019,274,271,3,0
2024-05-18,L4,P020,267,258,6,21
2024-05-18,L5,P021,17,17,0,0
2024-05-18,L5,P022,33,32,1,22
2024-05-18,L5,P023,26,25,1,15
2024-05-18,L5,P024,25,25,0,11
2024-05-18,L5,P025,20,20,0,14
2024-05-19,L1,P001,132,128,2,33
2024-05-19,L1,P002,112,109,2,17
2024-05-19,L1,P003,129,127,1,21
2024-05-19,L1,P004,108,107,1,4
2024-05-19,L2,P005,76,75,0,27
2024-05-19,L2,P006,86,84,1,18
2024-05-19,L2,P007,73,70,2,18
2024-05-19,L2,P008,70,68,2,3
2024-05-19,L3,P009,137,134,2,29
2024-05-19,L3,P010,149,145,2,37
2024-05-19,L3,P011,171,168,2,11
2024-05-19,L3,P012,169,167,2,0
2024-05-19,L3,P013,121,119,1,12
2024-05-19,L3,P014,149,147,2,0
2024-05-19,L4,P015,490,481,6,11
2024-05-19,L4,P016,612,600,6,18
2024-05-19,L4,P017,545,533,8,14
2024-05-19,L4,P018,243,234,6,25
2024-05-19,L4,P019,284,274,6,30
2024-05-19,L4,P020,250,242,3,40
2024-05-19,L5,P021,37,37,0,3
2024-05-19,L5,P022,33,32,1,28
2024-05-19,L5,P023,28,27,0,40
2024-05-19,L5,P024,23,23,0,0
2024-05-19,L5,P025,16,16,0,20
2024-05-20,L1,P001,104,102,1,23
2024-05-20,L1,P002,92,90,1,30
2024-05-20,L1,P003,92,90,1,27
2024-05-20,L1,P004,121,119,2,0
2024-05-20,L2,P005,53,52,1,0
2024-05-20,L2,P006,43,42,1,7
2024-05-20,L2,P007,74,74,0,0
2024-05-20,L2,P008,74,72,1,16
2024-05-20,L3,P009,152,150,2,0
2024-05-20,L3,P010,149,149,0,3
2024-05-20,L3,P011,163,161,2,7
2024-05-20,L3,P012,175,172,2,24
2024-05-20,L3,P013,152,149,3,7
2024-05-20,L3,P014,176,172,1,46
2024-05-20,L4,P015,555,538,9,29
2024-05-20,L4,P016,528,513,6,33
2024-05-20,L4,P017,508,495,6,27
2024-05-20,L4,P018,231,226,3,18
2024-05-20,L4,P019,280,274,3,20
2024-05-20,L4,P020,241,236,5,0
2024-05-20,L5,P021,17,17,0,39
2024-05-20,L5,P022,30,29,1,0
2024-05-20,L5,P023,15,15,0,0
2024-05-20,L5,P024,30,29,1,0
2024-05-20,L5,P025,33,33,0,24
2024-05-21,L1,P001,130,124,3,40
2024-05-21,L1,P002,115,112,2,22
2024-05-21,L1,P003,102,100,1,19
2024-05-21,L1,P004,106,105,1,7
2024-05-21,L2,P005,65,62,1,51
2024-05-21,L2,P006,66,64,0,52
2024-05-21,L2,P007,90,89,0,13
2024-05-21,L2,P008,92,90,2,2
2024-05-21,L3,P009,184,179,3,25
2024-05-21,L3,P010,180,177,2,22
2024-05-21,L3,P011,231,226,5,3
2024-05-21,L3,P012,150,148,1,22
2024-05-21,L3,P013,181,179,2,5
2024-05-21,L3,P014,174,169,3,30
2024-05-21,L4,P015,689,672,9,23
2024-05-21,L4,P016,506,499,5,7
2024-05-21,L4,P017,528,515,9,16
2024-05-21,L4,P018,242,236,4,18
2024-05-21,L4,P019,287,281,5,9
2024-05-21,L4,P020,268,262,2,31
2024-05-21,L5,P021,24,24,0,28
2024-05-21,L5,P022,29,29,0,0
2024-05-21,L5,P023,15,15,0,30
2024-05-21,L5,P024,37,35,1,31
2024-05-21,L5,P025,26,26,0,9
2024-05-22,L1,P001,102,100,2,0
2024-05-22,L1,P002,96,93,2,17
2024-05-22,L1,P003,84,82,2,0
2024-05-22,L1,P004,99,96,1,36
2024-05-22,L2,P005,67,66,1,14
2024-05-22,L2,P006,63,62,1,6
2024-05-22,L2,P007,41,41,0,0
2024-05-22,L2,P008,81,78,1,51
2024-05-22,L3,P009,147,146,1,7
2024-05-22,L3,P010,190,186,2,37
2024-05-22,L3,P011,153,148,3,35
2024-05-22,L3,P012,167,164,3,0
2024-05-22,L3,P013,174,171,2,13
2024-05-22,L3,P014,171,168,2,22
2024-05-22,L4,P015,557,548,1,27
2024-05-22,L4,P016,533,516,10,24
2024-05-22,L4,P017,604,593,5,19
2024-05-22,L4,P018,260,252,5,20
2024-05-22,L4,P019,236,229,2,40
2024-05-22,L4,P020,244,239,3,17
2024-05-22,L5,P021,17,17,0,12
2024-05-22,L5,P022,34,33,1,28
2024-05-22,L5,P023,30,30,0,9
2024-05-22,L5,P024,35,35,0,19
2024-05-22,L5,P025,23,23,0,0
2024-05-23,L1,P001,121,118,2,17
2024-05-23,L1,P002,133,129,2,31
2024-05-23,L1,P003,97,93,1,52
2024-05-23,L1,P004,108,105,1,32
2024-05-23,L2,P005,111,109,1,19
2024-05-23,L2,P006,67,65,1,31
2024-05-23,L2,P007,86,83,2,14
2024-05-23,L2,P008,84,82,1,27
2024-05-23,L3,P009,175,170,2,43
2024-05-23,L3,P010,187,183,1,47
2024-05-23,L3,P011,202,196,4,22
2024-05-23,L3,P012,199,195,4,2
2024-05-23,L3,P013,155,152,3,0
2024-05-23,L3,P014,203,197,4,29
2024-05-23,L4,P015,575,561,9,17
2024-05-23,L4,P016,587,579,3,16
2024-05-23,L4,P017,629,609,11,27
2024-05-23,L4,P018,255,249,3,19
2024-05-23,L4,P019,272,262,5,35
2024-05-23,L4,P020,244,235,3,48
2024-05-23,L5,P021,19,19,0,0
2024-05-23,L5,P022,28,28,0,19
2024-05-23,L5,P023,27,27,0,11
2024-05-23,L5,P024,30,29,0,38
2024-05-23,L5,P025,24,24,0,19
2024-05-24,L1,P001,147,143,2,31
2024-05-24,L1,P002,141,137,3,10
2024-05-24,L1,P003,127,125,1,15
2024-05-24,L1,P004,147,145,1,19
2024-05-24,L2,P005,76,73,1,45
2024-05-24,L2,P006,116,111,1,58
2024-05-24,L2,P007,85,84,1,0
2024-05-24,L2,P008,105,102,2,27
2024-05-24,L3,P009,257,253,3,14
2024-05-24,L3,P010,183,179,2,33
2024-05-24,L3,P011,197,193,2,22
2024-05-24,L3,P012,210,204,4,29
2024-05-24,L3,P013,225,220,3,27
2024-05-24,L3,P014,250,246,4,0
2024-05-24,L4,P015,781,756,16,21
2024-05-24,L4,P016,721,698,11,32
2024-05-24,L4,P017,799,771,19,21
2024-05-24,L4,P018,357,346,5,30
2024-05-24,L4,P019,359,348,5,31
2024-05-24,L4,P020,328,319,6,17
2024-05-24,L5,P021,40,39,1,24
2024-05-24,L5,P022,38,38,0,5
2024-05-24,L5,P023,41,40,0,35
2024-05-24,L5,P024,26,26,0,19
2024-05-24,L5,P025,51,50,0,20
2024-05-25,L1,P001,145,142,2,14
2024-05-25,L1,P002,120,116,2,25
2024-05-25,L1,P003,93,90,2,26
2024-05-25,L1,P004,81,79,2,0
2024-05-25,L2,P005,57,56,1,0
2024-05-25,L2,P006,79,78,1,3
2024-05-25,L2,P007,65,64,1,2
2024-05-25,L2,P008,81,80,1,3
2024-05-25,L3,P009,163,160,1,30
2024-05-25,L3,P010,161,157,2,27
2024-05-25,L3,P011,148,146,1,12
2024-05-25,L3,P012,116,113,2,34
2024-05-25,L3,P013,138,136,1,27
2024-05-25,L3,P014,170,167,2,23
2024-05-25,L4,P015,557,542,12,10
2024-05-25,L4,P016,510,499,8,10
2024-05-25,L4,P017,516,504,7,20
2024-05-25,L4,P018,220,212,3,42
2024-05-25,L4,P019,241,236,0,38
2024-05-25,L4,P020,223,220,3,1
2024-05-25,L5,P021,26,26,0,34
2024-05-25,L5,P022,28,27,1,27
2024-05-25,L5,P023,20,20,0,10
2024-05-25,L5,P024,20,20,0,9
2024-05-25,L5,P025,23,22,0,45
2024-05-26,L1,P001,116,114,2,5
2024-05-26,L1,P002,87,86,1,0
2024-05-26,L1,P003,98,94,2,39
2024-05-26,L1,P004,87,85,1,13
2024-05-26,L2,P005,66,64,1,23
2024-05-26,L2,P006,49,47,1,24
2024-05-26,L2,P007,73,71,1,17
2024-05-26,L2,P008,101,99,2,0
2024-05-26,L3,P009,180,175,3,24
2024-05-26,L3,P010,151,148,2,26
2024-05-26,L3,P011,144,143,1,10
2024-05-26,L3,P012,150,148,2,7
2024-05-26,L3,P013,152,149,3,1
2024-05-26,L3,P014,179,173,4,29
2024-05-26,L4,P015,529,515,7,24
2024-05-26,L4,P016,600,583,9,26
2024-05-26,L4,P017,527,512,7,28
2024-05-26,L4,P018,222,218,3,8
2024-05-26,L4,P019,228,224,4,3
2024-05-26,L4,P020,247,238,4,35
2024-05-26,L5,P021,13,13,0,14
2024-05-26,L5,P022,21,21,0,3
2024-05-26,L5,P023,41,39,1,31
2024-05-26,L5,P024,13,13,0,38
2024-05-26,L5,P025,30,30,0,0
2024-05-27,L1,P001,94,91,2,23
2024-05-27,L1,P002,82,79,2,23
2024-05-27,L1,P003,101,99,1,24
2024-05-27,L1,P004,117,113,2,25
2024-05-27,L2,P005,84,82,1,26
2024-05-27,L2,P006,74,72,1,27
2024-05-27,L2,P007,63,61,1,34
2024-05-27,L2,P008,59,58,1,15
2024-05-27,L3,P009,178,173,3,26
2024-05-27,L3,P010,170,166,4,2
2024-05-27,L3,P011,169,165,3,18
2024-05-27,L3,P012,140,136,2,50
2024-05-27,L3,P013,153,149,3,20
2024-05-27,L3,P014,164,162,2,2
2024-05-27,L4,P015,551,538,9,15
2024-05-27,L4,P016,512,504,8,1
2024-05-27,L4,P017,506,496,3,26
2024-05-27,L4,P018,240,235,4,11
2024-05-27,L4,P019,341,334,6,7
2024-05-27,L4,P020,263,256,3,32
2024-05-27,L5,P021,16,16,0,3
2024-05-27,L5,P022,31,31,0,10
2024-05-27,L5,P023,32,31,1,25
2024-05-27,L5,P024,35,33,1,62
2024-05-27,L5,P025,10,10,0,8
2024-05-28,L1,P001,118,115,2,22
2024-05-28,L1,P002,95,92,1,32
2024-05-28,L1,P003,80,78,1,28
2024-05-28,L1,P004,100,96,2,42
2024-05-28,L2,P005,100,97,2,19
2024-05-28,L2,P006,61,59,1,30
2024-05-28,L2,P007,74,71,1,51
2024-05-28,L2,P008,105,102,2,14
2024-05-28,L3,P009,224,220,4,0
2024-05-28,L3,P010,169,165,4,5
2024-05-28,L3,P011,198,195,2,19
2024-05-28,L3,P012,186,185,1,0
2024-05-28,L3,P013,155,153,2,5
2024-05-28,L3,P014,153,150,2,22
2024-05-28,L4,P015,502,489,5,29
2024-05-28,L4,P016,615,603,8,14
2024-05-28,L4,P017,562,550,8,12
2024-05-28,L4,P018,251,247,1,22
2024-05-28,L4,P019,278,271,4,23
2024-05-28,L4,P020,234,229,5,0
2024-05-28,L5,P021,31,31,0,14
2024-05-28,L5,P022,25,25,0,11
2024-05-28,L5,P023,35,34,1,20
2024-05-28,L5,P024,27,27,0,34
2024-05-28,L5,P025,29,29,0,0
2024-05-29,L1,P001,134,132,2,1
2024-05-29,L1,P002,84,81,1,47
2024-05-29,L1,P003,95,93,1,19
2024-05-29,L1,P004,100,97,2,14
2024-05-29,L2,P005,84,82,1,30
2024-05-29,L2,P006,76,74,1,21
2024-05-29,L2,P007,76,73,2,18
2024-05-29,L2,P008,72,68,2,43
2024-05-29,L3,P009,166,161,4,23
2024-05-29,L3,P010,130,126,3,23
2024-05-29,L3,P011,171,166,2,50
2024-05-29,L3,P012,147,143,3,11
2024-05-29,L3,P013,163,161,0,41
2024-05-29,L3,P014,202,199,2,20
2024-05-29,L4,P015,526,520,2,15
2024-05-29,L4,P016,558,538,12,26
2024-05-29,L4,P017,597,574,10,42
2024-05-29,L4,P018,265,259,2,26
2024-05-29,L4,P019,203,195,4,41
2024-05-29,L4,P020,284,280,2,11
2024-05-29,L5,P021,25,25,0,34
2024-05-29,L5,P022,19,19,0,16
2024-05-29,L5,P023,25,25,0,10
2024-05-29,L5,P024,19,19,0,36
2024-05-29,L5,P025,27,26,1,33
2024-05-30,L1,P001,112,108,2,36
2024-05-30,L1,P002,98,95,2,26
2024-05-30,L1,P003,128,124,4,1
2024-05-30,L1,P004,117,113,1,49
2024-05-30,L2,P005,80,78,1,23
2024-05-30,L2,P006,72,71,1,0
2024-05-30,L2,P007,84,81,3,0
2024-05-30,L2,P008,78,76,1,30
2024-05-30,L3,P009,206,200,4,23
2024-05-30,L3,P010,181,176,3,33
2024-05-30,L3,P011,187,184,1,36
2024-05-30,L3,P012,169,167,2,0
2024-05-30,L3,P013,174,171,2,11
2024-05-30,L3,P014,197,193,2,31
2024-05-30,L4,P015,621,601,12,24
2024-05-30,L4,P016,698,677,12,24
2024-05-30,L4,P017,893,865,13,33
2024-05-30,L4,P018,277,274,3,1
2024-05-30,L4,P019,310,297,6,41
2024-05-30,L4,P020,295,283,6,38
2024-05-30,L5,P021,41,39,1,38
2024-05-30,L5,P022,21,21,0,33
2024-05-30,L5,P023,29,28,1,3
2024-05-30,L5,P024,39,38,1,21
2024-05-30,L5,P025,14,14,0,4
2024-05-31,L1,P001,156,154,1,12
2024-05-31,L1,P002,151,145,3,32
2024-05-31,L1,P003,163,158,4,11
2024-05-31,L1,P004,153,151,2,1
2024-05-31,L2,P005,96,94,2,6
2024-05-31,L2,P006,88,86,2,0
2024-05-31,L2,P007,98,95,1,32
2024-05-31,L2,P008,85,82,1,47
2024-05-31,L3,P009,203,199,3,8
2024-05-31,L3,P010,235,230,3,29
2024-05-31,L3,P011,217,212,2,41
2024-05-31,L3,P012,207,204,3,0
2024-05-31,L3,P013,206,201,4,20
2024-05-31,L3,P014,201,196,4,12
2024-05-31,L4,P015,675,664,11,0
2024-05-31,L4,P016,772,765,4,7
2024-05-31,L4,P017,763,740,7,40
2024-05-31,L4,P018,356,349,2,25
2024-05-31,L4,P019,299,292,2,31
2024-05-31,L4,P020,358,346,5,35
2024-05-31,L5,P021,40,38,1,30
2024-05-31,L5,P022,23,23,0,26
2024-05-31,L5,P023,44,43,0,24
2024-05-31,L5,P024,33,33,0,0
2024-05-31,L5,P025,33,32,0,30
2024-06-01,L1,P001,99,97,1,14
2024-06-01,L1,P002,99,94,2,57
2024-06-01,L1,P003,94,93,0,12
2024-06-01,L1,P004,101,98,1,32
2024-06-01,L2,P005,74,73,0,25
2024-06-01,L2,P006,79,78,1,0
2024-06-01,L2,P007,66,64,1,34
2024-06-01,L2,P008,75,73,1,17
2024-06-01,L3,P009,187,183,3,9
2024-06-01,L3,P010,154,150,2,33
2024-06-01,L3,P011,146,143,2,21
2024-06-01,L3,P012,171,169,1,16
2024-06-01,L3,P013,172,167,3,32
2024-06-01,L3,P014,154,151,2,17
2024-06-01,L4,P015,572,556,8,27
2024-06-01,L4,P016,502,493,6,13
2024-06-01,L4,P017,562,541,9,40
2024-06-01,L4,P018,246,241,4,5
2024-06-01,L4,P019,240,227,8,38
2024-06-01,L4,P020,229,228,1,1
2024-06-01,L5,P021,19,19,0,34
2024-06-01,L5,P022,21,21,0,0
2024-06-01,L5,P023,19,19,0,17
2024-06-01,L5,P024,47,45,1,32
2024-06-01,L5,P025,23,23,0,9
2024-06-02,L1,P001,109,104,2,60
2024-06-02,L1,P002,132,131,1,5
2024-06-02,L1,P003,109,107,1,20
2024-06-02,L1,P004,94,92,1,30
2024-06-02,L2,P005,69,67,1,27
2024-06-02,L2,P006,108,105,1,31
2024-06-02,L2,P007,70,68,1,20
2024-06-02,L2,P008,78,76,1,25
2024-06-02,L3,P009,154,152,1,26
2024-06-02,L3,P010,144,143,1,10
2024-06-02,L3,P011,185,181,4,4
2024-06-02,L3,P012,181,176,4,14
2024-06-02,L3,P013,164,162,2,0
2024-06-02,L3,P014,157,155,1,26
2024-06-02,L4,P015,550,527,8,53
2024-06-02,L4,P016,536,519,8,33
2024-06-02,L4,P017,572,549,12,38
2024-06-02,L4,P018,281,273,5,19
2024-06-02,L4,P019,252,243,4,40
2024-06-02,L4,P020,286,274,5,50
2024-06-02,L5,P021,38,37,1,13
2024-06-02,L5,P022,13,13,0,20
2024-06-02,L5,P023,39,38,1,19
2024-06-02,L5,P024,48,47,1,16
2024-06-02,L5,P025,26,26,0,18
2024-06-03,L1,P001,104,102,1,15
2024-06-03,L1,P002,98,94,2,46
2024-06-03,L1,P003,93,90,2,24
2024-06-03,L1,P004,94,92,1,15
2024-06-03,L2,P005,64,61,2,29
2024-06-03,L2,P006,90,89,1,8
2024-06-03,L2,P007,73,71,1,28
2024-06-03,L2,P008,60,59,1,10
2024-06-03,L3,P009,183,179,3,23
2024-06-03,L3,P010,176,170,5,16
2024-06-03,L3,P011,172,169,3,5
2024-06-03,L3,P012,149,145,4,0
2024-06-03,L3,P013,144,143,1,4
2024-06-03,L3,P014,180,175,4,21
2024-06-03,L4,P015,588,566,13,31
2024-06-03,L4,P016,542,531,4,25
2024-06-03,L4,P017,578,562,8,27
2024-06-03,L4,P018,250,246,4,0
2024-06-03,L4,P019,242,235,4,22
2024-06-03,L4,P020,274,265,6,21
2024-06-03,L5,P021,26,25,0,49
2024-06-03,L5,P022,25,25,0,8
2024-06-03,L5,P023,31,31,0,8
2024-06-03,L5,P024,57,55,1,18
2024-06-03,L5,P025,25,25,0,20
2024-06-04,L1,P001,109,108,1,8
2024-06-04,L1,P002,96,93,2,11
2024-06-04,L1,P003,110,107,2,15
2024-06-04,L1,P004,101,98,1,36
2024-06-04,L2,P005,53,51,1,30
2024-06-04,L2,P006,68,66,1,15
2024-06-04,L2,P007,60,59,0,20
2024-06-04,L2,P008,58,55,1,60
2024-06-04,L3,P009,173,171,1,24
2024-06-04,L3,P010,133,129,3,15
2024-06-04,L3,P011,133,131,1,12
2024-06-04,L3,P012,156,151,3,33
2024-06-04,L3,P013,166,162,4,6
2024-06-04,L3,P014,158,153,3,35
2024-06-04,L4,P015,539,527,12,0
2024-06-04,L4,P016,535,526,9,0
2024-06-04,L4,P017,574,560,10,14
2024-06-04,L4,P018,242,235,4,27
2024-06-04,L4,P019,257,248,4,36
2024-06-04,L4,P020,224,218,3,25
2024-06-04,L5,P021,39,39,0,0
2024-06-04,L5,P022,22,22,0,37
2024-06-04,L5,P023,15,15,0,20
2024-06-04,L5,P024,42,41,1,18
2024-06-04,L5,P025,16,16,0,0
2024-06-05,L1,P001,111,108,1,32
2024-06-05,L1,P002,129,126,2,21
2024-06-05,L1,P003,82,79,2,22
2024-06-05,L1,P004,109,107,1,9
2024-06-05,L2,P005,64,63,1,9
2024-06-05,L2,P006,53,52,1,0
2024-06-05,L2,P007,86,84,2,0
2024-06-05,L2,P008,95,95,0,0
2024-06-05,L3,P009,154,151,2,22
2024-06-05,L3,P010,169,166,2,24
2024-06-05,L3,P011,184,183,1,2
2024-06-05,L3,P012,161,160,1,8
2024-06-05,L3,P013,137,132,2,64
2024-06-05,L3,P014,136,132,3,16
2024-06-05,L4,P015,522,503,12,25
2024-06-05,L4,P016,602,590,11,4
2024-06-05,L4,P017,577,559,9,29
2024-06-05,L4,P018,316,309,7,0
2024-06-05,L4,P019,293,285,6,13
2024-06-05,L4,P020,249,245,3,4
2024-06-05,L5,P021,25,25,0,18
2024-06-05,L5,P022,17,17,0,0
2024-06-05,L5,P023,25,25,0,36
2024-06-05,L5,P024,44,44,0,13
2024-06-05,L5,P025,32,31,1,27
2024-06-06,L1,P001,90,88,1,13
2024-06-06,L1,P002,109,105,2,29
2024-06-06,L1,P003,134,133,1,6
2024-06-06,L1,P004,119,117,2,1
2024-06-06,L2,P005,93,91,1,12
2024-06-06,L2,P006,94,91,1,39
2024-06-06,L2,P007,81,81,0,0
2024-06-06,L2,P008,94,92,2,8
2024-06-06,L3,P009,199,195,4,6
2024-06-06,L3,P010,179,176,3,5
2024-06-06,L3,P011,171,166,4,17
2024-06-06,L3,P012,217,211,4,24
2024-06-06,L3,P013,191,189,1,21
2024-06-06,L3,P014,201,197,2,35
2024-06-06,L4,P015,631,616,8,21
2024-06-06,L4,P016,616,586,16,44
2024-06-06,L4,P017,591,567,12,38
2024-06-06,L4,P018,317,304,6,43
2024-06-06,L4,P019,285,275,4,41
2024-06-06,L4,P020,351,340,11,0
2024-06-06,L5,P021,28,26,1,36
2024-06-06,L5,P022,41,40,1,13
2024-06-06,L5,P023,31,30,1,25
2024-06-06,L5,P024,49,48,1,0
2024-06-06,L5,P025,26,26,0,0
2024-06-07,L1,P001,152,149,1,19
2024-06-07,L1,P002,118,116,2,0
2024-06-07,L1,P003,147,143,2,28
2024-06-07,L1,P004,138,135,3,0
2024-06-07,L2,P005,114,112,1,24
2024-06-07,L2,P006,110,107,2,16
2024-06-07,L2,P007,91,91,0,7
2024-06-07,L2,P008,98,95,1,45
2024-06-07,L3,P009,224,218,4,27
2024-06-07,L3,P010,231,226,5,5
2024-06-07,L3,P011,207,200,4,35
2024-06-07,L3,P012,178,174,2,36
2024-06-07,L3,P013,234,228,4,25
2024-06-07,L3,P014,210,206,3,8
2024-06-07,L4,P015,774,759,11,11
2024-06-07,L4,P016,665,638,12,43
2024-06-07,L4,P017,716,705,10,2
2024-06-07,L4,P018,324,313,8,16
2024-06-07,L4,P019,349,338,6,26
2024-06-07,L4,P020,390,381,6,16
2024-06-07,L5,P021,42,41,1,5
2024-06-07,L5,P022,30,29,1,0
2024-06-07,L5,P023,44,43,1,20
2024-06-07,L5,P024,73,71,2,9
2024-06-07,L5,P025,31,30,1,8
2024-06-08,L1,P001,85,82,2,21
2024-06-08,L1,P002,111,107,1,58
2024-06-08,L1,P003,100,98,1,20
2024-06-08,L1,P004,100,99,1,0
2024-06-08,L2,P005,59,57,1,28
2024-06-08,L2,P006,76,75,1,11
2024-06-08,L2,P007,73,72,1,11
2024-06-08,L2,P008,75,74,1,0
2024-06-08,L3,P009,125,123,1,26
2024-06-08,L3,P010,152,148,3,15
2024-06-08,L3,P011,164,160,2,33
2024-06-08,L3,P012,131,127,2,51
2024-06-08,L3,P013,171,168,2,12
2024-06-08,L3,P014,115,113,2,4
2024-06-08,L4,P015,497,495,2,0
2024-06-08,L4,P016,512,502,6,15
2024-06-08,L4,P017,579,569,6,12
2024-06-08,L4,P018,264,255,7,16
2024-06-08,L4,P019,244,239,3,15
2024-06-08,L4,P020,246,243,3,0
2024-06-08,L5,P021,37,36,0,44
2024-06-08,L5,P022,40,40,0,8
2024-06-08,L5,P023,17,17,0,34
2024-06-08,L5,P024,46,44,1,28
2024-06-08,L5,P025,30,30,0,3
2024-06-09,L1,P001,83,82,0,33
2024-06-09,L1,P002,101,99,1,12
2024-06-09,L1,P003,120,115,3,27
2024-06-09,L1,P004,103,100,2,24
2024-06-09,L2,P005,50,50,0,16
2024-06-09,L2,P006,62,60,1,20
2024-06-09,L2,P007,70,67,2,27
2024-06-09,L2,P008,66,65,1,8
2024-06-09,L3,P009,163,158,4,10
2024-06-09,L3,P010,173,168,3,27
2024-06-09,L3,P011,153,148,3,33
2024-06-09,L3,P012,209,203,3,40
2024-06-09,L3,P013,172,169,2,11
2024-06-09,L3,P014,181,175,5,12
2024-06-09,L4,P015,555,547,5,10
2024-06-09,L4,P016,540,523,9,27
2024-06-09,L4,P017,526,511,11,16
2024-06-09,L4,P018,302,299,3,3
2024-06-09,L4,P019,257,253,4,0
2024-06-09,L4,P020,282,274,3,35
2024-06-09,L5,P021,25,25,0,19
2024-06-09,L5,P022,15,15,0,9
2024-06-09,L5,P023,24,24,0,21
2024-06-09,L5,P024,45,44,1,5
2024-06-09,L5,P025,32,32,0,24
2024-06-10,L1,P001,103,100,2,17
2024-06-10,L1,P002,134,132,2,0
2024-06-10,L1,P003,99,96,2,16
2024-06-10,L1,P004,93,90,2,29
2024-06-10,L2,P005,83,81,2,8
2024-06-10,L2,P006,59,58,1,0
2024-06-10,L2,P007,86,85,0,15
2024-06-10,L2,P008,69,67,1,25
2024-06-10,L3,P009,194,190,2,26
2024-06-10,L3,P010,189,184,3,26
2024-06-10,L3,P011,206,202,3,19
2024-06-10,L3,P012,186,181,3,34
2024-06-10,L3,P013,145,142,2,10
2024-06-10,L3,P014,140,137,2,29
2024-06-10,L4,P015,526,511,11,15
2024-06-10,L4,P016,539,531,6,8
2024-06-10,L4,P017,511,497,8,24
2024-06-10,L4,P018,259,252,5,17
2024-06-10,L4,P019,247,244,2,11
2024-06-10,L4,P020,246,241,3,18
2024-06-10,L5,P021,33,31,1,37
2024-06-10,L5,P022,37,37,0,18
2024-06-10,L5,P023,29,29,0,26
2024-06-10,L5,P024,65,63,1,18
2024-06-10,L5,P025,35,35,0,21
2024-06-11,L1,P001,105,103,2,2
2024-06-11,L1,P002,97,95,1,29
2024-06-11,L1,P003,95,93,1,19
2024-06-11,L1,P004,120,117,1,30
2024-06-11,L2,P005,73,71,1,20
2024-06-11,L2,P006,78,75,1,47
2024-06-11,L2,P007,82,79,1,36
2024-06-11,L2,P008,72,70,1,24
2024-06-11,L3,P009,173,170,2,13
2024-06-11,L3,P010,178,173,2,54
2024-06-11,L3,P011,161,159,2,0
2024-06-11,L3,P012,137,134,3,8
2024-06-11,L3,P013,154,152,1,13
2024-06-11,L3,P014,146,143,3,0
2024-06-11,L4,P015,474,459,9,24
2024-06-11,L4,P016,550,525,20,19
2024-06-11,L4,P017,565,549,9,24
2024-06-11,L4,P018,259,251,4,26
2024-06-11,L4,P019,231,223,5,26
2024-06-11,L4,P020,279,276,3,0
2024-06-11,L5,P021,27,27,0,0
2024-06-11,L5,P022,37,36,1,12
2024-06-11,L5,P023,35,34,0,56
2024-06-11,L5,P024,34,33,1,21
2024-06-11,L5,P025,25,25,0,22
2024-06-12,L1,P001,129,127,1,13
2024-06-12,L1,P002,117,117,0,3
2024-06-12,L1,P003,125,123,1,14
2024-06-12,L1,P004,97,93,2,31
2024-06-12,L2,P005,56,54,1,21
2024-06-12,L2,P006,61,57,2,48
2024-06-12,L2,P007,73,72,0,25
2024-06-12,L2,P008,83,81,2,6
2024-06-12,L3,P009,162,159,2,22
2024-06-12,L3,P010,176,171,4,18
2024-06-12,L3,P011,176,171,4,10
2024-06-12,L3,P012,222,218,2,21
2024-06-12,L3,P013,186,181,2,45
2024-06-12,L3,P014,166,164,2,0
2024-06-12,L4,P015,534,516,5,48
2024-06-12,L4,P016,557,545,10,8
2024-06-12,L4,P017,541,528,11,8
2024-06-12,L4,P018,239,235,3,7
2024-06-12,L4,P019,246,240,4,13
2024-06-12,L4,P020,227,217,2,70
2024-06-12,L5,P021,26,26,0,9
2024-06-12,L5,P022,33,32,1,16
2024-06-12,L5,P023,34,34,0,20
2024-06-12,L5,P024,49,49,0,3
2024-06-12,L5,P025,21,20,1,37
2024-06-13,L1,P001,133,130,1,22
2024-06-13,L1,P002,137,135,2,0
2024-06-13,L1,P003,149,145,1,42
2024-06-13,L1,P004,122,118,2,29
2024-06-13,L2,P005,42,40,1,58
2024-06-13,L2,P006,78,77,1,0
2024-06-13,L2,P007,95,91,2,32
2024-06-13,L2,P008,64,63,1,7
2024-06-13,L3,P009,206,200,4,22
2024-06-13,L3,P010,201,196,4,21
2024-06-13,L3,P011,158,153,3,32
2024-06-13,L3,P012,202,195,6,17
2024-06-13,L3,P013,183,179,4,0
2024-06-13,L3,P014,192,188,3,20
2024-06-13,L4,P015,633,614,16,8
2024-06-13,L4,P016,685,667,14,12
2024-06-13,L4,P017,685,675,10,0
2024-06-13,L4,P018,322,314,3,30
2024-06-13,L4,P019,340,327,8,29
2024-06-13,L4,P020,256,254,2,0
2024-06-13,L5,P021,30,29,1,17
2024-06-13,L5,P022,21,21,0,0
2024-06-13,L5,P023,39,38,1,0
2024-06-13,L5,P024,78,77,1,5
2024-06-13,L5,P025,32,31,1,0
2024-06-14,L1,P001,118,116,1,13
2024-06-14,L1,P002,132,128,2,27
2024-06-14,L1,P003,129,124,2,39
2024-06-14,L1,P004,105,102,1,42
2024-06-14,L2,P005,83,82,1,11
2024-06-14,L2,P006,137,136,1,4
2024-06-14,L2,P007,100,99,1,0
2024-06-14,L2,P008,82,80,1,35
2024-06-14,L3,P009,207,200,4,35
2024-06-14,L3,P010,185,179,3,47
2024-06-14,L3,P011,208,203,3,21
2024-06-14,L3,P012,224,219,3,29
2024-06-14,L3,P013,220,216,3,13
2024-06-14,L3,P014,210,209,1,1
2024-06-14,L4,P015,738,719,12,19
2024-06-14,L4,P016,761,730,14,44
2024-06-14,L4,P017,684,666,13,14
2024-06-14,L4,P018,358,348,7,14
2024-06-14,L4,P019,371,363,8,0
2024-06-14,L4,P020,403,400,0,16
2024-06-14,L5,P021,32,31,1,14
2024-06-14,L5,P022,34,34,0,0
2024-06-14,L5,P023,43,41,1,36
2024-06-14,L5,P024,78,75,2,19
2024-06-14,L5,P025,47,45,1,28
2024-06-15,L1,P001,94,90,2,48
2024-06-15,L1,P002,88,85,1,40
2024-06-15,L1,P003,98,95,2,18
2024-06-15,L1,P004,96,93,2,12
2024-06-15,L2,P005,63,61,1,37
2024-06-15,L2,P006,94,90,3,21
2024-06-15,L2,P007,55,54,0,22
2024-06-15,L2,P008,53,52,1,11
2024-06-15,L3,P009,133,132,1,5
2024-06-15,L3,P010,157,155,2,7
2024-06-15,L3,P011,154,152,2,0
2024-06-15,L3,P012,183,180,2,22
2024-06-15,L3,P013,169,166,2,15
2024-06-15,L3,P014,163,160,3,0
2024-06-15,L4,P015,509,497,9,10
2024-06-15,L4,P016,451,441,6,16
2024-06-15,L4,P017,482,470,6,24
2024-06-15,L4,P018,207,203,3,11
2024-06-15,L4,P019,232,227,2,25
2024-06-15,L4,P020,256,248,4,27
2024-06-15,L5,P021,22,22,0,28
2024-06-15,L5,P022,37,35,1,26
2024-06-15,L5,P023,23,22,1,34
2024-06-15,L5,P024,39,37,1,40
2024-06-15,L5,P025,19,19,0,26
2024-06-16,L1,P001,96,92,2,32
2024-06-16,L1,P002,115,111,3,12
2024-06-16,L1,P003,120,117,2,11
2024-06-16,L1,P004,88,86,2,0
2024-06-16,L2,P005,58,57,1,10
2024-06-16,L2,P006,81,79,1,18
2024-06-16,L2,P007,82,79,2,16
2024-06-16,L2,P008,109,106,1,44
2024-06-16,L3,P009,145,143,2,0
2024-06-16,L3,P010,170,164,4,36
2024-06-16,L3,P011,183,177,4,25
2024-06-16,L3,P012,149,145,3,22
2024-06-16,L3,P013,192,191,1,0
2024-06-16,L3,P014,180,176,3,20
2024-06-16,L4,P015,550,524,13,46
2024-06-16,L4,P016,510,503,4,13
2024-06-16,L4,P017,613,595,8,32
2024-06-16,L4,P018,252,245,4,26
2024-06-16,L4,P019,294,285,5,24
2024-06-16,L4,P020,239,234,2,23
2024-06-16,L5,P021,46,44,1,21
2024-06-16,L5,P022,39,38,1,23
2024-06-16,L5,P023,17,17,0,45
2024-06-16,L5,P024,46,45,0,25
2024-06-16,L5,P025,20,19,1,21
2024-06-17,L1,P001,103,101,2,7
2024-06-17,L1,P002,113,109,2,26
2024-06-17,L1,P003,103,100,1,30
2024-06-17,L1,P004,90,88,1,30
2024-06-17,L2,P005,80,79,1,0
2024-06-17,L2,P006,63,61,1,23
2024-06-17,L2,P007,48,48,0,3
2024-06-17,L2,P008,70,68,1,21
2024-06-17,L3,P009,202,199,3,0
2024-06-17,L3,P010,174,167,5,27
2024-06-17,L3,P011,145,143,1,13
2024-06-17,L3,P012,155,150,3,32
2024-06-17,L3,P013,164,162,2,0
2024-06-17,L3,P014,148,144,2,38
2024-06-17,L4,P015,525,504,10,40
2024-06-17,L4,P016,536,512,11,47
2024-06-17,L4,P017,518,504,7,25
2024-06-17,L4,P018,254,247,5,16
2024-06-17,L4,P019,217,212,2,26
2024-06-17,L4,P020,272,270,1,9
2024-06-17,L5,P021,25,25,0,24
2024-06-17,L5,P022,32,32,0,18
2024-06-17,L5,P023,21,21,0,28
2024-06-17,L5,P024,59,58,1,11
2024-06-17,L5,P025,24,24,0,25
2024-06-18,L1,P001,109,107,2,5
2024-06-18,L1,P002,84,82,1,13
2024-06-18,L1,P003,113,111,1,13
2024-06-18,L1,P004,140,137,2,9
2024-06-18,L2,P005,62,61,1,9
2024-06-18,L2,P006,63,61,1,32
2024-06-18,L2,P007,29,29,0,9
2024-06-18,L2,P008,61,59,1,21
2024-06-18,L3,P009,221,218,3,5
2024-06-18,L3,P010,163,158,3,28
2024-06-18,L3,P011,187,185,1,12
2024-06-18,L3,P012,166,163,3,0
2024-06-18,L3,P013,157,154,2,12
2024-06-18,L3,P014,166,160,4,43
2024-06-18,L4,P015,563,554,6,11
2024-06-18,L4,P016,571,550,12,31
2024-06-18,L4,P017,528,518,8,6
2024-06-18,L4,P018,250,240,5,36
2024-06-18,L4,P019,258,249,5,29
2024-06-18,L4,P020,267,261,5,9
2024-06-18,L5,P021,25,24,0,42
2024-06-18,L5,P022,31,31,0,24
2024-06-18,L5,P023,31,30,1,28
2024-06-18,L5,P024,86,84,1,18
2024-06-18,L5,P025,34,33,0,52
2024-06-19,L1,P001,90,87,2,16
2024-06-19,L1,P002,87,85,1,12
2024-06-19,L1,P003,116,111,2,50
2024-06-19,L1,P004,109,106,1,38
2024-06-19,L2,P005,72,70,1,26
2024-06-19,L2,P006,80,78,2,3
2024-06-19,L2,P007,80,77,2,24
2024-06-19,L2,P008,69,67,1,21
2024-06-19,L3,P009,202,196,3,38
2024-06-19,L3,P010,178,176,2,5
2024-06-19,L3,P011,167,164,3,4
2024-06-19,L3,P012,174,168,3,42
2024-06-19,L3,P013,200,196,2,25
2024-06-19,L3,P014,225,220,5,0
2024-06-19,L4,P015,532,516,4,44
2024-06-19,L4,P016,559,543,10,21
2024-06-19,L4,P017,538,526,8,14
2024-06-19,L4,P018,250,244,3,25
2024-06-19,L4,P019,217,211,3,29
2024-06-19,L4,P020,217,212,1,33
2024-06-19,L5,P021,41,40,1,11
2024-06-19,L5,P022,23,23,0,20
2024-06-19,L5,P023,14,14,0,0
2024-06-19,L5,P024,61,59,1,32
2024-06-19,L5,P025,10,10,0,0
2024-06-20,L1,P001,132,130,2,0
2024-06-20,L1,P002,80,78,1,34
2024-06-20,L1,P003,111,109,2,3
2024-06-20,L1,P004,139,137,2,0
2024-06-20,L2,P005,113,110,2,24
2024-06-20,L2,P006,102,100,1,26
2024-06-20,L2,P007,88,86,2,6
2024-06-20,L2,P008,74,72,1,31
2024-06-20,L3,P009,158,154,3,13
2024-06-20,L3,P010,170,166,3,11
2024-06-20,L3,P011,196,194,2,0
2024-06-20,L3,P012,196,190,3,37
2024-06-20,L3,P013,228,225,2,11
2024-06-20,L3,P014,214,210,2,26
2024-06-20,L4,P015,659,648,9,7
2024-06-20,L4,P016,592,582,10,0
2024-06-20,L4,P017,549,531,12,22
2024-06-20,L4,P018,252,249,1,18
2024-06-20,L4,P019,332,326,3,15
2024-06-20,L4,P020,302,295,5,12
2024-06-20,L5,P021,33,33,0,8
2024-06-20,L5,P022,33,33,0,17
2024-06-20,L5,P023,45,43,1,23
2024-06-20,L5,P024,61,60,1,14
2024-06-20,L5,P025,40,39,1,15
2024-06-21,L1,P001,141,135,3,42
2024-06-21,L1,P002,151,148,2,9
2024-06-21,L1,P003,148,147,1,5
2024-06-21,L1,P004,155,152,3,1
2024-06-21,L2,P005,98,97,0,19
2024-06-21,L2,P006,90,88,1,30
2024-06-21,L2,P007,102,99,2,27
2024-06-21,L2,P008,77,75,1,13
2024-06-21,L3,P009,192,187,4,19
2024-06-21,L3,P010,265,256,7,19
2024-06-21,L3,P011,206,204,2,0
2024-06-21,L3,P012,226,222,2,21
2024-06-21,L3,P013,223,219,4,2
2024-06-21,L3,P014,226,222,3,18
2024-06-21,L4,P015,684,661,12,30
2024-06-21,L4,P016,765,751,7,17
2024-06-21,L4,P017,759,743,10,15
2024-06-21,L4,P018,402,388,7,34
2024-06-21,L4,P019,321,310,5,36
2024-06-21,L4,P020,365,351,9,28
2024-06-21,L5,P021,50,49,0,47
2024-06-21,L5,P022,27,26,1,0
2024-06-21,L5,P023,21,20,1,23
2024-06-21,L5,P024,87,84,2,24
2024-06-21,L5,P025,41,39,1,36
2024-06-22,L1,P001,73,71,1,35
2024-06-22,L1,P002,96,93,2,19
2024-06-22,L1,P003,99,97,1,22
2024-06-22,L1,P004,114,112,2,6
2024-06-22,L2,P005,67,64,1,52
2024-06-22,L2,P006,63,61,1,33
2024-06-22,L2,P007,84,82,2,2
2024-06-22,L2,P008,83,81,1,30
2024-06-22,L3,P009,137,135,2,7
2024-06-22,L3,P010,167,162,4,10
2024-06-22,L3,P011,139,136,2,27
2024-06-22,L3,P012,149,145,4,0
2024-06-22,L3,P013,157,154,2,15
2024-06-22,L3,P014,123,120,3,2
2024-06-22,L4,P015,522,510,8,15
2024-06-22,L4,P016,541,532,7,7
2024-06-22,L4,P017,476,462,8,25
2024-06-22,L4,P018,238,233,5,4
2024-06-22,L4,P019,263,259,2,11
2024-06-22,L4,P020,282,273,5,30
2024-06-22,L5,P021,30,28,1,48
2024-06-22,L5,P022,19,19,0,13
2024-06-22,L5,P023,17,17,0,8
2024-06-22,L5,P024,34,34,0,9
2024-06-22,L5,P025,34,33,0,35
2024-06-23,L1,P001,76,73,2,19
2024-06-23,L1,P002,102,100,1,20
2024-06-23,L1,P003,86,84,1,17
2024-06-23,L1,P004,101,99,1,21
2024-06-23,L2,P005,70,68,1,23
2024-06-23,L2,P006,73,72,1,12
2024-06-23,L2,P007,72,71,1,12
2024-06-23,L2,P008,69,68,1,1
2024-06-23,L3,P009,179,175,3,24
2024-06-23,L3,P010,148,144,3,24
2024-06-23,L3,P011,125,123,1,26
2024-06-23,L3,P012,171,170,1,5
2024-06-23,L3,P013,182,179,2,23
2024-06-23,L3,P014,207,204,2,16
2024-06-23,L4,P015,563,550,12,4
2024-06-23,L4,P016,586,576,6,14
2024-06-23,L4,P017,569,553,6,33
2024-06-23,L4,P018,292,287,3,11
2024-06-23,L4,P019,278,271,7,0
2024-06-23,L4,P020,246,238,3,42
2024-06-23,L5,P021,28,28,0,15
2024-06-23,L5,P022,28,27,1,17
2024-06-23,L5,P023,27,27,0,0
2024-06-23,L5,P024,65,63,1,23
2024-06-23,L5,P025,14,14,0,0
2024-06-24,L1,P001,104,102,1,27
2024-06-24,L1,P002,80,76,2,42
2024-06-24,L1,P003,90,89,1,8
2024-06-24,L1,P004,128,126,2,4
2024-06-24,L2,P005,80,79,1,0
2024-06-24,L2,P006,55,55,0,6
2024-06-24,L2,P007,67,64,2,15
2024-06-24,L2,P008,87,85,1,32
2024-06-24,L3,P009,204,199,4,17
2024-06-24,L3,P010,190,185,3,24
2024-06-24,L3,P011,228,222,4,19
2024-06-24,L3,P012,170,167,2,22
2024-06-24,L3,P013,173,170,1,38
2024-06-24,L3,P014,167,164,2,21
2024-06-24,L4,P015,589,565,13,37
2024-06-24,L4,P016,533,510,10,47
2024-06-24,L4,P017,497,493,0,17
2024-06-24,L4,P018,245,239,4,14
2024-06-24,L4,P019,280,279,1,0
2024-06-24,L4,P020,211,204,4,28
2024-06-24,L5,P021,26,25,1,0
2024-06-24,L5,P022,23,23,0,1
2024-06-24,L5,P023,23,23,0,15
2024-06-24,L5,P024,38,36,1,28
2024-06-24,L5,P025,28,28,0,1
2024-06-25,L1,P001,101,99,2,6
2024-06-25,L1,P002,88,84,2,38
2024-06-25,L1,P003,95,93,1,29
2024-06-25,L1,P004,117,115,0,36
2024-06-25,L2,P005,78,77,1,11
2024-06-25,L2,P006,56,55,1,0
2024-06-25,L2,P007,108,105,2,13
2024-06-25,L2,P008,55,54,0,19
2024-06-25,L3,P009,182,179,2,23
2024-06-25,L3,P010,145,143,1,13
2024-06-25,L3,P011,176,173,2,19
2024-06-25,L3,P012,165,163,2,0
2024-06-25,L3,P013,166,163,3,7
2024-06-25,L3,P014,169,164,4,22
2024-06-25,L4,P015,529,525,4,0
2024-06-25,L4,P016,573,559,6,27
2024-06-25,L4,P017,573,558,9,20
2024-06-25,L4,P018,223,217,4,21
2024-06-25,L4,P019,254,251,0,24
2024-06-25,L4,P020,236,230,2,30
2024-06-25,L5,P021,34,33,1,21
2024-06-25,L5,P022,44,43,1,20
2024-06-25,L5,P023,22,21,1,0
2024-06-25,L5,P024,80,78,1,17
2024-06-25,L5,P025,24,23,1,19
2024-06-26,L1,P001,103,100,1,40
2024-06-26,L1,P002,98,94,3,13
2024-06-26,L1,P003,118,116,1,24
2024-06-26,L1,P004,105,102,2,11
2024-06-26,L2,P005,60,58,1,23
2024-06-26,L2,P006,58,57,1,7
2024-06-26,L2,P007,63,61,1,32
2024-06-26,L2,P008,78,76,1,23
2024-06-26,L3,P009,168,164,2,38
2024-06-26,L3,P010,165,161,3,19
2024-06-26,L3,P011,158,153,4,22
2024-06-26,L3,P012,217,212,3,27
2024-06-26,L3,P013,179,175,3,15
2024-06-26,L3,P014,163,160,2,26
2024-06-26,L4,P015,587,578,1,26
2024-06-26,L4,P016,558,534,14,35
2024-06-26,L4,P017,541,513,13,53
2024-06-26,L4,P018,258,252,5,10
2024-06-26,L4,P019,203,198,3,20
2024-06-26,L4,P020,238,232,4,18
2024-06-26,L5,P021,12,12,0,15
2024-06-26,L5,P022,32,32,0,6
2024-06-26,L5,P023,30,30,0,16
2024-06-26,L5,P024,41,39,1,37
2024-06-26,L5,P025,26,26,0,2
2024-06-27,L1,P001,120,117,2,15
2024-06-27,L1,P002,110,107,1,43
2024-06-27,L1,P003,135,130,3,30
2024-06-27,L1,P004,125,123,1,14
2024-06-27,L2,P005,77,75,1,27
2024-06-27,L2,P006,90,89,1,6
2024-06-27,L2,P007,79,77,2,7
2024-06-27,L2,P008,64,63,1,12
2024-06-27,L3,P009,171,167,2,37
2024-06-27,L3,P010,192,189,3,0
2024-06-27,L3,P011,158,154,3,17
2024-06-27,L3,P012,180,174,4,35
2024-06-27,L3,P013,176,173,3,8
2024-06-27,L3,P014,194,189,4,15
2024-06-27,L4,P015,645,627,11,21
2024-06-27,L4,P016,576,554,13,31
2024-06-27,L4,P017,625,596,12,51
2024-06-27,L4,P018,318,311,5,14
2024-06-27,L4,P019,298,292,3,22
2024-06-27,L4,P020,282,276,2,30
2024-06-27,L5,P021,28,28,0,0
2024-06-27,L5,P022,21,20,1,0
2024-06-27,L5,P023,33,31,1,32
2024-06-27,L5,P024,72,71,1,13
2024-06-27,L5,P025,39,38,1,0
2024-06-28,L1,P001,145,142,2,8
2024-06-28,L1,P002,144,138,3,39
2024-06-28,L1,P003,154,149,4,10
2024-06-28,L1,P004,138,134,4,0
2024-06-28,L2,P005,87,86,0,13
2024-06-28,L2,P006,100,97,2,13
2024-06-28,L2,P007,100,96,2,37
2024-06-28,L2,P008,131,127,3,12
2024-06-28,L3,P009,217,213,3,8
2024-06-28,L3,P010,214,208,4,23
2024-06-28,L3,P011,210,205,5,5
2024-06-28,L3,P012,191,186,3,27
2024-06-28,L3,P013,246,243,2,8
2024-06-28,L3,P014,232,224,6,22
2024-06-28,L4,P015,807,781,20,14
2024-06-28,L4,P016,773,752,8,33
2024-06-28,L4,P017,765,740,16,23
2024-06-28,L4,P018,327,320,4,17
2024-06-28,L4,P019,337,327,4,33
2024-06-28,L4,P020,347,344,3,2
2024-06-28,L5,P021,34,32,1,48
2024-06-28,L5,P022,29,29,0,22
2024-06-28,L5,P023,46,46,0,13
2024-06-28,L5,P024,80,79,1,0
2024-06-28,L5,P025,44,43,0,23
2024-06-29,L1,P001,113,111,2,0
2024-06-29,L1,P002,108,106,2,4
2024-06-29,L1,P003,105,104,1,1
2024-06-29,L1,P004,100,97,2,21
2024-06-29,L2,P005,65,63,1,22
2024-06-29,L2,P006,82,81,1,10
2024-06-29,L2,P007,73,72,1,3
2024-06-29,L2,P008,48,46,1,42
2024-06-29,L3,P009,158,157,1,9
2024-06-29,L3,P010,154,149,4,27
2024-06-29,L3,P011,164,160,3,19
2024-06-29,L3,P012,183,180,2,19
2024-06-29,L3,P013,169,167,0,27
2024-06-29,L3,P014,170,167,2,13
2024-06-29,L4,P015,472,470,2,0
2024-06-29,L4,P016,524,509,11,14
2024-06-29,L4,P017,551,537,8,22
2024-06-29,L4,P018,270,259,3,58
2024-06-29,L4,P019,324,314,5,29
2024-06-29,L4,P020,249,242,2,37
2024-06-29,L5,P021,27,27,0,2
2024-06-29,L5,P022,22,22,0,8
2024-06-29,L5,P023,19,19,0,18
2024-06-29,L5,P024,45,45,0,15
2024-06-29,L5,P025,41,40,1,0
2024-06-30,L1,P001,88,86,2,0
2024-06-30,L1,P002,138,136,2,0
2024-06-30,L1,P003,111,109,1,19
2024-06-30,L1,P004,104,101,1,36
2024-06-30,L2,P005,94,91,1,35
2024-06-30,L2,P006,50,48,1,25
2024-06-30,L2,P007,67,66,1,11
2024-06-30,L2,P008,94,92,2,10
2024-06-30,L3,P009,182,177,2,40
2024-06-30,L3,P010,166,162,2,27
2024-06-30,L3,P011,168,164,1,53
2024-06-30,L3,P012,179,177,2,5
2024-06-30,L3,P013,173,169,2,33
2024-06-30,L3,P014,162,157,3,43
2024-06-30,L4,P015,556,545,2,31
2024-06-30,L4,P016,571,557,13,5
2024-06-30,L4,P017,552,531,8,45
2024-06-30,L4,P018,245,238,3,33
2024-06-30,L4,P019,240,234,2,32
2024-06-30,L4,P020,302,297,3,13
2024-06-30,L5,P021,33,32,0,43
2024-06-30,L5,P022,19,19,0,0
2024-06-30,L5,P023,25,25,0,35
2024-06-30,L5,P024,56,55,1,5
2024-06-30,L5,P025,39,38,1,23
2024-07-01,L1,P001,87,84,2,26
2024-07-01,L1,P002,104,101,2,12
2024-07-01,L1,P003,109,107,2,7
2024-07-01,L1,P004,111,110,1,2
2024-07-01,L2,P005,105,103,1,17
2024-07-01,L2,P006,53,52,1,15
2024-07-01,L2,P007,66,65,0,22
2024-07-01,L2,P008,72,70,1,35
2024-07-01,L3,P009,156,152,2,42
2024-07-01,L3,P010,146,142,3,24
2024-07-01,L3,P011,178,173,4,16
2024-07-01,L3,P012,184,176,5,42
2024-07-01,L3,P013,163,161,2,0
2024-07-01,L3,P014,120,117,3,9
2024-07-01,L4,P015,546,532,11,11
2024-07-01,L4,P016,474,456,10,32
2024-07-01,L4,P017,549,533,7,30
2024-07-01,L4,P018,228,221,3,30
2024-07-01,L4,P019,234,227,6,8
2024-07-01,L4,P020,209,202,3,38
2024-07-01,L5,P021,31,30,1,22
2024-07-01,L5,P022,21,21,0,0
2024-07-01,L5,P023,22,22,0,16
2024-07-01,L5,P024,55,53,1,24
2024-07-01,L5,P025,37,36,1,8
2024-07-02,L1,P001,88,84,2,34
2024-07-02,L1,P002,121,119,2,6
2024-07-02,L1,P003,111,110,1,0
2024-07-02,L1,P004,130,125,3,32
2024-07-02,L2,P005,70,69,0,16
2024-07-02,L2,P006,78,76,1,23
2024-07-02,L2,P007,58,56,1,26
2024-07-02,L2,P008,69,66,2,31
2024-07-02,L3,P009,172,168,1,44
2024-07-02,L3,P010,170,167,2,11
2024-07-02,L3,P011,135,133,1,12
2024-07-02,L3,P012,144,140,3,19
2024-07-02,L3,P013,153,150,2,20
2024-07-02,L3,P014,156,152,3,22
2024-07-02,L4,P015,553,543,7,10
2024-07-02,L4,P016,544,533,6,19
2024-07-02,L4,P017,532,520,8,14
2024-07-02,L4,P018,263,254,6,21
2024-07-02,L4,P019,227,220,4,29
2024-07-02,L4,P020,204,198,5,10
2024-07-02,L5,P021,26,26,0,33
2024-07-02,L5,P022,21,21,0,0
2024-07-02,L5,P023,14,14,0,7
2024-07-02,L5,P024,58,57,1,11
2024-07-02,L5,P025,28,27,1,12
2024-07-03,L1,P001,109,106,1,27
2024-07-03,L1,P002,93,91,2,5
2024-07-03,L1,P003,112,109,2,13
2024-07-03,L1,P004,87,83,3,12
2024-07-03,L2,P005,87,84,2,26
2024-07-03,L2,P006,61,60,0,18
2024-07-03,L2,P007,62,60,1,23
2024-07-03,L2,P008,79,77,1,19
2024-07-03,L3,P009,170,168,1,17
2024-07-03,L3,P010,165,163,2,0
2024-07-03,L3,P011,214,210,3,11
2024-07-03,L3,P012,156,153,2,12
2024-07-03,L3,P013,132,129,1,48
2024-07-03,L3,P014,161,157,3,16
2024-07-03,L4,P015,577,551,8,60
2024-07-03,L4,P016,528,514,6,28
2024-07-03,L4,P017,562,549,10,10
2024-07-03,L4,P018,289,282,6,8
2024-07-03,L4,P019,263,259,2,17
2024-07-03,L4,P020,246,238,5,21
2024-07-03,L5,P021,26,26,0,15
2024-07-03,L5,P022,23,23,0,12
2024-07-03,L5,P023,17,17,0,22
2024-07-03,L5,P024,41,41,0,0
2024-07-03,L5,P025,22,22,0,15
2024-07-04,L1,P001,140,137,1,23
2024-07-04,L1,P002,94,92,1,27
2024-07-04,L1,P003,98,95,1,34
2024-07-04,L1,P004,138,134,2,25
2024-07-04,L2,P005,85,83,2,0
2024-07-04,L2,P006,73,71,1,14
2024-07-04,L2,P007,106,101,2,52
2024-07-04,L2,P008,70,68,1,25
2024-07-04,L3,P009,191,186,3,24
2024-07-04,L3,P010,228,222,5,9
2024-07-04,L3,P011,188,186,2,0
2024-07-04,L3,P012,188,183,3,30
2024-07-04,L3,P013,155,152,2,26
2024-07-04,L3,P014,175,170,4,17
2024-07-04,L4,P015,681,670,11,1
2024-07-04,L4,P016,675,655,15,15
2024-07-04,L4,P017,682,662,13,21
2024-07-04,L4,P018,346,336,7,14
2024-07-04,L4,P019,390,384,1,24
2024-07-04,L4,P020,262,255,3,31
2024-07-04,L5,P021,30,29,1,3
2024-07-04,L5,P022,33,31,1,43
2024-07-04,L5,P023,24,24,0,34
2024-07-04,L5,P024,53,51,1,38
2024-07-04,L5,P025,32,32,0,0
2024-07-05,L1,P001,134,132,1,17
2024-07-05,L1,P002,135,132,3,3
2024-07-05,L1,P003,128,125,2,15
2024-07-05,L1,P004,135,132,2,20
2024-07-05,L2,P005,74,73,0,20
2024-07-05,L2,P006,111,108,1,37
2024-07-05,L2,P007,93,91,1,13
2024-07-05,L2,P008,108,105,0,48
2024-07-05,L3,P009,215,208,4,40
2024-07-05,L3,P010,255,251,3,13
2024-07-05,L3,P011,237,227,7,41
2024-07-05,L3,P012,231,223,7,10
2024-07-05,L3,P013,187,184,2,18
2024-07-05,L3,P014,199,193,3,49
2024-07-05,L4,P015,753,734,14,13
2024-07-05,L4,P016,732,711,17,11
2024-07-05,L4,P017,763,744,10,22
2024-07-05,L4,P018,309,296,6,43
2024-07-05,L4,P019,322,318,3,4
2024-07-05,L4,P020,333,325,6,13
2024-07-05,L5,P021,14,14,0,36
2024-07-05,L5,P022,14,14,0,32
2024-07-05,L5,P023,41,40,0,43
2024-07-05,L5,P024,88,84,3,21
2024-07-05,L5,P025,38,38,0,0
2024-07-06,L1,P001,64,62,1,32
2024-07-06,L1,P002,77,75,1,28
2024-07-06,L1,P003,85,84,1,4
2024-07-06,L1,P004,118,115,2,19
2024-07-06,L2,P005,88,85,1,33
2024-07-06,L2,P006,62,61,1,4
2024-07-06,L2,P007,70,69,1,13
2024-07-06,L2,P008,79,77,1,23
2024-07-06,L3,P009,159,153,3,46
2024-07-06,L3,P010,144,142,2,5
2024-07-06,L3,P011,146,142,2,30
2024-07-06,L3,P012,144,144,0,0
2024-07-06,L3,P013,179,175,2,25
2024-07-06,L3,P014,148,146,2,3
2024-07-06,L4,P015,468,457,10,6
2024-07-06,L4,P016,706,689,12,14
2024-07-06,L4,P017,485,471,6,30
2024-07-06,L4,P018,228,225,3,0
2024-07-06,L4,P019,223,220,3,2
2024-07-06,L4,P020,202,196,3,24
2024-07-06,L5,P021,26,26,0,35
2024-07-06,L5,P022,27,27,0,28
2024-07-06,L5,P023,15,15,0,2
2024-07-06,L5,P024,47,46,0,30
2024-07-06,L5,P025,34,33,0,35
2024-07-07,L1,P001,80,77,1,45
2024-07-07,L1,P002,105,103,2,7
2024-07-07,L1,P003,121,116,3,28
2024-07-07,L1,P004,100,97,1,33
2024-07-07,L2,P005,70,67,2,21
2024-07-07,L2,P006,66,64,1,22
2024-07-07,L2,P007,53,52,1,13
2024-07-07,L2,P008,72,69,1,40
2024-07-07,L3,P009,164,157,4,45
2024-07-07,L3,P010,163,159,4,0
2024-07-07,L3,P011,175,174,0,16
2024-07-07,L3,P012,198,195,3,3
2024-07-07,L3,P013,153,150,3,2
2024-07-07,L3,P014,181,176,3,24
2024-07-07,L4,P015,536,526,10,0
2024-07-07,L4,P016,543,532,7,13
2024-07-07,L4,P017,551,534,12,19
2024-07-07,L4,P018,243,238,3,19
2024-07-07,L4,P019,240,236,2,16
2024-07-07,L4,P020,293,286,2,31
2024-07-07,L5,P021,21,21,0,12
2024-07-07,L5,P022,31,31,0,27
2024-07-07,L5,P023,34,34,0,6
2024-07-07,L5,P024,43,42,1,2
2024-07-07,L5,P025,21,20,1,0
2024-07-08,L1,P001,93,91,1,17
2024-07-08,L1,P002,94,92,0,45
2024-07-08,L1,P003,129,124,3,32
2024-07-08,L1,P004,111,110,1,8
2024-07-08,L2,P005,44,43,1,10
2024-07-08,L2,P006,68,67,1,14
2024-07-08,L2,P007,103,102,1,0
2024-07-08,L2,P008,75,73,2,3
2024-07-08,L3,P009,151,148,2,10
2024-07-08,L3,P010,152,148,2,35
2024-07-08,L3,P011,148,145,2,13
2024-07-08,L3,P012,182,179,2,18
2024-07-08,L3,P013,143,141,1,16
2024-07-08,L3,P014,171,166,2,52
2024-07-08,L4,P015,655,651,0,11
2024-07-08,L4,P016,563,547,10,22
2024-07-08,L4,P017,716,691,11,37
2024-07-08,L4,P018,334,326,6,14
2024-07-08,L4,P019,216,208,5,29
2024-07-08,L4,P020,297,291,5,9
2024-07-08,L5,P021,26,26,0,11
2024-07-08,L5,P022,47,46,1,12
2024-07-08,L5,P023,33,31,1,36
2024-07-08,L5,P024,40,38,1,43
2024-07-08,L5,P025,32,30,1,31
2024-07-09,L1,P001,97,95,1,13
2024-07-09,L1,P002,76,73,2,37
2024-07-09,L1,P003,73,72,1,0
2024-07-09,L1,P004,102,98,2,33
2024-07-09,L2,P005,52,50,1,38
2024-07-09,L2,P006,94,92,2,8
2024-07-09,L2,P007,61,60,0,35
2024-07-09,L2,P008,96,94,1,13
2024-07-09,L3,P009,182,178,3,9
2024-07-09,L3,P010,161,156,3,43
2024-07-09,L3,P011,169,164,3,32
2024-07-09,L3,P012,169,163,3,46
2024-07-09,L3,P013,164,158,4,30
2024-07-09,L3,P014,140,137,2,12
2024-07-09,L4,P015,517,501,10,24
2024-07-09,L4,P016,551,546,4,3
2024-07-09,L4,P017,512,494,10,30
2024-07-09,L4,P018,260,253,3,31
2024-07-09,L4,P019,342,334,3,26
2024-07-09,L4,P020,256,252,3,11
2024-07-09,L5,P021,34,34,0,9
2024-07-09,L5,P022,33,32,1,1
2024-07-09,L5,P023,22,22,0,27
2024-07-09,L5,P024,43,43,0,19
2024-07-09,L5,P025,24,24,0,25
2024-07-10,L1,P001,99,95,2,43
2024-07-10,L1,P002,171,168,2,14
2024-07-10,L1,P003,128,126,1,8
2024-07-10,L1,P004,79,77,1,14
2024-07-10,L2,P005,113,110,1,32
2024-07-10,L2,P006,80,79,1,10
2024-07-10,L2,P007,58,57,1,0
2024-07-10,L2,P008,80,78,1,26
2024-07-10,L3,P009,194,190,3,22
2024-07-10,L3,P010,181,176,4,15
2024-07-10,L3,P011,159,155,2,29
2024-07-10,L3,P012,171,167,3,12
2024-07-10,L3,P013,148,146,1,17
2024-07-10,L3,P014,133,132,1,1
2024-07-10,L4,P015,555,547,7,4
2024-07-10,L4,P016,532,523,7,8
2024-07-10,L4,P017,731,707,9,39
2024-07-10,L4,P018,309,304,4,5
2024-07-10,L4,P019,249,243,3,25
2024-07-10,L4,P020,299,289,6,23
2024-07-10,L5,P021,29,29,0,24
2024-07-10,L5,P022,16,16,0,10
2024-07-10,L5,P023,35,34,0,45
2024-07-10,L5,P024,30,30,0,30
2024-07-10,L5,P025,25,24,1,8
2024-07-11,L1,P001,121,119,2,2
2024-07-11,L1,P002,112,108,3,10
2024-07-11,L1,P003,122,119,3,0
2024-07-11,L1,P004,148,144,2,25
2024-07-11,L2,P005,62,60,1,31
2024-07-11,L2,P006,67,64,1,44
2024-07-11,L2,P007,82,79,1,49
2024-07-11,L2,P008,73,72,1,12
2024-07-11,L3,P009,193,190,2,16
2024-07-11,L3,P010,188,185,2,20
2024-07-11,L3,P011,183,179,2,29
2024-07-11,L3,P012,186,180,4,24
2024-07-11,L3,P013,182,178,3,12
2024-07-11,L3,P014,154,151,3,5
2024-07-11,L4,P015,882,864,11,16
2024-07-11,L4,P016,650,636,9,14
2024-07-11,L4,P017,647,634,2,34
2024-07-11,L4,P018,464,451,8,21
2024-07-11,L4,P019,260,252,5,21
2024-07-11,L4,P020,359,345,8,30
2024-07-11,L5,P021,27,27,0,25
2024-07-11,L5,P022,26,25,0,42
2024-07-11,L5,P023,23,23,0,24
2024-07-11,L5,P024,25,23,1,44
2024-07-11,L5,P025,32,31,1,17
2024-07-12,L1,P001,136,134,2,3
2024-07-12,L1,P002,114,111,3,7
2024-07-12,L1,P003,158,155,2,7
2024-07-12,L1,P004,126,123,1,26
2024-07-12,L2,P005,116,113,2,18
2024-07-12,L2,P006,94,89,2,63
2024-07-12,L2,P007,84,81,1,35
2024-07-12,L2,P008,108,107,1,6
2024-07-12,L3,P009,222,218,2,27
2024-07-12,L3,P010,212,204,5,47
2024-07-12,L3,P011,275,271,2,16
2024-07-12,L3,P012,208,202,3,37
2024-07-12,L3,P013,235,230,2,36
2024-07-12,L3,P014,228,222,5,13
2024-07-12,L4,P015,780,776,4,0
2024-07-12,L4,P016,742,723,16,7
2024-07-12,L4,P017,768,744,16,21
2024-07-12,L4,P018,419,410,8,5
2024-07-12,L4,P019,352,340,5,37
2024-07-12,L4,P020,343,335,2,32
2024-07-12,L5,P021,35,34,1,12
2024-07-12,L5,P022,29,29,0,18
2024-07-12,L5,P023,37,35,1,27
2024-07-12,L5,P024,74,72,1,14
2024-07-12,L5,P025,38,37,0,54
2024-07-13,L1,P001,115,112,1,27
2024-07-13,L1,P002,150,147,3,5
2024-07-13,L1,P003,106,104,1,23
2024-07-13,L1,P004,101,100,0,17
2024-07-13,L2,P005,69,69,0,6
2024-07-13,L2,P006,82,79,2,19
2024-07-13,L2,P007,73,71,1,30
2024-07-13,L2,P008,62,60,1,45
2024-07-13,L3,P009,171,166,3,34
2024-07-13,L3,P010,168,163,4,18
2024-07-13,L3,P011,151,147,3,14
2024-07-13,L3,P012,114,111,2,28
2024-07-13,L3,P013,151,149,2,4
2024-07-13,L3,P014,180,177,2,19
2024-07-13,L4,P015,502,494,7,4
2024-07-13,L4,P016,508,495,6,27
2024-07-13,L4,P017,539,524,7,27
2024-07-13,L4,P018,268,262,5,4
2024-07-13,L4,P019,234,229,3,17
2024-07-13,L4,P020,343,336,7,2
2024-07-13,L5,P021,29,29,0,0
2024-07-13,L5,P022,31,29,1,44
2024-07-13,L5,P023,27,26,1,0
2024-07-13,L5,P024,27,27,0,0
2024-07-13,L5,P025,33,33,0,27
2024-07-14,L1,P001,95,92,1,41
2024-07-14,L1,P002,94,90,2,51
2024-07-14,L1,P003,127,125,2,5
2024-07-14,L1,P004,90,87,1,36
2024-07-14,L2,P005,81,81,0,0
2024-07-14,L2,P006,98,95,2,26
2024-07-14,L2,P007,53,52,1,2
2024-07-14,L2,P008,63,62,1,15
2024-07-14,L3,P009,169,165,3,18
2024-07-14,L3,P010,130,127,3,11
2024-07-14,L3,P011,157,153,2,37
2024-07-14,L3,P012,182,179,2,20
2024-07-14,L3,P013,159,155,3,20
2024-07-14,L3,P014,164,161,1,29
2024-07-14,L4,P015,597,581,8,25
2024-07-14,L4,P016,537,517,13,24
2024-07-14,L4,P017,527,514,8,19
2024-07-14,L4,P018,255,250,2,26
2024-07-14,L4,P019,269,264,4,9
2024-07-14,L4,P020,224,220,4,2
2024-07-14,L5,P021,22,21,0,45
2024-07-14,L5,P022,31,30,0,53
2024-07-14,L5,P023,44,42,1,22
2024-07-14,L5,P024,56,55,1,12
2024-07-14,L5,P025,11,11,0,39
2024-07-15,L1,P001,93,90,2,22
2024-07-15,L1,P002,121,118,2,15
2024-07-15,L1,P003,108,106,1,23
2024-07-15,L1,P004,85,84,1,6
2024-07-15,L2,P005,68,65,1,56
2024-07-15,L2,P006,56,55,1,13
2024-07-15,L2,P007,86,86,0,0
2024-07-15,L2,P008,78,76,1,23
2024-07-15,L3,P009,247,244,1,29
2024-07-15,L3,P010,215,211,2,23
2024-07-15,L3,P011,139,136,2,25
2024-07-15,L3,P012,167,166,1,0
2024-07-15,L3,P013,165,163,2,8
2024-07-15,L3,P014,178,172,4,31
2024-07-15,L4,P015,590,571,9,33
2024-07-15,L4,P016,579,555,9,50
2024-07-15,L4,P017,520,497,11,43
2024-07-15,L4,P018,229,226,2,9
2024-07-15,L4,P019,287,284,3,3
2024-07-15,L4,P020,242,238,3,4
2024-07-15,L5,P021,21,21,0,14
2024-07-15,L5,P022,21,21,0,22
2024-07-15,L5,P023,29,28,1,0
2024-07-15,L5,P024,34,33,0,31
2024-07-15,L5,P025,25,25,0,12
2024-07-16,L1,P001,112,109,1,37
2024-07-16,L1,P002,94,91,1,35
2024-07-16,L1,P003,85,83,2,10
2024-07-16,L1,P004,102,101,1,0
2024-07-16,L2,P005,78,77,1,10
2024-07-16,L2,P006,76,75,0,24
2024-07-16,L2,P007,83,80,1,45
2024-07-16,L2,P008,60,59,1,0
2024-07-16,L3,P009,225,221,2,28
2024-07-16,L3,P010,191,184,4,46
2024-07-16,L3,P011,184,178,3,46
2024-07-16,L3,P012,187,184,3,0
2024-07-16,L3,P013,139,135,2,38
2024-07-16,L3,P014,172,168,3,9
2024-07-16,L4,P015,564,553,9,8
2024-07-16,L4,P016,562,551,7,13
2024-07-16,L4,P017,507,490,6,43
2024-07-16,L4,P018,211,207,3,7
2024-07-16,L4,P019,246,241,3,16
2024-07-16,L4,P020,289,283,2,27
2024-07-16,L5,P021,38,37,0,44
2024-07-16,L5,P022,22,22,0,12
2024-07-16,L5,P023,26,26,0,21
2024-07-16,L5,P024,34,32,1,34
2024-07-16,L5,P025,17,16,1,27
2024-07-17,L1,P001,82,80,2,7
2024-07-17,L1,P002,97,95,1,24
2024-07-17,L1,P003,103,101,1,27
2024-07-17,L1,P004,132,130,1,18
2024-07-17,L2,P005,76,75,1,7
2024-07-17,L2,P006,69,67,1,20
2024-07-17,L2,P007,70,68,1,26
2024-07-17,L2,P008,73,71,1,17
2024-07-17,L3,P009,176,172,3,23
2024-07-17,L3,P010,191,185,3,40
2024-07-17,L3,P011,155,153,2,0
2024-07-17,L3,P012,176,173,2,11
2024-07-17,L3,P013,171,166,4,16
2024-07-17,L3,P014,158,155,3,9
2024-07-17,L4,P015,518,506,10,7
2024-07-17,L4,P016,505,501,2,6
2024-07-17,L4,P017,738,721,4,34
2024-07-17,L4,P018,280,272,5,22
2024-07-17,L4,P019,289,281,5,17
2024-07-17,L4,P020,272,266,4,16
2024-07-17,L5,P021,28,27,0,49
2024-07-17,L5,P022,26,26,0,21
2024-07-17,L5,P023,28,28,0,5
2024-07-17,L5,P024,41,39,1,30
2024-07-17,L5,P025,27,26,0,39
2024-07-18,L1,P001,127,123,2,30
2024-07-18,L1,P002,127,125,2,0
2024-07-18,L1,P003,129,125,2,26
2024-07-18,L1,P004,102,99,1,29
2024-07-18,L2,P005,82,79,2,23
2024-07-18,L2,P006,81,80,1,7
2024-07-18,L2,P007,61,59,1,45
2024-07-18,L2,P008,92,91,1,3
2024-07-18,L3,P009,225,217,5,41
2024-07-18,L3,P010,217,213,3,13
2024-07-18,L3,P011,189,181,5,44
2024-07-18,L3,P012,190,187,2,16
2024-07-18,L3,P013,219,213,4,24
2024-07-18,L3,P014,221,217,3,19
2024-07-18,L4,P015,829,791,13,59
2024-07-18,L4,P016,632,612,13,21
2024-07-18,L4,P017,878,845,19,31
2024-07-18,L4,P018,298,293,0,29
2024-07-18,L4,P019,290,286,4,3
2024-07-18,L4,P020,295,289,3,21
2024-07-18,L5,P021,33,33,0,18
2024-07-18,L5,P022,29,28,0,50
2024-07-18,L5,P023,31,31,0,29
2024-07-18,L5,P024,60,59,0,39
2024-07-18,L5,P025,40,38,1,46
2024-07-19,L1,P001,144,140,2,24
2024-07-19,L1,P002,152,148,2,19
2024-07-19,L1,P003,138,135,2,11
2024-07-19,L1,P004,141,137,2,24
2024-07-19,L2,P005,82,79,2,24
2024-07-19,L2,P006,86,82,1,59
2024-07-19,L2,P007,85,82,2,23
2024-07-19,L2,P008,125,121,2,24
2024-07-19,L3,P009,251,249,2,0
2024-07-19,L3,P010,197,193,3,20
2024-07-19,L3,P011,205,200,2,45
2024-07-19,L3,P012,304,295,7,18
2024-07-19,L3,P013,216,212,4,0
2024-07-19,L3,P014,286,282,4,0
2024-07-19,L4,P015,716,702,6,22
2024-07-19,L4,P016,804,772,14,42
2024-07-19,L4,P017,762,745,12,13
2024-07-19,L4,P018,398,390,1,36
2024-07-19,L4,P019,491,476,7,33
2024-07-19,L4,P020,358,347,6,26
2024-07-19,L5,P021,44,43,1,0
2024-07-19,L5,P022,28,27,1,23
2024-07-19,L5,P023,45,43,1,36
2024-07-19,L5,P024,94,92,1,25
2024-07-19,L5,P025,37,36,1,25
2024-07-20,L1,P001,98,97,1,0
2024-07-20,L1,P002,111,108,1,28
2024-07-20,L1,P003,110,109,1,5
2024-07-20,L1,P004,79,78,0,25
2024-07-20,L2,P005,73,71,1,31
2024-07-20,L2,P006,78,76,1,26
2024-07-20,L2,P007,69,67,1,32
2024-07-20,L2,P008,76,74,1,27
2024-07-20,L3,P009,154,152,2,4
2024-07-20,L3,P010,135,131,3,24
2024-07-20,L3,P011,165,160,4,21
2024-07-20,L3,P012,144,141,2,24
2024-07-20,L3,P013,159,157,1,22
2024-07-20,L3,P014,159,157,2,0
2024-07-20,L4,P015,514,499,4,40
2024-07-20,L4,P016,502,479,6,64
2024-07-20,L4,P017,492,473,8,44
2024-07-20,L4,P018,239,233,3,25
2024-07-20,L4,P019,258,249,5,27
2024-07-20,L4,P020,264,259,3,17
2024-07-20,L5,P021,26,26,0,15
2024-07-20,L5,P022,26,26,0,32
2024-07-20,L5,P023,20,19,0,52
2024-07-20,L5,P024,47,47,0,9
2024-07-20,L5,P025,24,23,1,11
2024-07-21,L1,P001,129,127,2,0
2024-07-21,L1,P002,103,101,1,14
2024-07-21,L1,P003,104,100,2,44
2024-07-21,L1,P004,106,104,1,16
2024-07-21,L2,P005,50,48,1,33
2024-07-21,L2,P006,81,78,1,39
2024-07-21,L2,P007,58,56,1,26
2024-07-21,L2,P008,55,53,1,32
2024-07-21,L3,P009,186,179,3,56
2024-07-21,L3,P010,156,152,3,20
2024-07-21,L3,P011,183,178,3,35
2024-07-21,L3,P012,144,142,2,8
2024-07-21,L3,P013,150,147,2,12
2024-07-21,L3,P014,158,155,2,27
2024-07-21,L4,P015,596,574,16,20
2024-07-21,L4,P016,556,539,5,40
2024-07-21,L4,P017,606,587,9,32
2024-07-21,L4,P018,290,285,2,21
2024-07-21,L4,P019,232,225,4,23
2024-07-21,L4,P020,286,277,2,44
2024-07-21,L5,P021,30,29,0,45
2024-07-21,L5,P022,28,27,0,46
2024-07-21,L5,P023,39,39,0,18
2024-07-21,L5,P024,52,50,1,39
2024-07-21,L5,P025,34,32,1,30
2024-07-22,L1,P001,96,95,1,4
2024-07-22,L1,P002,113,111,2,0
2024-07-22,L1,P003,96,94,1,13
2024-07-22,L1,P004,103,102,1,7
2024-07-22,L2,P005,83,82,1,8
2024-07-22,L2,P006,103,101,1,18
2024-07-22,L2,P007,59,58,1,0
2024-07-22,L2,P008,56,54,1,22
2024-07-22,L3,P009,146,142,2,32
2024-07-22,L3,P010,166,162,3,12
2024-07-22,L3,P011,190,189,0,20
2024-07-22,L3,P012,148,146,2,4
2024-07-22,L3,P013,152,148,3,22
2024-07-22,L3,P014,162,157,3,35
2024-07-22,L4,P015,559,545,7,23
2024-07-22,L4,P016,519,506,7,24
2024-07-22,L4,P017,559,549,10,0
2024-07-22,L4,P018,284,276,7,7
2024-07-22,L4,P019,260,256,4,0
2024-07-22,L4,P020,252,242,5,36
2024-07-22,L5,P021,24,24,0,21
2024-07-22,L5,P022,37,37,0,19
2024-07-22,L5,P023,15,15,0,16
2024-07-22,L5,P024,53,52,1,10
2024-07-22,L5,P025,38,38,0,7
2024-07-23,L1,P001,178,174,4,2
2024-07-23,L1,P002,116,112,3,24
2024-07-23,L1,P003,90,88,0,32
2024-07-23,L1,P004,68,66,1,40
2024-07-23,L2,P005,75,74,1,0
2024-07-23,L2,P006,56,55,1,0
2024-07-23,L2,P007,85,82,1,35
2024-07-23,L2,P008,93,90,2,12
2024-07-23,L3,P009,162,159,2,21
2024-07-23,L3,P010,152,148,3,26
2024-07-23,L3,P011,164,161,3,0
2024-07-23,L3,P012,148,148,0,0
2024-07-23,L3,P013,184,180,3,11
2024-07-23,L3,P014,181,177,2,24
2024-07-23,L4,P015,571,561,4,21
2024-07-23,L4,P016,538,528,10,0
2024-07-23,L4,P017,576,549,11,53
2024-07-23,L4,P018,199,193,3,32
2024-07-23,L4,P019,263,253,2,56
2024-07-23,L4,P020,249,237,5,51
2024-07-23,L5,P021,30,30,0,12
2024-07-23,L5,P022,40,39,1,0
2024-07-23,L5,P023,35,33,1,35
2024-07-23,L5,P024,62,60,1,35
2024-07-23,L5,P025,19,19,0,22
2024-07-24,L1,P001,102,98,3,15
2024-07-24,L1,P002,109,108,0,19
2024-07-24,L1,P003,135,131,3,15
2024-07-24,L1,P004,97,95,1,28
2024-07-24,L2,P005,78,77,1,10
2024-07-24,L2,P006,50,49,1,14
2024-07-24,L2,P007,74,72,1,30
2024-07-24,L2,P008,64,62,1,27
2024-07-24,L3,P009,181,178,1,24
2024-07-24,L3,P010,187,178,5,54
2024-07-24,L3,P011,155,151,1,49
2024-07-24,L3,P012,163,160,3,2
2024-07-24,L3,P013,169,166,1,38
2024-07-24,L3,P014,178,176,2,5
2024-07-24,L4,P015,555,539,12,15
2024-07-24,L4,P016,545,528,6,38
2024-07-24,L4,P017,570,558,10,8
2024-07-24,L4,P018,264,256,3,35
2024-07-24,L4,P019,276,272,4,0
2024-07-24,L4,P020,261,254,2,38
2024-07-24,L5,P021,16,16,0,3
2024-07-24,L5,P022,16,16,0,13
2024-07-24,L5,P023,39,37,1,35
2024-07-24,L5,P024,53,52,0,26
2024-07-24,L5,P025,26,26,0,18
2024-07-25,L1,P001,101,98,2,16
2024-07-25,L1,P002,118,115,2,10
2024-07-25,L1,P003,125,124,1,5
2024-07-25,L1,P004,129,123,3,39
2024-07-25,L2,P005,48,48,0,4
2024-07-25,L2,P006,110,107,2,22
2024-07-25,L2,P007,84,82,1,25
2024-07-25,L2,P008,63,62,1,10
2024-07-25,L3,P009,221,217,4,0
2024-07-25,L3,P010,209,205,4,0
2024-07-25,L3,P011,178,175,3,8
2024-07-25,L3,P012,275,270,5,0
2024-07-25,L3,P013,204,201,2,21
2024-07-25,L3,P014,154,153,1,6
2024-07-25,L4,P015,687,676,5,17
2024-07-25,L4,P016,657,641,6,30
2024-07-25,L4,P017,582,568,9,15
2024-07-25,L4,P018,293,286,3,24
2024-07-25,L4,P019,296,289,2,31
2024-07-25,L4,P020,272,268,2,14
2024-07-25,L5,P021,29,29,0,26
2024-07-25,L5,P022,37,36,1,19
2024-07-25,L5,P023,16,16,0,16
2024-07-25,L5,P024,53,52,0,26
2024-07-25,L5,P025,25,24,1,14
2024-07-26,L1,P001,143,138,4,7
2024-07-26,L1,P002,117,115,2,1
2024-07-26,L1,P003,109,107,0,30
2024-07-26,L1,P004,123,120,1,25
2024-07-26,L2,P005,81,78,2,14
2024-07-26,L2,P006,97,95,1,18
2024-07-26,L2,P007,104,102,1,17
2024-07-26,L2,P008,83,82,1,7
2024-07-26,L3,P009,207,203,2,26
2024-07-26,L3,P010,240,234,4,28
2024-07-26,L3,P011,224,219,4,13
2024-07-26,L3,P012,238,230,4,45
2024-07-26,L3,P013,309,304,3,15
2024-07-26,L3,P014,201,199,2,0
2024-07-26,L4,P015,681,668,13,0
2024-07-26,L4,P016,723,716,7,0
2024-07-26,L4,P017,773,758,12,7
2024-07-26,L4,P018,311,302,3,39
2024-07-26,L4,P019,348,341,6,6
2024-07-26,L4,P020,338,331,6,5
2024-07-26,L5,P021,28,27,1,22
2024-07-26,L5,P022,48,47,0,49
2024-07-26,L5,P023,46,45,1,6
2024-07-26,L5,P024,73,72,0,16
2024-07-26,L5,P025,35,33,1,33
2024-07-27,L1,P001,84,82,2,2
2024-07-27,L1,P002,145,143,2,0
2024-07-27,L1,P003,88,85,2,31
2024-07-27,L1,P004,108,105,1,32
2024-07-27,L2,P005,63,61,1,17
2024-07-27,L2,P006,63,60,1,55
2024-07-27,L2,P007,66,64,1,15
2024-07-27,L2,P008,78,77,1,6
2024-07-27,L3,P009,157,154,2,27
2024-07-27,L3,P010,147,145,1,29
2024-07-27,L3,P011,163,161,0,35
2024-07-27,L3,P012,130,128,1,22
2024-07-27,L3,P013,155,151,3,16
2024-07-27,L3,P014,172,168,4,0
2024-07-27,L4,P015,398,384,9,22
2024-07-27,L4,P016,575,564,10,4
2024-07-27,L4,P017,573,565,6,7
2024-07-27,L4,P018,291,290,1,0
2024-07-27,L4,P019,221,215,5,8
2024-07-27,L4,P020,263,257,3,24
2024-07-27,L5,P021,34,34,0,6
2024-07-27,L5,P022,13,13,0,30
2024-07-27,L5,P023,24,24,0,0
2024-07-27,L5,P024,40,39,0,25
2024-07-27,L5,P025,33,32,1,16
2024-07-28,L1,P001,94,91,1,38
2024-07-28,L1,P002,105,103,2,0
2024-07-28,L1,P003,76,75,1,0
2024-07-28,L1,P004,112,108,2,30
2024-07-28,L2,P005,80,78,1,17
2024-07-28,L2,P006,75,74,1,7
2024-07-28,L2,P007,72,71,1,6
2024-07-28,L2,P008,99,96,1,47
2024-07-28,L3,P009,166,161,3,37
2024-07-28,L3,P010,179,175,3,16
2024-07-28,L3,P011,176,172,3,24
2024-07-28,L3,P012,182,178,2,27
2024-07-28,L3,P013,188,184,4,0
2024-07-28,L3,P014,141,138,1,35
2024-07-28,L4,P015,549,541,4,13
2024-07-28,L4,P016,518,502,9,26
2024-07-28,L4,P017,519,506,7,21
2024-07-28,L4,P018,271,263,5,22
2024-07-28,L4,P019,263,255,4,32
2024-07-28,L4,P020,268,263,3,14
2024-07-28,L5,P021,9,9,0,32
2024-07-28,L5,P022,22,22,0,14
2024-07-28,L5,P023,25,24,1,0
2024-07-28,L5,P024,35,33,1,29
2024-07-28,L5,P025,21,21,0,36
2024-07-29,L1,P001,111,109,2,5
2024-07-29,L1,P002,99,96,2,14
2024-07-29,L1,P003,96,94,1,25
2024-07-29,L1,P004,91,88,1,37
2024-07-29,L2,P005,61,59,2,12
2024-07-29,L2,P006,56,56,0,7
2024-07-29,L2,P007,78,76,1,36
2024-07-29,L2,P008,80,78,2,0
2024-07-29,L3,P009,164,161,2,24
2024-07-29,L3,P010,184,180,4,7
2024-07-29,L3,P011,150,148,1,19
2024-07-29,L3,P012,169,165,4,0
2024-07-29,L3,P013,133,131,2,0
2024-07-29,L3,P014,147,143,2,41
2024-07-29,L4,P015,550,540,8,8
2024-07-29,L4,P016,562,550,4,26
2024-07-29,L4,P017,520,501,11,30
2024-07-29,L4,P018,305,295,5,32
2024-07-29,L4,P019,231,228,3,0
2024-07-29,L4,P020,289,280,5,25
2024-07-29,L5,P021,20,20,0,43
2024-07-29,L5,P022,13,13,0,29
2024-07-29,L5,P023,38,37,1,0
2024-07-29,L5,P024,73,72,1,13
2024-07-29,L5,P025,24,24,0,21
2024-07-30,L1,P001,114,111,1,38
2024-07-30,L1,P002,125,121,3,13
2024-07-30,L1,P003,123,119,2,29
2024-07-30,L1,P004,105,101,2,37
2024-07-30,L2,P005,103,101,1,25
2024-07-30,L2,P006,77,74,2,13
2024-07-30,L2,P007,82,81,1,7
2024-07-30,L2,P008,72,72,0,5
2024-07-30,L3,P009,144,140,2,44
2024-07-30,L3,P010,121,120,1,0
2024-07-30,L3,P011,168,164,3,15
2024-07-30,L3,P012,179,173,4,30
2024-07-30,L3,P013,151,149,1,21
2024-07-30,L3,P014,172,171,0,22
2024-07-30,L4,P015,740,712,15,34
2024-07-30,L4,P016,502,487,7,31
2024-07-30,L4,P017,567,557,7,10
2024-07-30,L4,P018,264,259,3,18
2024-07-30,L4,P019,256,253,1,16
2024-07-30,L4,P020,247,240,4,26
2024-07-30,L5,P021,24,24,0,31
2024-07-30,L5,P022,30,30,0,22
2024-07-30,L5,P023,26,26,0,11
2024-07-30,L5,P024,56,54,1,20
2024-07-30,L5,P025,16,16,0,0
2024-07-31,L1,P001,96,94,2,5
2024-07-31,L1,P002,84,80,2,38
2024-07-31,L1,P003,87,86,1,8
2024-07-31,L1,P004,117,115,1,19
2024-07-31,L2,P005,69,67,2,0
2024-07-31,L2,P006,72,71,1,3
2024-07-31,L2,P007,78,76,1,29
2024-07-31,L2,P008,59,58,0,36
2024-07-31,L3,P009,175,172,2,21
2024-07-31,L3,P010,178,174,4,2
2024-07-31,L3,P011,147,142,3,33
2024-07-31,L3,P012,175,169,4,30
2024-07-31,L3,P013,158,154,2,39
2024-07-31,L3,P014,184,180,2,29
2024-07-31,L4,P015,526,514,4,29
2024-07-31,L4,P016,557,546,11,0
2024-07-31,L4,P017,555,543,5,23
2024-07-31,L4,P018,264,252,7,34
2024-07-31,L4,P019,263,251,5,50
2024-07-31,L4,P020,295,287,4,25
2024-07-31,L5,P021,41,40,1,0
2024-07-31,L5,P022,27,27,0,10
2024-07-31,L5,P023,24,24,0,19
2024-07-31,L5,P024,47,45,1,21
2024-07-31,L5,P025,24,24,0,7
2024-08-01,L1,P001,136,133,2,13
2024-08-01,L1,P002,147,145,2,0
2024-08-01,L1,P003,132,127,3,25
2024-08-01,L1,P004,108,105,1,31
2024-08-01,L2,P005,69,69,0,10
2024-08-01,L2,P006,97,93,2,41
2024-08-01,L2,P007,102,98,2,33
2024-08-01,L2,P008,60,57,1,50
2024-08-01,L3,P009,166,163,3,6
2024-08-01,L3,P010,189,185,3,12
2024-08-01,L3,P011,188,185,2,19
2024-08-01,L3,P012,157,152,3,37
2024-08-01,L3,P013,258,252,5,10
2024-08-01,L3,P014,207,202,2,39
2024-08-01,L4,P015,586,571,14,2
2024-08-01,L4,P016,675,651,9,44
2024-08-01,L4,P017,653,638,14,2
2024-08-01,L4,P018,306,297,7,14
2024-08-01,L4,P019,334,328,5,5
2024-08-01,L4,P020,284,275,6,21
2024-08-01,L5,P021,35,34,1,13
2024-08-01,L5,P022,41,39,1,31
2024-08-01,L5,P023,34,34,0,10
2024-08-01,L5,P024,47,46,1,13
2024-08-01,L5,P025,20,20,0,30
2024-08-02,L1,P001,162,155,4,30
2024-08-02,L1,P002,141,136,3,23
2024-08-02,L1,P003,191,187,2,25
2024-08-02,L1,P004,187,182,3,18
2024-08-02,L2,P005,95,93,2,5
2024-08-02,L2,P006,110,106,3,9
2024-08-02,L2,P007,98,96,2,1
2024-08-02,L2,P008,85,84,1,4
2024-08-02,L3,P009,249,242,5,19
2024-08-02,L3,P010,170,166,1,44
2024-08-02,L3,P011,254,247,3,40
2024-08-02,L3,P012,228,224,4,6
2024-08-02,L3,P013,218,213,5,6
2024-08-02,L3,P014,188,180,5,42
2024-08-02,L4,P015,738,716,13,24
2024-08-02,L4,P016,758,739,10,24
2024-08-02,L4,P017,705,692,8,13
2024-08-02,L4,P018,353,344,3,30
2024-08-02,L4,P019,297,290,4,19
2024-08-02,L4,P020,331,326,5,2
2024-08-02,L5,P021,31,29,1,59
2024-08-02,L5,P022,38,38,0,20
2024-08-02,L5,P023,37,36,1,11
2024-08-02,L5,P024,64,63,1,0
2024-08-02,L5,P025,35,33,1,38
2024-08-03,L1,P001,120,118,1,21
2024-08-03,L1,P002,104,101,1,40
2024-08-03,L1,P003,121,118,1,26
2024-08-03,L1,P004,117,112,3,33
2024-08-03,L2,P005,79,77,1,33
2024-08-03,L2,P006,80,78,1,24
2024-08-03,L2,P007,52,50,1,21
2024-08-03,L2,P008,70,68,1,17
2024-08-03,L3,P009,182,177,4,9
2024-08-03,L3,P010,176,173,1,38
2024-08-03,L3,P011,153,149,3,13
2024-08-03,L3,P012,184,178,5,16
2024-08-03,L3,P013,162,160,1,9
2024-08-03,L3,P014,152,149,2,26
2024-08-03,L4,P015,510,497,7,24
2024-08-03,L4,P016,485,474,4,28
2024-08-03,L4,P017,547,540,4,11
2024-08-03,L4,P018,269,265,2,15
2024-08-03,L4,P019,268,256,8,32
2024-08-03,L4,P020,212,207,3,22
2024-08-03,L5,P021,33,32,1,10
2024-08-03,L5,P022,25,24,1,35
2024-08-03,L5,P023,32,32,0,29
2024-08-03,L5,P024,56,54,1,37
2024-08-03,L5,P025,31,30,1,18
2024-08-04,L1,P001,113,108,3,37
2024-08-04,L1,P002,99,96,2,27
2024-08-04,L1,P003,108,105,2,19
2024-08-04,L1,P004,93,90,2,21
2024-08-04,L2,P005,58,57,1,7
2024-08-04,L2,P006,75,72,2,29
2024-08-04,L2,P007,85,83,1,15
2024-08-04,L2,P008,58,56,1,22
2024-08-04,L3,P009,154,152,1,21
2024-08-04,L3,P010,226,222,2,26
2024-08-04,L3,P011,150,148,1,17
2024-08-04,L3,P012,144,141,3,6
2024-08-04,L3,P013,191,186,4,14
2024-08-04,L3,P014,158,154,3,16
2024-08-04,L4,P015,558,544,8,22
2024-08-04,L4,P016,825,825,0,0
2024-08-04,L4,P017,500,489,2,34
2024-08-04,L4,P018,263,256,4,25
2024-08-04,L4,P019,288,278,5,34
2024-08-04,L4,P020,202,197,3,20
2024-08-04,L5,P021,17,17,0,9
2024-08-04,L5,P022,37,35,1,34
2024-08-04,L5,P023,30,30,0,32
2024-08-04,L5,P024,61,59,1,16
2024-08-04,L5,P025,27,26,1,12
2024-08-05,L1,P001,126,121,3,24
2024-08-05,L1,P002,81,79,1,25
2024-08-05,L1,P003,118,115,1,27
2024-08-05,L1,P004,112,110,1,22
2024-08-05,L2,P005,112,110,2,7
2024-08-05,L2,P006,92,90,2,7
2024-08-05,L2,P007,69,67,2,1
2024-08-05,L2,P008,84,81,2,13
2024-08-05,L3,P009,143,138,3,36
2024-08-05,L3,P010,136,133,2,19
2024-08-05,L3,P011,172,167,3,39
2024-08-05,L3,P012,149,146,2,22
2024-08-05,L3,P013,145,140,3,34
2024-08-05,L3,P014,154,151,2,28
2024-08-05,L4,P015,574,568,3,11
2024-08-05,L4,P016,588,565,10,41
2024-08-05,L4,P017,541,533,6,6
2024-08-05,L4,P018,222,218,4,4
2024-08-05,L4,P019,257,250,3,27
2024-08-05,L4,P020,272,262,5,34
2024-08-05,L5,P021,26,26,0,17
2024-08-05,L5,P022,35,34,1,21
2024-08-05,L5,P023,27,27,0,26
2024-08-05,L5,P024,50,48,1,40
2024-08-05,L5,P025,22,21,0,48
2024-08-06,L1,P001,78,76,1,16
2024-08-06,L1,P002,103,101,2,0
2024-08-06,L1,P003,85,82,1,54
2024-08-06,L1,P004,90,89,1,8
2024-08-06,L2,P005,79,76,1,37
2024-08-06,L2,P006,79,78,1,1
2024-08-06,L2,P007,63,62,1,2
2024-08-06,L2,P008,60,58,1,31
2024-08-06,L3,P009,166,164,1,16
2024-08-06,L3,P010,173,168,3,41
2024-08-06,L3,P011,183,179,2,35
2024-08-06,L3,P012,129,125,3,15
2024-08-06,L3,P013,194,189,4,14
2024-08-06,L3,P014,136,134,2,10
2024-08-06,L4,P015,590,571,9,33
2024-08-06,L4,P016,541,531,5,19
2024-08-06,L4,P017,563,545,9,30
2024-08-06,L4,P018,304,294,6,24
2024-08-06,L4,P019,272,269,0,21
2024-08-06,L4,P020,259,254,5,0
2024-08-06,L5,P021,27,27,0,26
2024-08-06,L5,P022,33,32,1,17
2024-08-06,L5,P023,29,28,0,43
2024-08-06,L5,P024,41,40,1,20
2024-08-06,L5,P025,26,26,0,0
2024-08-07,L1,P001,101,98,2,15
2024-08-07,L1,P002,111,106,3,36
2024-08-07,L1,P003,82,79,1,47
2024-08-07,L1,P004,103,99,2,35
2024-08-07,L2,P005,79,78,1,10
2024-08-07,L2,P006,66,63,1,45
2024-08-07,L2,P007,81,78,1,48
2024-08-07,L2,P008,52,50,1,21
2024-08-07,L3,P009,156,154,2,0
2024-08-07,L3,P010,169,167,1,19
2024-08-07,L3,P011,152,147,3,37
2024-08-07,L3,P012,157,153,3,13
2024-08-07,L3,P013,162,160,1,12
2024-08-07,L3,P014,191,188,2,20
2024-08-07,L4,P015,578,574,2,7
2024-08-07,L4,P016,557,535,6,54
2024-08-07,L4,P017,528,514,12,9
2024-08-07,L4,P018,238,235,3,3
2024-08-07,L4,P019,249,242,3,27
2024-08-07,L4,P020,271,265,6,0
2024-08-07,L5,P021,31,30,1,15
2024-08-07,L5,P022,27,26,0,37
2024-08-07,L5,P023,24,24,0,12
2024-08-07,L5,P024,42,41,1,5
2024-08-07,L5,P025,19,18,1,31
2024-08-08,L1,P001,108,104,2,27
2024-08-08,L1,P002,132,128,3,12
2024-08-08,L1,P003,121,117,2,26
2024-08-08,L1,P004,129,125,2,32
2024-08-08,L2,P005,100,98,0,47
2024-08-08,L2,P006,73,71,2,2
2024-08-08,L2,P007,87,85,2,0
2024-08-08,L2,P008,83,82,1,11
2024-08-08,L3,P009,187,185,0,25
2024-08-08,L3,P010,202,198,1,48
2024-08-08,L3,P011,164,158,3,53
2024-08-08,L3,P012,162,158,2,36
2024-08-08,L3,P013,194,190,3,11
2024-08-08,L3,P014,255,248,5,20
2024-08-08,L4,P015,632,612,10,31
2024-08-08,L4,P016,642,618,10,43
2024-08-08,L4,P017,639,627,12,0
2024-08-08,L4,P018,289,283,6,0
2024-08-08,L4,P019,264,260,4,1
2024-08-08,L4,P020,295,288,5,11
2024-08-08,L5,P021,22,22,0,29
2024-08-08,L5,P022,27,26,0,54
2024-08-08,L5,P023,51,49,1,27
2024-08-08,L5,P024,56,56,0,0
2024-08-08,L5,P025,23,23,0,4
2024-08-09,L1,P001,145,140,2,39
2024-08-09,L1,P002,138,134,2,25
2024-08-09,L1,P003,149,143,3,33
2024-08-09,L1,P004,101,100,0,27
2024-08-09,L2,P005,104,102,2,5
2024-08-09,L2,P006,87,85,1,15
2024-08-09,L2,P007,79,76,2,17
2024-08-09,L2,P008,109,105,1,51
2024-08-09,L3,P009,226,219,5,23
2024-08-09,L3,P010,183,178,3,39
2024-08-09,L3,P011,207,205,2,1
2024-08-09,L3,P012,281,276,2,33
2024-08-09,L3,P013,225,219,5,19
2024-08-09,L3,P014,203,197,4,28
2024-08-09,L4,P015,762,743,9,26
2024-08-09,L4,P016,685,664,7,40
2024-08-09,L4,P017,788,763,12,31
2024-08-09,L4,P018,346,338,7,6
2024-08-09,L4,P019,384,369,8,33
2024-08-09,L4,P020,342,337,5,0
2024-08-09,L5,P021,29,29,0,27
2024-08-09,L5,P022,50,49,1,15
2024-08-09,L5,P023,26,25,0,43
2024-08-09,L5,P024,73,72,1,0
2024-08-09,L5,P025,34,33,0,45
2024-08-10,L1,P001,92,90,1,28
2024-08-10,L1,P002,68,67,1,2
2024-08-10,L1,P003,116,112,2,32
2024-08-10,L1,P004,93,90,1,49
2024-08-10,L2,P005,78,75,2,26
2024-08-10,L2,P006,76,73,1,43
2024-08-10,L2,P007,77,76,0,14
2024-08-10,L2,P008,86,84,1,18
2024-08-10,L3,P009,141,137,2,35
2024-08-10,L3,P010,152,146,4,32
2024-08-10,L3,P011,150,149,0,22
2024-08-10,L3,P012,218,214,3,19
2024-08-10,L3,P013,163,160,2,19
2024-08-10,L3,P014,164,161,2,11
2024-08-10,L4,P015,485,473,11,4
2024-08-10,L4,P016,502,487,4,43
2024-08-10,L4,P017,499,487,8,17
2024-08-10,L4,P018,208,201,5,20
2024-08-10,L4,P019,247,239,4,28
2024-08-10,L4,P020,253,250,3,0
2024-08-10,L5,P021,38,37,1,2
2024-08-10,L5,P022,23,23,0,8
2024-08-10,L5,P023,25,25,0,28
2024-08-10,L5,P024,29,28,1,1
2024-08-10,L5,P025,41,41,0,20
2024-08-11,L1,P001,103,102,1,9
2024-08-11,L1,P002,83,81,1,20
2024-08-11,L1,P003,97,95,1,10
2024-08-11,L1,P004,112,109,1,32
2024-08-11,L2,P005,81,79,1,13
2024-08-11,L2,P006,56,54,2,13
2024-08-11,L2,P007,95,93,1,23
2024-08-11,L2,P008,52,51,1,14
2024-08-11,L3,P009,197,193,3,21
2024-08-11,L3,P010,148,145,3,3
2024-08-11,L3,P011,194,191,2,16
2024-08-11,L3,P012,182,181,1,0
2024-08-11,L3,P013,188,183,4,19
2024-08-11,L3,P014,163,159,3,11
2024-08-11,L4,P015,523,509,10,15
2024-08-11,L4,P016,554,552,2,1
2024-08-11,L4,P017,732,723,9,0
2024-08-11,L4,P018,254,252,2,0
2024-08-11,L4,P019,270,258,5,49
2024-08-11,L4,P020,382,375,4,16
2024-08-11,L5,P021,33,32,1,24
2024-08-11,L5,P022,32,32,0,9
2024-08-11,L5,P023,33,32,1,15
2024-08-11,L5,P024,68,66,1,17
2024-08-11,L5,P025,26,25,1,32
2024-08-12,L1,P001,133,129,2,29
2024-08-12,L1,P002,136,133,1,26
2024-08-12,L1,P003,109,107,1,18
2024-08-12,L1,P004,109,107,2,3
2024-08-12,L2,P005,59,58,1,13
2024-08-12,L2,P006,100,98,1,28
2024-08-12,L2,P007,77,75,1,20
2024-08-12,L2,P008,90,86,1,55
2024-08-12,L3,P009,154,151,3,0
2024-08-12,L3,P010,164,161,1,33
2024-08-12,L3,P011,140,136,2,31
2024-08-12,L3,P012,130,127,3,0
2024-08-12,L3,P013,145,142,2,28
2024-08-12,L3,P014,182,177,4,19
2024-08-12,L4,P015,609,591,6,38
2024-08-12,L4,P016,600,582,9,28
2024-08-12,L4,P017,475,465,7,12
2024-08-12,L4,P018,244,236,5,20
2024-08-12,L4,P019,211,206,3,20
2024-08-12,L4,P020,276,273,3,0
2024-08-12,L5,P021,17,17,0,9
2024-08-12,L5,P022,15,15,0,21
2024-08-12,L5,P023,30,30,0,22
2024-08-12,L5,P024,42,42,0,21
2024-08-12,L5,P025,32,32,0,0
2024-08-13,L1,P001,103,101,1,18
2024-08-13,L1,P002,90,88,1,14
2024-08-13,L1,P003,108,105,2,24
2024-08-13,L1,P004,133,129,2,28
2024-08-13,L2,P005,66,64,1,28
2024-08-13,L2,P006,62,60,1,39
2024-08-13,L2,P007,69,67,1,38
2024-08-13,L2,P008,75,72,2,13
2024-08-13,L3,P009,184,182,1,17
2024-08-13,L3,P010,135,131,3,15
2024-08-13,L3,P011,135,133,1,11
2024-08-13,L3,P012,157,153,2,36
2024-08-13,L3,P013,153,151,1,10
2024-08-13,L3,P014,156,152,2,40
2024-08-13,L4,P015,587,567,5,50
2024-08-13,L4,P016,530,507,8,54
2024-08-13,L4,P017,559,542,11,19
2024-08-13,L4,P018,269,260,3,43
2024-08-13,L4,P019,261,256,5,0
2024-08-13,L4,P020,297,288,6,19
2024-08-13,L5,P021,28,27,1,10
2024-08-13,L5,P022,27,27,0,0
2024-08-13,L5,P023,17,17,0,11
2024-08-13,L5,P024,55,53,1,26
2024-08-13,L5,P025,26,26,0,23
2024-08-14,L1,P001,150,145,3,29
2024-08-14,L1,P002,127,126,1,0
2024-08-14,L1,P003,103,101,2,8
2024-08-14,L1,P004,90,86,2,52
2024-08-14,L2,P005,72,71,1,0
2024-08-14,L2,P006,57,55,1,35
2024-08-14,L2,P007,52,51,1,1
2024-08-14,L2,P008,65,64,1,11
2024-08-14,L3,P009,150,149,0,14
2024-08-14,L3,P010,146,142,2,40
2024-08-14,L3,P011,171,168,1,26
2024-08-14,L3,P012,220,210,7,35
2024-08-14,L3,P013,178,177,1,0
2024-08-14,L3,P014,157,155,1,19
2024-08-14,L4,P015,502,489,2,41
2024-08-14,L4,P016,546,525,10,39
2024-08-14,L4,P017,597,590,7,1
2024-08-14,L4,P018,284,274,7,20
2024-08-14,L4,P019,229,222,3,36
2024-08-14,L4,P020,272,266,3,21
2024-08-14,L5,P021,20,19,1,31
2024-08-14,L5,P022,28,28,0,17
2024-08-14,L5,P023,17,17,0,11
2024-08-14,L5,P024,47,46,1,5
2024-08-14,L5,P025,37,36,0,57
2024-08-15,L1,P001,118,113,2,41
2024-08-15,L1,P002,106,103,2,23
2024-08-15,L1,P003,120,116,2,28
2024-08-15,L1,P004,175,171,3,14
2024-08-15,L2,P005,81,79,1,22
2024-08-15,L2,P006,69,67,1,29
2024-08-15,L2,P007,110,108,1,11
2024-08-15,L2,P008,92,92,0,0
2024-08-15,L3,P009,192,189,3,0
2024-08-15,L3,P010,222,216,4,24
2024-08-15,L3,P011,178,175,3,0
2024-08-15,L3,P012,189,186,1,29
2024-08-15,L3,P013,175,170,4,12
2024-08-15,L3,P014,191,189,2,0
2024-08-15,L4,P015,609,605,4,0
2024-08-15,L4,P016,670,667,0,10
2024-08-15,L4,P017,599,592,5,7
2024-08-15,L4,P018,259,251,4,31
2024-08-15,L4,P019,340,334,6,0
2024-08-15,L4,P020,282,276,1,33
2024-08-15,L5,P021,52,51,0,24
2024-08-15,L5,P022,23,23,0,38
2024-08-15,L5,P023,24,24,0,17
2024-08-15,L5,P024,50,50,0,1
2024-08-15,L5,P025,32,32,0,19
2024-08-16,L1,P001,144,140,3,7
2024-08-16,L1,P002,139,137,1,10
2024-08-16,L1,P003,128,126,2,7
2024-08-16,L1,P004,137,133,3,15
2024-08-16,L2,P005,73,71,1,37
2024-08-16,L2,P006,97,95,1,10
2024-08-16,L2,P007,91,89,2,9
2024-08-16,L2,P008,117,117,0,6
2024-08-16,L3,P009,235,228,7,4
2024-08-16,L3,P010,250,246,1,35
2024-08-16,L3,P011,203,196,4,48
2024-08-16,L3,P012,242,238,3,8
2024-08-16,L3,P013,184,178,3,49
2024-08-16,L3,P014,239,233,4,22
2024-08-16,L4,P015,818,806,2,23
2024-08-16,L4,P016,773,747,14,31
2024-08-16,L4,P017,729,717,12,0
2024-08-16,L4,P018,331,320,3,47
2024-08-16,L4,P019,361,352,6,17
2024-08-16,L4,P020,414,409,0,24
2024-08-16,L5,P021,46,44,1,33
2024-08-16,L5,P022,39,38,1,1
2024-08-16,L5,P023,24,24,0,36
2024-08-16,L5,P024,65,64,1,11
2024-08-16,L5,P025,38,37,1,4
2024-08-17,L1,P001,100,96,2,34
2024-08-17,L1,P002,110,107,1,43
2024-08-17,L1,P003,104,100,2,39
2024-08-17,L1,P004,109,106,2,22
2024-08-17,L2,P005,58,57,1,11
2024-08-17,L2,P006,78,75,2,14
2024-08-17,L2,P007,52,50,1,34
2024-08-17,L2,P008,49,48,1,8
2024-08-17,L3,P009,161,159,0,40
2024-08-17,L3,P010,175,172,2,21
2024-08-17,L3,P011,170,165,4,12
2024-08-17,L3,P012,172,166,4,32
2024-08-17,L3,P013,170,167,2,12
2024-08-17,L3,P014,140,137,2,19
2024-08-17,L4,P015,499,478,10,42
2024-08-17,L4,P016,573,549,10,47
2024-08-17,L4,P017,560,550,6,14
2024-08-17,L4,P018,239,234,4,10
2024-08-17,L4,P019,349,343,4,11
2024-08-17,L4,P020,278,267,8,22
2024-08-17,L5,P021,33,32,0,30
2024-08-17,L5,P022,29,29,0,23
2024-08-17,L5,P023,22,22,0,0
2024-08-17,L5,P024,51,50,0,34
2024-08-17,L5,P025,34,34,0,25
2024-08-18,L1,P001,112,108,2,33
2024-08-18,L1,P002,94,93,1,5
2024-08-18,L1,P003,109,107,1,23
2024-08-18,L1,P004,111,109,1,9
2024-08-18,L2,P005,73,71,0,42
2024-08-18,L2,P006,64,63,0,18
2024-08-18,L2,P007,74,74,0,10
2024-08-18,L2,P008,67,65,1,30
2024-08-18,L3,P009,162,158,3,18
2024-08-18,L3,P010,193,190,2,18
2024-08-18,L3,P011,168,164,3,19
2024-08-18,L3,P012,183,183,0,0
2024-08-18,L3,P013,152,148,3,24
2024-08-18,L3,P014,140,140,0,9
2024-08-18,L4,P015,489,485,0,15
2024-08-18,L4,P016,579,567,6,20
2024-08-18,L4,P017,603,581,18,14
2024-08-18,L4,P018,307,303,4,0
2024-08-18,L4,P019,225,223,2,0
2024-08-18,L4,P020,263,258,5,0
2024-08-18,L5,P021,21,21,0,0
2024-08-18,L5,P022,30,29,1,15
2024-08-18,L5,P023,35,35,0,11
2024-08-18,L5,P024,50,49,1,15
2024-08-18,L5,P025,15,15,0,0
2024-08-19,L1,P001,122,118,2,26
2024-08-19,L1,P002,129,127,1,14
2024-08-19,L1,P003,99,98,1,0
2024-08-19,L1,P004,99,95,2,33
2024-08-19,L2,P005,65,63,1,27
2024-08-19,L2,P006,47,46,1,14
2024-08-19,L2,P007,85,83,1,23
2024-08-19,L2,P008,66,64,1,20
2024-08-19,L3,P009,157,155,2,0
2024-08-19,L3,P010,132,128,3,11
2024-08-19,L3,P011,185,181,3,22
2024-08-19,L3,P012,171,167,3,15
2024-08-19,L3,P013,183,181,2,3
2024-08-19,L3,P014,175,171,3,22
2024-08-19,L4,P015,535,514,10,41
2024-08-19,L4,P016,565,548,12,16
2024-08-19,L4,P017,552,541,7,14
2024-08-19,L4,P018,250,244,3,24
2024-08-19,L4,P019,279,271,3,35
2024-08-19,L4,P020,274,268,3,19
2024-08-19,L5,P021,26,25,0,37
2024-08-19,L5,P022,21,20,1,18
2024-08-19,L5,P023,29,28,0,35
2024-08-19,L5,P024,66,64,1,25
2024-08-19,L5,P025,34,34,0,13
2024-08-20,L1,P001,130,128,1,9
2024-08-20,L1,P002,106,103,2,18
2024-08-20,L1,P003,116,113,2,12
2024-08-20,L1,P004,121,118,2,15
2024-08-20,L2,P005,86,83,2,19
2024-08-20,L2,P006,111,109,2,1
2024-08-20,L2,P007,87,85,1,15
2024-08-20,L2,P008,80,79,1,10
2024-08-20,L3,P009,159,155,3,22
2024-08-20,L3,P010,166,162,2,30
2024-08-20,L3,P011,181,178,2,18
2024-08-20,L3,P012,162,159,2,11
2024-08-20,L3,P013,158,155,2,27
2024-08-20,L3,P014,171,168,3,8
2024-08-20,L4,P015,536,523,6,26
2024-08-20,L4,P016,565,551,12,7
2024-08-20,L4,P017,523,511,8,15
2024-08-20,L4,P018,202,199,2,14
2024-08-20,L4,P019,262,254,4,26
2024-08-20,L4,P020,364,356,3,27
2024-08-20,L5,P021,33,33,0,0
2024-08-20,L5,P022,29,28,0,38
2024-08-20,L5,P023,43,43,0,16
2024-08-20,L5,P024,38,37,1,14
2024-08-20,L5,P025,32,31,1,13
2024-08-21,L1,P001,111,110,1,8
2024-08-21,L1,P002,113,111,1,25
2024-08-21,L1,P003,121,119,1,19
2024-08-21,L1,P004,97,96,1,9
2024-08-21,L2,P005,88,87,1,3
2024-08-21,L2,P006,86,85,1,6
2024-08-21,L2,P007,64,63,1,11
2024-08-21,L2,P008,91,89,2,6
2024-08-21,L3,P009,154,151,2,17
2024-08-21,L3,P010,171,169,1,24
2024-08-21,L3,P011,145,140,4,16
2024-08-21,L3,P012,157,156,1,0
2024-08-21,L3,P013,188,183,4,12
2024-08-21,L3,P014,167,163,3,17
2024-08-21,L4,P015,592,578,3,35
2024-08-21,L4,P016,598,574,9,47
2024-08-21,L4,P017,731,718,13,0
2024-08-21,L4,P018,260,252,5,19
2024-08-21,L4,P019,282,277,2,18
2024-08-21,L4,P020,234,229,3,17
2024-08-21,L5,P021,24,24,0,24
2024-08-21,L5,P022,35,34,1,0
2024-08-21,L5,P023,21,21,0,23
2024-08-21,L5,P024,60,59,1,9
2024-08-21,L5,P025,29,29,0,26
2024-08-22,L1,P001,131,129,1,8
2024-08-22,L1,P002,117,111,3,45
2024-08-22,L1,P003,132,130,2,6
2024-08-22,L1,P004,140,137,2,14
2024-08-22,L2,P005,68,67,1,1
2024-08-22,L2,P006,96,94,1,23
2024-08-22,L2,P007,82,80,1,26
2024-08-22,L2,P008,84,82,1,25
2024-08-22,L3,P009,267,261,4,18
2024-08-22,L3,P010,184,177,5,30
2024-08-22,L3,P011,158,155,2,12
2024-08-22,L3,P012,204,197,5,33
2024-08-22,L3,P013,197,191,4,23
2024-08-22,L3,P014,192,186,3,39
2024-08-22,L4,P015,667,657,10,1
2024-08-22,L4,P016,614,601,11,5
2024-08-22,L4,P017,657,641,7,27
2024-08-22,L4,P018,318,309,7,14
2024-08-22,L4,P019,316,314,0,13
2024-08-22,L4,P020,299,290,3,37
2024-08-22,L5,P021,28,28,0,2
2024-08-22,L5,P022,17,17,0,13
2024-08-22,L5,P023,21,21,0,34
2024-08-22,L5,P024,63,61,1,24
2024-08-22,L5,P025,34,33,0,44
2024-08-23,L1,P001,122,120,1,14
2024-08-23,L1,P002,154,152,1,9
2024-08-23,L1,P003,125,122,2,17
2024-08-23,L1,P004,165,162,3,5
2024-08-23,L2,P005,99,96,2,16
2024-08-23,L2,P006,121,117,2,33
2024-08-23,L2,P007,98,95,2,24
2024-08-23,L2,P008,94,91,1,35
2024-08-23,L3,P009,264,261,3,2
2024-08-23,L3,P010,185,183,2,0
2024-08-23,L3,P011,249,245,3,16
2024-08-23,L3,P012,206,203,3,0
2024-08-23,L3,P013,209,205,3,16
2024-08-23,L3,P014,225,218,4,33
2024-08-23,L4,P015,729,714,11,11
2024-08-23,L4,P016,779,747,23,23
2024-08-23,L4,P017,722,697,16,23
2024-08-23,L4,P018,325,314,6,28
2024-08-23,L4,P019,393,382,4,36
2024-08-23,L4,P020,352,338,7,39
2024-08-23,L5,P021,26,26,0,27
2024-08-23,L5,P022,42,40,1,43
2024-08-23,L5,P023,33,31,1,47
2024-08-23,L5,P024,72,69,2,22
2024-08-23,L5,P025,38,37,1,0
2024-08-24,L1,P001,99,97,2,0
2024-08-24,L1,P002,123,119,2,28
2024-08-24,L1,P003,102,98,2,30
2024-08-24,L1,P004,116,115,1,0
2024-08-24,L2,P005,87,85,1,32
2024-08-24,L2,P006,70,68,1,14
2024-08-24,L2,P007,81,79,1,12
2024-08-24,L2,P008,75,73,1,35
2024-08-24,L3,P009,221,215,6,0
2024-08-24,L3,P010,174,172,1,12
2024-08-24,L3,P011,156,151,3,41
2024-08-24,L3,P012,144,140,3,13
2024-08-24,L3,P013,136,134,1,20
2024-08-24,L3,P014,183,179,2,38
2024-08-24,L4,P015,708,689,10,25
2024-08-24,L4,P016,512,492,6,54
2024-08-24,L4,P017,510,499,3,31
2024-08-24,L4,P018,223,215,3,45
2024-08-24,L4,P019,242,235,6,6
2024-08-24,L4,P020,272,268,2,16
2024-08-24,L5,P021,23,23,0,15
2024-08-24,L5,P022,27,27,0,8
2024-08-24,L5,P023,17,17,0,45
2024-08-24,L5,P024,35,34,1,8
2024-08-24,L5,P025,16,16,0,21
2024-08-25,L1,P001,119,116,2,13
2024-08-25,L1,P002,140,135,3,34
2024-08-25,L1,P003,93,91,1,22
2024-08-25,L1,P004,103,100,2,19
2024-08-25,L2,P005,70,68,1,16
2024-08-25,L2,P006,70,68,1,18
2024-08-25,L2,P007,80,79,0,22
2024-08-25,L2,P008,69,68,0,30
2024-08-25,L3,P009,178,172,4,32
2024-08-25,L3,P010,179,176,3,8
2024-08-25,L3,P011,223,218,5,0
2024-08-25,L3,P012,236,227,4,56
2024-08-25,L3,P013,163,159,2,31
2024-08-25,L3,P014,170,166,1,47
2024-08-25,L4,P015,564,551,4,32
2024-08-25,L4,P016,542,535,7,0
2024-08-25,L4,P017,529,505,15,34
2024-08-25,L4,P018,341,336,5,0
2024-08-25,L4,P019,280,273,3,26
2024-08-25,L4,P020,254,247,4,19
2024-08-25,L5,P021,29,29,0,21
2024-08-25,L5,P022,22,22,0,0
2024-08-25,L5,P023,28,27,1,0
2024-08-25,L5,P024,50,50,0,0
2024-08-25,L5,P025,15,15,0,11
2024-08-26,L1,P001,157,151,5,11
2024-08-26,L1,P002,131,128,2,19
2024-08-26,L1,P003,108,105,2,20
2024-08-26,L1,P004,144,144,0,1
2024-08-26,L2,P005,67,65,1,15
2024-08-26,L2,P006,90,87,1,40
2024-08-26,L2,P007,76,74,1,19
2024-08-26,L2,P008,46,44,1,35
2024-08-26,L3,P009,187,182,4,8
2024-08-26,L3,P010,155,153,2,0
2024-08-26,L3,P011,185,178,5,31
2024-08-26,L3,P012,181,179,2,0
2024-08-26,L3,P013,168,163,4,20
2024-08-26,L3,P014,163,160,2,17
2024-08-26,L4,P015,579,557,10,39
2024-08-26,L4,P016,562,551,6,18
2024-08-26,L4,P017,587,570,11,21
2024-08-26,L4,P018,265,258,5,12
2024-08-26,L4,P019,260,254,4,13
2024-08-26,L4,P020,270,262,7,8
2024-08-26,L5,P021,23,23,0,2
2024-08-26,L5,P022,21,20,1,3
2024-08-26,L5,P023,35,35,0,26
2024-08-26,L5,P024,46,44,1,22
2024-08-26,L5,P025,29,29,0,20
2024-08-27,L1,P001,109,107,2,0
2024-08-27,L1,P002,97,94,1,34
2024-08-27,L1,P003,93,90,2,12
2024-08-27,L1,P004,108,107,1,8
2024-08-27,L2,P005,83,82,1,3
2024-08-27,L2,P006,90,87,2,31
2024-08-27,L2,P007,84,82,1,12
2024-08-27,L2,P008,79,77,1,30
2024-08-27,L3,P009,158,151,6,17
2024-08-27,L3,P010,183,180,3,2
2024-08-27,L3,P011,192,188,4,7
2024-08-27,L3,P012,167,165,2,2
2024-08-27,L3,P013,155,151,2,32
2024-08-27,L3,P014,147,145,1,17
2024-08-27,L4,P015,542,528,6,29
2024-08-27,L4,P016,555,537,11,25
2024-08-27,L4,P017,560,535,10,53
2024-08-27,L4,P018,247,239,5,23
2024-08-27,L4,P019,233,229,4,0
2024-08-27,L4,P020,300,299,0,8
2024-08-27,L5,P021,33,33,0,19
2024-08-27,L5,P022,46,45,1,14
2024-08-27,L5,P023,27,26,1,20
2024-08-27,L5,P024,61,60,1,0
2024-08-27,L5,P025,39,38,1,0
2024-08-28,L1,P001,119,116,2,19
2024-08-28,L1,P002,117,113,2,26
2024-08-28,L1,P003,125,122,3,7
2024-08-28,L1,P004,110,108,2,1
2024-08-28,L2,P005,69,68,0,34
2024-08-28,L2,P006,80,78,0,45
2024-08-28,L2,P007,56,53,2,22
2024-08-28,L2,P008,84,82,1,19
2024-08-28,L3,P009,133,131,2,3
2024-08-28,L3,P010,169,165,3,19
2024-08-28,L3,P011,149,145,4,0
2024-08-28,L3,P012,179,172,4,41
2024-08-28,L3,P013,143,139,3,12
2024-08-28,L3,P014,159,156,3,0
2024-08-28,L4,P015,564,552,9,9
2024-08-28,L4,P016,536,528,8,1
2024-08-28,L4,P017,536,524,4,27
2024-08-28,L4,P018,286,278,5,17
2024-08-28,L4,P019,268,260,5,19
2024-08-28,L4,P020,264,252,4,59
2024-08-28,L5,P021,37,36,0,32
2024-08-28,L5,P022,28,28,0,32
2024-08-28,L5,P023,20,20,0,0
2024-08-28,L5,P024,49,48,0,23
2024-08-28,L5,P025,28,27,1,18
2024-08-29,L1,P001,130,128,2,6
2024-08-29,L1,P002,130,125,3,31
2024-08-29,L1,P003,134,129,2,42
2024-08-29,L1,P004,121,120,0,18
2024-08-29,L2,P005,100,98,2,8
2024-08-29,L2,P006,95,93,1,15
2024-08-29,L2,P007,88,86,1,28
2024-08-29,L2,P008,97,94,2,13
2024-08-29,L3,P009,192,188,4,0
2024-08-29,L3,P010,204,199,4,14
2024-08-29,L3,P011,190,185,4,13
2024-08-29,L3,P012,186,183,2,10
2024-08-29,L3,P013,187,181,5,13
2024-08-29,L3,P014,203,197,5,16
2024-08-29,L4,P015,691,669,13,25
2024-08-29,L4,P016,632,613,11,23
2024-08-29,L4,P017,642,633,7,7
2024-08-29,L4,P018,292,285,7,0
2024-08-29,L4,P019,272,265,2,36
2024-08-29,L4,P020,317,308,3,38
2024-08-29,L5,P021,33,33,0,16
2024-08-29,L5,P022,49,47,1,31
2024-08-29,L5,P023,27,26,1,34
2024-08-29,L5,P024,56,55,1,0
2024-08-29,L5,P025,17,17,0,9
2024-08-30,L1,P001,164,158,2,44
2024-08-30,L1,P002,125,121,3,8
2024-08-30,L1,P003,163,161,2,5
2024-08-30,L1,P004,123,121,1,18
2024-08-30,L2,P005,90,89,1,0
2024-08-30,L2,P006,80,78,1,19
2024-08-30,L2,P007,101,98,2,27
2024-08-30,L2,P008,81,78,2,23
2024-08-30,L3,P009,243,239,2,25
2024-08-30,L3,P010,205,202,2,17
2024-08-30,L3,P011,242,235,6,13
2024-08-30,L3,P012,222,215,4,38
2024-08-30,L3,P013,258,252,6,1
2024-08-30,L3,P014,241,236,4,7
2024-08-30,L4,P015,744,715,15,35
2024-08-30,L4,P016,748,737,11,0
2024-08-30,L4,P017,767,752,15,0
2024-08-30,L4,P018,505,499,4,6
2024-08-30,L4,P019,358,351,6,6
2024-08-30,L4,P020,370,360,5,28
2024-08-30,L5,P021,35,34,1,5
2024-08-30,L5,P022,38,36,1,32
2024-08-30,L5,P023,30,29,0,59
2024-08-30,L5,P024,61,59,1,17
2024-08-30,L5,P025,27,27,0,17
2024-08-31,L1,P001,104,101,1,30
2024-08-31,L1,P002,103,100,1,32
2024-08-31,L1,P003,116,112,2,28
2024-08-31,L1,P004,119,116,2,15
2024-08-31,L2,P005,63,62,0,24
2024-08-31,L2,P006,66,65,1,0
2024-08-31,L2,P007,68,64,2,44
2024-08-31,L2,P008,76,74,1,34
2024-08-31,L3,P009,196,194,2,0
2024-08-31,L3,P010,163,159,3,14
2024-08-31,L3,P011,157,153,3,12
2024-08-31,L3,P012,165,162,3,7
2024-08-31,L3,P013,163,159,3,12
2024-08-31,L3,P014,132,129,2,31
2024-08-31,L4,P015,532,519,6,24
2024-08-31,L4,P016,545,532,12,5
2024-08-31,L4,P017,474,460,11,14
2024-08-31,L4,P018,228,223,5,2
2024-08-31,L4,P019,229,223,4,14
2024-08-31,L4,P020,244,237,6,11
2024-08-31,L5,P021,37,36,1,11
2024-08-31,L5,P022,27,27,0,17
2024-08-31,L5,P023,35,34,1,10
2024-08-31,L5,P024,45,44,0,25
2024-08-31,L5,P025,25,25,0,0
2024-09-01,L1,P001,100,98,1,24
2024-09-01,L1,P002,106,104,2,3
2024-09-01,L1,P003,138,135,2,17
2024-09-01,L1,P004,97,96,1,4
2024-09-01,L2,P005,82,79,2,20
2024-09-01,L2,P006,94,91,1,42
2024-09-01,L2,P007,69,67,1,29
2024-09-01,L2,P008,92,89,2,25
2024-09-01,L3,P009,149,146,1,29
2024-09-01,L3,P010,171,166,3,27
2024-09-01,L3,P011,168,167,1,2
2024-09-01,L3,P012,152,148,2,34
2024-09-01,L3,P013,155,151,4,0
2024-09-01,L3,P014,183,179,3,16
2024-09-01,L4,P015,576,570,6,0
2024-09-01,L4,P016,556,542,8,21
2024-09-01,L4,P017,570,557,7,21
2024-09-01,L4,P018,287,276,6,36
2024-09-01,L4,P019,253,247,6,0
2024-09-01,L4,P020,262,259,3,0
2024-09-01,L5,P021,30,30,0,26
2024-09-01,L5,P022,34,33,1,20
2024-09-01,L5,P023,29,28,0,55
2024-09-01,L5,P024,31,31,0,29
2024-09-01,L5,P025,40,39,1,4
2024-09-02,L1,P001,111,107,2,36
2024-09-02,L1,P002,94,90,2,42
2024-09-02,L1,P003,100,97,2,10
2024-09-02,L1,P004,119,115,2,25
2024-09-02,L2,P005,74,72,1,18
2024-09-02,L2,P006,82,81,1,0
2024-09-02,L2,P007,75,72,1,53
2024-09-02,L2,P008,103,99,1,47
2024-09-02,L3,P009,187,184,2,14
2024-09-02,L3,P010,163,160,2,16
2024-09-02,L3,P011,171,162,4,84
2024-09-02,L3,P012,241,235,6,2
2024-09-02,L3,P013,170,166,3,18
2024-09-02,L3,P014,165,162,2,17
2024-09-02,L4,P015,536,517,11,27
2024-09-02,L4,P016,766,739,13,36
2024-09-02,L4,P017,598,590,6,5
2024-09-02,L4,P018,233,226,4,23
2024-09-02,L4,P019,235,226,5,35
2024-09-02,L4,P020,256,252,4,0
2024-09-02,L5,P021,24,24,0,0
2024-09-02,L5,P022,37,36,1,17
2024-09-02,L5,P023,48,47,1,2
2024-09-02,L5,P024,26,26,0,19
2024-09-02,L5,P025,27,27,0,15
2024-09-03,L1,P001,63,61,1,19
2024-09-03,L1,P002,111,106,2,46
2024-09-03,L1,P003,173,169,2,26
2024-09-03,L1,P004,123,118,2,47
2024-09-03,L2,P005,74,73,1,0
2024-09-03,L2,P006,55,53,1,28
2024-09-03,L2,P007,65,63,2,6
2024-09-03,L2,P008,79,76,1,39
2024-09-03,L3,P009,172,169,2,25
2024-09-03,L3,P010,117,114,2,25
2024-09-03,L3,P011,153,151,2,2
2024-09-03,L3,P012,163,160,3,3
2024-09-03,L3,P013,179,171,6,36
2024-09-03,L3,P014,210,205,3,22
2024-09-03,L4,P015,525,511,6,30
2024-09-03,L4,P016,568,551,10,22
2024-09-03,L4,P017,530,523,3,16
2024-09-03,L4,P018,272,267,5,3
2024-09-03,L4,P019,300,291,7,16
2024-09-03,L4,P020,231,223,5,21
2024-09-03,L5,P021,21,21,0,16
2024-09-03,L5,P022,35,34,0,29
2024-09-03,L5,P023,16,16,0,26
2024-09-03,L5,P024,27,26,1,11
2024-09-03,L5,P025,29,29,0,18
2024-09-04,L1,P001,112,109,0,47
2024-09-04,L1,P002,109,106,1,30
2024-09-04,L1,P003,103,101,1,21
2024-09-04,L1,P004,115,113,2,2
2024-09-04,L2,P005,49,48,1,7
2024-09-04,L2,P006,66,65,1,0
2024-09-04,L2,P007,106,103,2,16
2024-09-04,L2,P008,112,109,2,21
2024-09-04,L3,P009,159,157,2,3
2024-09-04,L3,P010,170,165,4,10
2024-09-04,L3,P011,151,148,2,19
2024-09-04,L3,P012,164,159,3,41
2024-09-04,L3,P013,150,148,2,9
2024-09-04,L3,P014,189,185,3,13
2024-09-04,L4,P015,569,551,9,32
2024-09-04,L4,P016,536,524,4,29
2024-09-04,L4,P017,530,508,12,38
2024-09-04,L4,P018,255,248,3,31
2024-09-04,L4,P019,242,233,5,30
2024-09-04,L4,P020,256,248,4,29
2024-09-04,L5,P021,40,40,0,16
2024-09-04,L5,P022,12,12,0,0
2024-09-04,L5,P023,46,45,1,13
2024-09-04,L5,P024,16,16,0,32
2024-09-04,L5,P025,22,22,0,2
2024-09-05,L1,P001,64,62,1,19
2024-09-05,L1,P002,120,116,2,25
2024-09-05,L1,P003,100,97,2,19
2024-09-05,L1,P004,111,107,3,22
2024-09-05,L2,P005,79,76,2,34
2024-09-05,L2,P006,103,102,0,17
2024-09-05,L2,P007,101,101,0,2
2024-09-05,L2,P008,97,94,2,28
2024-09-05,L3,P009,171,168,3,8
2024-09-05,L3,P010,197,193,4,2
2024-09-05,L3,P011,188,184,3,21
2024-09-05,L3,P012,193,191,1,14
2024-09-05,L3,P013,187,183,2,25
2024-09-05,L3,P014,188,182,3,40
2024-09-05,L4,P015,660,640,8,36
2024-09-05,L4,P016,652,633,9,30
2024-09-05,L4,P017,679,652,17,28
2024-09-05,L4,P018,259,252,4,22
2024-09-05,L4,P019,294,288,6,0
2024-09-05,L4,P020,276,267,6,21
2024-09-05,L5,P021,42,42,0,12
2024-09-05,L5,P022,38,37,0,37
2024-09-05,L5,P023,41,41,0,8
2024-09-05,L5,P024,38,37,1,22
2024-09-05,L5,P025,26,26,0,9
2024-09-06,L1,P001,113,110,1,41
2024-09-06,L1,P002,141,137,3,14
2024-09-06,L1,P003,161,156,1,42
2024-09-06,L1,P004,137,134,2,20
2024-09-06,L2,P005,111,109,2,7
2024-09-06,L2,P006,104,101,2,19
2024-09-06,L2,P007,114,112,0,26
2024-09-06,L2,P008,82,80,1,13
2024-09-06,L3,P009,212,206,5,18
2024-09-06,L3,P010,205,200,1,51
2024-09-06,L3,P011,217,213,2,29
2024-09-06,L3,P012,243,237,5,14
2024-09-06,L3,P013,222,214,5,34
2024-09-06,L3,P014,200,198,2,1
2024-09-06,L4,P015,747,730,17,0
2024-09-06,L4,P016,652,631,11,29
2024-09-06,L4,P017,676,657,13,18
2024-09-06,L4,P018,365,356,5,22
2024-09-06,L4,P019,343,330,7,35
2024-09-06,L4,P020,358,346,8,20
2024-09-06,L5,P021,57,56,0,41
2024-09-06,L5,P022,39,37,1,31
2024-09-06,L5,P023,46,45,1,3
2024-09-06,L5,P024,47,46,1,0
2024-09-06,L5,P025,27,27,0,27
2024-09-07,L1,P001,108,107,1,7
2024-09-07,L1,P002,99,96,1,33
2024-09-07,L1,P003,103,101,1,27
2024-09-07,L1,P004,62,60,1,27
2024-09-07,L2,P005,60,59,1,0
2024-09-07,L2,P006,72,71,1,1
2024-09-07,L2,P007,63,63,0,3
2024-09-07,L2,P008,81,79,2,8
2024-09-07,L3,P009,169,166,2,14
2024-09-07,L3,P010,169,165,3,13
2024-09-07,L3,P011,143,140,3,0
2024-09-07,L3,P012,119,115,3,16
2024-09-07,L3,P013,151,146,3,33
2024-09-07,L3,P014,139,138,1,0
2024-09-07,L4,P015,507,489,15,10
2024-09-07,L4,P016,592,579,4,30
2024-09-07,L4,P017,603,594,8,3
2024-09-07,L4,P018,261,254,5,16
2024-09-07,L4,P019,246,243,2,10
2024-09-07,L4,P020,274,265,3,39
2024-09-07,L5,P021,28,28,0,6
2024-09-07,L5,P022,19,19,0,16
2024-09-07,L5,P023,26,26,0,13
2024-09-07,L5,P024,30,29,1,16
2024-09-07,L5,P025,37,36,1,13
2024-09-08,L1,P001,113,111,2,0
2024-09-08,L1,P002,100,96,2,38
2024-09-08,L1,P003,129,125,3,18
2024-09-08,L1,P004,104,102,1,15
2024-09-08,L2,P005,81,79,2,7
2024-09-08,L2,P006,76,73,1,47
2024-09-08,L2,P007,61,60,0,33
2024-09-08,L2,P008,48,46,1,25
2024-09-08,L3,P009,190,187,2,8
2024-09-08,L3,P010,172,171,1,0
2024-09-08,L3,P011,165,162,3,7
2024-09-08,L3,P012,144,141,2,15
2024-09-08,L3,P013,145,143,2,0
2024-09-08,L3,P014,156,153,3,0
2024-09-08,L4,P015,732,704,4,63
2024-09-08,L4,P016,630,620,4,19
2024-09-08,L4,P017,520,507,13,0
2024-09-08,L4,P018,255,253,2,0
2024-09-08,L4,P019,237,233,3,7
2024-09-08,L4,P020,306,299,7,0
2024-09-08,L5,P021,26,25,1,25
2024-09-08,L5,P022,38,36,1,27
2024-09-08,L5,P023,34,33,0,29
2024-09-08,L5,P024,35,35,0,0
2024-09-08,L5,P025,28,28,0,0
2024-09-09,L1,P001,88,87,1,0
2024-09-09,L1,P002,109,106,2,9
2024-09-09,L1,P003,110,108,1,21
2024-09-09,L1,P004,156,151,1,54
2024-09-09,L2,P005,76,75,0,32
2024-09-09,L2,P006,72,70,1,24
2024-09-09,L2,P007,70,69,1,11
2024-09-09,L2,P008,75,72,3,10
2024-09-09,L3,P009,116,113,1,41
2024-09-09,L3,P010,174,171,3,8
2024-09-09,L3,P011,143,141,2,0
2024-09-09,L3,P012,186,183,2,8
2024-09-09,L3,P013,180,176,2,36
2024-09-09,L3,P014,200,195,3,31
2024-09-09,L4,P015,565,565,0,0
2024-09-09,L4,P016,563,549,11,11
2024-09-09,L4,P017,540,525,10,19
2024-09-09,L4,P018,279,275,1,24
2024-09-09,L4,P019,258,250,5,21
2024-09-09,L4,P020,250,241,6,23
2024-09-09,L5,P021,22,22,0,17
2024-09-09,L5,P022,28,28,0,34
2024-09-09,L5,P023,17,17,0,15
2024-09-09,L5,P024,40,38,1,55
2024-09-09,L5,P025,31,30,1,7
2024-09-10,L1,P001,96,94,2,0
2024-09-10,L1,P002,97,95,1,24
2024-09-10,L1,P003,105,103,1,11
2024-09-10,L1,P004,102,99,2,20
2024-09-10,L2,P005,70,68,1,23
2024-09-10,L2,P006,66,63,1,48
2024-09-10,L2,P007,74,73,1,9
2024-09-10,L2,P008,91,89,2,0
2024-09-10,L3,P009,176,173,1,25
2024-09-10,L3,P010,161,159,1,11
2024-09-10,L3,P011,182,179,3,0
2024-09-10,L3,P012,176,172,3,16
2024-09-10,L3,P013,128,125,2,12
2024-09-10,L3,P014,161,158,2,25
2024-09-10,L4,P015,517,497,12,29
2024-09-10,L4,P016,535,522,13,0
2024-09-10,L4,P017,524,514,4,22
2024-09-10,L4,P018,281,271,5,31
2024-09-10,L4,P019,263,258,4,4
2024-09-10,L4,P020,264,253,5,45
2024-09-10,L5,P021,30,28,1,35
2024-09-10,L5,P022,16,16,0,49
2024-09-10,L5,P023,30,29,1,14
2024-09-10,L5,P024,30,30,0,17
2024-09-10,L5,P025,15,15,0,20
2024-09-11,L1,P001,127,124,2,9
2024-09-11,L1,P002,146,144,2,0
2024-09-11,L1,P003,129,128,1,0
2024-09-11,L1,P004,97,97,0,5
2024-09-11,L2,P005,90,89,0,28
2024-09-11,L2,P006,63,62,1,8
2024-09-11,L2,P007,55,53,1,26
2024-09-11,L2,P008,81,79,1,32
2024-09-11,L3,P009,156,155,1,4
2024-09-11,L3,P010,135,132,2,14
2024-09-11,L3,P011,179,177,2,0
2024-09-11,L3,P012,159,155,3,14
2024-09-11,L3,P013,155,153,2,8
2024-09-11,L3,P014,171,169,0,42
2024-09-11,L4,P015,592,573,10,29
2024-09-11,L4,P016,573,563,6,14
2024-09-11,L4,P017,516,504,2,39
2024-09-11,L4,P018,254,246,6,18
2024-09-11,L4,P019,264,258,6,0
2024-09-11,L4,P020,249,243,4,16
2024-09-11,L5,P021,25,24,1,8
2024-09-11,L5,P022,29,29,0,17
2024-09-11,L5,P023,28,27,1,0
2024-09-11,L5,P024,28,27,1,15
2024-09-11,L5,P025,22,22,0,37
2024-09-12,L1,P001,114,109,3,41
2024-09-12,L1,P002,99,96,2,21
2024-09-12,L1,P003,98,95,2,14
2024-09-12,L1,P004,117,112,3,28
2024-09-12,L2,P005,79,76,1,42
2024-09-12,L2,P006,97,96,1,8
2024-09-12,L2,P007,90,90,0,6
2024-09-12,L2,P008,93,93,0,7
2024-09-12,L3,P009,183,178,4,21
2024-09-12,L3,P010,158,153,3,30
2024-09-12,L3,P011,206,202,3,12
2024-09-12,L3,P012,193,189,2,25
2024-09-12,L3,P013,178,173,5,4
2024-09-12,L3,P014,189,185,3,20
2024-09-12,L4,P015,697,680,8,25
2024-09-12,L4,P016,592,567,14,37
2024-09-12,L4,P017,652,640,7,15
2024-09-12,L4,P018,292,286,4,16
2024-09-12,L4,P019,333,327,4,11
2024-09-12,L4,P020,271,261,6,29
2024-09-12,L5,P021,47,46,1,4
2024-09-12,L5,P022,38,37,1,0
2024-09-12,L5,P023,35,33,1,32
2024-09-12,L5,P024,46,44,1,43
2024-09-12,L5,P025,25,24,1,1
2024-09-13,L1,P001,182,176,2,41
2024-09-13,L1,P002,133,131,1,8
2024-09-13,L1,P003,133,129,3,10
2024-09-13,L1,P004,164,161,3,0
2024-09-13,L2,P005,94,92,1,26
2024-09-13,L2,P006,101,96,3,43
2024-09-13,L2,P007,114,110,1,51
2024-09-13,L2,P008,97,93,3,22
2024-09-13,L3,P009,235,230,4,10
2024-09-13,L3,P010,240,236,3,14
2024-09-13,L3,P011,207,202,3,23
2024-09-13,L3,P012,239,234,4,18
2024-09-13,L3,P013,214,210,3,11
2024-09-13,L3,P014,221,216,4,14
2024-09-13,L4,P015,692,681,6,15
2024-09-13,L4,P016,805,795,6,10
2024-09-13,L4,P017,771,737,12,55
2024-09-13,L4,P018,384,373,6,24
2024-09-13,L4,P019,368,358,6,19
2024-09-13,L4,P020,353,345,7,5
2024-09-13,L5,P021,49,48,1,0
2024-09-13,L5,P022,46,45,1,6
2024-09-13,L5,P023,35,34,1,11
2024-09-13,L5,P024,41,40,1,20
2024-09-13,L5,P025,41,41,0,9
2024-09-14,L1,P001,101,99,1,20
2024-09-14,L1,P002,94,91,2,19
2024-09-14,L1,P003,88,85,2,23
2024-09-14,L1,P004,100,98,1,23
2024-09-14,L2,P005,91,89,1,15
2024-09-14,L2,P006,78,76,1,19
2024-09-14,L2,P007,43,41,1,26
2024-09-14,L2,P008,64,62,1,37
2024-09-14,L3,P009,193,186,4,39
2024-09-14,L3,P010,139,137,1,15
2024-09-14,L3,P011,141,138,3,3
2024-09-14,L3,P012,187,183,3,22
2024-09-14,L3,P013,186,181,3,28
2024-09-14,L3,P014,151,146,4,10
2024-09-14,L4,P015,547,533,6,29
2024-09-14,L4,P016,546,526,11,33
2024-09-14,L4,P017,506,498,4,15
2024-09-14,L4,P018,231,225,2,37
2024-09-14,L4,P019,290,283,3,29
2024-09-14,L4,P020,200,194,1,44
2024-09-14,L5,P021,37,36,0,45
2024-09-14,L5,P022,19,19,0,17
2024-09-14,L5,P023,22,22,0,0
2024-09-14,L5,P024,30,29,1,13
2024-09-14,L5,P025,20,20,0,26
2024-09-15,L1,P001,112,109,2,23
2024-09-15,L1,P002,136,133,1,30
2024-09-15,L1,P003,74,73,1,0
2024-09-15,L1,P004,134,131,3,0
2024-09-15,L2,P005,74,72,1,28
2024-09-15,L2,P006,80,79,1,12
2024-09-15,L2,P007,62,59,2,25
2024-09-15,L2,P008,99,98,1,7
2024-09-15,L3,P009,154,150,2,42
2024-09-15,L3,P010,152,149,2,25
2024-09-15,L3,P011,192,190,2,0
2024-09-15,L3,P012,159,156,2,18
2024-09-15,L3,P013,162,158,3,15
2024-09-15,L3,P014,193,189,2,29
2024-09-15,L4,P015,783,774,9,1
2024-09-15,L4,P016,533,517,9,27
2024-09-15,L4,P017,508,497,9,9
2024-09-15,L4,P018,316,308,5,17
2024-09-15,L4,P019,260,256,3,4
2024-09-15,L4,P020,278,271,3,30
2024-09-15,L5,P021,22,22,0,26
2024-09-15,L5,P022,20,20,0,9
2024-09-15,L5,P023,14,14,0,10
2024-09-15,L5,P024,32,32,0,18
2024-09-15,L5,P025,67,65,1,17
2024-09-16,L1,P001,130,128,0,28
2024-09-16,L1,P002,86,82,2,43
2024-09-16,L1,P003,158,153,2,40
2024-09-16,L1,P004,98,96,1,22
2024-09-16,L2,P005,82,80,2,0
2024-09-16,L2,P006,91,91,0,0
2024-09-16,L2,P007,87,85,1,28
2024-09-16,L2,P008,87,84,2,12
2024-09-16,L3,P009,166,163,3,0
2024-09-16,L3,P010,183,179,2,24
2024-09-16,L3,P011,222,217,3,23
2024-09-16,L3,P012,192,188,1,40
2024-09-16,L3,P013,187,182,4,18
2024-09-16,L3,P014,183,177,4,27
2024-09-16,L4,P015,587,569,11,22
2024-09-16,L4,P016,517,506,6,17
2024-09-16,L4,P017,541,529,3,31
2024-09-16,L4,P018,247,242,1,34
2024-09-16,L4,P019,258,252,4,15
2024-09-16,L4,P020,249,244,3,12
2024-09-16,L5,P021,33,32,1,19
2024-09-16,L5,P022,47,45,1,38
2024-09-16,L5,P023,17,17,0,18
2024-09-16,L5,P024,30,28,1,50
2024-09-16,L5,P025,99,96,2,16
2024-09-17,L1,P001,109,107,2,7
2024-09-17,L1,P002,113,108,2,44
2024-09-17,L1,P003,98,97,1,9
2024-09-17,L1,P004,110,107,2,15
2024-09-17,L2,P005,55,53,1,31
2024-09-17,L2,P006,78,76,1,16
2024-09-17,L2,P007,78,77,0,18
2024-09-17,L2,P008,83,80,1,41
2024-09-17,L3,P009,191,187,3,19
2024-09-17,L3,P010,128,125,2,21
2024-09-17,L3,P011,178,175,3,1
2024-09-17,L3,P012,178,173,3,30
2024-09-17,L3,P013,170,165,4,17
2024-09-17,L3,P014,140,138,2,8
2024-09-17,L4,P015,501,487,7,27
2024-09-17,L4,P016,475,460,6,36
2024-09-17,L4,P017,573,566,1,21
2024-09-17,L4,P018,298,289,6,22
2024-09-17,L4,P019,238,231,4,28
2024-09-17,L4,P020,250,245,5,2
2024-09-17,L5,P021,39,38,1,0
2024-09-17,L5,P022,11,11,0,33
2024-09-17,L5,P023,13,13,0,29
2024-09-17,L5,P024,24,24,0,34
2024-09-17,L5,P025,77,74,1,45
2024-09-18,L1,P001,92,90,1,28
2024-09-18,L1,P002,110,108,2,0
2024-09-18,L1,P003,119,116,2,10
2024-09-18,L1,P004,100,98,2,7
2024-09-18,L2,P005,83,82,1,0
2024-09-18,L2,P006,83,82,1,6
2024-09-18,L2,P007,62,61,1,0
2024-09-18,L2,P008,74,72,1,15
2024-09-18,L3,P009,175,172,2,16
2024-09-18,L3,P010,137,134,2,12
2024-09-18,L3,P011,201,196,4,21
2024-09-18,L3,P012,150,147,2,24
2024-09-18,L3,P013,175,171,2,28
2024-09-18,L3,P014,136,133,1,37
2024-09-18,L4,P015,546,528,9,30
2024-09-18,L4,P016,573,555,9,29
2024-09-18,L4,P017,556,543,8,18
2024-09-18,L4,P018,247,237,4,44
2024-09-18,L4,P019,249,242,5,14
2024-09-18,L4,P020,221,217,2,21
2024-09-18,L5,P021,22,21,1,31
2024-09-18,L5,P022,38,37,1,25
2024-09-18,L5,P023,30,29,1,0
2024-09-18,L5,P024,6,6,0,23
2024-09-18,L5,P025,100,99,1,4
2024-09-19,L1,P001,120,118,2,5
2024-09-19,L1,P002,128,126,2,6
2024-09-19,L1,P003,129,125,1,47
2024-09-19,L1,P004,155,152,2,18
2024-09-19,L2,P005,84,81,2,19
2024-09-19,L2,P006,86,83,1,35
2024-09-19,L2,P007,94,91,1,35
2024-09-19,L2,P008,76,74,1,23
2024-09-19,L3,P009,179,172,4,45
2024-09-19,L3,P010,208,205,2,17
2024-09-19,L3,P011,187,186,1,5
2024-09-19,L3,P012,181,179,2,1
2024-09-19,L3,P013,187,183,3,18
2024-09-19,L3,P014,208,205,2,17
2024-09-19,L4,P015,620,600,14,18
2024-09-19,L4,P016,583,565,13,17
2024-09-19,L4,P017,650,634,13,8
2024-09-19,L4,P018,274,265,6,18
2024-09-19,L4,P019,305,294,8,21
2024-09-19,L4,P020,273,267,3,20
2024-09-19,L5,P021,29,28,1,31
2024-09-19,L5,P022,28,27,0,37
2024-09-19,L5,P023,43,42,0,24
2024-09-19,L5,P024,31,31,0,16
2024-09-19,L5,P025,90,88,1,23
2024-09-20,L1,P001,143,137,2,47
2024-09-20,L1,P002,165,160,4,11
2024-09-20,L1,P003,154,150,2,19
2024-09-20,L1,P004,147,144,1,22
2024-09-20,L2,P005,106,103,2,16
2024-09-20,L2,P006,84,82,1,25
2024-09-20,L2,P007,90,87,1,40
2024-09-20,L2,P008,114,109,2,52
2024-09-20,L3,P009,260,253,6,11
2024-09-20,L3,P010,227,222,4,15
2024-09-20,L3,P011,252,248,3,16
2024-09-20,L3,P012,252,244,5,29
2024-09-20,L3,P013,323,318,5,2
2024-09-20,L3,P014,249,241,6,26
2024-09-20,L4,P015,742,730,12,0
2024-09-20,L4,P016,736,713,14,23
2024-09-20,L4,P017,739,717,12,25
2024-09-20,L4,P018,373,369,2,11
2024-09-20,L4,P019,347,335,4,47
2024-09-20,L4,P020,369,362,4,15
2024-09-20,L5,P021,37,36,0,26
2024-09-20,L5,P022,29,28,1,0
2024-09-20,L5,P023,49,48,1,3
2024-09-20,L5,P024,41,40,1,23
2024-09-20,L5,P025,120,119,1,0
2024-09-21,L1,P001,81,79,2,7
2024-09-21,L1,P002,118,116,2,0
2024-09-21,L1,P003,95,93,1,20
2024-09-21,L1,P004,132,130,2,0
2024-09-21,L2,P005,98,97,0,24
2024-09-21,L2,P006,66,64,1,25
2024-09-21,L2,P007,66,64,1,15
2024-09-21,L2,P008,65,64,1,14
2024-09-21,L3,P009,166,160,4,35
2024-09-21,L3,P010,123,119,3,17
2024-09-21,L3,P011,162,159,2,23
2024-09-21,L3,P012,185,178,4,49
2024-09-21,L3,P013,148,146,2,5
2024-09-21,L3,P014,141,139,1,19
2024-09-21,L4,P015,488,480,6,8
2024-09-21,L4,P016,528,520,6,9
2024-09-21,L4,P017,454,442,8,19
2024-09-21,L4,P018,238,232,5,11
2024-09-21,L4,P019,279,271,5,20
2024-09-21,L4,P020,254,249,2,19
2024-09-21,L5,P021,39,37,1,31
2024-09-21,L5,P022,24,24,0,18
2024-09-21,L5,P023,30,29,1,18
2024-09-21,L5,P024,27,27,0,0
2024-09-21,L5,P025,83,81,2,9
2024-09-22,L1,P001,102,99,1,34
2024-09-22,L1,P002,135,132,2,21
2024-09-22,L1,P003,95,92,2,18
2024-09-22,L1,P004,100,96,2,39
2024-09-22,L2,P005,66,65,1,9
2024-09-22,L2,P006,80,78,1,22
2024-09-22,L2,P007,59,57,1,25
2024-09-22,L2,P008,74,72,1,26
2024-09-22,L3,P009,163,161,2,0
2024-09-22,L3,P010,159,154,4,17
2024-09-22,L3,P011,163,159,2,30
2024-09-22,L3,P012,167,163,2,32
2024-09-22,L3,P013,159,156,3,0
2024-09-22,L3,P014,158,155,3,0
2024-09-22,L4,P015,616,596,7,39
2024-09-22,L4,P016,539,522,9,28
2024-09-22,L4,P017,503,493,7,13
2024-09-22,L4,P018,204,200,2,23
2024-09-22,L4,P019,259,251,4,27
2024-09-22,L4,P020,254,246,5,25
2024-09-22,L5,P021,11,11,0,4
2024-09-22,L5,P022,26,25,1,26
2024-09-22,L5,P023,24,24,0,21
2024-09-22,L5,P024,13,13,0,15
2024-09-22,L5,P025,83,81,1,23
2024-09-23,L1,P001,95,94,1,0
2024-09-23,L1,P002,110,108,1,20
2024-09-23,L1,P003,108,107,1,0
2024-09-23,L1,P004,129,126,2,20
2024-09-23,L2,P005,58,57,1,3
2024-09-23,L2,P006,81,80,0,32
2024-09-23,L2,P007,74,73,1,0
2024-09-23,L2,P008,80,77,1,38
2024-09-23,L3,P009,163,161,2,0
2024-09-23,L3,P010,171,167,1,43
2024-09-23,L3,P011,179,176,1,37
2024-09-23,L3,P012,188,183,3,30
2024-09-23,L3,P013,158,155,2,19
2024-09-23,L3,P014,187,184,2,8
2024-09-23,L4,P015,573,560,10,10
2024-09-23,L4,P016,510,502,4,15
2024-09-23,L4,P017,594,574,9,35
2024-09-23,L4,P018,284,281,2,6
2024-09-23,L4,P019,238,231,3,30
2024-09-23,L4,P020,263,254,3,41
2024-09-23,L5,P021,38,37,0,34
2024-09-23,L5,P022,24,24,0,1
2024-09-23,L5,P023,20,20,0,1
2024-09-23,L5,P024,15,15,0,22
2024-09-23,L5,P025,64,62,1,19
2024-09-24,L1,P001,120,116,2,30
2024-09-24,L1,P002,79,77,2,12
2024-09-24,L1,P003,120,118,2,8
2024-09-24,L1,P004,146,142,3,10
2024-09-24,L2,P005,76,73,1,43
2024-09-24,L2,P006,91,89,2,1
2024-09-24,L2,P007,85,81,2,37
2024-09-24,L2,P008,76,75,0,20
2024-09-24,L3,P009,174,171,2,9
2024-09-24,L3,P010,147,144,1,37
2024-09-24,L3,P011,173,168,4,11
2024-09-24,L3,P012,174,168,4,34
2024-09-24,L3,P013,148,146,2,0
2024-09-24,L3,P014,179,176,2,23
2024-09-24,L4,P015,523,511,6,22
2024-09-24,L4,P016,559,540,9,35
2024-09-24,L4,P017,565,551,9,18
2024-09-24,L4,P018,274,268,5,4
2024-09-24,L4,P019,234,229,3,18
2024-09-24,L4,P020,240,237,3,0
2024-09-24,L5,P021,39,37,1,35
2024-09-24,L5,P022,25,25,0,28
2024-09-24,L5,P023,37,37,0,11
2024-09-24,L5,P024,24,24,0,16
2024-09-24,L5,P025,79,76,2,19
2024-09-25,L1,P001,106,101,2,51
2024-09-25,L1,P002,145,141,4,6
2024-09-25,L1,P003,105,102,2,12
2024-09-25,L1,P004,119,116,2,23
2024-09-25,L2,P005,77,74,2,28
2024-09-25,L2,P006,67,65,1,26
2024-09-25,L2,P007,67,66,1,8
2024-09-25,L2,P008,92,89,1,40
2024-09-25,L3,P009,181,174,5,24
2024-09-25,L3,P010,140,136,2,48
2024-09-25,L3,P011,206,200,3,38
2024-09-25,L3,P012,167,165,1,16
2024-09-25,L3,P013,167,164,3,4
2024-09-25,L3,P014,167,162,3,35
2024-09-25,L4,P015,539,519,6,49
2024-09-25,L4,P016,558,540,13,17
2024-09-25,L4,P017,521,509,4,31
2024-09-25,L4,P018,220,212,5,25
2024-09-25,L4,P019,306,294,5,44
2024-09-25,L4,P020,214,206,5,27
2024-09-25,L5,P021,38,36,1,28
2024-09-25,L5,P022,27,27,0,0
2024-09-25,L5,P023,37,36,1,13
2024-09-25,L5,P024,21,21,0,9
2024-09-25,L5,P025,91,90,1,0
2024-09-26,L1,P001,159,156,2,18
2024-09-26,L1,P002,110,107,2,24
2024-09-26,L1,P003,111,107,2,43
2024-09-26,L1,P004,103,99,2,30
2024-09-26,L2,P005,95,92,2,12
2024-09-26,L2,P006,86,83,2,12
2024-09-26,L2,P007,93,90,2,26
2024-09-26,L2,P008,66,64,1,19
2024-09-26,L3,P009,169,166,2,14
2024-09-26,L3,P010,159,155,2,43
2024-09-26,L3,P011,193,191,2,0
2024-09-26,L3,P012,197,192,4,21
2024-09-26,L3,P013,210,207,2,9
2024-09-26,L3,P014,204,199,3,32
2024-09-26,L4,P015,693,676,11,17
2024-09-26,L4,P016,636,619,10,20
2024-09-26,L4,P017,638,617,7,43
2024-09-26,L4,P018,269,261,4,25
2024-09-26,L4,P019,311,303,7,8
2024-09-26,L4,P020,321,315,2,25
2024-09-26,L5,P021,25,24,0,60
2024-09-26,L5,P022,29,29,0,16
2024-09-26,L5,P023,41,40,0,38
2024-09-26,L5,P024,32,31,1,0
2024-09-26,L5,P025,86,84,1,13
2024-09-27,L1,P001,141,136,4,13
2024-09-27,L1,P002,140,136,1,44
2024-09-27,L1,P003,122,119,1,27
2024-09-27,L1,P004,150,145,3,24
2024-09-27,L2,P005,91,88,2,21
2024-09-27,L2,P006,97,93,2,31
2024-09-27,L2,P007,98,96,2,0
2024-09-27,L2,P008,99,96,2,18
2024-09-27,L3,P009,223,218,4,14
2024-09-27,L3,P010,244,236,5,34
2024-09-27,L3,P011,240,234,5,14
2024-09-27,L3,P012,196,192,3,11
2024-09-27,L3,P013,219,216,1,20
2024-09-27,L3,P014,220,213,4,39
2024-09-27,L4,P015,749,716,21,30
2024-09-27,L4,P016,821,785,18,43
2024-09-27,L4,P017,824,786,21,39
2024-09-27,L4,P018,348,340,3,27
2024-09-27,L4,P019,329,322,4,19
2024-09-27,L4,P020,376,365,4,35
2024-09-27,L5,P021,31,31,0,6
2024-09-27,L5,P022,47,45,1,27
2024-09-27,L5,P023,34,34,0,0
2024-09-27,L5,P024,47,45,1,56
2024-09-27,L5,P025,113,111,1,17
2024-09-28,L1,P001,104,102,1,16
2024-09-28,L1,P002,77,75,1,16
2024-09-28,L1,P003,104,102,1,22
2024-09-28,L1,P004,85,81,2,40
2024-09-28,L2,P005,60,58,1,32
2024-09-28,L2,P006,88,86,1,21
2024-09-28,L2,P007,82,80,1,32
2024-09-28,L2,P008,95,94,1,0
2024-09-28,L3,P009,159,157,1,14
2024-09-28,L3,P010,179,175,4,0
2024-09-28,L3,P011,157,153,4,1
2024-09-28,L3,P012,154,152,2,0
2024-09-28,L3,P013,145,142,3,9
2024-09-28,L3,P014,152,148,2,40
2024-09-28,L4,P015,573,566,7,0
2024-09-28,L4,P016,593,581,5,22
2024-09-28,L4,P017,510,498,6,23
2024-09-28,L4,P018,238,230,6,14
2024-09-28,L4,P019,289,281,7,6
2024-09-28,L4,P020,242,237,2,26
2024-09-28,L5,P021,16,16,0,3
2024-09-28,L5,P022,25,25,0,6
2024-09-28,L5,P023,33,31,1,52
2024-09-28,L5,P024,37,37,0,10
2024-09-28,L5,P025,87,84,1,39
2024-09-29,L1,P001,116,114,2,5
2024-09-29,L1,P002,113,111,1,11
2024-09-29,L1,P003,98,95,2,17
2024-09-29,L1,P004,111,109,2,2
2024-09-29,L2,P005,55,52,2,26
2024-09-29,L2,P006,78,76,1,18
2024-09-29,L2,P007,67,66,1,0
2024-09-29,L2,P008,84,82,1,26
2024-09-29,L3,P009,172,169,2,15
2024-09-29,L3,P010,182,175,3,58
2024-09-29,L3,P011,149,143,4,30
2024-09-29,L3,P012,158,154,4,9
2024-09-29,L3,P013,204,200,2,27
2024-09-29,L3,P014,187,182,5,7
2024-09-29,L4,P015,581,561,13,23
2024-09-29,L4,P016,747,721,24,4
2024-09-29,L4,P017,558,543,5,36
2024-09-29,L4,P018,286,276,3,46
2024-09-29,L4,P019,254,251,1,14
2024-09-29,L4,P020,290,287,0,19
2024-09-29,L5,P021,33,32,1,25
2024-09-29,L5,P022,27,27,0,32
2024-09-29,L5,P023,21,20,0,57
2024-09-29,L5,P024,28,28,0,28
2024-09-29,L5,P025,90,87,2,20
2024-09-30,L1,P001,92,89,1,35
2024-09-30,L1,P002,81,80,1,7
2024-09-30,L1,P003,105,103,1,22
2024-09-30,L1,P004,84,81,2,22
2024-09-30,L2,P005,57,56,1,0
2024-09-30,L2,P006,78,76,1,35
2024-09-30,L2,P007,92,90,2,0
2024-09-30,L2,P008,70,69,1,5
2024-09-30,L3,P009,192,189,2,21
2024-09-30,L3,P010,191,188,2,10
2024-09-30,L3,P011,175,170,3,30
2024-09-30,L3,P012,186,182,3,17
2024-09-30,L3,P013,161,157,3,15
2024-09-30,L3,P014,155,152,2,24
2024-09-30,L4,P015,512,495,12,18
2024-09-30,L4,P016,587,565,9,44
2024-09-30,L4,P017,779,761,6,29
2024-09-30,L4,P018,273,273,0,0
2024-09-30,L4,P019,222,214,5,27
2024-09-30,L4,P020,232,225,4,24
2024-09-30,L5,P021,31,31,0,25
2024-09-30,L5,P022,16,16,0,6
2024-09-30,L5,P023,22,22,0,31
2024-09-30,L5,P024,32,32,0,12
2024-09-30,L5,P025,93,89,2,40
2024-10-01,L1,P001,91,88,1,47
2024-10-01,L1,P002,109,106,2,18
2024-10-01,L1,P003,103,101,1,22
2024-10-01,L1,P004,105,104,1,2
2024-10-01,L2,P005,68,66,2,13
2024-10-01,L2,P006,73,70,1,42
2024-10-01,L2,P007,81,78,2,19
2024-10-01,L2,P008,83,83,0,2
2024-10-01,L3,P009,141,139,1,17
2024-10-01,L3,P010,191,187,3,12
2024-10-01,L3,P011,140,137,1,31
2024-10-01,L3,P012,172,168,1,53
2024-10-01,L3,P013,182,178,2,38
2024-10-01,L3,P014,158,156,2,9
2024-10-01,L4,P015,524,509,9,23
2024-10-01,L4,P016,542,532,6,15
2024-10-01,L4,P017,537,525,11,3
2024-10-01,L4,P018,252,249,2,11
2024-10-01,L4,P019,239,236,3,0
2024-10-01,L4,P020,281,277,2,15
2024-10-01,L5,P021,11,11,0,3
2024-10-01,L5,P022,45,43,1,29
2024-10-01,L5,P023,31,31,0,11
2024-10-01,L5,P024,28,28,0,30
2024-10-01,L5,P025,116,112,2,37
2024-10-02,L1,P001,122,119,2,23
2024-10-02,L1,P002,88,84,2,36
2024-10-02,L1,P003,100,97,2,27
2024-10-02,L1,P004,163,161,1,17
2024-10-02,L2,P005,72,70,1,23
2024-10-02,L2,P006,70,69,0,17
2024-10-02,L2,P007,76,74,1,35
2024-10-02,L2,P008,73,71,1,33
2024-10-02,L3,P009,186,182,4,0
2024-10-02,L3,P010,139,137,2,0
2024-10-02,L3,P011,186,184,2,0
2024-10-02,L3,P012,164,162,2,0
2024-10-02,L3,P013,168,165,3,3
2024-10-02,L3,P014,199,195,3,19
2024-10-02,L4,P015,519,509,7,11
2024-10-02,L4,P016,507,497,10,0
2024-10-02,L4,P017,646,625,9,37
2024-10-02,L4,P018,236,227,7,14
2024-10-02,L4,P019,256,249,3,29
2024-10-02,L4,P020,244,239,3,16
2024-10-02,L5,P021,34,32,1,29
2024-10-02,L5,P022,25,24,0,46
2024-10-02,L5,P023,23,23,0,32
2024-10-02,L5,P024,27,27,0,22
2024-10-02,L5,P025,58,57,1,10
2024-10-03,L1,P001,116,114,0,30
2024-10-03,L1,P002,109,105,2,35
2024-10-03,L1,P003,127,125,1,15
2024-10-03,L1,P004,131,127,1,51
2024-10-03,L2,P005,111,108,2,11
2024-10-03,L2,P006,65,64,0,27
2024-10-03,L2,P007,87,86,1,0
2024-10-03,L2,P008,103,102,1,9
2024-10-03,L3,P009,269,265,4,3
2024-10-03,L3,P010,214,207,4,35
2024-10-03,L3,P011,167,165,1,18
2024-10-03,L3,P012,216,215,1,0
2024-10-03,L3,P013,215,211,4,3
2024-10-03,L3,P014,175,172,2,19
2024-10-03,L4,P015,660,652,5,10
2024-10-03,L4,P016,657,640,8,25
2024-10-03,L4,P017,636,620,7,26
2024-10-03,L4,P018,265,263,0,17
2024-10-03,L4,P019,293,287,2,29
2024-10-03,L4,P020,288,278,3,45
2024-10-03,L5,P021,33,33,0,14
2024-10-03,L5,P022,37,36,1,15
2024-10-03,L5,P023,12,12,0,39
2024-10-03,L5,P024,30,30,0,21
2024-10-03,L5,P025,92,90,0,38
2024-10-04,L1,P001,119,117,2,0
2024-10-04,L1,P002,164,161,2,17
2024-10-04,L1,P003,153,148,2,33
2024-10-04,L1,P004,122,119,1,27
2024-10-04,L2,P005,104,101,1,32
2024-10-04,L2,P006,80,78,2,0
2024-10-04,L2,P007,92,90,1,20
2024-10-04,L2,P008,110,105,2,44
2024-10-04,L3,P009,216,211,4,19
2024-10-04,L3,P010,229,222,4,34
2024-10-04,L3,P011,207,201,3,35
2024-10-04,L3,P012,193,188,3,28
2024-10-04,L3,P013,225,218,3,57
2024-10-04,L3,P014,262,255,4,28
2024-10-04,L4,P015,829,804,11,32
2024-10-04,L4,P016,699,684,8,20
2024-10-04,L4,P017,801,769,19,30
2024-10-04,L4,P018,376,366,6,22
2024-10-04,L4,P019,360,345,8,37
2024-10-04,L4,P020,321,317,4,0
2024-10-04,L5,P021,44,44,0,8
2024-10-04,L5,P022,28,27,1,16
2024-10-04,L5,P023,46,44,1,29
2024-10-04,L5,P024,38,37,0,27
2024-10-04,L5,P025,92,90,1,26
2024-10-05,L1,P001,108,107,1,0
2024-10-05,L1,P002,110,107,1,31
2024-10-05,L1,P003,130,125,4,18
2024-10-05,L1,P004,74,73,1,10
2024-10-05,L2,P005,74,71,2,14
2024-10-05,L2,P006,72,70,1,22
2024-10-05,L2,P007,63,61,1,22
2024-10-05,L2,P008,81,80,1,9
2024-10-05,L3,P009,233,226,4,34
2024-10-05,L3,P010,255,250,5,0
2024-10-05,L3,P011,141,138,2,11
2024-10-05,L3,P012,143,140,2,20
2024-10-05,L3,P013,158,155,1,39
2024-10-05,L3,P014,163,158,4,16
2024-10-05,L4,P015,537,516,14,25
2024-10-05,L4,P016,568,551,11,21
2024-10-05,L4,P017,557,543,9,18
2024-10-05,L4,P018,222,216,4,14
2024-10-05,L4,P019,294,283,5,40
2024-10-05,L4,P020,271,262,6,20
2024-10-05,L5,P021,31,31,0,28
2024-10-05,L5,P022,16,16,0,6
2024-10-05,L5,P023,26,26,0,0
2024-10-05,L5,P024,27,27,0,13
2024-10-05,L5,P025,81,79,2,4
2024-10-06,L1,P001,114,112,2,8
2024-10-06,L1,P002,123,120,2,18
2024-10-06,L1,P003,118,115,2,21
2024-10-06,L1,P004,114,111,2,22
2024-10-06,L2,P005,64,63,1,0
2024-10-06,L2,P006,74,73,1,0
2024-10-06,L2,P007,77,76,1,0
2024-10-06,L2,P008,76,75,1,6
2024-10-06,L3,P009,161,158,3,8
2024-10-06,L3,P010,232,226,3,35
2024-10-06,L3,P011,180,176,2,40
2024-10-06,L3,P012,191,186,5,5
2024-10-06,L3,P013,167,163,3,16
2024-10-06,L3,P014,168,164,3,13
2024-10-06,L4,P015,555,526,15,47
2024-10-06,L4,P016,557,540,11,19
2024-10-06,L4,P017,586,565,10,37
2024-10-06,L4,P018,256,251,1,32
2024-10-06,L4,P019,253,243,5,38
2024-10-06,L4,P020,284,276,4,27
2024-10-06,L5,P021,25,25,0,0
2024-10-06,L5,P022,15,15,0,51
2024-10-06,L5,P023,34,33,0,43
2024-10-06,L5,P024,19,19,0,29
2024-10-06,L5,P025,94,91,2,26
2024-10-07,L1,P001,84,81,2,21
2024-10-07,L1,P002,130,124,2,59
2024-10-07,L1,P003,130,128,1,8
2024-10-07,L1,P004,130,129,0,10
2024-10-07,L2,P005,76,75,1,0
2024-10-07,L2,P006,76,75,0,22
2024-10-07,L2,P007,59,58,1,4
2024-10-07,L2,P008,78,75,2,13
2024-10-07,L3,P009,134,132,2,10
2024-10-07,L3,P010,165,161,3,19
2024-10-07,L3,P011,147,145,2,3
2024-10-07,L3,P012,180,177,1,35
2024-10-07,L3,P013,164,160,3,14
2024-10-07,L3,P014,178,175,2,16
2024-10-07,L4,P015,577,554,17,19
2024-10-07,L4,P016,549,544,1,14
2024-10-07,L4,P017,582,564,9,29
2024-10-07,L4,P018,260,248,6,47
2024-10-07,L4,P019,261,256,4,11
2024-10-07,L4,P020,255,245,3,54
2024-10-07,L5,P021,27,26,1,0
2024-10-07,L5,P022,23,22,1,21
2024-10-07,L5,P023,15,15,0,31
2024-10-07,L5,P024,23,23,0,10
2024-10-07,L5,P025,101,99,1,26
2024-10-08,L1,P001,110,106,2,37
2024-10-08,L1,P002,95,92,1,32
2024-10-08,L1,P003,95,92,1,49
2024-10-08,L1,P004,93,91,2,0
2024-10-08,L2,P005,66,65,1,13
2024-10-08,L2,P006,84,82,1,32
2024-10-08,L2,P007,66,64,2,0
2024-10-08,L2,P008,79,78,1,0
2024-10-08,L3,P009,104,100,3,23
2024-10-08,L3,P010,163,160,1,33
2024-10-08,L3,P011,178,172,4,28
2024-10-08,L3,P012,138,134,2,41
2024-10-08,L3,P013,228,223,3,27
2024-10-08,L3,P014,183,182,1,6
2024-10-08,L4,P015,557,550,4,10
2024-10-08,L4,P016,525,510,9,21
2024-10-08,L4,P017,505,493,7,20
2024-10-08,L4,P018,229,223,2,31
2024-10-08,L4,P019,245,240,3,16
2024-10-08,L4,P020,254,246,5,23
2024-10-08,L5,P021,26,26,0,5
2024-10-08,L5,P022,31,29,1,46
2024-10-08,L5,P023,31,31,0,15
2024-10-08,L5,P024,29,28,1,11
2024-10-08,L5,P025,97,94,3,9
2024-10-09,L1,P001,117,114,2,21
2024-10-09,L1,P002,129,126,2,9
2024-10-09,L1,P003,83,81,1,27
2024-10-09,L1,P004,180,173,2,49
2024-10-09,L2,P005,86,84,1,17
2024-10-09,L2,P006,75,72,1,49
2024-10-09,L2,P007,62,61,1,1
2024-10-09,L2,P008,77,76,1,0
2024-10-09,L3,P009,146,142,2,42
2024-10-09,L3,P010,161,156,3,30
2024-10-09,L3,P011,155,153,1,15
2024-10-09,L3,P012,172,169,3,7
2024-10-09,L3,P013,154,150,3,12
2024-10-09,L3,P014,193,189,2,34
2024-10-09,L4,P015,547,532,10,17
2024-10-09,L4,P016,559,544,9,20
2024-10-09,L4,P017,512,487,15,38
2024-10-09,L4,P018,268,263,4,9
2024-10-09,L4,P019,263,257,3,25
2024-10-09,L4,P020,292,287,5,0
2024-10-09,L5,P021,31,31,0,0
2024-10-09,L5,P022,42,41,1,12
2024-10-09,L5,P023,33,32,1,10
2024-10-09,L5,P024,19,19,0,2
2024-10-09,L5,P025,95,93,1,12
2024-10-10,L1,P001,129,126,1,30
2024-10-10,L1,P002,99,96,2,25
2024-10-10,L1,P003,122,118,2,34
2024-10-10,L1,P004,122,118,3,13
2024-10-10,L2,P005,98,96,1,16
2024-10-10,L2,P006,79,78,1,8
2024-10-10,L2,P007,92,91,1,0
2024-10-10,L2,P008,92,89,2,17
2024-10-10,L3,P009,183,178,3,27
2024-10-10,L3,P010,194,190,1,48
2024-10-10,L3,P011,191,185,4,30
2024-10-10,L3,P012,168,165,3,0
2024-10-10,L3,P013,203,200,2,12
2024-10-10,L3,P014,188,185,2,22
2024-10-10,L4,P015,650,646,0,11
2024-10-10,L4,P016,629,613,7,28
2024-10-10,L4,P017,700,685,7,21
2024-10-10,L4,P018,324,317,3,24
2024-10-10,L4,P019,364,357,7,0
2024-10-10,L4,P020,304,302,2,0
2024-10-10,L5,P021,38,38,0,20
2024-10-10,L5,P022,38,37,0,36
2024-10-10,L5,P023,39,37,1,41
2024-10-10,L5,P024,32,32,0,24
2024-10-10,L5,P025,96,93,2,22
2024-10-11,L1,P001,155,152,1,21
2024-10-11,L1,P002,156,153,1,29
2024-10-11,L1,P003,158,151,3,54
2024-10-11,L1,P004,110,107,1,29
2024-10-11,L2,P005,97,95,2,0
2024-10-11,L2,P006,96,95,1,0
2024-10-11,L2,P007,106,102,2,42
2024-10-11,L2,P008,104,102,2,6
2024-10-11,L3,P009,231,223,6,24
2024-10-11,L3,P010,232,225,5,22
2024-10-11,L3,P011,216,213,2,11
2024-10-11,L3,P012,218,216,0,24
2024-10-11,L3,P013,286,280,2,40
2024-10-11,L3,P014,236,233,2,18
2024-10-11,L4,P015,785,774,11,0
2024-10-11,L4,P016,692,675,13,10
2024-10-11,L4,P017,717,700,0,46
2024-10-11,L4,P018,351,337,8,32
2024-10-11,L4,P019,315,308,3,27
2024-10-11,L4,P020,346,333,7,31
2024-10-11,L5,P021,28,28,0,23
2024-10-11,L5,P022,41,40,1,13
2024-10-11,L5,P023,29,29,0,25
2024-10-11,L5,P024,42,42,0,10
2024-10-11,L5,P025,38,37,1,0
2024-10-12,L1,P001,81,80,0,29
2024-10-12,L1,P002,94,92,1,29
2024-10-12,L1,P003,112,108,2,34
2024-10-12,L1,P004,79,77,1,17
2024-10-12,L2,P005,86,85,1,2
2024-10-12,L2,P006,73,71,1,28
2024-10-12,L2,P007,84,81,2,23
2024-10-12,L2,P008,61,59,1,27
2024-10-12,L3,P009,171,170,1,0
2024-10-12,L3,P010,208,202,4,29
2024-10-12,L3,P011,202,198,3,8
2024-10-12,L3,P012,168,166,2,2
2024-10-12,L3,P013,143,140,2,24
2024-10-12,L3,P014,151,150,1,6
2024-10-12,L4,P015,515,504,2,35
2024-10-12,L4,P016,524,510,6,30
2024-10-12,L4,P017,593,580,6,24
2024-10-12,L4,P018,219,214,1,32
2024-10-12,L4,P019,201,193,5,27
2024-10-12,L4,P020,204,202,1,9
2024-10-12,L5,P021,23,23,0,32
2024-10-12,L5,P022,26,26,0,5
2024-10-12,L5,P023,16,16,0,24
2024-10-12,L5,P024,30,30,0,0
2024-10-12,L5,P025,32,31,1,20
2024-10-13,L1,P001,112,110,1,10
2024-10-13,L1,P002,93,91,1,14
2024-10-13,L1,P003,125,123,2,0
2024-10-13,L1,P004,118,113,2,46
2024-10-13,L2,P005,82,80,1,25
2024-10-13,L2,P006,68,67,1,9
2024-10-13,L2,P007,69,67,1,34
2024-10-13,L2,P008,67,65,1,18
2024-10-13,L3,P009,164,160,3,15
2024-10-13,L3,P010,171,165,4,38
2024-10-13,L3,P011,137,134,2,14
2024-10-13,L3,P012,168,163,4,24
2024-10-13,L3,P013,174,169,3,29
2024-10-13,L3,P014,157,153,4,4
2024-10-13,L4,P015,525,512,5,29
2024-10-13,L4,P016,559,534,8,57
2024-10-13,L4,P017,512,510,0,7
2024-10-13,L4,P018,279,272,4,21
2024-10-13,L4,P019,235,230,4,8
2024-10-13,L4,P020,291,284,7,2
2024-10-13,L5,P021,28,28,0,21
2024-10-13,L5,P022,31,31,0,16
2024-10-13,L5,P023,27,27,0,10
2024-10-13,L5,P024,14,14,0,31
2024-10-13,L5,P025,39,38,1,21
2024-10-14,L1,P001,102,100,0,43
2024-10-14,L1,P002,116,113,2,17
2024-10-14,L1,P003,69,68,1,5
2024-10-14,L1,P004,109,106,1,34
2024-10-14,L2,P005,91,90,1,5
2024-10-14,L2,P006,86,83,2,15
2024-10-14,L2,P007,63,61,1,22
2024-10-14,L2,P008,70,68,2,13
2024-10-14,L3,P009,141,138,2,24
2024-10-14,L3,P010,161,159,2,6
2024-10-14,L3,P011,178,173,3,33
2024-10-14,L3,P012,167,163,3,14
2024-10-14,L3,P013,169,166,3,6
2024-10-14,L3,P014,170,167,1,41
2024-10-14,L4,P015,592,574,8,31
2024-10-14,L4,P016,576,568,8,0
2024-10-14,L4,P017,546,537,9,0
2024-10-14,L4,P018,245,240,2,24
2024-10-14,L4,P019,232,227,2,28
2024-10-14,L4,P020,236,228,4,29
2024-10-14,L5,P021,21,21,0,22
2024-10-14,L5,P022,30,30,0,30
2024-10-14,L5,P023,24,24,0,0
2024-10-14,L5,P024,25,25,0,6
2024-10-14,L5,P025,30,30,0,9
2024-10-15,L1,P001,99,98,1,0
2024-10-15,L1,P002,120,115,2,42
2024-10-15,L1,P003,126,124,2,5
2024-10-15,L1,P004,129,127,2,4
2024-10-15,L2,P005,73,72,1,0
2024-10-15,L2,P006,73,71,1,24
2024-10-15,L2,P007,56,55,0,21
2024-10-15,L2,P008,75,73,1,33
2024-10-15,L3,P009,162,157,4,15
2024-10-15,L3,P010,169,166,2,9
2024-10-15,L3,P011,168,163,4,19
2024-10-15,L3,P012,153,149,3,10
2024-10-15,L3,P013,147,144,1,36
2024-10-15,L3,P014,182,176,4,28
2024-10-15,L4,P015,667,647,17,9
2024-10-15,L4,P016,542,521,10,38
2024-10-15,L4,P017,565,540,13,42
2024-10-15,L4,P018,240,233,5,19
2024-10-15,L4,P019,267,256,3,59
2024-10-15,L4,P020,272,266,3,19
2024-10-15,L5,P021,25,25,0,0
2024-10-15,L5,P022,11,11,0,36
2024-10-15,L5,P023,41,40,1,17
2024-10-15,L5,P024,40,39,1,20
2024-10-15,L5,P025,29,28,1,15
2024-10-16,L1,P001,119,115,2,25
2024-10-16,L1,P002,120,115,2,50
2024-10-16,L1,P003,112,110,1,13
2024-10-16,L1,P004,88,86,2,0
2024-10-16,L2,P005,85,84,0,22
2024-10-16,L2,P006,77,74,2,20
2024-10-16,L2,P007,77,75,1,29
2024-10-16,L2,P008,70,69,0,19
2024-10-16,L3,P009,222,218,4,4
2024-10-16,L3,P010,153,150,2,14
2024-10-16,L3,P011,154,151,3,3
2024-10-16,L3,P012,190,183,3,65
2024-10-16,L3,P013,183,178,3,28
2024-10-16,L3,P014,151,149,1,15
2024-10-16,L4,P015,515,493,11,42
2024-10-16,L4,P016,751,734,8,23
2024-10-16,L4,P017,547,526,6,52
2024-10-16,L4,P018,312,306,3,18
2024-10-16,L4,P019,288,280,6,10
2024-10-16,L4,P020,232,226,6,3
2024-10-16,L5,P021,26,26,0,25
2024-10-16,L5,P022,27,27,0,25
2024-10-16,L5,P023,17,17,0,1
2024-10-16,L5,P024,28,27,1,33
2024-10-16,L5,P025,33,32,1,20
2024-10-17,L1,P001,147,141,3,33
2024-10-17,L1,P002,169,168,1,0
2024-10-17,L1,P003,98,95,2,14
2024-10-17,L1,P004,125,120,2,50
2024-10-17,L2,P005,74,73,1,4
2024-10-17,L2,P006,74,72,1,30
2024-10-17,L2,P007,102,99,1,34
2024-10-17,L2,P008,99,96,2,22
2024-10-17,L3,P009,302,297,4,8
2024-10-17,L3,P010,159,157,1,16
2024-10-17,L3,P011,202,202,0,6
2024-10-17,L3,P012,203,198,4,9
2024-10-17,L3,P013,185,180,3,28
2024-10-17,L3,P014,161,157,2,39
2024-10-17,L4,P015,644,621,17,19
2024-10-17,L4,P016,627,617,8,6
2024-10-17,L4,P017,673,654,13,17
2024-10-17,L4,P018,256,247,7,12
2024-10-17,L4,P019,306,298,5,16
2024-10-17,L4,P020,312,297,9,35
2024-10-17,L5,P021,29,29,0,23
2024-10-17,L5,P022,40,39,0,30
2024-10-17,L5,P023,32,31,0,33
2024-10-17,L5,P024,28,27,1,22
2024-10-17,L5,P025,39,37,1,28
2024-10-18,L1,P001,175,174,1,2
2024-10-18,L1,P002,147,144,2,8
2024-10-18,L1,P003,156,150,3,34
2024-10-18,L1,P004,145,141,2,27
2024-10-18,L2,P005,86,85,0,16
2024-10-18,L2,P006,114,110,2,31
2024-10-18,L2,P007,98,96,1,29
2024-10-18,L2,P008,85,84,1,0
2024-10-18,L3,P009,239,237,2,6
2024-10-18,L3,P010,224,221,2,11
2024-10-18,L3,P011,206,202,4,5
2024-10-18,L3,P012,209,204,4,16
2024-10-18,L3,P013,212,207,3,24
2024-10-18,L3,P014,204,199,3,34
2024-10-18,L4,P015,791,784,7,0
2024-10-18,L4,P016,737,721,14,6
2024-10-18,L4,P017,834,803,17,32
2024-10-18,L4,P018,321,313,6,11
2024-10-18,L4,P019,370,359,8,18
2024-10-18,L4,P020,341,332,3,36
2024-10-18,L5,P021,40,40,0,9
2024-10-18,L5,P022,42,41,0,24
2024-10-18,L5,P023,58,56,1,20
2024-10-18,L5,P024,29,27,1,40
2024-10-18,L5,P025,50,49,1,0
2024-10-19,L1,P001,120,116,2,26
2024-10-19,L1,P002,146,143,3,0
2024-10-19,L1,P003,104,102,2,1
2024-10-19,L1,P004,134,131,1,25
2024-10-19,L2,P005,96,93,1,37
2024-10-19,L2,P006,86,83,1,41
2024-10-19,L2,P007,70,67,1,57
2024-10-19,L2,P008,49,47,1,28
2024-10-19,L3,P009,181,179,1,9
2024-10-19,L3,P010,203,197,4,29
2024-10-19,L3,P011,140,138,1,29
2024-10-19,L3,P012,163,159,3,14
2024-10-19,L3,P013,185,180,4,17
2024-10-19,L3,P014,151,144,5,35
2024-10-19,L4,P015,539,517,10,42
2024-10-19,L4,P016,520,504,11,18
2024-10-19,L4,P017,508,491,8,35
2024-10-19,L4,P018,257,245,6,44
2024-10-19,L4,P019,251,245,4,13
2024-10-19,L4,P020,231,223,4,33
2024-10-19,L5,P021,21,21,0,1
2024-10-19,L5,P022,14,14,0,26
2024-10-19,L5,P023,31,31,0,16
2024-10-19,L5,P024,20,20,0,1
2024-10-19,L5,P025,22,21,1,0
2024-10-20,L1,P001,105,103,2,0
2024-10-20,L1,P002,112,109,2,23
2024-10-20,L1,P003,113,110,3,6
2024-10-20,L1,P004,101,98,2,15
2024-10-20,L2,P005,60,59,1,0
2024-10-20,L2,P006,57,56,1,13
2024-10-20,L2,P007,74,72,1,35
2024-10-20,L2,P008,97,95,1,28
2024-10-20,L3,P009,163,159,3,23
2024-10-20,L3,P010,185,182,3,0
2024-10-20,L3,P011,147,146,1,0
2024-10-20,L3,P012,163,160,2,22
2024-10-20,L3,P013,162,160,1,24
2024-10-20,L3,P014,192,187,3,25
2024-10-20,L4,P015,541,534,7,0
2024-10-20,L4,P016,569,558,5,20
2024-10-20,L4,P017,718,699,3,42
2024-10-20,L4,P018,349,337,7,25
2024-10-20,L4,P019,254,246,4,31
2024-10-20,L4,P020,215,212,2,11
2024-10-20,L5,P021,32,31,1,10
2024-10-20,L5,P022,26,26,0,32
2024-10-20,L5,P023,16,16,0,9
2024-10-20,L5,P024,13,13,0,24
2024-10-20,L5,P025,24,24,0,0
2024-10-21,L1,P001,112,110,1,15
2024-10-21,L1,P002,115,113,2,8
2024-10-21,L1,P003,121,118,3,6
2024-10-21,L1,P004,101,97,2,34
2024-10-21,L2,P005,68,66,1,30
2024-10-21,L2,P006,104,99,3,36
2024-10-21,L2,P007,77,75,1,18
2024-10-21,L2,P008,63,63,0,12
2024-10-21,L3,P009,182,177,4,16
2024-10-21,L3,P010,159,155,1,47
2024-10-21,L3,P011,170,164,4,33
2024-10-21,L3,P012,158,154,3,17
2024-10-21,L3,P013,190,186,4,0
2024-10-21,L3,P014,152,149,3,8
2024-10-21,L4,P015,588,576,5,22
2024-10-21,L4,P016,549,537,9,12
2024-10-21,L4,P017,575,568,6,2
2024-10-21,L4,P018,267,260,3,32
2024-10-21,L4,P019,268,257,6,36
2024-10-21,L4,P020,252,247,4,10
2024-10-21,L5,P021,22,22,0,5
2024-10-21,L5,P022,38,36,1,46
2024-10-21,L5,P023,20,20,0,16
2024-10-21,L5,P024,40,39,1,15
2024-10-21,L5,P025,33,33,0,8
2024-10-22,L1,P001,118,115,2,13
2024-10-22,L1,P002,110,106,2,31
2024-10-22,L1,P003,113,111,2,0
2024-10-22,L1,P004,110,108,1,14
2024-10-22,L2,P005,50,49,1,14
2024-10-22,L2,P006,72,71,0,26
2024-10-22,L2,P007,85,83,1,12
2024-10-22,L2,P008,115,112,2,21
2024-10-22,L3,P009,169,164,5,0
2024-10-22,L3,P010,175,174,0,10
2024-10-22,L3,P011,157,152,3,34
2024-10-22,L3,P012,171,168,1,29
2024-10-22,L3,P013,179,177,2,0
2024-10-22,L3,P014,178,173,3,26
2024-10-22,L4,P015,534,525,9,0
2024-10-22,L4,P016,550,539,6,18
2024-10-22,L4,P017,577,564,5,27
2024-10-22,L4,P018,267,262,3,13
2024-10-22,L4,P019,229,222,4,23
2024-10-22,L4,P020,219,216,3,0
2024-10-22,L5,P021,33,33,0,5
2024-10-22,L5,P022,28,26,1,39
2024-10-22,L5,P023,31,29,1,47
2024-10-22,L5,P024,14,14,0,25
2024-10-22,L5,P025,20,20,0,43
2024-10-23,L1,P001,109,107,1,9
2024-10-23,L1,P002,119,115,3,24
2024-10-23,L1,P003,85,82,2,17
2024-10-23,L1,P004,112,107,2,50
2024-10-23,L2,P005,63,60,2,27
2024-10-23,L2,P006,77,75,1,20
2024-10-23,L2,P007,97,94,2,13
2024-10-23,L2,P008,81,78,1,38
2024-10-23,L3,P009,138,136,1,26
2024-10-23,L3,P010,216,210,3,38
2024-10-23,L3,P011,152,148,2,42
2024-10-23,L3,P012,200,198,2,0
2024-10-23,L3,P013,170,168,1,24
2024-10-23,L3,P014,189,186,3,2
2024-10-23,L4,P015,583,572,11,0
2024-10-23,L4,P016,594,580,5,28
2024-10-23,L4,P017,527,512,8,25
2024-10-23,L4,P018,258,249,7,14
2024-10-23,L4,P019,316,306,3,42
2024-10-23,L4,P020,265,258,5,15
2024-10-23,L5,P021,25,25,0,23
2024-10-23,L5,P022,26,25,0,43
2024-10-23,L5,P023,22,22,0,33
2024-10-23,L5,P024,35,34,1,4
2024-10-23,L5,P025,34,34,0,19
2024-10-24,L1,P001,125,121,4,0
2024-10-24,L1,P002,97,94,1,31
2024-10-24,L1,P003,120,118,1,17
2024-10-24,L1,P004,127,123,1,40
2024-10-24,L2,P005,72,69,1,47
2024-10-24,L2,P006,91,90,0,28
2024-10-24,L2,P007,91,89,2,0
2024-10-24,L2,P008,74,72,1,23
2024-10-24,L3,P009,210,205,3,25
2024-10-24,L3,P010,198,194,3,18
2024-10-24,L3,P011,201,198,2,12
2024-10-24,L3,P012,176,172,3,11
2024-10-24,L3,P013,206,203,3,0
2024-10-24,L3,P014,178,174,2,37
2024-10-24,L4,P015,628,609,12,20
2024-10-24,L4,P016,646,631,11,12
2024-10-24,L4,P017,708,697,11,0
2024-10-24,L4,P018,328,322,4,9
2024-10-24,L4,P019,296,291,3,12
2024-10-24,L4,P020,310,299,5,38
2024-10-24,L5,P021,38,37,1,10
2024-10-24,L5,P022,33,33,0,27
2024-10-24,L5,P023,52,51,1,9
2024-10-24,L5,P024,40,39,1,2
2024-10-24,L5,P025,39,38,0,29
2024-10-25,L1,P001,158,153,3,28
2024-10-25,L1,P002,141,136,3,28
2024-10-25,L1,P003,116,112,2,27
2024-10-25,L1,P004,165,162,1,20
2024-10-25,L2,P005,90,87,1,32
2024-10-25,L2,P006,67,66,0,36
2024-10-25,L2,P007,106,103,1,37
2024-10-25,L2,P008,97,94,2,24
2024-10-25,L3,P009,236,226,6,47
2024-10-25,L3,P010,208,202,3,43
2024-10-25,L3,P011,251,244,6,11
2024-10-25,L3,P012,240,234,3,38
2024-10-25,L3,P013,244,237,4,41
2024-10-25,L3,P014,256,251,2,33
2024-10-25,L4,P015,710,689,17,10
2024-10-25,L4,P016,791,757,9,60
2024-10-25,L4,P017,726,717,6,8
2024-10-25,L4,P018,376,368,4,19
2024-10-25,L4,P019,341,331,4,33
2024-10-25,L4,P020,360,350,5,29
2024-10-25,L5,P021,46,45,1,20
2024-10-25,L5,P022,33,31,1,31
2024-10-25,L5,P023,53,53,0,0
2024-10-25,L5,P024,46,44,1,33
2024-10-25,L5,P025,30,30,0,19
2024-10-26,L1,P001,101,97,2,34
2024-10-26,L1,P002,81,77,1,63
2024-10-26,L1,P003,148,143,2,34
2024-10-26,L1,P004,84,81,2,31
2024-10-26,L2,P005,74,71,2,24
2024-10-26,L2,P006,104,100,2,28
2024-10-26,L2,P007,67,66,1,14
2024-10-26,L2,P008,66,65,1,12
2024-10-26,L3,P009,157,155,1,22
2024-10-26,L3,P010,162,159,2,18
2024-10-26,L3,P011,134,131,2,13
2024-10-26,L3,P012,175,173,2,0
2024-10-26,L3,P013,157,155,1,24
2024-10-26,L3,P014,170,167,2,14
2024-10-26,L4,P015,557,535,16,21
2024-10-26,L4,P016,481,468,7,23
2024-10-26,L4,P017,557,547,4,20
2024-10-26,L4,P018,244,239,5,0
2024-10-26,L4,P019,229,227,1,7
2024-10-26,L4,P020,234,230,3,10
2024-10-26,L5,P021,16,16,0,20
2024-10-26,L5,P022,34,33,1,18
2024-10-26,L5,P023,22,22,0,0
2024-10-26,L5,P024,17,17,0,29
2024-10-26,L5,P025,32,32,0,29
2024-10-27,L1,P001,96,93,1,43
2024-10-27,L1,P002,111,109,1,22
2024-10-27,L1,P003,128,124,1,50
2024-10-27,L1,P004,80,78,1,32
2024-10-27,L2,P005,80,79,1,0
2024-10-27,L2,P006,87,84,1,36
2024-10-27,L2,P007,72,70,1,21
2024-10-27,L2,P008,78,76,1,13
2024-10-27,L3,P009,153,150,2,20
2024-10-27,L3,P010,181,178,1,24
2024-10-27,L3,P011,174,170,3,24
2024-10-27,L3,P012,178,174,3,10
2024-10-27,L3,P013,220,217,3,3
2024-10-27,L3,P014,150,148,1,16
2024-10-27,L4,P015,615,603,9,10
2024-10-27,L4,P016,616,605,11,0
2024-10-27,L4,P017,562,542,11,32
2024-10-27,L4,P018,257,248,5,29
2024-10-27,L4,P019,261,247,7,55
2024-10-27,L4,P020,240,236,4,0
2024-10-27,L5,P021,29,28,0,45
2024-10-27,L5,P022,26,26,0,19
2024-10-27,L5,P023,21,20,1,44
2024-10-27,L5,P024,19,18,1,11
2024-10-27,L5,P025,25,25,0,4
2024-10-28,L1,P001,101,100,1,0
2024-10-28,L1,P002,132,126,3,45
2024-10-28,L1,P003,88,87,1,6
2024-10-28,L1,P004,122,116,3,45
2024-10-28,L2,P005,61,59,1,17
2024-10-28,L2,P006,88,86,1,15
2024-10-28,L2,P007,72,71,1,0
2024-10-28,L2,P008,64,62,1,31
2024-10-28,L3,P009,188,183,3,37
2024-10-28,L3,P010,176,170,4,29
2024-10-28,L3,P011,179,176,3,2
2024-10-28,L3,P012,186,182,3,16
2024-10-28,L3,P013,185,180,3,32
2024-10-28,L3,P014,161,157,3,21
2024-10-28,L4,P015,547,540,5,6
2024-10-28,L4,P016,572,551,13,26
2024-10-28,L4,P017,799,759,23,40
2024-10-28,L4,P018,270,265,5,3
2024-10-28,L4,P019,365,352,9,23
2024-10-28,L4,P020,278,274,4,2
2024-10-28,L5,P021,25,24,0,53
2024-10-28,L5,P022,23,23,0,33
2024-10-28,L5,P023,37,35,1,31
2024-10-28,L5,P024,48,47,1,6
2024-10-28,L5,P025,30,28,1,33
2024-10-29,L1,P001,116,112,1,48
2024-10-29,L1,P002,136,134,1,14
2024-10-29,L1,P003,97,94,2,22
2024-10-29,L1,P004,93,90,1,32
2024-10-29,L2,P005,64,62,1,22
2024-10-29,L2,P006,62,60,1,20
2024-10-29,L2,P007,69,67,1,18
2024-10-29,L2,P008,72,70,1,24
2024-10-29,L3,P009,135,132,2,21
2024-10-29,L3,P010,196,192,2,27
2024-10-29,L3,P011,192,189,3,3
2024-10-29,L3,P012,167,162,3,28
2024-10-29,L3,P013,221,214,4,37
2024-10-29,L3,P014,153,152,0,26
2024-10-29,L4,P015,595,591,4,0
2024-10-29,L4,P016,557,546,11,0
2024-10-29,L4,P017,527,520,5,6
2024-10-29,L4,P018,258,248,4,47
2024-10-29,L4,P019,265,259,2,29
2024-10-29,L4,P020,315,310,4,7
2024-10-29,L5,P021,31,30,1,7
2024-10-29,L5,P022,21,21,0,26
2024-10-29,L5,P023,46,44,1,31
2024-10-29,L5,P024,28,27,1,22
2024-10-29,L5,P025,38,36,1,39
2024-10-30,L1,P001,108,105,2,14
2024-10-30,L1,P002,109,105,2,27
2024-10-30,L1,P003,94,92,1,23
2024-10-30,L1,P004,101,99,0,44
2024-10-30,L2,P005,86,85,1,0
2024-10-30,L2,P006,73,72,1,9
2024-10-30,L2,P007,75,73,1,34
2024-10-30,L2,P008,73,70,2,21
2024-10-30,L3,P009,139,135,3,30
2024-10-30,L3,P010,170,166,2,33
2024-10-30,L3,P011,164,160,3,20
2024-10-30,L3,P012,178,175,2,10
2024-10-30,L3,P013,138,133,3,47
2024-10-30,L3,P014,164,159,3,40
2024-10-30,L4,P015,493,477,6,37
2024-10-30,L4,P016,587,571,9,24
2024-10-30,L4,P017,582,576,6,0
2024-10-30,L4,P018,293,284,5,23
2024-10-30,L4,P019,263,253,3,49
2024-10-30,L4,P020,254,248,2,29
2024-10-30,L5,P021,48,48,0,10
2024-10-30,L5,P022,24,24,0,27
2024-10-30,L5,P023,23,23,0,1
2024-10-30,L5,P024,27,27,0,0
2024-10-30,L5,P025,26,26,0,26
2024-10-31,L1,P001,129,127,1,21
2024-10-31,L1,P002,135,130,2,37
2024-10-31,L1,P003,116,113,1,31
2024-10-31,L1,P004,113,111,2,0
2024-10-31,L2,P005,106,105,1,0
2024-10-31,L2,P006,77,75,1,21
2024-10-31,L2,P007,93,90,1,32
2024-10-31,L2,P008,99,95,2,33
2024-10-31,L3,P009,180,175,5,0
2024-10-31,L3,P010,147,147,0,0
2024-10-31,L3,P011,225,220,4,11
2024-10-31,L3,P012,197,193,3,9
2024-10-31,L3,P013,171,167,3,10
2024-10-31,L3,P014,202,200,2,7
2024-10-31,L4,P015,595,586,7,8
2024-10-31,L4,P016,704,683,9,32
2024-10-31,L4,P017,572,554,10,27
2024-10-31,L4,P018,326,315,8,16
2024-10-31,L4,P019,287,282,0,36
2024-10-31,L4,P020,317,307,5,32
2024-10-31,L5,P021,31,31,0,30
2024-10-31,L5,P022,39,38,1,12
2024-10-31,L5,P023,25,25,0,33
2024-10-31,L5,P024,39,37,1,56
2024-10-31,L5,P025,30,30,0,19
2024-11-01,L1,P001,156,153,2,7
2024-11-01,L1,P002,109,106,2,13
2024-11-01,L1,P003,151,147,2,24
2024-11-01,L1,P004,133,128,3,36
2024-11-01,L2,P005,117,115,1,18
2024-11-01,L2,P006,72,72,0,12
2024-11-01,L2,P007,100,98,1,15
2024-11-01,L2,P008,93,91,2,0
2024-11-01,L3,P009,235,229,4,23
2024-11-01,L3,P010,238,233,5,2
2024-11-01,L3,P011,240,235,3,23
2024-11-01,L3,P012,200,196,2,28
2024-11-01,L3,P013,207,201,4,23
2024-11-01,L3,P014,212,209,3,1
2024-11-01,L4,P015,718,691,15,31
2024-11-01,L4,P016,723,702,20,2
2024-11-01,L4,P017,753,725,19,23
2024-11-01,L4,P018,368,357,4,36
2024-11-01,L4,P019,357,347,5,25
2024-11-01,L4,P020,343,333,6,22
2024-11-01,L5,P021,50,49,1,0
2024-11-01,L5,P022,31,30,1,0
2024-11-01,L5,P023,26,25,1,28
2024-11-01,L5,P024,28,27,1,17
2024-11-01,L5,P025,59,58,0,39
2024-11-02,L1,P001,96,94,2,0
2024-11-02,L1,P002,94,92,1,20
2024-11-02,L1,P003,95,91,1,58
2024-11-02,L1,P004,81,79,1,19
2024-11-02,L2,P005,50,49,1,6
2024-11-02,L2,P006,62,60,2,3
2024-11-02,L2,P007,91,89,2,0
2024-11-02,L2,P008,58,57,1,0
2024-11-02,L3,P009,135,132,3,6
2024-11-02,L3,P010,168,167,1,0
2024-11-02,L3,P011,127,125,2,10
2024-11-02,L3,P012,141,138,3,9
2024-11-02,L3,P013,154,151,3,2
2024-11-02,L3,P014,167,163,3,18
2024-11-02,L4,P015,527,504,9,51
2024-11-02,L4,P016,468,458,7,14
2024-11-02,L4,P017,512,505,4,12
2024-11-02,L4,P018,280,275,4,8
2024-11-02,L4,P019,293,287,5,6
2024-11-02,L4,P020,246,240,5,6
2024-11-02,L5,P021,22,22,0,5
2024-11-02,L5,P022,44,42,1,30
2024-11-02,L5,P023,45,44,1,3
2024-11-02,L5,P024,34,33,0,37
2024-11-02,L5,P025,35,34,1,2
2024-11-03,L1,P001,118,114,3,18
2024-11-03,L1,P002,113,110,1,38
2024-11-03,L1,P003,117,113,2,39
2024-11-03,L1,P004,99,95,2,40
2024-11-03,L2,P005,88,84,2,46
2024-11-03,L2,P006,60,59,1,16
2024-11-03,L2,P007,75,73,1,13
2024-11-03,L2,P008,67,65,1,42
2024-11-03,L3,P009,158,154,3,26
2024-11-03,L3,P010,175,171,3,9
2024-11-03,L3,P011,174,172,1,14
2024-11-03,L3,P012,188,184,2,27
2024-11-03,L3,P013,151,147,2,42
2024-11-03,L3,P014,171,170,1,0
2024-11-03,L4,P015,577,551,13,44
2024-11-03,L4,P016,569,561,8,0
2024-11-03,L4,P017,576,568,6,6
2024-11-03,L4,P018,369,356,7,30
2024-11-03,L4,P019,253,250,3,0
2024-11-03,L4,P020,246,242,3,5
2024-11-03,L5,P021,25,24,1,26
2024-11-03,L5,P022,31,30,1,22
2024-11-03,L5,P023,38,37,0,39
2024-11-03,L5,P024,28,28,0,16
2024-11-03,L5,P025,24,24,0,8
2024-11-04,L1,P001,113,110,1,37
2024-11-04,L1,P002,64,63,1,14
2024-11-04,L1,P003,123,122,0,16
2024-11-04,L1,P004,117,112,2,51
2024-11-04,L2,P005,96,93,2,12
2024-11-04,L2,P006,78,76,1,20
2024-11-04,L2,P007,62,60,1,29
2024-11-04,L2,P008,78,76,1,30
2024-11-04,L3,P009,163,160,3,0
2024-11-04,L3,P010,153,150,2,23
2024-11-04,L3,P011,169,163,4,32
2024-11-04,L3,P012,161,158,2,10
2024-11-04,L3,P013,181,177,2,34
2024-11-04,L3,P014,149,145,3,16
2024-11-04,L4,P015,520,503,10,26
2024-11-04,L4,P016,508,501,6,4
2024-11-04,L4,P017,626,614,6,18
2024-11-04,L4,P018,265,255,6,30
2024-11-04,L4,P019,289,278,6,34
2024-11-04,L4,P020,275,273,2,0
2024-11-04,L5,P021,22,22,0,13
2024-11-04,L5,P022,31,31,0,0
2024-11-04,L5,P023,28,28,0,13
2024-11-04,L5,P024,26,24,1,53
2024-11-04,L5,P025,17,17,0,29
2024-11-05,L1,P001,88,85,2,17
2024-11-05,L1,P002,93,91,2,10
2024-11-05,L1,P003,123,120,2,17
2024-11-05,L1,P004,145,141,3,13
2024-11-05,L2,P005,52,50,1,34
2024-11-05,L2,P006,53,53,0,0
2024-11-05,L2,P007,83,81,1,14
2024-11-05,L2,P008,74,73,1,3
2024-11-05,L3,P009,175,171,2,26
2024-11-05,L3,P010,206,200,4,23
2024-11-05,L3,P011,187,183,3,11
2024-11-05,L3,P012,163,159,2,36
2024-11-05,L3,P013,141,139,2,0
2024-11-05,L3,P014,175,174,1,0
2024-11-05,L4,P015,529,497,14,65
2024-11-05,L4,P016,527,518,4,17
2024-11-05,L4,P017,535,533,2,0
2024-11-05,L4,P018,262,257,4,4
2024-11-05,L4,P019,254,245,4,38
2024-11-05,L4,P020,217,213,2,18
2024-11-05,L5,P021,34,34,0,26
2024-11-05,L5,P022,24,24,0,38
2024-11-05,L5,P023,27,27,0,21
2024-11-05,L5,P024,20,20,0,17
2024-11-05,L5,P025,42,41,1,11
2024-11-06,L1,P001,129,127,2,6
2024-11-06,L1,P002,123,121,1,20
2024-11-06,L1,P003,91,88,1,42
2024-11-06,L1,P004,115,110,2,50
2024-11-06,L2,P005,86,83,1,36
2024-11-06,L2,P006,61,59,1,17
2024-11-06,L2,P007,68,66,1,36
2024-11-06,L2,P008,88,86,2,2
2024-11-06,L3,P009,164,162,1,18
2024-11-06,L3,P010,204,202,2,0
2024-11-06,L3,P011,191,186,3,31
2024-11-06,L3,P012,183,179,3,12
2024-11-06,L3,P013,161,158,2,23
2024-11-06,L3,P014,188,182,4,32
2024-11-06,L4,P015,589,578,7,12
2024-11-06,L4,P016,632,615,10,22
2024-11-06,L4,P017,572,552,18,8
2024-11-06,L4,P018,268,266,2,3
2024-11-06,L4,P019,261,252,3,41
2024-11-06,L4,P020,202,200,2,2
2024-11-06,L5,P021,22,22,0,9
2024-11-06,L5,P022,42,42,0,0
2024-11-06,L5,P023,30,30,0,0
2024-11-06,L5,P024,25,25,0,9
2024-11-06,L5,P025,38,38,0,12
2024-11-07,L1,P001,115,112,1,26
2024-11-07,L1,P002,139,134,2,36
2024-11-07,L1,P003,146,143,2,12
2024-11-07,L1,P004,115,112,1,38
2024-11-07,L2,P005,87,84,2,25
2024-11-07,L2,P006,78,75,2,23
2024-11-07,L2,P007,69,68,0,34
2024-11-07,L2,P008,84,82,1,20
2024-11-07,L3,P009,189,185,3,12
2024-11-07,L3,P010,174,169,2,45
2024-11-07,L3,P011,174,171,3,0
2024-11-07,L3,P012,191,185,4,26
2024-11-07,L3,P013,184,182,2,0
2024-11-07,L3,P014,189,184,3,34
2024-11-07,L4,P015,614,608,6,0
2024-11-07,L4,P016,606,589,9,24
2024-11-07,L4,P017,628,613,11,13
2024-11-07,L4,P018,341,331,6,24
2024-11-07,L4,P019,328,319,8,4
2024-11-07,L4,P020,295,283,6,42
2024-11-07,L5,P021,14,14,0,0
2024-11-07,L5,P022,28,27,1,30
2024-11-07,L5,P023,26,26,0,26
2024-11-07,L5,P024,30,30,0,1
2024-11-07,L5,P025,20,20,0,11
2024-11-08,L1,P001,116,112,3,11
2024-11-08,L1,P002,151,146,2,33
2024-11-08,L1,P003,170,164,2,45
2024-11-08,L1,P004,161,156,3,18
2024-11-08,L2,P005,95,93,2,0
2024-11-08,L2,P006,110,106,3,10
2024-11-08,L2,P007,105,103,2,9
2024-11-08,L2,P008,105,101,1,47
2024-11-08,L3,P009,212,210,2,6
2024-11-08,L3,P010,223,217,4,31
2024-11-08,L3,P011,247,243,4,0
2024-11-08,L3,P012,243,237,3,39
2024-11-08,L3,P013,250,246,4,0
2024-11-08,L3,P014,243,240,2,8
2024-11-08,L4,P015,812,790,17,12
2024-11-08,L4,P016,706,688,8,26
2024-11-08,L4,P017,815,782,17,37
2024-11-08,L4,P018,363,350,8,26
2024-11-08,L4,P019,288,280,6,10
2024-11-08,L4,P020,383,376,3,21
2024-11-08,L5,P021,41,40,1,18
2024-11-08,L5,P022,42,42,0,20
2024-11-08,L5,P023,19,19,0,31
2024-11-08,L5,P024,33,32,0,42
2024-11-08,L5,P025,37,35,1,34
2024-11-09,L1,P001,86,84,1,23
2024-11-09,L1,P002,115,112,2,16
2024-11-09,L1,P003,125,124,1,2
2024-11-09,L1,P004,95,94,1,0
2024-11-09,L2,P005,72,70,1,27
2024-11-09,L2,P006,103,101,2,3
2024-11-09,L2,P007,76,74,1,20
2024-11-09,L2,P008,73,69,2,41
2024-11-09,L3,P009,181,179,1,23
2024-11-09,L3,P010,185,182,2,21
2024-11-09,L3,P011,158,155,2,13
2024-11-09,L3,P012,158,157,1,5
2024-11-09,L3,P013,159,155,3,17
2024-11-09,L3,P014,141,137,3,11
2024-11-09,L4,P015,509,493,10,21
2024-11-09,L4,P016,558,531,10,58
2024-11-09,L4,P017,547,535,6,20
2024-11-09,L4,P018,220,217,1,15
2024-11-09,L4,P019,265,256,3,43
2024-11-09,L4,P020,265,257,4,28
2024-11-09,L5,P021,32,31,1,26
2024-11-09,L5,P022,22,22,0,28
2024-11-09,L5,P023,21,20,1,30
2024-11-09,L5,P024,25,25,0,6
2024-11-09,L5,P025,39,39,0,20
2024-11-10,L1,P001,92,90,1,22
2024-11-10,L1,P002,111,108,1,31
2024-11-10,L1,P003,105,103,2,0
2024-11-10,L1,P004,76,75,1,0
2024-11-10,L2,P005,79,77,2,0
2024-11-10,L2,P006,77,76,1,11
2024-11-10,L2,P007,63,61,1,24
2024-11-10,L2,P008,65,63,1,34
2024-11-10,L3,P009,182,179,2,21
2024-11-10,L3,P010,194,192,2,0
2024-11-10,L3,P011,156,153,2,26
2024-11-10,L3,P012,150,148,1,16
2024-11-10,L3,P013,144,140,2,35
2024-11-10,L3,P014,198,197,0,9
2024-11-10,L4,P015,600,583,16,4
2024-11-10,L4,P016,588,573,11,12
2024-11-10,L4,P017,550,532,9,30
2024-11-10,L4,P018,247,241,4,18
2024-11-10,L4,P019,242,236,3,23
2024-11-10,L4,P020,277,271,4,12
2024-11-10,L5,P021,32,32,0,12
2024-11-10,L5,P022,27,27,0,0
2024-11-10,L5,P023,23,23,0,0
2024-11-10,L5,P024,23,23,0,17
2024-11-10,L5,P025,47,45,1,42
2024-11-11,L1,P001,108,106,1,9
2024-11-11,L1,P002,116,112,2,31
2024-11-11,L1,P003,96,95,0,23
2024-11-11,L1,P004,112,108,2,29
2024-11-11,L2,P005,87,87,0,0
2024-11-11,L2,P006,61,59,2,0
2024-11-11,L2,P007,81,79,1,33
2024-11-11,L2,P008,60,58,1,27
2024-11-11,L3,P009,181,176,3,24
2024-11-11,L3,P010,181,176,3,37
2024-11-11,L3,P011,197,193,2,33
2024-11-11,L3,P012,251,248,2,15
2024-11-11,L3,P013,174,169,3,36
2024-11-11,L3,P014,180,174,4,33
2024-11-11,L4,P015,589,577,9,10
2024-11-11,L4,P016,610,600,9,4
2024-11-11,L4,P017,590,572,7,35
2024-11-11,L4,P018,286,278,4,29
2024-11-11,L4,P019,261,254,5,16
2024-11-11,L4,P020,308,295,8,29
2024-11-11,L5,P021,19,19,0,23
2024-11-11,L5,P022,24,23,1,20
2024-11-11,L5,P023,25,25,0,36
2024-11-11,L5,P024,21,21,0,16
2024-11-11,L5,P025,52,51,1,8
2024-11-12,L1,P001,103,101,2,4
2024-11-12,L1,P002,102,99,1,39
2024-11-12,L1,P003,93,92,1,10
2024-11-12,L1,P004,119,117,2,4
2024-11-12,L2,P005,87,84,2,21
2024-11-12,L2,P006,65,63,2,14
2024-11-12,L2,P007,81,78,1,43
2024-11-12,L2,P008,65,63,1,15
2024-11-12,L3,P009,154,151,2,20
2024-11-12,L3,P010,186,183,1,37
2024-11-12,L3,P011,161,158,2,24
2024-11-12,L3,P012,154,151,3,5
2024-11-12,L3,P013,152,149,2,17
2024-11-12,L3,P014,182,179,2,8
2024-11-12,L4,P015,564,553,5,20
2024-11-12,L4,P016,512,490,15,26
2024-11-12,L4,P017,526,512,11,10
2024-11-12,L4,P018,246,244,2,3
2024-11-12,L4,P019,269,264,2,18
2024-11-12,L4,P020,297,286,7,25
2024-11-12,L5,P021,15,15,0,30
2024-11-12,L5,P022,28,28,0,26
2024-11-12,L5,P023,25,24,1,22
2024-11-12,L5,P024,35,34,1,0
2024-11-12,L5,P025,25,25,0,26
2024-11-13,L1,P001,102,98,2,44
2024-11-13,L1,P002,109,106,2,15
2024-11-13,L1,P003,91,89,1,20
2024-11-13,L1,P004,99,97,1,15
2024-11-13,L2,P005,55,53,1,29
2024-11-13,L2,P006,82,80,1,18
2024-11-13,L2,P007,98,94,1,64
2024-11-13,L2,P008,55,53,1,36
2024-11-13,L3,P009,159,156,2,24
2024-11-13,L3,P010,145,141,3,29
2024-11-13,L3,P011,170,169,0,16
2024-11-13,L3,P012,192,188,3,19
2024-11-13,L3,P013,147,146,1,2
2024-11-13,L3,P014,156,150,3,50
2024-11-13,L4,P015,767,744,12,28
2024-11-13,L4,P016,552,527,18,23
2024-11-13,L4,P017,572,561,5,20
2024-11-13,L4,P018,269,263,4,17
2024-11-13,L4,P019,293,284,6,18
2024-11-13,L4,P020,257,250,3,28
2024-11-13,L5,P021,25,25,0,14
2024-11-13,L5,P022,20,20,0,17
2024-11-13,L5,P023,30,30,0,17
2024-11-13,L5,P024,44,43,0,22
2024-11-13,L5,P025,28,28,0,29
2024-11-14,L1,P001,133,129,4,1
2024-11-14,L1,P002,113,110,1,31
2024-11-14,L1,P003,123,117,2,57
2024-11-14,L1,P004,143,138,2,44
2024-11-14,L2,P005,76,74,2,12
2024-11-14,L2,P006,67,66,1,4
2024-11-14,L2,P007,81,79,1,32
2024-11-14,L2,P008,90,89,1,0
2024-11-14,L3,P009,204,199,3,23
2024-11-14,L3,P010,161,159,1,12
2024-11-14,L3,P011,193,190,2,16
2024-11-14,L3,P012,206,202,4,2
2024-11-14,L3,P013,217,214,2,18
2024-11-14,L3,P014,208,202,3,36
2024-11-14,L4,P015,650,642,8,1
2024-11-14,L4,P016,671,661,6,11
2024-11-14,L4,P017,640,616,14,29
2024-11-14,L4,P018,426,414,12,0
2024-11-14,L4,P019,306,301,5,2
2024-11-14,L4,P020,291,284,3,27
2024-11-14,L5,P021,28,28,0,32
2024-11-14,L5,P022,31,31,0,0
2024-11-14,L5,P023,24,24,0,22
2024-11-14,L5,P024,45,43,1,37
2024-11-14,L5,P025,13,13,0,28
2024-11-15,L1,P001,151,146,4,12
2024-11-15,L1,P002,167,164,2,12
2024-11-15,L1,P003,159,155,2,25
2024-11-15,L1,P004,130,125,3,30
2024-11-15,L2,P005,100,99,1,9
2024-11-15,L2,P006,115,113,1,25
2024-11-15,L2,P007,98,93,3,41
2024-11-15,L2,P008,97,96,1,0
2024-11-15,L3,P009,216,212,3,10
2024-11-15,L3,P010,220,216,3,15
2024-11-15,L3,P011,239,232,4,33
2024-11-15,L3,P012,217,213,4,0
2024-11-15,L3,P013,219,213,3,35
2024-11-15,L3,P014,237,234,1,23
2024-11-15,L4,P015,803,795,2,15
2024-11-15,L4,P016,742,721,14,17
2024-11-15,L4,P017,788,774,12,4
2024-11-15,L4,P018,361,349,5,38
2024-11-15,L4,P019,364,347,6,58
2024-11-15,L4,P020,307,302,2,19
2024-11-15,L5,P021,34,33,1,14
2024-11-15,L5,P022,51,49,1,28
2024-11-15,L5,P023,43,42,1,12
2024-11-15,L5,P024,32,32,0,8
2024-11-15,L5,P025,43,42,1,15
2024-11-16,L1,P001,106,103,2,22
2024-11-16,L1,P002,125,122,1,33
2024-11-16,L1,P003,159,154,2,32
2024-11-16,L1,P004,112,110,1,17
2024-11-16,L2,P005,88,85,1,38
2024-11-16,L2,P006,74,73,1,0
2024-11-16,L2,P007,63,63,0,13
2024-11-16,L2,P008,51,49,1,23
2024-11-16,L3,P009,144,141,2,29
2024-11-16,L3,P010,176,173,2,14
2024-11-16,L3,P011,185,181,3,19
2024-11-16,L3,P012,171,167,2,29
2024-11-16,L3,P013,170,167,1,34
2024-11-16,L3,P014,174,172,1,16
2024-11-16,L4,P015,462,450,12,0
2024-11-16,L4,P016,580,563,12,16
2024-11-16,L4,P017,470,451,10,35
2024-11-16,L4,P018,247,239,4,29
2024-11-16,L4,P019,225,221,4,1
2024-11-16,L4,P020,251,242,6,24
2024-11-16,L5,P021,22,22,0,19
2024-11-16,L5,P022,30,29,1,17
2024-11-16,L5,P023,21,21,0,33
2024-11-16,L5,P024,20,20,0,31
2024-11-16,L5,P025,29,29,0,28
2024-11-17,L1,P001,114,112,2,0
2024-11-17,L1,P002,128,124,2,35
2024-11-17,L1,P003,100,97,2,23
2024-11-17,L1,P004,133,131,1,19
2024-11-17,L2,P005,40,38,1,32
2024-11-17,L2,P006,73,72,1,6
2024-11-17,L2,P007,80,78,2,12
2024-11-17,L2,P008,66,65,1,0
2024-11-17,L3,P009,174,171,3,7
2024-11-17,L3,P010,186,182,2,31
2024-11-17,L3,P011,200,195,3,26
2024-11-17,L3,P012,161,159,2,0
2024-11-17,L3,P013,161,159,1,11
2024-11-17,L3,P014,193,191,1,22
2024-11-17,L4,P015,551,538,9,15
2024-11-17,L4,P016,547,520,16,40
2024-11-17,L4,P017,537,517,14,21
2024-11-17,L4,P018,242,237,3,15
2024-11-17,L4,P019,238,234,2,20
2024-11-17,L4,P020,303,296,6,9
2024-11-17,L5,P021,32,31,1,3
2024-11-17,L5,P022,27,27,0,32
2024-11-17,L5,P023,27,27,0,15
2024-11-17,L5,P024,33,33,0,25
2024-11-17,L5,P025,38,36,1,29
2024-11-18,L1,P001,117,113,3,12
2024-11-18,L1,P002,138,132,3,43
2024-11-18,L1,P003,106,104,1,22
2024-11-18,L1,P004,108,105,1,28
2024-11-18,L2,P005,66,64,1,40
2024-11-18,L2,P006,52,50,1,21
2024-11-18,L2,P007,74,71,2,33
2024-11-18,L2,P008,82,80,1,16
2024-11-18,L3,P009,145,143,2,3
2024-11-18,L3,P010,153,150,2,23
2024-11-18,L3,P011,186,182,2,31
2024-11-18,L3,P012,155,152,3,6
2024-11-18,L3,P013,174,172,2,6
2024-11-18,L3,P014,159,158,1,7
2024-11-18,L4,P015,569,560,9,0
2024-11-18,L4,P016,748,719,11,45
2024-11-18,L4,P017,554,538,11,16
2024-11-18,L4,P018,279,273,5,10
2024-11-18,L4,P019,269,261,1,48
2024-11-18,L4,P020,290,283,5,15
2024-11-18,L5,P021,22,22,0,21
2024-11-18,L5,P022,31,30,0,33
2024-11-18,L5,P023,28,28,0,34
2024-11-18,L5,P024,20,20,0,24
2024-11-18,L5,P025,34,32,1,35
2024-11-19,L1,P001,76,73,1,40
2024-11-19,L1,P002,93,91,0,38
2024-11-19,L1,P003,105,102,2,13
2024-11-19,L1,P004,104,104,0,0
2024-11-19,L2,P005,55,53,1,34
2024-11-19,L2,P006,85,82,1,43
2024-11-19,L2,P007,86,86,0,3
2024-11-19,L2,P008,90,89,1,0
2024-11-19,L3,P009,166,163,2,15
2024-11-19,L3,P010,151,148,3,8
2024-11-19,L3,P011,137,134,2,20
2024-11-19,L3,P012,173,166,3,59
2024-11-19,L3,P013,196,193,1,33
2024-11-19,L3,P014,193,190,2,20
2024-11-19,L4,P015,604,588,10,18
2024-11-19,L4,P016,552,534,11,25
2024-11-19,L4,P017,510,499,8,10
2024-11-19,L4,P018,239,228,3,66
2024-11-19,L4,P019,277,268,5,27
2024-11-19,L4,P020,293,279,7,45
2024-11-19,L5,P021,29,29,0,24
2024-11-19,L5,P022,32,32,0,4
2024-11-19,L5,P023,39,39,0,6
2024-11-19,L5,P024,30,30,0,23
2024-11-19,L5,P025,34,33,1,3
2024-11-20,L1,P001,102,100,1,13
2024-11-20,L1,P002,127,124,2,8
2024-11-20,L1,P003,98,95,1,37
2024-11-20,L1,P004,105,103,2,9
2024-11-20,L2,P005,57,55,1,22
2024-11-20,L2,P006,64,62,1,33
2024-11-20,L2,P007,68,67,1,8
2024-11-20,L2,P008,58,56,1,21
2024-11-20,L3,P009,186,183,2,12
2024-11-20,L3,P010,191,189,2,7
2024-11-20,L3,P011,197,190,5,28
2024-11-20,L3,P012,184,183,1,0
2024-11-20,L3,P013,173,170,2,19
2024-11-20,L3,P014,183,179,4,5
2024-11-20,L4,P015,543,536,7,1
2024-11-20,L4,P016,603,584,13,18
2024-11-20,L4,P017,503,487,5,42
2024-11-20,L4,P018,274,269,4,5
2024-11-20,L4,P019,290,286,4,3
2024-11-20,L4,P020,357,345,7,29
2024-11-20,L5,P021,44,44,0,13
2024-11-20,L5,P022,28,28,0,0
2024-11-20,L5,P023,34,33,1,8
2024-11-20,L5,P024,19,19,0,8
2024-11-20,L5,P025,27,26,1,9
2024-11-21,L1,P001,88,86,2,7
2024-11-21,L1,P002,132,128,3,11
2024-11-21,L1,P003,135,132,2,15
2024-11-21,L1,P004,150,146,3,16
2024-11-21,L2,P005,98,97,1,3
2024-11-21,L2,P006,86,85,1,0
2024-11-21,L2,P007,91,89,1,11
2024-11-21,L2,P008,113,111,1,24
2024-11-21,L3,P009,198,191,4,39
2024-11-21,L3,P010,199,194,4,14
2024-11-21,L3,P011,277,275,1,6
2024-11-21,L3,P012,201,197,3,21
2024-11-21,L3,P013,187,184,2,14
2024-11-21,L3,P014,171,167,3,11
2024-11-21,L4,P015,570,553,9,26
2024-11-21,L4,P016,662,646,13,9
2024-11-21,L4,P017,689,660,16,36
2024-11-21,L4,P018,253,248,1,27
2024-11-21,L4,P019,313,307,4,10
2024-11-21,L4,P020,292,281,7,27
2024-11-21,L5,P021,20,20,0,0
2024-11-21,L5,P022,31,30,1,4
2024-11-21,L5,P023,20,20,0,7
2024-11-21,L5,P024,26,25,1,17
2024-11-21,L5,P025,28,28,0,8
2024-11-22,L1,P001,146,143,2,19
2024-11-22,L1,P002,151,145,3,32
2024-11-22,L1,P003,151,145,3,44
2024-11-22,L1,P004,152,149,2,17
2024-11-22,L2,P005,92,91,1,6
2024-11-22,L2,P006,97,96,1,1
2024-11-22,L2,P007,96,92,2,31
2024-11-22,L2,P008,85,82,1,36
2024-11-22,L3,P009,206,201,4,15
2024-11-22,L3,P010,184,181,2,15
2024-11-22,L3,P011,253,250,3,4
2024-11-22,L3,P012,212,209,2,11
2024-11-22,L3,P013,200,193,5,25
2024-11-22,L3,P014,349,342,7,3
2024-11-22,L4,P015,660,644,10,18
2024-11-22,L4,P016,746,727,9,25
2024-11-22,L4,P017,754,738,9,18
2024-11-22,L4,P018,334,325,5,23
2024-11-22,L4,P019,338,334,3,4
2024-11-22,L4,P020,366,362,4,0
2024-11-22,L5,P021,46,44,1,24
2024-11-22,L5,P022,44,43,0,28
2024-11-22,L5,P023,31,29,1,32
2024-11-22,L5,P024,38,38,0,0
2024-11-22,L5,P025,38,37,1,15
2024-11-23,L1,P001,102,98,2,34
2024-11-23,L1,P002,93,91,2,9
2024-11-23,L1,P003,104,101,2,21
2024-11-23,L1,P004,133,131,1,8
2024-11-23,L2,P005,42,41,1,0
2024-11-23,L2,P006,51,50,1,16
2024-11-23,L2,P007,48,47,0,46
2024-11-23,L2,P008,49,47,1,48
2024-11-23,L3,P009,170,168,2,5
2024-11-23,L3,P010,140,137,1,35
2024-11-23,L3,P011,155,152,3,8
2024-11-23,L3,P012,136,134,1,23
2024-11-23,L3,P013,178,176,0,25
2024-11-23,L3,P014,151,147,4,4
2024-11-23,L4,P015,537,523,4,34
2024-11-23,L4,P016,508,493,10,18
2024-11-23,L4,P017,581,567,6,28
2024-11-23,L4,P018,252,248,3,9
2024-11-23,L4,P019,253,247,4,12
2024-11-23,L4,P020,269,265,4,0
2024-11-23,L5,P021,24,24,0,19
2024-11-23,L5,P022,30,29,1,20
2024-11-23,L5,P023,30,30,0,8
2024-11-23,L5,P024,16,16,0,5
2024-11-23,L5,P025,26,26,0,14
2024-11-24,L1,P001,123,120,2,18
2024-11-24,L1,P002,114,109,3,30
2024-11-24,L1,P003,113,111,1,25
2024-11-24,L1,P004,112,110,2,2
2024-11-24,L2,P005,72,69,2,32
2024-11-24,L2,P006,70,69,1,11
2024-11-24,L2,P007,109,105,3,21
2024-11-24,L2,P008,96,95,1,3
2024-11-24,L3,P009,158,156,2,3
2024-11-24,L3,P010,179,173,4,36
2024-11-24,L3,P011,169,165,2,36
2024-11-24,L3,P012,166,163,3,6
2024-11-24,L3,P013,179,175,2,29
2024-11-24,L3,P014,173,171,2,8
2024-11-24,L4,P015,518,499,8,40
2024-11-24,L4,P016,766,744,7,38
2024-11-24,L4,P017,563,557,4,6
2024-11-24,L4,P018,261,249,6,43
2024-11-24,L4,P019,251,247,2,15
2024-11-24,L4,P020,260,253,4,23
2024-11-24,L5,P021,7,7,0,34
2024-11-24,L5,P022,51,49,1,24
2024-11-24,L5,P023,19,19,0,21
2024-11-24,L5,P024,25,25,0,28
2024-11-24,L5,P025,33,33,0,7
2024-11-25,L1,P001,126,122,2,28
2024-11-25,L1,P002,92,88,2,41
2024-11-25,L1,P003,117,113,3,24
2024-11-25,L1,P004,98,95,2,12
2024-11-25,L2,P005,99,98,1,7
2024-11-25,L2,P006,59,58,1,8
2024-11-25,L2,P007,52,50,1,38
2024-11-25,L2,P008,61,61,0,11
2024-11-25,L3,P009,185,180,3,32
2024-11-25,L3,P010,147,145,1,17
2024-11-25,L3,P011,187,181,3,40
2024-11-25,L3,P012,149,146,2,17
2024-11-25,L3,P013,175,173,1,14
2024-11-25,L3,P014,174,173,1,0
2024-11-25,L4,P015,555,542,5,29
2024-11-25,L4,P016,577,565,12,0
2024-11-25,L4,P017,605,593,6,20
2024-11-25,L4,P018,280,275,3,13
2024-11-25,L4,P019,242,238,3,6
2024-11-25,L4,P020,280,275,3,17
2024-11-25,L5,P021,34,33,1,11
2024-11-25,L5,P022,20,20,0,35
2024-11-25,L5,P023,38,37,1,11
2024-11-25,L5,P024,39,38,1,0
2024-11-25,L5,P025,22,22,0,18
2024-11-26,L1,P001,111,109,2,3
2024-11-26,L1,P002,117,115,2,0
2024-11-26,L1,P003,117,114,2,24
2024-11-26,L1,P004,99,96,1,42
2024-11-26,L2,P005,74,71,2,36
2024-11-26,L2,P006,66,66,0,5
2024-11-26,L2,P007,72,71,1,0
2024-11-26,L2,P008,93,92,0,18
2024-11-26,L3,P009,179,175,3,11
2024-11-26,L3,P010,151,147,3,11
2024-11-26,L3,P011,207,202,4,13
2024-11-26,L3,P012,168,162,3,47
2024-11-26,L3,P013,168,164,3,12
2024-11-26,L3,P014,151,150,1,7
2024-11-26,L4,P015,519,510,5,15
2024-11-26,L4,P016,572,562,10,0
2024-11-26,L4,P017,526,514,9,12
2024-11-26,L4,P018,220,214,4,17
2024-11-26,L4,P019,246,236,6,30
2024-11-26,L4,P020,251,246,3,13
2024-11-26,L5,P021,33,31,1,48
2024-11-26,L5,P022,24,24,0,24
2024-11-26,L5,P023,14,14,0,12
2024-11-26,L5,P024,29,28,1,9
2024-11-26,L5,P025,42,40,1,31
2024-11-27,L1,P001,100,95,2,52
2024-11-27,L1,P002,128,127,1,7
2024-11-27,L1,P003,95,93,1,24
2024-11-27,L1,P004,109,108,1,3
2024-11-27,L2,P005,80,78,2,2
2024-11-27,L2,P006,105,102,2,21
2024-11-27,L2,P007,72,70,1,14
2024-11-27,L2,P008,65,64,1,9
2024-11-27,L3,P009,221,218,2,16
2024-11-27,L3,P010,152,149,2,20
2024-11-27,L3,P011,173,167,4,39
2024-11-27,L3,P012,169,166,2,16
2024-11-27,L3,P013,190,185,3,23
2024-11-27,L3,P014,186,182,3,12
2024-11-27,L4,P015,551,543,5,11
2024-11-27,L4,P016,564,543,14,25
2024-11-27,L4,P017,588,578,7,9
2024-11-27,L4,P018,245,238,4,20
2024-11-27,L4,P019,231,228,2,12
2024-11-27,L4,P020,265,262,2,9
2024-11-27,L5,P021,26,26,0,35
2024-11-27,L5,P022,20,20,0,25
2024-11-27,L5,P023,39,37,1,26
2024-11-27,L5,P024,30,29,0,34
2024-11-27,L5,P025,39,37,1,30
2024-11-28,L1,P001,132,127,4,12
2024-11-28,L1,P002,150,144,2,45
2024-11-28,L1,P003,138,135,2,9
2024-11-28,L1,P004,129,127,2,0
2024-11-28,L2,P005,105,102,1,29
2024-11-28,L2,P006,94,92,1,26
2024-11-28,L2,P007,84,82,1,30
2024-11-28,L2,P008,81,78,1,39
2024-11-28,L3,P009,180,176,3,19
2024-11-28,L3,P010,212,210,2,4
2024-11-28,L3,P011,170,167,2,14
2024-11-28,L3,P012,209,204,4,10
2024-11-28,L3,P013,186,182,3,22
2024-11-28,L3,P014,186,182,2,27
2024-11-28,L4,P015,719,697,12,28
2024-11-28,L4,P016,660,650,7,9
2024-11-28,L4,P017,596,577,12,22
2024-11-28,L4,P018,277,273,3,5
2024-11-28,L4,P019,278,274,2,13
2024-11-28,L4,P020,289,278,4,49
2024-11-28,L5,P021,31,31,0,2
2024-11-28,L5,P022,34,33,1,3
2024-11-28,L5,P023,39,38,1,8
2024-11-28,L5,P024,50,49,1,7
2024-11-28,L5,P025,28,28,0,3
2024-11-29,L1,P001,136,135,1,0
2024-11-29,L1,P002,157,151,3,35
2024-11-29,L1,P003,150,148,2,0
2024-11-29,L1,P004,137,134,1,30
2024-11-29,L2,P005,99,95,2,34
2024-11-29,L2,P006,99,97,2,7
2024-11-29,L2,P007,100,98,1,28
2024-11-29,L2,P008,81,79,1,26
2024-11-29,L3,P009,210,203,5,29
2024-11-29,L3,P010,228,224,2,30
2024-11-29,L3,P011,242,237,5,1
2024-11-29,L3,P012,243,237,3,41
2024-11-29,L3,P013,241,237,2,21
2024-11-29,L3,P014,201,194,5,23
2024-11-29,L4,P015,811,780,20,25
2024-11-29,L4,P016,736,700,16,53
2024-11-29,L4,P017,779,743,13,57
2024-11-29,L4,P018,384,375,5,20
2024-11-29,L4,P019,314,303,5,36
2024-11-29,L4,P020,359,350,5,20
2024-11-29,L5,P021,30,29,1,10
2024-11-29,L5,P022,35,35,0,8
2024-11-29,L5,P023,35,34,0,39
2024-11-29,L5,P024,40,39,1,24
2024-11-29,L5,P025,37,37,0,25
2024-11-30,L1,P001,102,100,1,14
2024-11-30,L1,P002,82,80,1,29
2024-11-30,L1,P003,96,92,1,53
2024-11-30,L1,P004,96,92,3,25
2024-11-30,L2,P005,94,92,1,29
2024-11-30,L2,P006,82,79,2,25
2024-11-30,L2,P007,70,68,1,34
2024-11-30,L2,P008,85,84,1,11
2024-11-30,L3,P009,208,204,4,3
2024-11-30,L3,P010,192,188,3,12
2024-11-30,L3,P011,157,153,3,22
2024-11-30,L3,P012,180,176,3,19
2024-11-30,L3,P013,194,189,4,22
2024-11-30,L3,P014,146,144,2,8
2024-11-30,L4,P015,535,515,6,50
2024-11-30,L4,P016,542,529,6,25
2024-11-30,L4,P017,612,604,8,0
2024-11-30,L4,P018,231,224,4,24
2024-11-30,L4,P019,268,265,0,18
2024-11-30,L4,P020,257,251,4,15
2024-11-30,L5,P021,26,25,0,49
2024-11-30,L5,P022,24,24,0,9
2024-11-30,L5,P023,30,29,1,9
2024-11-30,L5,P024,24,23,1,19
2024-11-30,L5,P025,22,22,0,8
2024-12-01,L1,P001,122,120,2,2
2024-12-01,L1,P002,111,107,2,38
2024-12-01,L1,P003,111,108,2,9
2024-12-01,L1,P004,111,108,2,18
2024-12-01,L2,P005,90,89,0,11
2024-12-01,L2,P006,66,65,1,7
2024-12-01,L2,P007,78,77,1,0
2024-12-01,L2,P008,87,85,1,18
2024-12-01,L3,P009,127,123,2,52
2024-12-01,L3,P010,162,158,2,36
2024-12-01,L3,P011,150,149,1,9
2024-12-01,L3,P012,169,167,2,6
2024-12-01,L3,P013,171,168,2,14
2024-12-01,L3,P014,135,133,2,3
2024-12-01,L4,P015,554,539,10,16
2024-12-01,L4,P016,559,540,12,23
2024-12-01,L4,P017,553,544,9,0
2024-12-01,L4,P018,259,254,5,0
2024-12-01,L4,P019,233,227,3,22
2024-12-01,L4,P020,263,257,4,16
2024-12-01,L5,P021,27,27,0,0
2024-12-01,L5,P022,39,38,1,3
2024-12-01,L5,P023,26,26,0,3
2024-12-01,L5,P024,22,22,0,22
2024-12-01,L5,P025,22,22,0,14
2024-12-02,L1,P001,99,96,1,35
2024-12-02,L1,P002,139,136,2,15
2024-12-02,L1,P003,113,110,1,34
2024-12-02,L1,P004,136,130,3,49
2024-12-02,L2,P005,120,118,2,8
2024-12-02,L2,P006,90,86,2,44
2024-12-02,L2,P007,73,72,1,3
2024-12-02,L2,P008,65,63,1,16
2024-12-02,L3,P009,137,135,2,1
2024-12-02,L3,P010,166,163,3,0
2024-12-02,L3,P011,167,166,1,0
2024-12-02,L3,P012,163,160,1,41
2024-12-02,L3,P013,164,160,3,25
2024-12-02,L3,P014,145,143,2,8
2024-12-02,L4,P015,533,522,2,32
2024-12-02,L4,P016,528,522,6,1
2024-12-02,L4,P017,576,561,3,40
2024-12-02,L4,P018,269,261,5,23
2024-12-02,L4,P019,246,237,4,41
2024-12-02,L4,P020,245,240,2,27
2024-12-02,L5,P021,26,26,0,4
2024-12-02,L5,P022,37,37,0,7
2024-12-02,L5,P023,24,24,0,32
2024-12-02,L5,P024,42,41,1,0
2024-12-02,L5,P025,24,23,0,41
2024-12-03,L1,P001,119,116,2,18
2024-12-03,L1,P002,95,91,2,40
2024-12-03,L1,P003,123,121,1,20
2024-12-03,L1,P004,109,106,2,23
2024-12-03,L2,P005,88,86,1,29
2024-12-03,L2,P006,47,47,0,12
2024-12-03,L2,P007,106,104,1,18
2024-12-03,L2,P008,73,71,1,19
2024-12-03,L3,P009,190,186,1,46
2024-12-03,L3,P010,176,170,4,40
2024-12-03,L3,P011,179,173,4,35
2024-12-03,L3,P012,178,177,0,24
2024-12-03,L3,P013,159,156,2,16
2024-12-03,L3,P014,188,185,3,0
2024-12-03,L4,P015,582,567,7,26
2024-12-03,L4,P016,567,554,11,7
2024-12-03,L4,P017,556,544,6,20
2024-12-03,L4,P018,250,247,3,0
2024-12-03,L4,P019,250,243,3,31
2024-12-03,L4,P020,231,222,5,32
2024-12-03,L5,P021,31,31,0,23
2024-12-03,L5,P022,22,22,0,23
2024-12-03,L5,P023,31,30,1,3
2024-12-03,L5,P024,24,24,0,5
2024-12-03,L5,P025,22,22,0,33
2024-12-04,L1,P001,118,115,1,31
2024-12-04,L1,P002,106,103,2,24
2024-12-04,L1,P003,92,90,0,34
2024-12-04,L1,P004,79,76,2,18
2024-12-04,L2,P005,74,71,1,40
2024-12-04,L2,P006,75,74,1,0
2024-12-04,L2,P007,69,66,2,15
2024-12-04,L2,P008,82,80,1,24
2024-12-04,L3,P009,186,183,2,8
2024-12-04,L3,P010,216,210,3,37
2024-12-04,L3,P011,189,186,3,3
2024-12-04,L3,P012,178,173,4,24
2024-12-04,L3,P013,159,154,2,56
2024-12-04,L3,P014,141,138,2,29
2024-12-04,L4,P015,552,532,11,30
2024-12-04,L4,P016,565,561,4,0
2024-12-04,L4,P017,578,559,11,27
2024-12-04,L4,P018,276,265,7,27
2024-12-04,L4,P019,276,263,5,55
2024-12-04,L4,P020,309,302,5,12
2024-12-04,L5,P021,39,37,1,58
2024-12-04,L5,P022,37,36,0,33
2024-12-04,L5,P023,27,27,0,5
2024-12-04,L5,P024,29,28,1,7
2024-12-04,L5,P025,29,29,0,11
2024-12-05,L1,P001,109,106,2,12
2024-12-05,L1,P002,147,142,2,33
2024-12-05,L1,P003,145,143,2,3
2024-12-05,L1,P004,110,107,2,16
2024-12-05,L2,P005,92,89,2,27
2024-12-05,L2,P006,63,61,1,32
2024-12-05,L2,P007,68,66,1,21
2024-12-05,L2,P008,79,78,1,0
2024-12-05,L3,P009,203,198,3,23
2024-12-05,L3,P010,163,158,3,27
2024-12-05,L3,P011,252,248,3,8
2024-12-05,L3,P012,203,200,1,25
2024-12-05,L3,P013,196,193,2,22
2024-12-05,L3,P014,202,200,2,0
2024-12-05,L4,P015,698,682,16,0
2024-12-05,L4,P016,603,591,9,8
2024-12-05,L4,P017,647,640,6,3
2024-12-05,L4,P018,288,281,6,7
2024-12-05,L4,P019,310,304,2,24
2024-12-05,L4,P020,322,313,7,9
2024-12-05,L5,P021,43,41,1,40
2024-12-05,L5,P022,32,32,0,10
2024-12-05,L5,P023,32,30,1,38
2024-12-05,L5,P024,42,41,1,0
2024-12-05,L5,P025,26,26,0,22
2024-12-06,L1,P001,163,157,3,35
2024-12-06,L1,P002,156,153,3,6
2024-12-06,L1,P003,146,142,2,27
2024-12-06,L1,P004,150,148,1,18
2024-12-06,L2,P005,85,81,2,36
2024-12-06,L2,P006,101,98,1,47
2024-12-06,L2,P007,79,77,1,14
2024-12-06,L2,P008,119,118,1,2
2024-12-06,L3,P009,186,183,3,3
2024-12-06,L3,P010,221,218,1,22
2024-12-06,L3,P011,220,215,4,17
2024-12-06,L3,P012,358,350,6,19
2024-12-06,L3,P013,351,341,5,42
2024-12-06,L3,P014,294,288,3,26
2024-12-06,L4,P015,766,736,15,37
2024-12-06,L4,P016,799,786,7,15
2024-12-06,L4,P017,858,839,12,15
2024-12-06,L4,P018,307,298,6,17
2024-12-06,L4,P019,362,351,4,35
2024-12-06,L4,P020,351,348,3,0
2024-12-06,L5,P021,34,32,1,38
2024-12-06,L5,P022,43,42,0,27
2024-12-06,L5,P023,29,29,0,8
2024-12-06,L5,P024,27,27,0,12
2024-12-06,L5,P025,28,28,0,29
2024-12-07,L1,P001,113,110,3,7
2024-12-07,L1,P002,138,133,3,24
2024-12-07,L1,P003,95,91,2,43
2024-12-07,L1,P004,103,100,1,41
2024-12-07,L2,P005,42,41,1,9
2024-12-07,L2,P006,52,51,1,0
2024-12-07,L2,P007,78,77,1,10
2024-12-07,L2,P008,69,66,2,39
2024-12-07,L3,P009,171,168,2,20
2024-12-07,L3,P010,148,144,2,42
2024-12-07,L3,P011,159,154,4,21
2024-12-07,L3,P012,173,171,1,24
2024-12-07,L3,P013,169,162,4,46
2024-12-07,L3,P014,181,177,3,15
2024-12-07,L4,P015,541,525,6,36
2024-12-07,L4,P016,522,515,3,15
2024-12-07,L4,P017,550,534,9,26
2024-12-07,L4,P018,228,220,4,32
2024-12-07,L4,P019,212,207,4,10
2024-12-07,L4,P020,274,263,6,36
2024-12-07,L5,P021,28,28,0,15
2024-12-07,L5,P022,32,32,0,0
2024-12-07,L5,P023,9,9,0,40
2024-12-07,L5,P024,31,31,0,6
2024-12-07,L5,P025,33,33,0,25
2024-12-08,L1,P001,110,106,3,26
2024-12-08,L1,P002,97,96,1,7
2024-12-08,L1,P003,100,97,2,26
2024-12-08,L1,P004,132,130,0,29
2024-12-08,L2,P005,109,106,2,21
2024-12-08,L2,P006,59,57,1,22
2024-12-08,L2,P007,55,54,1,13
2024-12-08,L2,P008,67,65,2,0
2024-12-08,L3,P009,151,148,2,23
2024-12-08,L3,P010,168,164,2,26
2024-12-08,L3,P011,203,198,4,15
2024-12-08,L3,P012,192,188,3,11
2024-12-08,L3,P013,173,167,3,48
2024-12-08,L3,P014,169,167,2,7
2024-12-08,L4,P015,695,672,15,21
2024-12-08,L4,P016,567,544,11,42
2024-12-08,L4,P017,535,519,12,14
2024-12-08,L4,P018,221,215,1,40
2024-12-08,L4,P019,268,259,6,21
2024-12-08,L4,P020,265,257,8,0
2024-12-08,L5,P021,28,28,0,17
2024-12-08,L5,P022,26,26,0,2
2024-12-08,L5,P023,25,25,0,25
2024-12-08,L5,P024,25,24,1,29
2024-12-08,L5,P025,29,28,0,34
2024-12-09,L1,P001,97,94,2,10
2024-12-09,L1,P002,93,92,1,8
2024-12-09,L1,P003,93,91,1,12
2024-12-09,L1,P004,122,118,2,37
2024-12-09,L2,P005,80,78,1,27
2024-12-09,L2,P006,110,107,1,39
2024-12-09,L2,P007,59,57,1,27
2024-12-09,L2,P008,55,54,1,0
2024-12-09,L3,P009,168,166,1,9
2024-12-09,L3,P010,158,152,3,59
2024-12-09,L3,P011,196,192,3,16
2024-12-09,L3,P012,150,148,2,0
2024-12-09,L3,P013,172,168,3,9
2024-12-09,L3,P014,147,144,2,27
2024-12-09,L4,P015,544,528,10,21
2024-12-09,L4,P016,540,516,14,35
2024-12-09,L4,P017,544,533,7,15
2024-12-09,L4,P018,268,262,4,17
2024-12-09,L4,P019,253,246,4,19
2024-12-09,L4,P020,297,290,7,3
2024-12-09,L5,P021,27,26,1,34
2024-12-09,L5,P022,21,21,0,38
2024-12-09,L5,P023,27,27,0,18
2024-12-09,L5,P024,14,14,0,52
2024-12-09,L5,P025,22,22,0,3
2024-12-10,L1,P001,95,93,0,34
2024-12-10,L1,P002,127,123,2,24
2024-12-10,L1,P003,82,81,1,0
2024-12-10,L1,P004,121,118,1,26
2024-12-10,L2,P005,75,73,1,16
2024-12-10,L2,P006,75,73,0,46
2024-12-10,L2,P007,58,56,1,46
2024-12-10,L2,P008,58,55,2,49
2024-12-10,L3,P009,178,175,2,23
2024-12-10,L3,P010,179,176,2,12
2024-12-10,L3,P011,181,177,3,17
2024-12-10,L3,P012,152,147,3,31
2024-12-10,L3,P013,140,137,3,4
2024-12-10,L3,P014,181,180,1,3
2024-12-10,L4,P015,628,605,10,40
2024-12-10,L4,P016,560,538,6,55
2024-12-10,L4,P017,613,597,8,26
2024-12-10,L4,P018,261,252,6,20
2024-12-10,L4,P019,240,232,4,29
2024-12-10,L4,P020,250,242,4,32
2024-12-10,L5,P021,22,21,0,45
2024-12-10,L5,P022,20,20,0,36
2024-12-10,L5,P023,20,20,0,8
2024-12-10,L5,P024,21,21,0,9
2024-12-10,L5,P025,29,28,0,38
2024-12-11,L1,P001,100,97,2,11
2024-12-11,L1,P002,90,89,1,1
2024-12-11,L1,P003,118,115,2,14
2024-12-11,L1,P004,104,102,2,7
2024-12-11,L2,P005,73,72,1,4
2024-12-11,L2,P006,50,49,1,8
2024-12-11,L2,P007,80,80,0,7
2024-12-11,L2,P008,81,80,0,21
2024-12-11,L3,P009,180,173,5,25
2024-12-11,L3,P010,164,161,1,28
2024-12-11,L3,P011,180,176,4,6
2024-12-11,L3,P012,155,151,3,17
2024-12-11,L3,P013,168,166,2,0
2024-12-11,L3,P014,196,193,2,16
2024-12-11,L4,P015,511,501,8,8
2024-12-11,L4,P016,639,624,11,13
2024-12-11,L4,P017,556,531,16,32
2024-12-11,L4,P018,258,254,3,11
2024-12-11,L4,P019,257,249,5,26
2024-12-11,L4,P020,239,229,4,45
2024-12-11,L5,P021,37,35,1,38
2024-12-11,L5,P022,40,39,0,42
2024-12-11,L5,P023,43,41,1,42
2024-12-11,L5,P024,39,38,0,26
2024-12-11,L5,P025,40,39,1,0
2024-12-12,L1,P001,133,131,2,0
2024-12-12,L1,P002,121,119,0,35
2024-12-12,L1,P003,155,153,1,18
2024-12-12,L1,P004,141,138,1,27
2024-12-12,L2,P005,135,132,2,18
2024-12-12,L2,P006,78,77,1,6
2024-12-12,L2,P007,102,100,2,8
2024-12-12,L2,P008,88,86,1,26
2024-12-12,L3,P009,183,180,2,14
2024-12-12,L3,P010,163,158,3,28
2024-12-12,L3,P011,189,183,3,50
2024-12-12,L3,P012,196,189,4,43
2024-12-12,L3,P013,176,172,4,7
2024-12-12,L3,P014,281,276,2,31
2024-12-12,L4,P015,640,630,8,7
2024-12-12,L4,P016,668,655,0,36
2024-12-12,L4,P017,697,680,6,31
2024-12-12,L4,P018,316,309,3,25
2024-12-12,L4,P019,286,285,1,0
2024-12-12,L4,P020,274,266,5,20
2024-12-12,L5,P021,46,45,1,0
2024-12-12,L5,P022,30,30,0,21
2024-12-12,L5,P023,32,32,0,14
2024-12-12,L5,P024,45,44,0,35
2024-12-12,L5,P025,47,47,0,16
2024-12-13,L1,P001,129,127,1,18
2024-12-13,L1,P002,145,139,4,29
2024-12-13,L1,P003,117,113,2,35
2024-12-13,L1,P004,130,127,1,27
2024-12-13,L2,P005,104,101,2,15
2024-12-13,L2,P006,103,102,0,12
2024-12-13,L2,P007,86,84,2,0
2024-12-13,L2,P008,112,109,2,22
2024-12-13,L3,P009,257,252,4,15
2024-12-13,L3,P010,216,213,3,1
2024-12-13,L3,P011,246,243,3,1
2024-12-13,L3,P012,226,222,3,19
2024-12-13,L3,P013,262,258,4,0
2024-12-13,L3,P014,378,369,5,34
2024-12-13,L4,P015,753,726,16,27
2024-12-13,L4,P016,754,731,21,4
2024-12-13,L4,P017,802,778,16,19
2024-12-13,L4,P018,373,369,4,0
2024-12-13,L4,P019,297,289,6,15
2024-12-13,L4,P020,470,461,5,18
2024-12-13,L5,P021,56,55,1,0
2024-12-13,L5,P022,42,40,1,31
2024-12-13,L5,P023,37,35,1,41
2024-12-13,L5,P024,32,32,0,0
2024-12-13,L5,P025,48,47,1,0
2024-12-14,L1,P001,109,107,1,11
2024-12-14,L1,P002,118,115,1,30
2024-12-14,L1,P003,122,117,3,34
2024-12-14,L1,P004,117,111,3,46
2024-12-14,L2,P005,64,62,1,23
2024-12-14,L2,P006,63,62,0,28
2024-12-14,L2,P007,76,76,0,11
2024-12-14,L2,P008,63,62,1,0
2024-12-14,L3,P009,176,171,3,34
2024-12-14,L3,P010,139,138,1,0
2024-12-14,L3,P011,144,142,1,20
2024-12-14,L3,P012,167,163,2,43
2024-12-14,L3,P013,146,142,3,19
2024-12-14,L3,P014,291,282,6,32
2024-12-14,L4,P015,545,539,3,11
2024-12-14,L4,P016,498,491,5,9
2024-12-14,L4,P017,712,692,20,0
2024-12-14,L4,P018,228,220,4,32
2024-12-14,L4,P019,261,254,3,26
2024-12-14,L4,P020,205,199,2,36
2024-12-14,L5,P021,74,72,1,16
2024-12-14,L5,P022,24,23,0,42
2024-12-14,L5,P023,29,28,1,14
2024-12-14,L5,P024,25,25,0,26
2024-12-14,L5,P025,37,35,1,53
2024-12-15,L1,P001,90,87,2,30
2024-12-15,L1,P002,117,115,2,0
2024-12-15,L1,P003,119,114,3,37
2024-12-15,L1,P004,103,100,2,26
2024-12-15,L2,P005,76,73,1,38
2024-12-15,L2,P006,69,67,1,24
2024-12-15,L2,P007,42,41,1,0
2024-12-15,L2,P008,53,52,1,12
2024-12-15,L3,P009,208,204,3,10
2024-12-15,L3,P010,206,204,1,9
2024-12-15,L3,P011,180,175,5,0
2024-12-15,L3,P012,201,197,1,47
2024-12-15,L3,P013,145,141,3,15
2024-12-15,L3,P014,414,406,2,40
2024-12-15,L4,P015,578,565,5,28
2024-12-15,L4,P016,749,727,18,11
2024-12-15,L4,P017,545,524,8,45
2024-12-15,L4,P018,272,262,5,33
2024-12-15,L4,P019,227,220,5,13
2024-12-15,L4,P020,261,258,3,0
2024-12-15,L5,P021,77,75,1,34
2024-12-15,L5,P022,26,26,0,22
2024-12-15,L5,P023,31,30,0,45
2024-12-15,L5,P024,16,16,0,21
2024-12-15,L5,P025,48,46,1,30
2024-12-16,L1,P001,105,101,3,18
2024-12-16,L1,P002,115,110,3,28
2024-12-16,L1,P003,145,141,2,21
2024-12-16,L1,P004,86,85,1,0
2024-12-16,L2,P005,99,97,1,27
2024-12-16,L2,P006,77,76,1,3
2024-12-16,L2,P007,65,63,1,17
2024-12-16,L2,P008,68,65,1,50
2024-12-16,L3,P009,219,213,5,12
2024-12-16,L3,P010,171,169,1,13
2024-12-16,L3,P011,132,129,2,20
2024-12-16,L3,P012,168,162,4,28
2024-12-16,L3,P013,192,188,3,12
2024-12-16,L3,P014,501,494,4,20
2024-12-16,L4,P015,546,528,8,35
2024-12-16,L4,P016,550,530,9,37
2024-12-16,L4,P017,585,567,9,28
2024-12-16,L4,P018,239,235,1,23
2024-12-16,L4,P019,300,294,2,24
2024-12-16,L4,P020,334,319,9,36
2024-12-16,L5,P021,135,132,2,17
2024-12-16,L5,P022,23,23,0,17
2024-12-16,L5,P023,32,31,0,34
2024-12-16,L5,P024,29,29,0,32
2024-12-16,L5,P025,25,25,0,13
2024-12-17,L1,P001,110,107,2,14
2024-12-17,L1,P002,102,98,2,29
2024-12-17,L1,P003,120,116,2,28
2024-12-17,L1,P004,117,116,1,7
2024-12-17,L2,P005,82,82,0,6
2024-12-17,L2,P006,75,73,1,37
2024-12-17,L2,P007,81,77,1,66
2024-12-17,L2,P008,99,98,0,26
2024-12-17,L3,P009,156,155,1,8
2024-12-17,L3,P010,183,178,3,27
2024-12-17,L3,P011,139,135,3,24
2024-12-17,L3,P012,180,175,3,37
2024-12-17,L3,P013,155,150,3,30
2024-12-17,L3,P014,624,606,12,29
2024-12-17,L4,P015,594,577,15,8
2024-12-17,L4,P016,579,555,8,53
2024-12-17,L4,P017,529,522,1,20
2024-12-17,L4,P018,226,218,4,31
2024-12-17,L4,P019,220,213,4,29
2024-12-17,L4,P020,254,252,2,0
2024-12-17,L5,P021,127,121,3,50
2024-12-17,L5,P022,21,21,0,23
2024-12-17,L5,P023,29,29,0,0
2024-12-17,L5,P024,20,20,0,0
2024-12-17,L5,P025,41,40,1,20
2024-12-18,L1,P001,145,141,2,23
2024-12-18,L1,P002,167,164,2,9
2024-12-18,L1,P003,106,104,2,0
2024-12-18,L1,P004,129,127,1,16
2024-12-18,L2,P005,69,67,1,19
2024-12-18,L2,P006,62,60,1,23
2024-12-18,L2,P007,70,68,1,21
2024-12-18,L2,P008,62,60,1,22
2024-12-18,L3,P009,169,165,3,15
2024-12-18,L3,P010,168,165,2,10
2024-12-18,L3,P011,134,132,1,17
2024-12-18,L3,P012,171,167,3,23
2024-12-18,L3,P013,116,116,0,9
2024-12-18,L3,P014,741,723,11,26
2024-12-18,L4,P015,543,527,8,27
2024-12-18,L4,P016,543,535,7,3
2024-12-18,L4,P017,607,599,6,7
2024-12-18,L4,P018,292,285,3,25
2024-12-18,L4,P019,282,274,4,25
2024-12-18,L4,P020,277,272,5,0
2024-12-18,L5,P021,121,119,1,22
2024-12-18,L5,P022,26,25,1,6
2024-12-18,L5,P023,32,31,1,18
2024-12-18,L5,P024,31,31,0,27
2024-12-18,L5,P025,30,30,0,12
2024-12-19,L1,P001,102,98,2,38
2024-12-19,L1,P002,189,188,1,0
2024-12-19,L1,P003,115,110,3,37
2024-12-19,L1,P004,117,116,1,0
2024-12-19,L2,P005,84,82,1,19
2024-12-19,L2,P006,85,83,2,10
2024-12-19,L2,P007,98,96,1,13
2024-12-19,L2,P008,84,81,2,13
2024-12-19,L3,P009,208,204,2,25
2024-12-19,L3,P010,233,227,4,22
2024-12-19,L3,P011,234,227,5,29
2024-12-19,L3,P012,218,211,4,45
2024-12-19,L3,P013,200,198,2,0
2024-12-19,L3,P014,899,889,10,0
2024-12-19,L4,P015,670,661,3,18
2024-12-19,L4,P016,679,660,8,31
2024-12-19,L4,P017,629,608,11,30
2024-12-19,L4,P018,300,294,6,0
2024-12-19,L4,P019,300,293,4,18
2024-12-19,L4,P020,318,315,3,0
2024-12-19,L5,P021,126,122,2,35
2024-12-19,L5,P022,21,21,0,7
2024-12-19,L5,P023,47,46,1,10
2024-12-19,L5,P024,30,29,1,16
2024-12-19,L5,P025,26,26,0,27
2024-12-20,L1,P001,171,165,4,20
2024-12-20,L1,P002,157,154,2,15
2024-12-20,L1,P003,192,188,3,11
2024-12-20,L1,P004,173,168,4,7
2024-12-20,L2,P005,106,104,1,12
2024-12-20,L2,P006,96,94,1,20
2024-12-20,L2,P007,67,63,2,43
2024-12-20,L2,P008,65,64,1,0
2024-12-20,L3,P009,189,184,4,19
2024-12-20,L3,P010,278,274,2,24
2024-12-20,L3,P011,226,222,3,11
2024-12-20,L3,P012,243,239,4,4
2024-12-20,L3,P013,235,231,3,12
2024-12-20,L3,P014,1244,1228,16,0
2024-12-20,L4,P015,701,688,12,2
2024-12-20,L4,P016,755,719,20,41
2024-12-20,L4,P017,758,744,7,18
2024-12-20,L4,P018,370,363,3,22
2024-12-20,L4,P019,404,391,9,17
2024-12-20,L4,P020,312,301,6,29
2024-12-20,L5,P021,180,175,2,27
2024-12-20,L5,P022,37,36,1,14
2024-12-20,L5,P023,45,44,1,0
2024-12-20,L5,P024,34,32,1,45
2024-12-20,L5,P025,43,41,1,25
2024-12-21,L1,P001,104,100,3,20
2024-12-21,L1,P002,104,102,0,31
2024-12-21,L1,P003,68,65,2,35
2024-12-21,L1,P004,79,77,1,24
2024-12-21,L2,P005,65,64,1,1
2024-12-21,L2,P006,92,90,1,20
2024-12-21,L2,P007,62,60,1,16
2024-12-21,L2,P008,64,62,1,22
2024-12-21,L3,P009,126,123,1,55
2024-12-21,L3,P010,148,144,3,26
2024-12-21,L3,P011,137,135,2,0
2024-12-21,L3,P012,161,155,5,22
2024-12-21,L3,P013,141,139,2,0
2024-12-21,L3,P014,873,844,26,10
2024-12-21,L4,P015,510,493,10,26
2024-12-21,L4,P016,490,479,9,7
2024-12-21,L4,P017,551,533,13,18
2024-12-21,L4,P018,224,218,3,27
2024-12-21,L4,P019,216,210,3,30
2024-12-21,L4,P020,274,268,5,7
2024-12-21,L5,P021,164,158,4,23
2024-12-21,L5,P022,32,31,1,24
2024-12-21,L5,P023,37,36,1,12
2024-12-21,L5,P024,35,35,0,0
2024-12-21,L5,P025,25,24,1,26
2024-12-22,L1,P001,114,112,1,19
2024-12-22,L1,P002,88,86,1,11
2024-12-22,L1,P003,91,89,0,46
2024-12-22,L1,P004,91,89,1,28
2024-12-22,L2,P005,67,66,1,5
2024-12-22,L2,P006,73,69,2,46
2024-12-22,L2,P007,80,79,0,34
2024-12-22,L2,P008,94,92,2,0
2024-12-22,L3,P009,154,151,2,21
2024-12-22,L3,P010,191,186,4,19
2024-12-22,L3,P011,216,212,2,25
2024-12-22,L3,P012,188,181,4,41
2024-12-22,L3,P013,187,186,0,20
2024-12-22,L3,P014,856,835,18,11
2024-12-22,L4,P015,512,503,8,3
2024-12-22,L4,P016,603,589,9,16
2024-12-22,L4,P017,580,556,14,34
2024-12-22,L4,P018,273,268,3,12
2024-12-22,L4,P019,292,285,2,32
2024-12-22,L4,P020,247,239,4,31
2024-12-22,L5,P021,163,160,3,0
2024-12-22,L5,P022,22,22,0,2
2024-12-22,L5,P023,21,21,0,10
2024-12-22,L5,P024,34,32,1,64
2024-12-22,L5,P025,32,31,0,37
2024-12-23,L1,P001,110,108,1,14
2024-12-23,L1,P002,99,96,2,16
2024-12-23,L1,P003,122,121,0,8
2024-12-23,L1,P004,105,103,2,9
2024-12-23,L2,P005,74,73,1,0
2024-12-23,L2,P006,76,74,1,29
2024-12-23,L2,P007,80,77,1,41
2024-12-23,L2,P008,78,76,1,27
2024-12-23,L3,P009,196,188,5,50
2024-12-23,L3,P010,161,157,3,10
2024-12-23,L3,P011,156,154,2,0
2024-12-23,L3,P012,182,176,4,25
2024-12-23,L3,P013,167,163,4,7
2024-12-23,L3,P014,797,781,11,17
2024-12-23,L4,P015,574,557,10,25
2024-12-23,L4,P016,554,534,12,26
2024-12-23,L4,P017,534,520,5,31
2024-12-23,L4,P018,350,338,8,21
2024-12-23,L4,P019,383,372,8,16
2024-12-23,L4,P020,215,206,4,41
2024-12-23,L5,P021,109,106,2,17
2024-12-23,L5,P022,14,14,0,27
2024-12-23,L5,P023,16,16,0,40
2024-12-23,L5,P024,29,28,0,36
2024-12-23,L5,P025,30,29,1,17
2024-12-24,L1,P001,115,113,2,0
2024-12-24,L1,P002,105,105,0,7
2024-12-24,L1,P003,126,124,1,19
2024-12-24,L1,P004,102,99,1,36
2024-12-24,L2,P005,93,91,1,20
2024-12-24,L2,P006,77,76,1,11
2024-12-24,L2,P007,80,78,1,15
2024-12-24,L2,P008,95,92,2,12
2024-12-24,L3,P009,175,171,3,20
2024-12-24,L3,P010,156,153,2,24
2024-12-24,L3,P011,181,176,3,26
2024-12-24,L3,P012,187,183,2,27
2024-12-24,L3,P013,168,163,3,42
2024-12-24,L3,P014,679,666,10,13
2024-12-24,L4,P015,576,564,3,31
2024-12-24,L4,P016,540,517,17,21
2024-12-24,L4,P017,500,491,2,27
2024-12-24,L4,P018,263,254,7,18
2024-12-24,L4,P019,262,257,3,18
2024-12-24,L4,P020,214,213,1,2
2024-12-24,L5,P021,110,108,2,8
2024-12-24,L5,P022,22,22,0,15
2024-12-24,L5,P023,35,35,0,16
2024-12-24,L5,P024,27,27,0,17
2024-12-24,L5,P025,22,22,0,25
2024-12-25,L1,P001,105,103,1,19
2024-12-25,L1,P002,100,96,2,34
2024-12-25,L1,P003,129,127,2,0
2024-12-25,L1,P004,98,95,2,23
2024-12-25,L2,P005,84,81,1,42
2024-12-25,L2,P006,70,68,2,5
2024-12-25,L2,P007,77,75,1,13
2024-12-25,L2,P008,56,55,1,10
2024-12-25,L3,P009,200,196,2,31
2024-12-25,L3,P010,159,155,2,38
2024-12-25,L3,P011,155,150,3,31
2024-12-25,L3,P012,171,167,3,11
2024-12-25,L3,P013,187,182,3,36
2024-12-25,L3,P014,704,685,13,26
2024-12-25,L4,P015,551,538,6,23
2024-12-25,L4,P016,565,552,7,21
2024-12-25,L4,P017,546,530,11,19
2024-12-25,L4,P018,303,294,4,31
2024-12-25,L4,P019,292,292,0,3
2024-12-25,L4,P020,289,286,3,0
2024-12-25,L5,P021,97,94,1,43
2024-12-25,L5,P022,38,36,1,27
2024-12-25,L5,P023,35,33,1,42
2024-12-25,L5,P024,29,29,0,32
2024-12-25,L5,P025,13,13,0,51
2024-12-26,L1,P001,148,146,2,2
2024-12-26,L1,P002,125,123,2,3
2024-12-26,L1,P003,131,125,2,53
2024-12-26,L1,P004,127,124,3,0
2024-12-26,L2,P005,80,77,1,39
2024-12-26,L2,P006,76,73,2,25
2024-12-26,L2,P007,70,67,2,31
2024-12-26,L2,P008,77,74,1,46
2024-12-26,L3,P009,192,186,4,30
2024-12-26,L3,P010,235,231,2,19
2024-12-26,L3,P011,212,206,4,28
2024-12-26,L3,P012,209,205,1,43
2024-12-26,L3,P013,219,212,3,47
2024-12-26,L3,P014,597,587,10,0
2024-12-26,L4,P015,660,652,8,0
2024-12-26,L4,P016,666,647,13,18
2024-12-26,L4,P017,663,639,12,34
2024-12-26,L4,P018,257,248,6,19
2024-12-26,L4,P019,280,272,4,26
2024-12-26,L4,P020,313,305,3,29
2024-12-26,L5,P021,92,90,2,2
2024-12-26,L5,P022,44,42,1,22
2024-12-26,L5,P023,29,27,1,49
2024-12-26,L5,P024,28,28,0,25
2024-12-26,L5,P025,48,46,1,35
2024-12-27,L1,P001,138,134,3,19
2024-12-27,L1,P002,176,167,5,48
2024-12-27,L1,P003,106,105,1,0
2024-12-27,L1,P004,136,133,1,29
2024-12-27,L2,P005,113,109,2,42
2024-12-27,L2,P006,106,104,2,6
2024-12-27,L2,P007,88,86,1,29
2024-12-27,L2,P008,97,96,1,6
2024-12-27,L3,P009,211,209,1,7
2024-12-27,L3,P010,275,270,4,12
2024-12-27,L3,P011,229,224,5,0
2024-12-27,L3,P012,225,219,5,8
2024-12-27,L3,P013,208,206,2,0
2024-12-27,L3,P014,578,569,5,22
2024-12-27,L4,P015,716,696,13,18
2024-12-27,L4,P016,745,726,10,23
2024-12-27,L4,P017,804,773,16,35
2024-12-27,L4,P018,500,484,6,37
2024-12-27,L4,P019,369,356,7,29
2024-12-27,L4,P020,386,373,6,34
2024-12-27,L5,P021,83,82,1,0
2024-12-27,L5,P022,28,27,1,4
2024-12-27,L5,P023,40,38,1,32
2024-12-27,L5,P024,65,62,1,47
2024-12-27,L5,P025,42,41,1,0
2024-12-28,L1,P001,119,117,1,15
2024-12-28,L1,P002,121,117,3,20
2024-12-28,L1,P003,94,92,1,28
2024-12-28,L1,P004,98,95,2,23
2024-12-28,L2,P005,70,69,1,0
2024-12-28,L2,P006,76,74,1,29
2024-12-28,L2,P007,98,95,2,24
2024-12-28,L2,P008,59,58,0,21
2024-12-28,L3,P009,131,128,2,18
2024-12-28,L3,P010,169,167,2,8
2024-12-28,L3,P011,148,146,2,0
2024-12-28,L3,P012,144,142,2,6
2024-12-28,L3,P013,136,133,2,12
2024-12-28,L3,P014,356,352,0,30
2024-12-28,L4,P015,578,570,8,0
2024-12-28,L4,P016,560,544,7,31
2024-12-28,L4,P017,491,480,5,23
2024-12-28,L4,P018,278,270,5,20
2024-12-28,L4,P019,236,229,6,12
2024-12-28,L4,P020,302,295,5,13
2024-12-28,L5,P021,45,44,1,0
2024-12-28,L5,P022,33,33,0,4
2024-12-28,L5,P023,16,16,0,2
2024-12-28,L5,P024,27,27,0,34
2024-12-28,L5,P025,37,37,0,20
2024-12-29,L1,P001,99,97,2,5
2024-12-29,L1,P002,105,104,1,0
2024-12-29,L1,P003,128,124,3,22
2024-12-29,L1,P004,113,110,1,30
2024-12-29,L2,P005,79,78,1,0
2024-12-29,L2,P006,100,97,2,19
2024-12-29,L2,P007,59,58,1,14
2024-12-29,L2,P008,64,62,1,34
2024-12-29,L3,P009,155,152,2,18
2024-12-29,L3,P010,174,167,4,53
2024-12-29,L3,P011,146,145,1,0
2024-12-29,L3,P012,162,160,2,7
2024-12-29,L3,P013,164,160,3,20
2024-12-29,L3,P014,339,334,0,45
2024-12-29,L4,P015,596,577,11,27
2024-12-29,L4,P016,536,523,13,0
2024-12-29,L4,P017,565,551,1,43
2024-12-29,L4,P018,277,269,5,22
2024-12-29,L4,P019,263,259,4,0
2024-12-29,L4,P020,256,251,4,9
2024-12-29,L5,P021,48,47,1,13
2024-12-29,L5,P022,31,31,0,26
2024-12-29,L5,P023,32,32,0,16
2024-12-29,L5,P024,26,26,0,0
2024-12-29,L5,P025,26,26,0,27
2024-12-30,L1,P001,108,106,1,14
2024-12-30,L1,P002,91,90,1,1
2024-12-30,L1,P003,133,130,1,33
2024-12-30,L1,P004,98,95,1,32
2024-12-30,L2,P005,77,74,2,13
2024-12-30,L2,P006,83,82,0,33
2024-12-30,L2,P007,57,55,1,21
2024-12-30,L2,P008,86,84,1,25
2024-12-30,L3,P009,158,152,3,54
2024-12-30,L3,P010,185,180,5,0
2024-12-30,L3,P011,157,155,1,26
2024-12-30,L3,P012,182,178,2,30
2024-12-30,L3,P013,200,195,2,43
2024-12-30,L3,P014,216,215,1,1
2024-12-30,L4,P015,534,528,6,0
2024-12-30,L4,P016,607,587,17,9
2024-12-30,L4,P017,510,497,13,1
2024-12-30,L4,P018,290,286,2,15
2024-12-30,L4,P019,378,372,5,5
2024-12-30,L4,P020,295,287,6,15
2024-12-30,L5,P021,37,36,1,15
2024-12-30,L5,P022,34,34,0,3
2024-12-30,L5,P023,26,26,0,25
2024-12-30,L5,P024,25,25,0,30
2024-12-30,L5,P025,26,26,0,0
2024-12-31,L1,P001,93,91,1,13
2024-12-31,L1,P002,129,126,2,18
2024-12-31,L1,P003,129,124,3,31
2024-12-31,L1,P004,106,103,2,24
2024-12-31,L2,P005,48,47,1,0
2024-12-31,L2,P006,111,109,2,0
2024-12-31,L2,P007,82,81,1,5
2024-12-31,L2,P008,66,63,2,23
2024-12-31,L3,P009,125,122,2,19
2024-12-31,L3,P010,178,176,1,12
2024-12-31,L3,P011,152,148,2,34
2024-12-31,L3,P012,181,176,2,45
2024-12-31,L3,P013,156,151,4,18
2024-12-31,L3,P014,193,191,0,24
2024-12-31,L4,P015,524,510,7,24
2024-12-31,L4,P016,512,502,8,9
2024-12-31,L4,P017,486,482,4,0
2024-12-31,L4,P018,246,243,3,0
2024-12-31,L4,P019,258,251,5,12
2024-12-31,L4,P020,247,240,5,17
2024-12-31,L5,P021,19,19,0,8
2024-12-31,L5,P022,27,27,0,21
2024-12-31,L5,P023,37,36,1,2
2024-12-31,L5,P024,25,25,0,7
2024-12-31,L5,P025,33,32,1,4
2025-01-01,L1,P001,115,112,2,17
2025-01-01,L1,P002,108,107,1,5
2025-01-01,L1,P003,104,101,2,25
2025-01-01,L1,P004,99,95,2,37
2025-01-01,L2,P005,37,36,0,47
2025-01-01,L2,P006,83,81,1,23
2025-01-01,L2,P007,61,59,1,43
2025-01-01,L2,P008,80,79,1,6
2025-01-01,L3,P009,155,151,3,19
2025-01-01,L3,P010,174,170,1,42
2025-01-01,L3,P011,137,133,3,11
2025-01-01,L3,P012,157,156,1,2
2025-01-01,L3,P013,189,182,4,39
2025-01-01,L3,P014,152,149,2,24
2025-01-01,L4,P015,549,529,10,35
2025-01-01,L4,P016,549,535,10,13
2025-01-01,L4,P017,854,832,2,46
2025-01-01,L4,P018,264,253,6,33
2025-01-01,L4,P019,251,246,4,5
2025-01-01,L4,P020,252,248,4,2
2025-01-01,L5,P021,33,31,1,32
2025-01-01,L5,P022,21,21,0,1
2025-01-01,L5,P023,25,24,1,0
2025-01-01,L5,P024,26,26,0,21
2025-01-01,L5,P025,27,27,0,4
2025-01-02,L1,P001,148,143,3,22
2025-01-02,L1,P002,97,94,1,34
2025-01-02,L1,P003,103,99,2,30
2025-01-02,L1,P004,105,101,1,51
2025-01-02,L2,P005,88,84,2,39
2025-01-02,L2,P006,76,73,2,31
2025-01-02,L2,P007,109,106,1,30
2025-01-02,L2,P008,83,81,1,14
2025-01-02,L3,P009,179,175,3,20
2025-01-02,L3,P010,187,182,4,16
2025-01-02,L3,P011,281,273,4,40
2025-01-02,L3,P012,224,218,3,40
2025-01-02,L3,P013,176,173,2,15
2025-01-02,L3,P014,193,187,4,33
2025-01-02,L4,P015,659,642,10,19
2025-01-02,L4,P016,692,672,16,12
2025-01-02,L4,P017,634,613,7,43
2025-01-02,L4,P018,326,320,3,18
2025-01-02,L4,P019,296,291,3,12
2025-01-02,L4,P020,327,320,3,21
2025-01-02,L5,P021,30,30,0,6
2025-01-02,L5,P022,32,30,1,32
2025-01-02,L5,P023,27,27,0,0
2025-01-02,L5,P024,38,38,0,0
2025-01-02,L5,P025,30,29,0,49
2025-01-03,L1,P001,145,141,2,24
2025-01-03,L1,P002,158,155,2,11
2025-01-03,L1,P003,146,143,1,25
2025-01-03,L1,P004,159,153,3,31
2025-01-03,L2,P005,87,86,1,0
2025-01-03,L2,P006,82,81,1,8
2025-01-03,L2,P007,139,137,2,6
2025-01-03,L2,P008,82,80,1,25
2025-01-03,L3,P009,231,224,4,37
2025-01-03,L3,P010,217,210,3,48
2025-01-03,L3,P011,255,249,5,7
2025-01-03,L3,P012,208,203,3,27
2025-01-03,L3,P013,227,223,2,23
2025-01-03,L3,P014,190,184,4,25
2025-01-03,L4,P015,769,746,8,38
2025-01-03,L4,P016,744,726,17,2
2025-01-03,L4,P017,1042,1011,15,29
2025-01-03,L4,P018,342,335,7,0
2025-01-03,L4,P019,350,336,5,48
2025-01-03,L4,P020,321,310,3,50
2025-01-03,L5,P021,45,44,1,15
2025-01-03,L5,P022,33,33,0,24
2025-01-03,L5,P023,37,37,0,25
2025-01-03,L5,P024,35,34,1,13
2025-01-03,L5,P025,42,41,1,16
2025-01-04,L1,P001,100,99,1,0
2025-01-04,L1,P002,156,152,4,0
2025-01-04,L1,P003,103,101,2,9
2025-01-04,L1,P004,128,125,2,18
2025-01-04,L2,P005,50,49,1,19
2025-01-04,L2,P006,59,56,2,17
2025-01-04,L2,P007,67,66,0,20
2025-01-04,L2,P008,66,65,1,4
2025-01-04,L3,P009,162,158,2,33
2025-01-04,L3,P010,171,166,3,37
2025-01-04,L3,P011,150,148,2,3
2025-01-04,L3,P012,165,163,1,24
2025-01-04,L3,P013,152,147,2,53
2025-01-04,L3,P014,186,184,1,14
2025-01-04,L4,P015,502,481,10,43
2025-01-04,L4,P016,526,505,11,36
2025-01-04,L4,P017,565,555,7,9
2025-01-04,L4,P018,219,214,2,28
2025-01-04,L4,P019,251,242,5,29
2025-01-04,L4,P020,212,207,3,22
2025-01-04,L5,P021,28,27,0,42
2025-01-04,L5,P022,48,47,1,12
2025-01-04,L5,P023,22,22,0,25
2025-01-04,L5,P024,29,27,1,40
2025-01-04,L5,P025,12,12,0,31
2025-01-05,L1,P001,92,88,2,48
2025-01-05,L1,P002,72,70,1,27
2025-01-05,L1,P003,132,131,1,7
2025-01-05,L1,P004,125,120,3,34
2025-01-05,L2,P005,64,63,1,0
2025-01-05,L2,P006,83,80,1,47
2025-01-05,L2,P007,104,102,2,0
2025-01-05,L2,P008,104,102,1,25
2025-01-05,L3,P009,176,171,3,29
2025-01-05,L3,P010,173,171,2,0
2025-01-05,L3,P011,132,132,0,3
2025-01-05,L3,P012,163,160,3,0
2025-01-05,L3,P013,179,176,2,13
2025-01-05,L3,P014,180,174,5,23
2025-01-05,L4,P015,552,532,7,45
2025-01-05,L4,P016,515,509,2,14
2025-01-05,L4,P017,838,817,12,21
2025-01-05,L4,P018,321,314,2,30
2025-01-05,L4,P019,278,272,4,15
2025-01-05,L4,P020,235,226,3,52
2025-01-05,L5,P021,38,37,1,22
2025-01-05,L5,P022,23,23,0,0
2025-01-05,L5,P023,32,31,0,39
2025-01-05,L5,P024,29,29,0,33
2025-01-05,L5,P025,37,36,1,13
2025-01-06,L1,P001,105,101,2,29
2025-01-06,L1,P002,96,93,2,11
2025-01-06,L1,P003,112,111,0,21
2025-01-06,L1,P004,113,110,1,41
2025-01-06,L2,P005,85,82,2,13
2025-01-06,L2,P006,92,89,1,34
2025-01-06,L2,P007,51,50,1,0
2025-01-06,L2,P008,96,94,1,17
2025-01-06,L3,P009,140,136,3,30
2025-01-06,L3,P010,199,194,3,22
2025-01-06,L3,P011,178,174,3,14
2025-01-06,L3,P012,174,172,2,3
2025-01-06,L3,P013,173,171,1,10
2025-01-06,L3,P014,167,164,3,6
2025-01-06,L4,P015,577,564,4,31
2025-01-06,L4,P016,600,584,7,30
2025-01-06,L4,P017,561,544,8,31
2025-01-06,L4,P018,281,272,7,14
2025-01-06,L4,P019,269,262,4,22
2025-01-06,L4,P020,243,239,2,13
2025-01-06,L5,P021,17,17,0,20
2025-01-06,L5,P022,38,36,1,28
2025-01-06,L5,P023,29,29,0,0
2025-01-06,L5,P024,27,27,0,27
2025-01-06,L5,P025,21,21,0,20
2025-01-07,L1,P001,84,83,1,6
2025-01-07,L1,P002,106,102,2,29
2025-01-07,L1,P003,109,107,1,20
2025-01-07,L1,P004,99,97,2,0
2025-01-07,L2,P005,79,78,1,0
2025-01-07,L2,P006,83,81,2,0
2025-01-07,L2,P007,87,84,2,15
2025-01-07,L2,P008,65,64,1,4
2025-01-07,L3,P009,150,148,1,20
2025-01-07,L3,P010,166,162,3,12
2025-01-07,L3,P011,173,170,3,8
2025-01-07,L3,P012,147,145,2,3
2025-01-07,L3,P013,154,152,2,0
2025-01-07,L3,P014,144,141,2,26
2025-01-07,L4,P015,553,528,5,71
2025-01-07,L4,P016,565,546,10,29
2025-01-07,L4,P017,543,529,7,26
2025-01-07,L4,P018,284,278,5,5
2025-01-07,L4,P019,284,282,2,3
2025-01-07,L4,P020,239,232,4,24
2025-01-07,L5,P021,26,26,0,0
2025-01-07,L5,P022,33,31,1,39
2025-01-07,L5,P023,29,28,1,0
2025-01-07,L5,P024,39,38,1,19
2025-01-07,L5,P025,24,23,1,0
2025-01-08,L1,P001,95,92,2,27
2025-01-08,L1,P002,119,117,1,24
2025-01-08,L1,P003,110,108,1,26
2025-01-08,L1,P004,104,101,2,17
2025-01-08,L2,P005,112,109,2,19
2025-01-08,L2,P006,73,70,2,29
2025-01-08,L2,P007,46,46,0,0
2025-01-08,L2,P008,74,72,1,23
2025-01-08,L3,P009,188,186,1,12
2025-01-08,L3,P010,153,149,2,43
2025-01-08,L3,P011,152,148,2,31
2025-01-08,L3,P012,139,137,1,28
2025-01-08,L3,P013,162,161,0,16
2025-01-08,L3,P014,198,193,3,35
2025-01-08,L4,P015,570,553,8,31
2025-01-08,L4,P016,593,581,12,0
2025-01-08,L4,P017,547,537,5,19
2025-01-08,L4,P018,267,258,6,25
2025-01-08,L4,P019,265,260,2,19
2025-01-08,L4,P020,249,245,2,16
2025-01-08,L5,P021,33,33,0,13
2025-01-08,L5,P022,32,32,0,20
2025-01-08,L5,P023,25,25,0,20
2025-01-08,L5,P024,27,27,0,23
2025-01-08,L5,P025,22,22,0,20
2025-01-09,L1,P001,129,127,2,3
2025-01-09,L1,P002,116,114,1,14
2025-01-09,L1,P003,131,129,1,20
2025-01-09,L1,P004,141,136,4,20
2025-01-09,L2,P005,92,89,1,32
2025-01-09,L2,P006,108,106,1,24
2025-01-09,L2,P007,67,65,1,30
2025-01-09,L2,P008,129,124,3,29
2025-01-09,L3,P009,191,187,3,19
2025-01-09,L3,P010,167,165,1,12
2025-01-09,L3,P011,196,193,1,29
2025-01-09,L3,P012,184,179,3,28
2025-01-09,L3,P013,175,170,3,29
2025-01-09,L3,P014,187,184,3,4
2025-01-09,L4,P015,688,671,8,25
2025-01-09,L4,P016,666,634,20,34
2025-01-09,L4,P017,644,618,14,35
2025-01-09,L4,P018,321,316,5,0
2025-01-09,L4,P019,257,254,3,0
2025-01-09,L4,P020,329,323,6,0
2025-01-09,L5,P021,32,32,0,11
2025-01-09,L5,P022,45,44,1,11
2025-01-09,L5,P023,43,42,1,5
2025-01-09,L5,P024,32,32,0,15
2025-01-09,L5,P025,26,26,0,21
2025-01-10,L1,P001,169,165,2,27
2025-01-10,L1,P002,132,128,1,40
2025-01-10,L1,P003,157,152,3,30
2025-01-10,L1,P004,106,104,1,26
2025-01-10,L2,P005,87,85,1,16
2025-01-10,L2,P006,94,93,1,6
2025-01-10,L2,P007,102,100,1,21
2025-01-10,L2,P008,118,116,1,15
2025-01-10,L3,P009,250,247,3,0
2025-01-10,L3,P010,292,287,2,25
2025-01-10,L3,P011,170,167,2,12
2025-01-10,L3,P012,328,319,6,28
2025-01-10,L3,P013,236,233,2,18
2025-01-10,L3,P014,269,262,4,37
2025-01-10,L4,P015,740,728,12,0
2025-01-10,L4,P016,697,688,5,11
2025-01-10,L4,P017,767,751,12,11
2025-01-10,L4,P018,345,336,4,27
2025-01-10,L4,P019,355,348,2,26
2025-01-10,L4,P020,369,359,8,13
2025-01-10,L5,P021,32,32,0,0
2025-01-10,L5,P022,40,39,0,33
2025-01-10,L5,P023,39,38,0,29
2025-01-10,L5,P024,50,48,1,31
2025-01-10,L5,P025,34,34,0,20
2025-01-11,L1,P001,144,141,2,15
2025-01-11,L1,P002,114,112,1,19
2025-01-11,L1,P003,93,89,2,33
2025-01-11,L1,P004,98,96,1,10
2025-01-11,L2,P005,80,76,2,46
2025-01-11,L2,P006,57,56,1,16
2025-01-11,L2,P007,77,75,1,16
2025-01-11,L2,P008,63,61,1,32
2025-01-11,L3,P009,159,155,4,7
2025-01-11,L3,P010,136,134,2,0
2025-01-11,L3,P011,163,160,2,25
2025-01-11,L3,P012,166,159,4,44
2025-01-11,L3,P013,144,138,3,59
2025-01-11,L3,P014,157,153,1,52
2025-01-11,L4,P015,569,549,11,31
2025-01-11,L4,P016,479,460,8,45
2025-01-11,L4,P017,730,700,14,41
2025-01-11,L4,P018,255,248,2,41
2025-01-11,L4,P019,270,266,2,13
2025-01-11,L4,P020,243,240,3,1
2025-01-11,L5,P021,24,24,0,29
2025-01-11,L5,P022,20,20,0,13
2025-01-11,L5,P023,28,28,0,15
2025-01-11,L5,P024,26,26,0,28
2025-01-11,L5,P025,31,30,1,0
2025-01-12,L1,P001,100,96,2,29
2025-01-12,L1,P002,138,133,3,23
2025-01-12,L1,P003,93,91,1,20
2025-01-12,L1,P004,119,117,2,8
2025-01-12,L2,P005,82,80,1,25
2025-01-12,L2,P006,78,76,1,13
2025-01-12,L2,P007,56,54,1,28
2025-01-12,L2,P008,73,72,0,24
2025-01-12,L3,P009,174,169,4,22
2025-01-12,L3,P010,192,189,2,8
2025-01-12,L3,P011,168,163,3,28
2025-01-12,L3,P012,146,141,3,41
2025-01-12,L3,P013,173,169,3,20
2025-01-12,L3,P014,172,167,4,12
2025-01-12,L4,P015,565,552,7,20
2025-01-12,L4,P016,547,530,6,38
2025-01-12,L4,P017,547,538,9,0
2025-01-12,L4,P018,270,266,2,15
2025-01-12,L4,P019,311,301,7,19
2025-01-12,L4,P020,277,268,3,43
2025-01-12,L5,P021,17,17,0,29
2025-01-12,L5,P022,28,28,0,2
2025-01-12,L5,P023,25,25,0,27
2025-01-12,L5,P024,8,8,0,26
2025-01-12,L5,P025,34,32,1,31
2025-01-13,L1,P001,130,125,2,39
2025-01-13,L1,P002,117,114,2,21
2025-01-13,L1,P003,129,125,3,19
2025-01-13,L1,P004,92,91,1,7
2025-01-13,L2,P005,73,71,1,17
2025-01-13,L2,P006,91,89,1,12
2025-01-13,L2,P007,67,66,1,4
2025-01-13,L2,P008,88,86,1,32
2025-01-13,L3,P009,181,177,2,28
2025-01-13,L3,P010,163,158,3,28
2025-01-13,L3,P011,196,189,5,36
2025-01-13,L3,P012,189,185,2,30
2025-01-13,L3,P013,179,178,1,2
2025-01-13,L3,P014,148,146,1,11
2025-01-13,L4,P015,563,547,13,9
2025-01-13,L4,P016,630,604,10,48
2025-01-13,L4,P017,530,520,6,16
2025-01-13,L4,P018,275,260,7,56
2025-01-13,L4,P019,212,205,3,37
2025-01-13,L4,P020,305,295,2,49
2025-01-13,L5,P021,38,37,1,2
2025-01-13,L5,P022,30,30,0,17
2025-01-13,L5,P023,31,31,0,22
2025-01-13,L5,P024,29,28,1,9
2025-01-13,L5,P025,30,29,0,40
2025-01-14,L1,P001,112,110,2,0
2025-01-14,L1,P002,92,89,1,40
2025-01-14,L1,P003,84,81,2,28
2025-01-14,L1,P004,115,112,2,12
2025-01-14,L2,P005,75,73,2,11
2025-01-14,L2,P006,64,62,1,35
2025-01-14,L2,P007,53,51,1,25
2025-01-14,L2,P008,81,81,0,0
2025-01-14,L3,P009,161,157,2,39
2025-01-14,L3,P010,156,152,2,42
2025-01-14,L3,P011,175,172,3,5
2025-01-14,L3,P012,175,172,2,20
2025-01-14,L3,P013,184,182,2,1
2025-01-14,L3,P014,193,189,4,0
2025-01-14,L4,P015,521,508,7,22
2025-01-14,L4,P016,558,537,11,33
2025-01-14,L4,P017,626,615,11,0
2025-01-14,L4,P018,256,250,4,15
2025-01-14,L4,P019,260,251,4,34
2025-01-14,L4,P020,277,274,3,2
2025-01-14,L5,P021,24,23,1,34
2025-01-14,L5,P022,33,32,1,16
2025-01-14,L5,P023,29,29,0,10
2025-01-14,L5,P024,33,32,0,30
2025-01-14,L5,P025,30,30,0,9
2025-01-15,L1,P001,106,104,1,21
2025-01-15,L1,P002,122,119,1,27
2025-01-15,L1,P003,133,131,2,5
2025-01-15,L1,P004,114,112,1,14
2025-01-15,L2,P005,84,82,1,20
2025-01-15,L2,P006,53,51,1,31
2025-01-15,L2,P007,70,69,1,10
2025-01-15,L2,P008,87,86,0,13
2025-01-15,L3,P009,158,153,3,33
2025-01-15,L3,P010,180,177,2,17
2025-01-15,L3,P011,173,169,2,31
2025-01-15,L3,P012,185,180,3,29
2025-01-15,L3,P013,184,180,2,29
2025-01-15,L3,P014,139,137,0,32
2025-01-15,L4,P015,594,580,14,0
2025-01-15,L4,P016,628,618,4,18
2025-01-15,L4,P017,568,557,9,8
2025-01-15,L4,P018,259,252,5,16
2025-01-15,L4,P019,282,274,7,8
2025-01-15,L4,P020,289,284,2,17
2025-01-15,L5,P021,30,30,0,10
2025-01-15,L5,P022,33,31,1,36
2025-01-15,L5,P023,25,25,0,6
2025-01-15,L5,P024,45,44,1,2
2025-01-15,L5,P025,22,22,0,6
2025-01-16,L1,P001,132,129,3,1
2025-01-16,L1,P002,183,180,2,12
2025-01-16,L1,P003,94,91,1,31
2025-01-16,L1,P004,101,98,1,43
2025-01-16,L2,P005,76,73,1,40
2025-01-16,L2,P006,86,85,0,18
2025-01-16,L2,P007,75,73,1,15
2025-01-16,L2,P008,101,100,0,26
2025-01-16,L3,P009,183,179,2,34
2025-01-16,L3,P010,236,233,3,0
2025-01-16,L3,P011,237,236,1,0
2025-01-16,L3,P012,190,182,5,49
2025-01-16,L3,P013,204,198,4,33
2025-01-16,L3,P014,212,207,2,34
2025-01-16,L4,P015,726,700,12,38
2025-01-16,L4,P016,603,599,4,0
2025-01-16,L4,P017,622,594,15,40
2025-01-16,L4,P018,323,312,7,26
2025-01-16,L4,P019,296,288,5,19
2025-01-16,L4,P020,299,292,4,18
2025-01-16,L5,P021,35,34,1,26
2025-01-16,L5,P022,23,22,0,53
2025-01-16,L5,P023,26,25,0,41
2025-01-16,L5,P024,33,32,1,25
2025-01-16,L5,P025,30,30,0,31
2025-01-17,L1,P001,148,143,3,32
2025-01-17,L1,P002,151,147,1,39
2025-01-17,L1,P003,136,132,2,28
2025-01-17,L1,P004,148,143,3,25
2025-01-17,L2,P005,116,112,2,34
2025-01-17,L2,P006,112,108,2,26
2025-01-17,L2,P007,92,89,2,17
2025-01-17,L2,P008,109,106,2,26
2025-01-17,L3,P009,229,222,5,19
2025-01-17,L3,P010,222,216,5,16
2025-01-17,L3,P011,214,209,2,37
2025-01-17,L3,P012,191,185,3,42
2025-01-17,L3,P013,207,201,4,30
2025-01-17,L3,P014,261,255,6,4
2025-01-17,L4,P015,726,709,17,0
2025-01-17,L4,P016,793,770,16,17
2025-01-17,L4,P017,691,671,13,19
2025-01-17,L4,P018,367,353,8,32
2025-01-17,L4,P019,320,313,4,20
2025-01-17,L4,P020,379,368,8,15
2025-01-17,L5,P021,46,44,1,49
2025-01-17,L5,P022,40,40,0,6
2025-01-17,L5,P023,30,29,1,16
2025-01-17,L5,P024,33,32,1,8
2025-01-17,L5,P025,45,44,0,26
2025-01-18,L1,P001,104,101,2,19
2025-01-18,L1,P002,117,113,3,16
2025-01-18,L1,P003,117,116,1,3
2025-01-18,L1,P004,94,92,1,12
2025-01-18,L2,P005,78,76,1,17
2025-01-18,L2,P006,34,33,1,25
2025-01-18,L2,P007,79,77,1,28
2025-01-18,L2,P008,73,72,1,2
2025-01-18,L3,P009,173,169,2,26
2025-01-18,L3,P010,141,138,2,27
2025-01-18,L3,P011,135,133,1,15
2025-01-18,L3,P012,190,189,1,0
2025-01-18,L3,P013,147,143,2,33
2025-01-18,L3,P014,132,130,2,0
2025-01-18,L4,P015,509,493,10,23
2025-01-18,L4,P016,562,547,6,32
2025-01-18,L4,P017,547,543,2,7
2025-01-18,L4,P018,273,268,5,0
2025-01-18,L4,P019,246,242,2,12
2025-01-18,L4,P020,273,265,7,6
2025-01-18,L5,P021,40,40,0,22
2025-01-18,L5,P022,32,32,0,19
2025-01-18,L5,P023,33,32,0,41
2025-01-18,L5,P024,34,33,1,15
2025-01-18,L5,P025,26,26,0,26
2025-01-19,L1,P001,102,99,2,27
2025-01-19,L1,P002,100,97,1,34
2025-01-19,L1,P003,109,104,2,47
2025-01-19,L1,P004,115,112,2,15
2025-01-19,L2,P005,75,73,1,18
2025-01-19,L2,P006,86,85,1,0
2025-01-19,L2,P007,78,75,2,22
2025-01-19,L2,P008,66,65,0,18
2025-01-19,L3,P009,164,162,1,9
2025-01-19,L3,P010,222,215,4,37
2025-01-19,L3,P011,188,181,5,31
2025-01-19,L3,P012,168,164,3,13
2025-01-19,L3,P013,155,150,3,38
2025-01-19,L3,P014,189,187,1,19
2025-01-19,L4,P015,622,604,10,25
2025-01-19,L4,P016,524,506,10,29
2025-01-19,L4,P017,560,552,8,0
2025-01-19,L4,P018,238,230,6,18
2025-01-19,L4,P019,270,259,5,44
2025-01-19,L4,P020,215,211,3,13
2025-01-19,L5,P021,23,23,0,0
2025-01-19,L5,P022,42,40,1,37
2025-01-19,L5,P023,28,27,0,41
2025-01-19,L5,P024,21,21,0,25
2025-01-19,L5,P025,40,39,1,15
2025-01-20,L1,P001,87,85,1,18
2025-01-20,L1,P002,97,95,2,0
2025-01-20,L1,P003,123,120,3,1
2025-01-20,L1,P004,118,117,1,0
2025-01-20,L2,P005,94,93,1,5
2025-01-20,L2,P006,58,57,1,7
2025-01-20,L2,P007,81,79,1,32
2025-01-20,L2,P008,72,71,1,0
2025-01-20,L3,P009,193,189,3,9
2025-01-20,L3,P010,136,132,3,29
2025-01-20,L3,P011,191,186,3,36
2025-01-20,L3,P012,190,183,4,38
2025-01-20,L3,P013,170,166,2,30
2025-01-20,L3,P014,199,196,2,15
2025-01-20,L4,P015,591,578,1,40
2025-01-20,L4,P016,505,487,5,51
2025-01-20,L4,P017,539,518,10,38
2025-01-20,L4,P018,281,273,3,32
2025-01-20,L4,P019,277,269,6,14
2025-01-20,L4,P020,323,313,4,34
2025-01-20,L5,P021,39,39,0,0
2025-01-20,L5,P022,35,34,1,13
2025-01-20,L5,P023,31,29,1,34
2025-01-20,L5,P024,28,27,1,26
2025-01-20,L5,P025,17,17,0,0
2025-01-21,L1,P001,85,83,1,14
2025-01-21,L1,P002,129,126,1,29
2025-01-21,L1,P003,115,114,1,6
2025-01-21,L1,P004,115,113,2,2
2025-01-21,L2,P005,59,58,0,25
2025-01-21,L2,P006,83,80,1,36
2025-01-21,L2,P007,73,71,1,18
2025-01-21,L2,P008,73,71,1,26
2025-01-21,L3,P009,204,200,1,41
2025-01-21,L3,P010,181,177,3,22
2025-01-21,L3,P011,191,186,3,26
2025-01-21,L3,P012,164,159,2,50
2025-01-21,L3,P013,191,186,2,38
2025-01-21,L3,P014,180,176,3,22
2025-01-21,L4,P015,546,531,7,29
2025-01-21,L4,P016,620,604,5,35
2025-01-21,L4,P017,596,587,5,12
2025-01-21,L4,P018,243,236,5,17
2025-01-21,L4,P019,216,211,4,9
2025-01-21,L4,P020,255,246,5,28
2025-01-21,L5,P021,47,46,1,10
2025-01-21,L5,P022,33,32,1,27
2025-01-21,L5,P023,35,34,1,8
2025-01-21,L5,P024,26,25,1,20
2025-01-21,L5,P025,45,44,0,26
2025-01-22,L1,P001,118,114,2,35
2025-01-22,L1,P002,86,84,1,22
2025-01-22,L1,P003,110,106,2,40
2025-01-22,L1,P004,110,107,1,43
2025-01-22,L2,P005,68,66,1,29
2025-01-22,L2,P006,49,48,1,15
2025-01-22,L2,P007,83,81,1,34
2025-01-22,L2,P008,90,88,1,19
2025-01-22,L3,P009,155,152,1,41
2025-01-22,L3,P010,182,178,2,38
2025-01-22,L3,P011,167,162,4,20
2025-01-22,L3,P012,173,169,2,35
2025-01-22,L3,P013,158,155,1,32
2025-01-22,L3,P014,183,180,2,16
2025-01-22,L4,P015,627,620,5,6
2025-01-22,L4,P016,732,714,10,20
2025-01-22,L4,P017,527,522,3,9
2025-01-22,L4,P018,398,384,9,22
2025-01-22,L4,P019,281,270,7,27
2025-01-22,L4,P020,253,246,5,12
2025-01-22,L5,P021,16,16,0,24
2025-01-22,L5,P022,19,19,0,41
2025-01-22,L5,P023,15,15,0,21
2025-01-22,L5,P024,35,35,0,13
2025-01-22,L5,P025,30,29,1,0
2025-01-23,L1,P001,120,120,0,3
2025-01-23,L1,P002,145,141,2,22
2025-01-23,L1,P003,121,119,1,11
2025-01-23,L1,P004,130,127,1,33
2025-01-23,L2,P005,77,74,2,21
2025-01-23,L2,P006,66,64,1,18
2025-01-23,L2,P007,85,84,0,20
2025-01-23,L2,P008,88,85,1,53
2025-01-23,L3,P009,221,217,3,9
2025-01-23,L3,P010,188,183,3,27
2025-01-23,L3,P011,183,177,4,27
2025-01-23,L3,P012,164,160,2,43
2025-01-23,L3,P013,190,187,3,1
2025-01-23,L3,P014,205,199,5,11
2025-01-23,L4,P015,639,620,13,19
2025-01-23,L4,P016,700,684,11,14
2025-01-23,L4,P017,659,641,7,32
2025-01-23,L4,P018,415,402,5,35
2025-01-23,L4,P019,324,315,5,26
2025-01-23,L4,P020,304,295,4,29
2025-01-23,L5,P021,27,26,0,38
2025-01-23,L5,P022,35,34,1,7
2025-01-23,L5,P023,41,40,0,24
2025-01-23,L5,P024,31,31,0,13
2025-01-23,L5,P025,27,27,0,27
2025-01-24,L1,P001,136,134,1,16
2025-01-24,L1,P002,170,168,1,13
2025-01-24,L1,P003,136,133,1,32
2025-01-24,L1,P004,126,121,2,47
2025-01-24,L2,P005,105,101,2,35
2025-01-24,L2,P006,110,108,1,24
2025-01-24,L2,P007,94,94,0,9
2025-01-24,L2,P008,103,99,1,54
2025-01-24,L3,P009,231,226,3,24
2025-01-24,L3,P010,206,202,4,0
2025-01-24,L3,P011,204,197,5,30
2025-01-24,L3,P012,214,207,4,37
2025-01-24,L3,P013,257,253,2,28
2025-01-24,L3,P014,233,229,2,27
2025-01-24,L4,P015,770,739,12,48
2025-01-24,L4,P016,740,727,6,19
2025-01-24,L4,P017,1062,1030,21,19
2025-01-24,L4,P018,484,477,4,12
2025-01-24,L4,P019,360,356,3,6
2025-01-24,L4,P020,410,393,11,28
2025-01-24,L5,P021,48,48,0,20
2025-01-24,L5,P022,50,49,0,37
2025-01-24,L5,P023,28,27,0,37
2025-01-24,L5,P024,63,62,0,21
2025-01-24,L5,P025,33,33,0,0
2025-01-25,L1,P001,103,102,1,0
2025-01-25,L1,P002,116,113,2,9
2025-01-25,L1,P003,103,99,2,35
2025-01-25,L1,P004,103,101,1,12
2025-01-25,L2,P005,85,82,2,13
2025-01-25,L2,P006,85,81,1,58
2025-01-25,L2,P007,78,77,1,7
2025-01-25,L2,P008,59,58,0,36
2025-01-25,L3,P009,170,166,3,9
2025-01-25,L3,P010,207,202,3,30
2025-01-25,L3,P011,201,199,1,15
2025-01-25,L3,P012,190,186,2,36
2025-01-25,L3,P013,137,134,2,25
2025-01-25,L3,P014,144,141,3,9
2025-01-25,L4,P015,553,532,11,33
2025-01-25,L4,P016,576,555,11,33
2025-01-25,L4,P017,505,491,11,10
2025-01-25,L4,P018,258,250,4,31
2025-01-25,L4,P019,320,313,3,24
2025-01-25,L4,P020,212,206,3,27
2025-01-25,L5,P021,25,24,0,40
2025-01-25,L5,P022,34,32,1,38
2025-01-25,L5,P023,45,44,1,3
2025-01-25,L5,P024,38,37,1,0
2025-01-25,L5,P025,20,20,0,35
2025-01-26,L1,P001,120,118,1,19
2025-01-26,L1,P002,98,96,1,13
2025-01-26,L1,P003,100,99,1,0
2025-01-26,L1,P004,97,94,2,24
2025-01-26,L2,P005,62,60,1,32
2025-01-26,L2,P006,75,73,1,22
2025-01-26,L2,P007,95,93,1,13
2025-01-26,L2,P008,90,88,1,25
2025-01-26,L3,P009,169,165,3,9
2025-01-26,L3,P010,148,146,2,0
2025-01-26,L3,P011,143,140,2,16
2025-01-26,L3,P012,188,184,2,36
2025-01-26,L3,P013,200,195,3,23
2025-01-26,L3,P014,170,167,2,11
2025-01-26,L4,P015,596,589,5,6
2025-01-26,L4,P016,564,544,14,22
2025-01-26,L4,P017,574,568,6,0
2025-01-26,L4,P018,275,268,4,23
2025-01-26,L4,P019,303,300,3,1
2025-01-26,L4,P020,284,279,3,12
2025-01-26,L5,P021,27,26,0,36
2025-01-26,L5,P022,22,22,0,14
2025-01-26,L5,P023,21,21,0,16
2025-01-26,L5,P024,31,30,0,38
2025-01-26,L5,P025,23,22,1,3
2025-01-27,L1,P001,112,109,2,17
2025-01-27,L1,P002,97,94,2,12
2025-01-27,L1,P003,146,142,2,31
2025-01-27,L1,P004,125,123,1,18
2025-01-27,L2,P005,116,113,2,23
2025-01-27,L2,P006,104,100,2,38
2025-01-27,L2,P007,70,68,1,14
2025-01-27,L2,P008,65,65,0,5
2025-01-27,L3,P009,194,192,2,0
2025-01-27,L3,P010,157,154,3,0
2025-01-27,L3,P011,163,160,2,18
2025-01-27,L3,P012,193,188,3,36
2025-01-27,L3,P013,183,179,3,21
2025-01-27,L3,P014,166,166,0,4
2025-01-27,L4,P015,586,574,12,0
2025-01-27,L4,P016,600,581,14,15
2025-01-27,L4,P017,561,545,10,20
2025-01-27,L4,P018,288,278,4,40
2025-01-27,L4,P019,258,253,4,11
2025-01-27,L4,P020,259,250,4,36
2025-01-27,L5,P021,39,39,0,7
2025-01-27,L5,P022,26,26,0,12
2025-01-27,L5,P023,27,26,1,26
2025-01-27,L5,P024,24,23,1,24
2025-01-27,L5,P025,30,29,1,15
2025-01-28,L1,P001,99,96,2,16
2025-01-28,L1,P002,105,104,1,0
2025-01-28,L1,P003,105,103,1,11
2025-01-28,L1,P004,119,116,2,19
2025-01-28,L2,P005,66,64,2,0
2025-01-28,L2,P006,62,60,1,22
2025-01-28,L2,P007,87,83,2,48
2025-01-28,L2,P008,72,70,1,36
2025-01-28,L3,P009,178,173,3,34
2025-01-28,L3,P010,172,168,3,11
2025-01-28,L3,P011,203,201,2,0
2025-01-28,L3,P012,181,175,4,36
2025-01-28,L3,P013,158,154,2,40
2025-01-28,L3,P014,207,201,4,31
2025-01-28,L4,P015,642,628,7,22
2025-01-28,L4,P016,595,577,11,23
2025-01-28,L4,P017,590,588,2,0
2025-01-28,L4,P018,295,289,5,5
2025-01-28,L4,P019,270,261,3,45
2025-01-28,L4,P020,281,269,4,53
2025-01-28,L5,P021,30,29,1,0
2025-01-28,L5,P022,16,16,0,0
2025-01-28,L5,P023,26,26,0,10
2025-01-28,L5,P024,37,36,1,0
2025-01-28,L5,P025,33,33,0,6
2025-01-29,L1,P001,168,162,4,22
2025-01-29,L1,P002,90,87,2,15
2025-01-29,L1,P003,103,101,1,27
2025-01-29,L1,P004,119,114,3,31
2025-01-29,L2,P005,79,76,1,37
2025-01-29,L2,P006,62,61,1,13
2025-01-29,L2,P007,86,85,0,27
2025-01-29,L2,P008,91,89,1,25
2025-01-29,L3,P009,165,160,3,29
2025-01-29,L3,P010,188,187,1,1
2025-01-29,L3,P011,162,159,3,4
2025-01-29,L3,P012,176,173,3,0
2025-01-29,L3,P013,165,162,3,4
2025-01-29,L3,P014,170,166,2,37
2025-01-29,L4,P015,617,595,15,21
2025-01-29,L4,P016,621,591,16,43
2025-01-29,L4,P017,596,588,8,0
2025-01-29,L4,P018,226,221,5,1
2025-01-29,L4,P019,273,267,3,21
2025-01-29,L4,P020,252,243,5,28
2025-01-29,L5,P021,40,38,1,45
2025-01-29,L5,P022,27,27,0,16
2025-01-29,L5,P023,19,19,0,45
2025-01-29,L5,P024,22,22,0,0
2025-01-29,L5,P025,30,29,0,37
2025-01-30,L1,P001,150,147,2,14
2025-01-30,L1,P002,110,108,1,25
2025-01-30,L1,P003,116,115,1,8
2025-01-30,L1,P004,153,149,2,19
2025-01-30,L2,P005,85,83,1,28
2025-01-30,L2,P006,82,80,1,21
2025-01-30,L2,P007,82,81,1,3
2025-01-30,L2,P008,98,96,2,0
2025-01-30,L3,P009,189,184,3,28
2025-01-30,L3,P010,194,190,4,2
2025-01-30,L3,P011,200,197,2,15
2025-01-30,L3,P012,217,211,6,0
2025-01-30,L3,P013,232,222,6,52
2025-01-30,L3,P014,197,193,3,12
2025-01-30,L4,P015,714,689,13,32
2025-01-30,L4,P016,946,920,19,15
2025-01-30,L4,P017,564,553,3,28
2025-01-30,L4,P018,300,292,5,17
2025-01-30,L4,P019,325,317,5,16
2025-01-30,L4,P020,303,296,5,13
2025-01-30,L5,P021,41,39,1,49
2025-01-30,L5,P022,38,37,0,30
2025-01-30,L5,P023,52,50,1,32
2025-01-30,L5,P024,29,28,1,23
2025-01-30,L5,P025,42,41,1,1
2025-01-31,L1,P001,155,151,2,30
2025-01-31,L1,P002,158,151,3,51
2025-01-31,L1,P003,178,172,4,25
2025-01-31,L1,P004,141,137,4,0
2025-01-31,L2,P005,101,100,1,0
2025-01-31,L2,P006,96,93,2,16
2025-01-31,L2,P007,113,109,3,25
2025-01-31,L2,P008,88,86,1,13
2025-01-31,L3,P009,205,202,3,7
2025-01-31,L3,P010,233,227,3,38
2025-01-31,L3,P011,243,236,5,18
2025-01-31,L3,P012,252,249,3,0
2025-01-31,L3,P013,221,215,3,45
2025-01-31,L3,P014,236,229,4,31
2025-01-31,L4,P015,744,713,14,43
2025-01-31,L4,P016,799,781,7,26
2025-01-31,L4,P017,788,766,16,15
2025-01-31,L4,P018,347,335,5,36
2025-01-31,L4,P019,360,354,2,24
2025-01-31,L4,P020,341,333,5,19
2025-01-31,L5,P021,48,46,1,45
2025-01-31,L5,P022,44,42,1,22
2025-01-31,L5,P023,33,33,0,25
2025-01-31,L5,P024,34,33,1,18
2025-01-31,L5,P025,26,26,0,21
2025-02-01,L1,P001,118,115,1,33
2025-02-01,L1,P002,113,109,3,12
2025-02-01,L1,P003,80,79,1,9
2025-02-01,L1,P004,96,93,1,37
2025-02-01,L2,P005,61,60,0,29
2025-02-01,L2,P006,75,74,1,9
2025-02-01,L2,P007,56,53,1,71
2025-02-01,L2,P008,58,56,1,21
2025-02-01,L3,P009,152,149,2,15
2025-02-01,L3,P010,174,170,4,8
2025-02-01,L3,P011,156,154,2,9
2025-02-01,L3,P012,169,164,2,56
2025-02-01,L3,P013,176,169,5,36
2025-02-01,L3,P014,229,225,3,7
2025-02-01,L4,P015,553,533,9,38
2025-02-01,L4,P016,533,519,9,19
2025-02-01,L4,P017,557,539,6,42
2025-02-01,L4,P018,237,230,4,21
2025-02-01,L4,P019,256,253,3,0
2025-02-01,L4,P020,257,248,5,30
2025-02-01,L5,P021,31,30,1,24
2025-02-01,L5,P022,28,28,0,20
2025-02-01,L5,P023,12,12,0,33
2025-02-01,L5,P024,33,33,0,5
2025-02-01,L5,P025,30,30,0,21
2025-02-02,L1,P001,128,124,2,33
2025-02-02,L1,P002,93,90,2,11
2025-02-02,L1,P003,114,112,2,6
2025-02-02,L1,P004,103,101,1,21
2025-02-02,L2,P005,87,84,1,37
2025-02-02,L2,P006,65,62,2,19
2025-02-02,L2,P007,72,71,1,1
2025-02-02,L2,P008,73,70,2,35
2025-02-02,L3,P009,194,190,3,14
2025-02-02,L3,P010,232,227,4,11
2025-02-02,L3,P011,165,164,1,0
2025-02-02,L3,P012,173,169,2,35
2025-02-02,L3,P013,210,203,5,25
2025-02-02,L3,P014,157,154,2,16
2025-02-02,L4,P015,629,611,11,21
2025-02-02,L4,P016,510,499,5,24
2025-02-02,L4,P017,632,624,4,13
2025-02-02,L4,P018,325,316,5,26
2025-02-02,L4,P019,265,263,2,0
2025-02-02,L4,P020,250,245,4,10
2025-02-02,L5,P021,35,34,1,19
2025-02-02,L5,P022,37,36,1,4
2025-02-02,L5,P023,27,27,0,31
2025-02-02,L5,P024,17,17,0,11
2025-02-02,L5,P025,32,31,1,16
2025-02-03,L1,P001,126,120,3,45
2025-02-03,L1,P002,119,117,1,12
2025-02-03,L1,P003,105,103,1,26
2025-02-03,L1,P004,85,81,2,34
2025-02-03,L2,P005,64,62,1,20
2025-02-03,L2,P006,82,80,1,25
2025-02-03,L2,P007,65,63,2,0
2025-02-03,L2,P008,67,66,1,13
2025-02-03,L3,P009,255,252,3,3
2025-02-03,L3,P010,161,155,4,36
2025-02-03,L3,P011,196,191,5,3
2025-02-03,L3,P012,190,186,3,15
2025-02-03,L3,P013,171,168,3,8
2025-02-03,L3,P014,189,185,2,28
2025-02-03,L4,P015,557,546,4,23
2025-02-03,L4,P016,565,547,12,19
2025-02-03,L4,P017,595,577,12,18
2025-02-03,L4,P018,268,264,2,12
2025-02-03,L4,P019,235,229,3,25
2025-02-03,L4,P020,269,261,5,24
2025-02-03,L5,P021,28,27,0,36
2025-02-03,L5,P022,29,28,1,1
2025-02-03,L5,P023,22,22,0,13
2025-02-03,L5,P024,31,30,1,22
2025-02-03,L5,P025,35,34,1,14
2025-02-04,L1,P001,118,115,2,9
2025-02-04,L1,P002,116,115,1,5
2025-02-04,L1,P003,87,84,2,28
2025-02-04,L1,P004,86,83,2,21
2025-02-04,L2,P005,52,50,1,36
2025-02-04,L2,P006,81,78,2,22
2025-02-04,L2,P007,75,73,1,27
2025-02-04,L2,P008,57,56,1,0
2025-02-04,L3,P009,159,157,1,11
2025-02-04,L3,P010,162,159,1,40
2025-02-04,L3,P011,175,173,2,8
2025-02-04,L3,P012,152,150,1,15
2025-02-04,L3,P013,171,169,2,4
2025-02-04,L3,P014,170,165,4,15
2025-02-04,L4,P015,558,537,10,37
2025-02-04,L4,P016,562,551,6,17
2025-02-04,L4,P017,577,569,7,2
2025-02-04,L4,P018,238,228,6,36
2025-02-04,L4,P019,231,225,4,17
2025-02-04,L4,P020,277,269,5,20
2025-02-04,L5,P021,39,37,1,29
2025-02-04,L5,P022,19,19,0,40
2025-02-04,L5,P023,30,30,0,6
2025-02-04,L5,P024,29,28,0,34
2025-02-04,L5,P025,15,15,0,6
2025-02-05,L1,P001,118,115,2,18
2025-02-05,L1,P002,132,129,2,19
2025-02-05,L1,P003,97,95,1,22
2025-02-05,L1,P004,118,113,3,29
2025-02-05,L2,P005,61,60,1,4
2025-02-05,L2,P006,95,94,1,4
2025-02-05,L2,P007,84,82,1,14
2025-02-05,L2,P008,65,63,1,24
2025-02-05,L3,P009,151,149,2,9
2025-02-05,L3,P010,170,164,4,26
2025-02-05,L3,P011,256,250,3,39
2025-02-05,L3,P012,166,164,2,0
2025-02-05,L3,P013,214,210,4,0
2025-02-05,L3,P014,186,181,3,34
2025-02-05,L4,P015,603,599,2,5
2025-02-05,L4,P016,624,614,10,0
2025-02-05,L4,P017,557,539,5,46
2025-02-05,L4,P018,290,286,1,21
2025-02-05,L4,P019,285,273,6,39
2025-02-05,L4,P020,317,308,3,35
2025-02-05,L5,P021,23,23,0,9
2025-02-05,L5,P022,26,25,1,31
2025-02-05,L5,P023,21,21,0,23
2025-02-05,L5,P024,34,33,1,21
2025-02-05,L5,P025,26,25,1,10
2025-02-06,L1,P001,134,130,2,25
2025-02-06,L1,P002,134,129,2,39
2025-02-06,L1,P003,130,127,2,8
2025-02-06,L1,P004,102,99,2,27
2025-02-06,L2,P005,105,102,2,18
2025-02-06,L2,P006,79,77,1,18
2025-02-06,L2,P007,93,91,1,18
2025-02-06,L2,P008,49,47,1,30
2025-02-06,L3,P009,217,214,2,16
2025-02-06,L3,P010,211,208,1,34
2025-02-06,L3,P011,245,243,1,10
2025-02-06,L3,P012,234,229,5,0
2025-02-06,L3,P013,175,169,4,28
2025-02-06,L3,P014,180,176,3,20
2025-02-06,L4,P015,675,666,9,0
2025-02-06,L4,P016,706,690,12,12
2025-02-06,L4,P017,614,601,8,15
2025-02-06,L4,P018,289,279,5,33
2025-02-06,L4,P019,308,299,4,29
2025-02-06,L4,P020,419,406,7,28
2025-02-06,L5,P021,30,29,0,40
2025-02-06,L5,P022,31,30,1,0
2025-02-06,L5,P023,43,43,0,1
2025-02-06,L5,P024,24,24,0,36
2025-02-06,L5,P025,28,27,1,0
2025-02-07,L1,P001,128,126,2,5
2025-02-07,L1,P002,166,161,3,24
2025-02-07,L1,P003,132,127,3,23
2025-02-07,L1,P004,128,125,2,20
2025-02-07,L2,P005,119,116,1,26
2025-02-07,L2,P006,105,102,2,23
2025-02-07,L2,P007,106,104,1,11
2025-02-07,L2,P008,114,111,1,26
2025-02-07,L3,P009,324,319,5,0
2025-02-07,L3,P010,287,282,3,22
2025-02-07,L3,P011,212,206,2,48
2025-02-07,L3,P012,210,207,1,32
2025-02-07,L3,P013,232,228,1,41
2025-02-07,L3,P014,228,225,3,0
2025-02-07,L4,P015,770,749,12,22
2025-02-07,L4,P016,776,753,14,23
2025-02-07,L4,P017,787,767,17,7
2025-02-07,L4,P018,371,367,2,11
2025-02-07,L4,P019,362,354,4,20
2025-02-07,L4,P020,346,333,9,20
2025-02-07,L5,P021,31,31,0,22
2025-02-07,L5,P022,33,32,1,23
2025-02-07,L5,P023,48,47,1,9
2025-02-07,L5,P024,25,24,1,36
2025-02-07,L5,P025,39,39,0,13
2025-02-08,L1,P001,114,111,2,21
2025-02-08,L1,P002,111,107,2,36
2025-02-08,L1,P003,108,105,1,37
2025-02-08,L1,P004,102,101,1,0
2025-02-08,L2,P005,47,46,1,14
2025-02-08,L2,P006,78,76,2,6
2025-02-08,L2,P007,73,72,0,27
2025-02-08,L2,P008,81,78,1,51
2025-02-08,L3,P009,127,124,1,37
2025-02-08,L3,P010,162,160,2,2
2025-02-08,L3,P011,217,213,1,40
2025-02-08,L3,P012,167,165,2,8
2025-02-08,L3,P013,171,165,4,29
2025-02-08,L3,P014,190,186,3,11
2025-02-08,L4,P015,552,541,11,0
2025-02-08,L4,P016,562,556,6,0
2025-02-08,L4,P017,522,510,8,15
2025-02-08,L4,P018,236,225,4,54
2025-02-08,L4,P019,276,268,6,15
2025-02-08,L4,P020,238,229,4,39
2025-02-08,L5,P021,32,31,1,16
2025-02-08,L5,P022,10,10,0,0
2025-02-08,L5,P023,28,28,0,20
2025-02-08,L5,P024,9,9,0,20
2025-02-08,L5,P025,23,23,0,10
2025-02-09,L1,P001,88,86,2,4
2025-02-09,L1,P002,123,120,1,28
2025-02-09,L1,P003,135,133,2,6
2025-02-09,L1,P004,103,102,1,0
2025-02-09,L2,P005,85,84,1,10
2025-02-09,L2,P006,75,73,1,33
2025-02-09,L2,P007,73,71,1,31
2025-02-09,L2,P008,93,92,0,26
2025-02-09,L3,P009,226,222,4,3
2025-02-09,L3,P010,183,180,2,11
2025-02-09,L3,P011,169,167,2,2
2025-02-09,L3,P012,186,181,4,18
2025-02-09,L3,P013,143,142,1,5
2025-02-09,L3,P014,209,204,3,31
2025-02-09,L4,P015,509,500,9,0
2025-02-09,L4,P016,633,624,9,0
2025-02-09,L4,P017,547,531,13,9
2025-02-09,L4,P018,247,239,3,40
2025-02-09,L4,P019,263,258,5,0
2025-02-09,L4,P020,246,240,4,14
2025-02-09,L5,P021,24,24,0,21
2025-02-09,L5,P022,26,25,1,34
2025-02-09,L5,P023,50,49,1,1
2025-02-09,L5,P024,38,37,1,11
2025-02-09,L5,P025,26,26,0,7
2025-02-10,L1,P001,97,94,2,19
2025-02-10,L1,P002,90,88,1,30
2025-02-10,L1,P003,112,110,1,10
2025-02-10,L1,P004,122,117,3,24
2025-02-10,L2,P005,50,49,1,5
2025-02-10,L2,P006,73,70,1,45
2025-02-10,L2,P007,90,88,2,0
2025-02-10,L2,P008,105,102,1,41
2025-02-10,L3,P009,172,168,3,24
2025-02-10,L3,P010,131,129,1,12
2025-02-10,L3,P011,163,159,0,66
2025-02-10,L3,P012,206,201,3,32
2025-02-10,L3,P013,150,148,2,7
2025-02-10,L3,P014,185,182,3,7
2025-02-10,L4,P015,560,539,12,31
2025-02-10,L4,P016,547,533,11,9
2025-02-10,L4,P017,565,553,9,10
2025-02-10,L4,P018,258,254,4,1
2025-02-10,L4,P019,288,284,4,0
2025-02-10,L4,P020,255,250,4,6
2025-02-10,L5,P021,25,25,0,4
2025-02-10,L5,P022,15,15,0,42
2025-02-10,L5,P023,20,20,0,19
2025-02-10,L5,P024,39,38,1,22
2025-02-10,L5,P025,26,26,0,29
2025-02-11,L1,P001,129,122,4,39
2025-02-11,L1,P002,108,104,3,19
2025-02-11,L1,P003,87,85,1,19
2025-02-11,L1,P004,110,106,3,24
2025-02-11,L2,P005,75,73,0,45
2025-02-11,L2,P006,49,49,0,5
2025-02-11,L2,P007,79,78,1,0
2025-02-11,L2,P008,69,67,1,15
2025-02-11,L3,P009,204,202,2,7
2025-02-11,L3,P010,173,168,3,39
2025-02-11,L3,P011,164,161,2,11
2025-02-11,L3,P012,170,165,3,42
2025-02-11,L3,P013,162,157,3,42
2025-02-11,L3,P014,151,150,1,0
2025-02-11,L4,P015,542,527,15,1
2025-02-11,L4,P016,581,567,11,9
2025-02-11,L4,P017,585,576,9,0
2025-02-11,L4,P018,244,238,0,46
2025-02-11,L4,P019,245,236,3,48
2025-02-11,L4,P020,251,243,5,22
2025-02-11,L5,P021,17,17,0,1
2025-02-11,L5,P022,34,34,0,0
2025-02-11,L5,P023,17,17,0,28
2025-02-11,L5,P024,43,41,1,52
2025-02-11,L5,P025,20,20,0,0
2025-02-12,L1,P001,121,119,1,22
2025-02-12,L1,P002,109,106,2,10
2025-02-12,L1,P003,132,130,1,14
2025-02-12,L1,P004,97,95,1,18
2025-02-12,L2,P005,60,59,1,0
2025-02-12,L2,P006,76,75,1,0
2025-02-12,L2,P007,66,65,1,0
2025-02-12,L2,P008,87,87,0,0
2025-02-12,L3,P009,175,173,2,4
2025-02-12,L3,P010,171,167,3,12
2025-02-12,L3,P011,199,195,3,11
2025-02-12,L3,P012,165,162,2,13
2025-02-12,L3,P013,180,178,1,21
2025-02-12,L3,P014,137,134,2,29
2025-02-12,L4,P015,627,614,3,30
2025-02-12,L4,P016,546,543,3,0
2025-02-12,L4,P017,608,578,16,44
2025-02-12,L4,P018,293,290,3,0
2025-02-12,L4,P019,312,302,7,21
2025-02-12,L4,P020,296,285,5,40
2025-02-12,L5,P021,29,29,0,26
2025-02-12,L5,P022,32,31,0,40
2025-02-12,L5,P023,28,27,0,40
2025-02-12,L5,P024,27,27,0,24
2025-02-12,L5,P025,26,26,0,27
2025-02-13,L1,P001,149,147,1,10
2025-02-13,L1,P002,121,118,2,22
2025-02-13,L1,P003,120,118,1,14
2025-02-13,L1,P004,141,138,2,8
2025-02-13,L2,P005,98,96,1,24
2025-02-13,L2,P006,94,91,2,26
2025-02-13,L2,P007,92,90,1,14
2025-02-13,L2,P008,77,75,1,14
2025-02-13,L3,P009,176,170,3,47
2025-02-13,L3,P010,291,287,3,12
2025-02-13,L3,P011,200,195,4,11
2025-02-13,L3,P012,197,192,4,20
2025-02-13,L3,P013,188,184,2,26
2025-02-13,L3,P014,211,205,5,12
2025-02-13,L4,P015,651,636,11,13
2025-02-13,L4,P016,685,663,18,11
2025-02-13,L4,P017,666,640,8,52
2025-02-13,L4,P018,315,306,2,41
2025-02-13,L4,P019,366,350,9,35
2025-02-13,L4,P020,308,300,6,12
2025-02-13,L5,P021,40,39,1,16
2025-02-13,L5,P022,32,30,1,38
2025-02-13,L5,P023,43,43,0,22
2025-02-13,L5,P024,30,28,1,41
2025-02-13,L5,P025,30,30,0,15
2025-02-14,L1,P001,143,138,3,22
2025-02-14,L1,P002,155,152,2,7
2025-02-14,L1,P003,141,139,2,1
2025-02-14,L1,P004,159,156,1,24
2025-02-14,L2,P005,109,105,1,48
2025-02-14,L2,P006,100,97,1,35
2025-02-14,L2,P007,122,116,3,41
2025-02-14,L2,P008,82,80,1,17
2025-02-14,L3,P009,236,230,3,33
2025-02-14,L3,P010,221,216,4,12
2025-02-14,L3,P011,287,279,6,18
2025-02-14,L3,P012,237,229,5,36
2025-02-14,L3,P013,231,225,4,25
2025-02-14,L3,P014,275,268,4,27
2025-02-14,L4,P015,775,757,7,28
2025-02-14,L4,P016,752,739,13,0
2025-02-14,L4,P017,783,774,8,3
2025-02-14,L4,P018,381,370,9,12
2025-02-14,L4,P019,519,508,8,12
2025-02-14,L4,P020,352,343,5,22
2025-02-14,L5,P021,21,21,0,6
2025-02-14,L5,P022,28,28,0,0
2025-02-14,L5,P023,40,39,1,3
2025-02-14,L5,P024,44,43,1,0
2025-02-14,L5,P025,38,37,0,30
2025-02-15,L1,P001,86,84,1,22
2025-02-15,L1,P002,113,109,2,29
2025-02-15,L1,P003,105,102,1,30
2025-02-15,L1,P004,83,81,1,27
2025-02-15,L2,P005,83,80,1,46
2025-02-15,L2,P006,62,61,0,17
2025-02-15,L2,P007,67,65,1,31
2025-02-15,L2,P008,69,67,1,30
2025-02-15,L3,P009,136,131,4,12
2025-02-15,L3,P010,141,137,3,17
2025-02-15,L3,P011,156,154,2,0
2025-02-15,L3,P012,197,194,2,20
2025-02-15,L3,P013,178,172,3,56
2025-02-15,L3,P014,156,152,3,22
2025-02-15,L4,P015,580,568,8,12
2025-02-15,L4,P016,484,471,5,32
2025-02-15,L4,P017,532,514,11,25
2025-02-15,L4,P018,246,241,2,26
2025-02-15,L4,P019,282,272,5,33
2025-02-15,L4,P020,258,253,1,31
2025-02-15,L5,P021,29,29,0,14
2025-02-15,L5,P022,21,21,0,35
2025-02-15,L5,P023,33,33,0,5
2025-02-15,L5,P024,32,31,1,27
2025-02-15,L5,P025,19,19,0,0
2025-02-16,L1,P001,105,101,2,31
2025-02-16,L1,P002,115,112,2,12
2025-02-16,L1,P003,114,110,2,38
2025-02-16,L1,P004,113,111,1,20
2025-02-16,L2,P005,72,71,1,3
2025-02-16,L2,P006,53,52,1,16
2025-02-16,L2,P007,97,95,1,17
2025-02-16,L2,P008,80,78,1,34
2025-02-16,L3,P009,170,169,1,6
2025-02-16,L3,P010,176,171,3,35
2025-02-16,L3,P011,265,255,6,41
2025-02-16,L3,P012,172,167,4,19
2025-02-16,L3,P013,184,182,2,0
2025-02-16,L3,P014,169,167,2,0
2025-02-16,L4,P015,626,608,11,22
2025-02-16,L4,P016,614,593,9,39
2025-02-16,L4,P017,556,542,3,37
2025-02-16,L4,P018,292,283,6,23
2025-02-16,L4,P019,268,262,4,16
2025-02-16,L4,P020,293,289,2,15
2025-02-16,L5,P021,22,22,0,36
2025-02-16,L5,P022,40,39,1,1
2025-02-16,L5,P023,34,33,0,32
2025-02-16,L5,P024,16,16,0,9
2025-02-16,L5,P025,34,33,1,5
2025-02-17,L1,P001,111,109,2,0
2025-02-17,L1,P002,106,103,2,21
2025-02-17,L1,P003,135,131,3,10
2025-02-17,L1,P004,98,95,1,41
2025-02-17,L2,P005,73,71,1,33
2025-02-17,L2,P006,80,78,1,30
2025-02-17,L2,P007,59,57,1,18
2025-02-17,L2,P008,65,63,1,19
2025-02-17,L3,P009,152,148,3,19
2025-02-17,L3,P010,143,138,3,36
2025-02-17,L3,P011,205,202,2,9
2025-02-17,L3,P012,151,147,3,22
2025-02-17,L3,P013,133,130,2,26
2025-02-17,L3,P014,178,175,3,8
2025-02-17,L4,P015,581,571,6,12
2025-02-17,L4,P016,570,561,9,0
2025-02-17,L4,P017,563,537,11,51
2025-02-17,L4,P018,280,272,4,26
2025-02-17,L4,P019,294,288,6,1
2025-02-17,L4,P020,246,241,5,0
2025-02-17,L5,P021,25,25,0,0
2025-02-17,L5,P022,23,22,1,12
2025-02-17,L5,P023,37,37,0,4
2025-02-17,L5,P024,27,26,1,7
2025-02-17,L5,P025,32,32,0,28
2025-02-18,L1,P001,149,144,2,43
2025-02-18,L1,P002,98,97,1,0
2025-02-18,L1,P003,109,106,1,34
2025-02-18,L1,P004,98,94,2,44
2025-02-18,L2,P005,57,55,1,21
2025-02-18,L2,P006,76,74,1,34
2025-02-18,L2,P007,68,65,1,55
2025-02-18,L2,P008,62,62,0,0
2025-02-18,L3,P009,168,165,2,22
2025-02-18,L3,P010,157,156,0,12
2025-02-18,L3,P011,170,168,1,21
2025-02-18,L3,P012,180,179,1,0
2025-02-18,L3,P013,175,171,2,27
2025-02-18,L3,P014,220,217,2,15
2025-02-18,L4,P015,543,528,13,6
2025-02-18,L4,P016,621,604,8,28
2025-02-18,L4,P017,579,574,5,0
2025-02-18,L4,P018,246,240,5,8
2025-02-18,L4,P019,259,250,3,42
2025-02-18,L4,P020,264,256,4,28
2025-02-18,L5,P021,31,30,1,25
2025-02-18,L5,P022,17,17,0,0
2025-02-18,L5,P023,15,15,0,6
2025-02-18,L5,P024,29,29,0,20
2025-02-18,L5,P025,40,39,0,35
2025-02-19,L1,P001,127,125,2,5
2025-02-19,L1,P002,126,125,0,12
2025-02-19,L1,P003,92,90,2,7
2025-02-19,L1,P004,137,132,3,28
2025-02-19,L2,P005,62,62,0,12
2025-02-19,L2,P006,92,91,1,0
2025-02-19,L2,P007,83,80,2,29
2025-02-19,L2,P008,69,67,2,0
2025-02-19,L3,P009,238,231,4,36
2025-02-19,L3,P010,173,168,4,16
2025-02-19,L3,P011,181,176,4,11
2025-02-19,L3,P012,173,167,4,28
2025-02-19,L3,P013,183,179,3,8
2025-02-19,L3,P014,175,171,1,52
2025-02-19,L4,P015,554,536,13,19
2025-02-19,L4,P016,616,598,10,26
2025-02-19,L4,P017,532,517,11,13
2025-02-19,L4,P018,271,259,6,39
2025-02-19,L4,P019,299,289,6,25
2025-02-19,L4,P020,309,301,6,15
2025-02-19,L5,P021,34,33,1,22
2025-02-19,L5,P022,12,12,0,42
2025-02-19,L5,P023,22,22,0,36
2025-02-19,L5,P024,32,30,1,38
2025-02-19,L5,P025,17,17,0,20
2025-02-20,L1,P001,119,114,3,30
2025-02-20,L1,P002,131,130,1,0
2025-02-20,L1,P003,145,143,2,2
2025-02-20,L1,P004,128,125,3,7
2025-02-20,L2,P005,99,96,2,17
2025-02-20,L2,P006,66,64,1,27
2025-02-20,L2,P007,108,107,0,10
2025-02-20,L2,P008,92,90,1,12
2025-02-20,L3,P009,204,197,4,45
2025-02-20,L3,P010,149,146,2,25
2025-02-20,L3,P011,216,212,3,19
2025-02-20,L3,P012,198,193,3,30
2025-02-20,L3,P013,197,192,4,14
2025-02-20,L3,P014,202,196,5,16
2025-02-20,L4,P015,669,634,15,56
2025-02-20,L4,P016,670,648,13,26
2025-02-20,L4,P017,623,615,8,0
2025-02-20,L4,P018,327,318,6,18
2025-02-20,L4,P019,270,266,3,7
2025-02-20,L4,P020,277,267,5,38
2025-02-20,L5,P021,34,34,0,23
2025-02-20,L5,P022,30,29,1,29
2025-02-20,L5,P023,15,15,0,18
2025-02-20,L5,P024,33,32,0,43
2025-02-20,L5,P025,33,33,0,20
2025-02-21,L1,P001,153,150,3,0
2025-02-21,L1,P002,130,126,1,51
2025-02-21,L1,P003,169,163,3,29
2025-02-21,L1,P004,144,141,2,18
2025-02-21,L2,P005,106,103,1,29
2025-02-21,L2,P006,94,90,2,33
2025-02-21,L2,P007,97,94,2,25
2025-02-21,L2,P008,99,96,2,15
2025-02-21,L3,P009,200,196,3,12
2025-02-21,L3,P010,226,222,3,15
2025-02-21,L3,P011,220,216,3,17
2025-02-21,L3,P012,226,222,1,35
2025-02-21,L3,P013,244,240,4,0
2025-02-21,L3,P014,224,217,4,34
2025-02-21,L4,P015,786,758,21,16
2025-02-21,L4,P016,715,700,7,21
2025-02-21,L4,P017,812,789,16,17
2025-02-21,L4,P018,348,342,3,19
2025-02-21,L4,P019,333,322,5,33
2025-02-21,L4,P020,339,328,5,34
2025-02-21,L5,P021,39,38,1,7
2025-02-21,L5,P022,26,25,1,32
2025-02-21,L5,P023,51,49,1,47
2025-02-21,L5,P024,25,25,0,18
2025-02-21,L5,P025,60,58,1,22
2025-02-22,L1,P001,90,88,1,19
2025-02-22,L1,P002,101,101,0,6
2025-02-22,L1,P003,108,106,1,14
2025-02-22,L1,P004,105,102,1,32
2025-02-22,L2,P005,73,72,1,13
2025-02-22,L2,P006,56,54,1,22
2025-02-22,L2,P007,62,60,1,35
2025-02-22,L2,P008,103,99,1,54
2025-02-22,L3,P009,152,147,4,11
2025-02-22,L3,P010,192,188,2,28
2025-02-22,L3,P011,194,190,3,13
2025-02-22,L3,P012,202,197,4,18
2025-02-22,L3,P013,178,174,3,10
2025-02-22,L3,P014,166,162,3,14
2025-02-22,L4,P015,517,499,9,35
2025-02-22,L4,P016,559,549,7,11
2025-02-22,L4,P017,546,526,10,36
2025-02-22,L4,P018,271,269,2,0
2025-02-22,L4,P019,286,281,5,0
2025-02-22,L4,P020,270,263,4,18
2025-02-22,L5,P021,24,23,1,16
2025-02-22,L5,P022,31,30,1,13
2025-02-22,L5,P023,14,14,0,35
2025-02-22,L5,P024,31,31,0,24
2025-02-22,L5,P025,42,41,1,16
2025-02-23,L1,P001,116,112,2,27
2025-02-23,L1,P002,83,80,1,41
2025-02-23,L1,P003,105,103,1,14
2025-02-23,L1,P004,122,117,2,41
2025-02-23,L2,P005,91,87,2,37
2025-02-23,L2,P006,87,83,2,38
2025-02-23,L2,P007,76,74,1,16
2025-02-23,L2,P008,74,72,1,28
2025-02-23,L3,P009,135,131,2,37
2025-02-23,L3,P010,141,137,2,42
2025-02-23,L3,P011,157,156,1,1
2025-02-23,L3,P012,221,214,5,20
2025-02-23,L3,P013,179,177,2,0
2025-02-23,L3,P014,193,187,4,36
2025-02-23,L4,P015,502,491,8,10
2025-02-23,L4,P016,560,548,4,27
2025-02-23,L4,P017,477,470,0,28
2025-02-23,L4,P018,234,224,6,33
2025-02-23,L4,P019,255,246,5,31
2025-02-23,L4,P020,256,249,3,30
2025-02-23,L5,P021,34,33,1,17
2025-02-23,L5,P022,21,21,0,24
2025-02-23,L5,P023,29,28,1,9
2025-02-23,L5,P024,23,22,1,0
2025-02-23,L5,P025,28,27,1,6
2025-02-24,L1,P001,110,107,2,13
2025-02-24,L1,P002,110,107,2,21
2025-02-24,L1,P003,118,115,3,5
2025-02-24,L1,P004,99,97,1,25
2025-02-24,L2,P005,59,57,1,25
2025-02-24,L2,P006,91,87,2,40
2025-02-24,L2,P007,55,53,1,27
2025-02-24,L2,P008,84,81,2,18
2025-02-24,L3,P009,184,178,3,49
2025-02-24,L3,P010,159,156,2,26
2025-02-24,L3,P011,163,161,2,0
2025-02-24,L3,P012,144,141,2,28
2025-02-24,L3,P013,170,166,3,23
2025-02-24,L3,P014,161,159,2,0
2025-02-24,L4,P015,518,501,10,25
2025-02-24,L4,P016,652,628,11,37
2025-02-24,L4,P017,590,571,10,29
2025-02-24,L4,P018,264,256,4,28
2025-02-24,L4,P019,271,256,4,75
2025-02-24,L4,P020,257,250,5,13
2025-02-24,L5,P021,38,37,1,8
2025-02-24,L5,P022,37,37,0,10
2025-02-24,L5,P023,29,28,1,10
2025-02-24,L5,P024,26,26,0,21
2025-02-24,L5,P025,22,22,0,12
2025-02-25,L1,P001,134,133,1,3
2025-02-25,L1,P002,106,104,1,17
2025-02-25,L1,P003,144,139,2,39
2025-02-25,L1,P004,101,99,1,23
2025-02-25,L2,P005,84,81,2,23
2025-02-25,L2,P006,99,95,2,31
2025-02-25,L2,P007,91,89,1,16
2025-02-25,L2,P008,80,78,1,24
2025-02-25,L3,P009,176,173,2,19
2025-02-25,L3,P010,184,180,3,11
2025-02-25,L3,P011,221,218,2,12
2025-02-25,L3,P012,161,157,3,26
2025-02-25,L3,P013,178,173,3,26
2025-02-25,L3,P014,190,187,2,12
2025-02-25,L4,P015,533,522,5,23
2025-02-25,L4,P016,593,580,5,25
2025-02-25,L4,P017,575,562,12,2
2025-02-25,L4,P018,258,251,2,37
2025-02-25,L4,P019,225,220,3,18
2025-02-25,L4,P020,273,267,4,12
2025-02-25,L5,P021,35,35,0,25
2025-02-25,L5,P022,47,45,1,35
2025-02-25,L5,P023,27,27,0,2
2025-02-25,L5,P024,16,16,0,28
2025-02-25,L5,P025,20,20,0,5
2025-02-26,L1,P001,144,141,2,13
2025-02-26,L1,P002,101,99,1,18
2025-02-26,L1,P003,79,77,1,26
2025-02-26,L1,P004,119,117,1,11
2025-02-26,L2,P005,60,58,1,18
2025-02-26,L2,P006,81,77,2,40
2025-02-26,L2,P007,60,58,1,28
2025-02-26,L2,P008,82,81,0,29
2025-02-26,L3,P009,150,146,3,18
2025-02-26,L3,P010,188,182,5,21
2025-02-26,L3,P011,176,169,5,33
2025-02-26,L3,P012,163,159,3,17
2025-02-26,L3,P013,129,128,0,14
2025-02-26,L3,P014,191,188,3,0
2025-02-26,L4,P015,565,558,5,6
2025-02-26,L4,P016,625,617,8,1
2025-02-26,L4,P017,580,561,10,31
2025-02-26,L4,P018,303,295,4,23
2025-02-26,L4,P019,276,266,6,25
2025-02-26,L4,P020,246,241,5,3
2025-02-26,L5,P021,30,30,0,27
2025-02-26,L5,P022,21,21,0,4
2025-02-26,L5,P023,31,30,1,30
2025-02-26,L5,P024,22,22,0,17
2025-02-26,L5,P025,17,17,0,25
2025-02-27,L1,P001,122,119,2,22
2025-02-27,L1,P002,151,147,3,11
2025-02-27,L1,P003,135,131,3,10
2025-02-27,L1,P004,101,98,2,28
2025-02-27,L2,P005,105,104,1,8
2025-02-27,L2,P006,97,94,1,49
2025-02-27,L2,P007,91,89,1,24
2025-02-27,L2,P008,80,78,2,6
2025-02-27,L3,P009,226,222,3,9
2025-02-27,L3,P010,200,194,3,37
2025-02-27,L3,P011,205,199,4,29
2025-02-27,L3,P012,238,232,2,51
2025-02-27,L3,P013,226,221,4,12
2025-02-27,L3,P014,183,181,2,3
2025-02-27,L4,P015,648,630,9,27
2025-02-27,L4,P016,670,649,6,42
2025-02-27,L4,P017,659,640,18,4
2025-02-27,L4,P018,286,280,3,23
2025-02-27,L4,P019,285,275,4,43
2025-02-27,L4,P020,323,311,7,32
2025-02-27,L5,P021,27,27,0,12
2025-02-27,L5,P022,17,17,0,16
2025-02-27,L5,P023,23,23,0,2
2025-02-27,L5,P024,32,32,0,14
2025-02-27,L5,P025,34,32,1,36
2025-02-28,L1,P001,143,139,2,25
2025-02-28,L1,P002,128,123,3,29
2025-02-28,L1,P003,163,160,2,9
2025-02-28,L1,P004,165,163,2,0
2025-02-28,L2,P005,109,106,2,26
2025-02-28,L2,P006,108,104,2,27
2025-02-28,L2,P007,105,102,2,26
2025-02-28,L2,P008,101,99,1,10
2025-02-28,L3,P009,243,238,4,12
2025-02-28,L3,P010,228,225,0,32
2025-02-28,L3,P011,219,216,3,4
2025-02-28,L3,P012,228,220,5,42
2025-02-28,L3,P013,261,255,4,21
2025-02-28,L3,P014,251,246,3,26
2025-02-28,L4,P015,708,696,11,4
2025-02-28,L4,P016,832,807,9,38
2025-02-28,L4,P017,842,815,15,27
2025-02-28,L4,P018,364,358,2,21
2025-02-28,L4,P019,337,333,4,0
2025-02-28,L4,P020,422,407,7,35
2025-02-28,L5,P021,40,39,1,5
2025-02-28,L5,P022,26,26,0,0
2025-02-28,L5,P023,25,25,0,0
2025-02-28,L5,P024,35,34,1,0
2025-02-28,L5,P025,32,32,0,1
2025-03-01,L1,P001,130,127,2,17
2025-03-01,L1,P002,114,112,1,17
2025-03-01,L1,P003,126,125,1,0
2025-03-01,L1,P004,80,78,2,0
2025-03-01,L2,P005,83,81,1,17
2025-03-01,L2,P006,78,76,1,14
2025-03-01,L2,P007,79,77,0,37
2025-03-01,L2,P008,92,91,0,19
2025-03-01,L3,P009,162,157,3,36
2025-03-01,L3,P010,194,191,2,22
2025-03-01,L3,P011,162,158,2,28
2025-03-01,L3,P012,193,188,3,28
2025-03-01,L3,P013,187,183,3,15
2025-03-01,L3,P014,202,198,4,4
2025-03-01,L4,P015,537,522,9,23
2025-03-01,L4,P016,568,562,3,9
2025-03-01,L4,P017,544,532,9,12
2025-03-01,L4,P018,287,280,6,10
2025-03-01,L4,P019,240,238,1,8
2025-03-01,L4,P020,222,216,3,27
2025-03-01,L5,P021,34,33,1,17
2025-03-01,L5,P022,28,28,0,8
2025-03-01,L5,P023,93,91,1,23
2025-03-01,L5,P024,21,21,0,6
2025-03-01,L5,P025,19,19,0,33
2025-03-02,L1,P001,108,105,2,16
2025-03-02,L1,P002,143,142,1,0
2025-03-02,L1,P003,98,96,1,21
2025-03-02,L1,P004,105,101,2,31
2025-03-02,L2,P005,66,64,1,22
2025-03-02,L2,P006,76,74,1,21
2025-03-02,L2,P007,78,77,0,16
2025-03-02,L2,P008,70,69,1,12
2025-03-02,L3,P009,257,251,3,30
2025-03-02,L3,P010,273,266,6,14
2025-03-02,L3,P011,242,236,4,24
2025-03-02,L3,P012,238,232,3,33
2025-03-02,L3,P013,236,230,2,44
2025-03-02,L3,P014,150,144,4,38
2025-03-02,L4,P015,631,609,10,36
2025-03-02,L4,P016,563,558,4,5
2025-03-02,L4,P017,493,477,8,32
2025-03-02,L4,P018,274,266,4,25
2025-03-02,L4,P019,252,249,2,11
2025-03-02,L4,P020,243,234,5,31
2025-03-02,L5,P021,28,27,1,30
2025-03-02,L5,P022,27,26,0,51
2025-03-02,L5,P023,68,67,0,27
2025-03-02,L5,P024,37,36,0,33
2025-03-02,L5,P025,26,26,0,0
2025-03-03,L1,P001,105,102,1,39
2025-03-03,L1,P002,126,122,2,25
2025-03-03,L1,P003,113,112,1,0
2025-03-03,L1,P004,85,83,1,21
2025-03-03,L2,P005,102,99,2,17
2025-03-03,L2,P006,83,80,2,12
2025-03-03,L2,P007,75,73,1,31
2025-03-03,L2,P008,59,58,1,13
2025-03-03,L3,P009,282,277,4,12
2025-03-03,L3,P010,373,366,6,6
2025-03-03,L3,P011,327,316,9,21
2025-03-03,L3,P012,264,260,3,15
2025-03-03,L3,P013,183,178,3,27
2025-03-03,L3,P014,170,166,3,20
2025-03-03,L4,P015,587,583,2,7
2025-03-03,L4,P016,615,602,12,4
2025-03-03,L4,P017,623,602,8,39
2025-03-03,L4,P018,249,245,3,9
2025-03-03,L4,P019,267,263,4,0
2025-03-03,L4,P020,314,304,7,19
2025-03-03,L5,P021,25,25,0,31
2025-03-03,L5,P022,47,45,1,35
2025-03-03,L5,P023,87,85,2,2
2025-03-03,L5,P024,43,41,1,25
2025-03-03,L5,P025,31,30,0,44
2025-03-04,L1,P001,78,77,1,0
2025-03-04,L1,P002,109,104,2,60
2025-03-04,L1,P003,113,110,2,16
2025-03-04,L1,P004,94,92,1,14
2025-03-04,L2,P005,100,96,3,14
2025-03-04,L2,P006,101,98,2,11
2025-03-04,L2,P007,80,78,2,4
2025-03-04,L2,P008,61,59,1,24
2025-03-04,L3,P009,314,308,6,0
2025-03-04,L3,P010,339,332,4,22
2025-03-04,L3,P011,353,348,2,26
2025-03-04,L3,P012,356,346,7,23
2025-03-04,L3,P013,175,172,2,12
2025-03-04,L3,P014,178,173,4,22
2025-03-04,L4,P015,643,630,7,17
2025-03-04,L4,P016,521,515,6,0
2025-03-04,L4,P017,610,594,12,13
2025-03-04,L4,P018,286,286,0,0
2025-03-04,L4,P019,357,348,8,8
2025-03-04,L4,P020,253,244,5,32
2025-03-04,L5,P021,37,36,1,0
2025-03-04,L5,P022,40,39,1,17
2025-03-04,L5,P023,80,78,1,18
2025-03-04,L5,P024,29,28,0,41
2025-03-04,L5,P025,24,24,0,0
2025-03-05,L1,P001,96,92,1,52
2025-03-05,L1,P002,93,91,1,28
2025-03-05,L1,P003,111,108,2,17
2025-03-05,L1,P004,129,126,2,9
2025-03-05,L2,P005,80,79,1,1
2025-03-05,L2,P006,78,76,1,15
2025-03-05,L2,P007,85,83,1,32
2025-03-05,L2,P008,77,73,2,52
2025-03-05,L3,P009,413,404,4,33
2025-03-05,L3,P010,377,369,8,0
2025-03-05,L3,P011,370,359,7,32
2025-03-05,L3,P012,375,363,10,14
2025-03-05,L3,P013,179,177,2,4
2025-03-05,L3,P014,180,177,3,0
2025-03-05,L4,P015,574,560,3,37
2025-03-05,L4,P016,626,603,14,28
2025-03-05,L4,P017,551,533,11,25
2025-03-05,L4,P018,312,299,6,46
2025-03-05,L4,P019,237,230,3,33
2025-03-05,L4,P020,263,256,6,8
2025-03-05,L5,P021,24,24,0,28
2025-03-05,L5,P022,59,58,1,5
2025-03-05,L5,P023,88,86,1,24
2025-03-05,L5,P024,11,11,0,26
2025-03-05,L5,P025,13,13,0,22
2025-03-06,L1,P001,121,118,3,0
2025-03-06,L1,P002,104,103,0,25
2025-03-06,L1,P003,128,127,1,7
2025-03-06,L1,P004,143,139,2,21
2025-03-06,L2,P005,102,99,1,40
2025-03-06,L2,P006,86,84,1,12
2025-03-06,L2,P007,111,109,1,13
2025-03-06,L2,P008,87,84,1,46
2025-03-06,L3,P009,507,497,6,25
2025-03-06,L3,P010,484,469,11,23
2025-03-06,L3,P011,492,475,15,11
2025-03-06,L3,P012,486,479,3,23
2025-03-06,L3,P013,226,222,2,23
2025-03-06,L3,P014,180,176,3,17
2025-03-06,L4,P015,660,645,8,20
2025-03-06,L4,P016,719,706,4,25
2025-03-06,L4,P017,641,612,9,59
2025-03-06,L4,P018,311,302,8,6
2025-03-06,L4,P019,326,323,3,0
2025-03-06,L4,P020,271,270,1,0
2025-03-06,L5,P021,52,51,1,10
2025-03-06,L5,P022,76,73,1,55
2025-03-06,L5,P023,95,94,1,0
2025-03-06,L5,P024,26,26,0,19
2025-03-06,L5,P025,26,25,1,8
2025-03-07,L1,P001,136,133,2,8
2025-03-07,L1,P002,140,136,2,25
2025-03-07,L1,P003,148,146,1,19
2025-03-07,L1,P004,168,163,2,35
2025-03-07,L2,P005,97,95,2,0
2025-03-07,L2,P006,139,136,1,32
2025-03-07,L2,P007,85,82,2,15
2025-03-07,L2,P008,102,101,1,0
2025-03-07,L3,P009,628,607,14,30
2025-03-07,L3,P010,605,598,7,0
2025-03-07,L3,P011,643,631,9,15
2025-03-07,L3,P012,708,695,9,15
2025-03-07,L3,P013,194,190,3,18
2025-03-07,L3,P014,205,199,4,30
2025-03-07,L4,P015,786,771,9,14
2025-03-07,L4,P016,799,788,11,0
2025-03-07,L4,P017,814,800,2,29
2025-03-07,L4,P018,408,398,4,27
2025-03-07,L4,P019,343,339,3,5
2025-03-07,L4,P020,403,393,6,19
2025-03-07,L5,P021,34,33,1,28
2025-03-07,L5,P022,114,110,2,30
2025-03-07,L5,P023,118,115,2,11
2025-03-07,L5,P024,44,44,0,18
2025-03-07,L5,P025,50,49,1,11
2025-03-08,L1,P001,125,124,1,6
2025-03-08,L1,P002,94,91,2,16
2025-03-08,L1,P003,108,105,1,40
2025-03-08,L1,P004,83,82,1,0
2025-03-08,L2,P005,56,54,1,27
2025-03-08,L2,P006,69,67,1,25
2025-03-08,L2,P007,49,47,1,28
2025-03-08,L2,P008,56,55,1,3
2025-03-08,L3,P009,773,767,3,12
2025-03-08,L3,P010,536,519,15,12
2025-03-08,L3,P011,505,496,6,19
2025-03-08,L3,P012,518,506,8,23
2025-03-08,L3,P013,172,169,3,0
2025-03-08,L3,P014,151,148,3,4
2025-03-08,L4,P015,808,777,10,51
2025-03-08,L4,P016,529,524,5,0
2025-03-08,L4,P017,636,619,8,27
2025-03-08,L4,P018,269,262,3,27
2025-03-08,L4,P019,257,248,3,47
2025-03-08,L4,P020,272,268,1,18
2025-03-08,L5,P021,27,27,0,19
2025-03-08,L5,P022,88,87,1,0
2025-03-08,L5,P023,84,81,2,19
2025-03-08,L5,P024,28,28,0,17
2025-03-08,L5,P025,30,29,1,25
2025-03-09,L1,P001,108,106,2,0
2025-03-09,L1,P002,99,95,2,34
2025-03-09,L1,P003,120,117,2,19
2025-03-09,L1,P004,94,93,1,7
2025-03-09,L2,P005,85,84,0,32
2025-03-09,L2,P006,78,77,1,2
2025-03-09,L2,P007,56,55,1,11
2025-03-09,L2,P008,100,97,2,15
2025-03-09,L3,P009,638,631,5,8
2025-03-09,L3,P010,662,643,19,2
2025-03-09,L3,P011,602,581,18,14
2025-03-09,L3,P012,583,571,8,18
2025-03-09,L3,P013,157,154,1,28
2025-03-09,L3,P014,174,170,3,10
2025-03-09,L4,P015,629,615,11,8
2025-03-09,L4,P016,537,522,9,23
2025-03-09,L4,P017,593,575,14,14
2025-03-09,L4,P018,315,309,5,8
2025-03-09,L4,P019,298,291,3,24
2025-03-09,L4,P020,274,270,2,17
2025-03-09,L5,P021,28,28,0,12
2025-03-09,L5,P022,93,92,1,8
2025-03-09,L5,P023,72,69,1,42
2025-03-09,L5,P024,27,26,1,20
2025-03-09,L5,P025,25,25,0,23
2025-03-10,L1,P001,129,125,2,29
2025-03-10,L1,P002,104,101,1,37
2025-03-10,L1,P003,128,123,3,24
2025-03-10,L1,P004,115,113,1,19
2025-03-10,L2,P005,64,62,1,29
2025-03-10,L2,P006,73,72,0,26
2025-03-10,L2,P007,52,50,1,24
2025-03-10,L2,P008,94,94,0,0
2025-03-10,L3,P009,689,683,5,6
2025-03-10,L3,P010,754,743,11,1
2025-03-10,L3,P011,688,678,8,9
2025-03-10,L3,P012,756,736,12,31
2025-03-10,L3,P013,151,148,2,18
2025-03-10,L3,P014,164,162,2,6
2025-03-10,L4,P015,600,588,5,22
2025-03-10,L4,P016,605,599,2,13
2025-03-10,L4,P017,550,537,6,23
2025-03-10,L4,P018,281,272,6,23
2025-03-10,L4,P019,250,242,5,25
2025-03-10,L4,P020,268,260,7,5
2025-03-10,L5,P021,13,13,0,9
2025-03-10,L5,P022,93,90,2,26
2025-03-10,L5,P023,91,89,2,9
2025-03-10,L5,P024,33,32,1,25
2025-03-10,L5,P025,28,28,0,0
2025-03-11,L1,P001,111,107,2,38
2025-03-11,L1,P002,108,104,2,29
2025-03-11,L1,P003,98,97,0,12
2025-03-11,L1,P004,120,119,1,0
2025-03-11,L2,P005,92,89,2,26
2025-03-11,L2,P006,90,89,1,6
2025-03-11,L2,P007,60,59,1,12
2025-03-11,L2,P008,77,74,2,17
2025-03-11,L3,P009,894,873,11,32
2025-03-11,L3,P010,814,786,13,53
2025-03-11,L3,P011,853,838,13,7
2025-03-11,L3,P012,810,793,12,18
2025-03-11,L3,P013,231,225,3,35
2025-03-11,L3,P014,189,187,1,9
2025-03-11,L4,P015,590,581,6,10
2025-03-11,L4,P016,596,572,11,41
2025-03-11,L4,P017,597,576,7,44
2025-03-11,L4,P018,320,310,2,49
2025-03-11,L4,P019,290,282,5,17
2025-03-11,L4,P020,255,253,2,0
2025-03-11,L5,P021,32,30,1,46
2025-03-11,L5,P022,154,149,4,8
2025-03-11,L5,P023,96,94,2,5
2025-03-11,L5,P024,30,30,0,17
2025-03-11,L5,P025,30,29,1,12
2025-03-12,L1,P001,110,106,1,61
2025-03-12,L1,P002,117,112,3,34
2025-03-12,L1,P003,106,103,1,33
2025-03-12,L1,P004,134,131,2,20
2025-03-12,L2,P005,88,84,2,54
2025-03-12,L2,P006,88,87,1,10
2025-03-12,L2,P007,59,57,2,0
2025-03-12,L2,P008,57,55,1,31
2025-03-12,L3,P009,857,835,21,4
2025-03-12,L3,P010,906,882,16,27
2025-03-12,L3,P011,949,920,15,44
2025-03-12,L3,P012,899,878,10,36
2025-03-12,L3,P013,149,147,1,18
2025-03-12,L3,P014,196,192,3,11
2025-03-12,L4,P015,545,524,12,30
2025-03-12,L4,P016,508,495,6,27
2025-03-12,L4,P017,551,539,9,12
2025-03-12,L4,P018,259,250,6,22
2025-03-12,L4,P019,343,334,9,0
2025-03-12,L4,P020,263,250,6,52
2025-03-12,L5,P021,28,28,0,10
2025-03-12,L5,P022,136,135,1,3
2025-03-12,L5,P023,79,76,2,19
2025-03-12,L5,P024,38,37,0,44
2025-03-12,L5,P025,29,29,0,0
2025-03-13,L1,P001,125,122,2,8
2025-03-13,L1,P002,106,103,2,23
2025-03-13,L1,P003,119,116,2,16
2025-03-13,L1,P004,117,115,2,0
2025-03-13,L2,P005,90,87,2,13
2025-03-13,L2,P006,115,111,2,38
2025-03-13,L2,P007,81,79,1,19
2025-03-13,L2,P008,108,106,1,9
2025-03-13,L3,P009,1104,1072,23,24
2025-03-13,L3,P010,1118,1097,21,0
2025-03-13,L3,P011,1077,1058,18,2
2025-03-13,L3,P012,1050,1020,12,48
2025-03-13,L3,P013,173,171,2,4
2025-03-13,L3,P014,182,178,3,23
2025-03-13,L4,P015,611,591,9,35
2025-03-13,L4,P016,646,623,14,28
2025-03-13,L4,P017,632,610,9,39
2025-03-13,L4,P018,313,305,8,2
2025-03-13,L4,P019,327,322,3,12
2025-03-13,L4,P020,324,319,1,23
2025-03-13,L5,P021,25,25,0,22
2025-03-13,L5,P022,152,146,2,45
2025-03-13,L5,P023,100,99,1,7
2025-03-13,L5,P024,27,27,0,0
2025-03-13,L5,P025,39,38,1,1
2025-03-14,L1,P001,148,144,2,21
2025-03-14,L1,P002,186,182,3,8
2025-03-14,L1,P003,138,135,2,7
2025-03-14,L1,P004,128,126,2,0
2025-03-14,L2,P005,104,101,2,24
2025-03-14,L2,P006,101,98,2,22
2025-03-14,L2,P007,114,109,2,56
2025-03-14,L2,P008,118,112,3,54
2025-03-14,L3,P009,1462,1418,26,35
2025-03-14,L3,P010,1516,1484,19,24
2025-03-14,L3,P011,2019,1987,14,25
2025-03-14,L3,P012,1911,1869,42,0
2025-03-14,L3,P013,197,190,4,37
2025-03-14,L3,P014,241,237,1,40
2025-03-14,L4,P015,758,738,15,12
2025-03-14,L4,P016,712,698,13,2
2025-03-14,L4,P017,769,735,14,51
2025-03-14,L4,P018,337,331,3,17
2025-03-14,L4,P019,328,317,2,52
2025-03-14,L4,P020,333,324,5,25
2025-03-14,L5,P021,37,36,1,8
2025-03-14,L5,P022,277,267,4,44
2025-03-14,L5,P023,102,101,1,6
2025-03-14,L5,P024,42,41,1,21
2025-03-14,L5,P025,50,50,0,6
2025-03-15,L1,P001,130,126,1,38
2025-03-15,L1,P002,102,98,3,16
2025-03-15,L1,P003,80,78,1,29
2025-03-15,L1,P004,129,123,3,46
2025-03-15,L2,P005,83,80,2,20
2025-03-15,L2,P006,100,98,1,19
2025-03-15,L2,P007,79,78,1,9
2025-03-15,L2,P008,73,71,1,27
2025-03-15,L3,P009,1123,1103,14,15
2025-03-15,L3,P010,1050,1030,7,36
2025-03-15,L3,P011,1049,1028,13,23
2025-03-15,L3,P012,1098,1063,22,33
2025-03-15,L3,P013,155,150,3,30
2025-03-15,L3,P014,166,163,2,14
2025-03-15,L4,P015,598,579,7,40
2025-03-15,L4,P016,544,531,11,7
2025-03-15,L4,P017,573,557,13,10
2025-03-15,L4,P018,274,265,6,23
2025-03-15,L4,P019,262,255,3,30
2025-03-15,L4,P020,291,282,4,30
2025-03-15,L5,P021,29,29,0,28
2025-03-15,L5,P022,205,198,4,25
2025-03-15,L5,P023,88,84,2,45
2025-03-15,L5,P024,28,27,0,40
2025-03-15,L5,P025,28,28,0,7
2025-03-16,L1,P001,75,73,1,15
2025-03-16,L1,P002,106,103,1,38
2025-03-16,L1,P003,110,107,2,18
2025-03-16,L1,P004,102,99,2,15
2025-03-16,L2,P005,79,77,2,0
2025-03-16,L2,P006,78,77,1,11
2025-03-16,L2,P007,67,64,1,44
2025-03-16,L2,P008,119,116,2,23
2025-03-16,L3,P009,1199,1174,25,0
2025-03-16,L3,P010,1212,1188,10,34
2025-03-16,L3,P011,1277,1253,16,17
2025-03-16,L3,P012,1609,1588,15,10
2025-03-16,L3,P013,183,178,3,31
2025-03-16,L3,P014,221,216,3,25
2025-03-16,L4,P015,636,624,5,20
2025-03-16,L4,P016,556,541,11,13
2025-03-16,L4,P017,610,585,10,46
2025-03-16,L4,P018,274,266,3,32
2025-03-16,L4,P019,232,227,3,14
2025-03-16,L4,P020,304,300,4,2
2025-03-16,L5,P021,23,23,0,11
2025-03-16,L5,P022,233,229,2,16
2025-03-16,L5,P023,83,81,1,23
2025-03-16,L5,P024,16,16,0,34
2025-03-16,L5,P025,31,30,0,34
2025-03-17,L1,P001,80,78,1,25
2025-03-17,L1,P002,137,134,2,16
2025-03-17,L1,P003,117,113,2,25
2025-03-17,L1,P004,110,109,0,14
2025-03-17,L2,P005,70,67,2,16
2025-03-17,L2,P006,78,77,1,7
2025-03-17,L2,P007,68,66,1,23
2025-03-17,L2,P008,69,67,1,16
2025-03-17,L3,P009,1183,1143,28,28
2025-03-17,L3,P010,1257,1226,18,30
2025-03-17,L3,P011,1302,1281,15,13
2025-03-17,L3,P012,1810,1779,31,0
2025-03-17,L3,P013,188,183,2,42
2025-03-17,L3,P014,165,161,3,11
2025-03-17,L4,P015,520,501,13,24
2025-03-17,L4,P016,577,563,7,24
2025-03-17,L4,P017,528,518,10,0
2025-03-17,L4,P018,286,279,4,18
2025-03-17,L4,P019,258,252,6,0
2025-03-17,L4,P020,289,283,4,12
2025-03-17,L5,P021,33,32,1,18
2025-03-17,L5,P022,216,208,5,24
2025-03-17,L5,P023,82,80,1,18
2025-03-17,L5,P024,16,16,0,6
2025-03-17,L5,P025,25,23,1,43
2025-03-18,L1,P001,101,97,2,32
2025-03-18,L1,P002,113,110,2,16
2025-03-18,L1,P003,108,104,2,43
2025-03-18,L1,P004,111,110,1,0
2025-03-18,L2,P005,57,55,1,19
2025-03-18,L2,P006,90,90,0,2
2025-03-18,L2,P007,100,97,2,20
2025-03-18,L2,P008,63,61,1,16
2025-03-18,L3,P009,1345,1308,25,26
2025-03-18,L3,P010,1337,1303,21,28
2025-03-18,L3,P011,1316,1312,0,8
2025-03-18,L3,P012,1339,1295,33,24
2025-03-18,L3,P013,277,269,4,37
2025-03-18,L3,P014,181,177,4,2
2025-03-18,L4,P015,622,609,5,26
2025-03-18,L4,P016,538,521,14,9
2025-03-18,L4,P017,553,536,10,25
2025-03-18,L4,P018,282,279,3,0
2025-03-18,L4,P019,250,244,3,20
2025-03-18,L4,P020,279,272,6,6
2025-03-18,L5,P021,29,29,0,0
2025-03-18,L5,P022,231,225,4,17
2025-03-18,L5,P023,53,52,1,6
2025-03-18,L5,P024,21,20,0,49
2025-03-18,L5,P025,37,36,1,10
2025-03-19,L1,P001,110,107,2,21
2025-03-19,L1,P002,119,116,2,10
2025-03-19,L1,P003,110,106,2,33
2025-03-19,L1,P004,127,126,1,7
2025-03-19,L2,P005,87,84,2,21
2025-03-19,L2,P006,55,55,0,1
2025-03-19,L2,P007,83,81,1,29
2025-03-19,L2,P008,77,75,1,29
2025-03-19,L3,P009,1315,1250,34,67
2025-03-19,L3,P010,1441,1399,29,25
2025-03-19,L3,P011,1395,1368,13,29
2025-03-19,L3,P012,1358,1339,2,36
2025-03-19,L3,P013,166,162,2,27
2025-03-19,L3,P014,210,207,1,31
2025-03-19,L4,P015,639,631,4,12
2025-03-19,L4,P016,623,608,10,15
2025-03-19,L4,P017,518,509,5,16
2025-03-19,L4,P018,281,272,5,26
2025-03-19,L4,P019,277,273,2,15
2025-03-19,L4,P020,290,283,5,14
2025-03-19,L5,P021,39,39,0,8
2025-03-19,L5,P022,234,229,3,17
2025-03-19,L5,P023,88,86,1,27
2025-03-19,L5,P024,38,37,1,1
2025-03-19,L5,P025,49,47,1,24
2025-03-20,L1,P001,137,133,3,12
2025-03-20,L1,P002,133,125,3,76
2025-03-20,L1,P003,133,128,2,47
2025-03-20,L1,P004,111,108,2,13
2025-03-20,L2,P005,92,89,1,36
2025-03-20,L2,P006,93,93,0,0
2025-03-20,L2,P007,88,86,1,30
2025-03-20,L2,P008,66,64,1,15
2025-03-20,L3,P009,1567,1542,23,4
2025-03-20,L3,P010,1519,1452,41,49
2025-03-20,L3,P011,1666,1634,18,24
2025-03-20,L3,P012,1643,1609,23,20
2025-03-20,L3,P013,215,209,3,35
2025-03-20,L3,P014,158,155,3,2
2025-03-20,L4,P015,709,690,7,33
2025-03-20,L4,P016,599,587,6,20
2025-03-20,L4,P017,701,671,14,45
2025-03-20,L4,P018,331,326,5,0
2025-03-20,L4,P019,311,303,4,22
2025-03-20,L4,P020,356,347,4,27
2025-03-20,L5,P021,37,36,1,6
2025-03-20,L5,P022,276,268,3,37
2025-03-20,L5,P023,104,98,3,63
2025-03-20,L5,P024,11,11,0,36
2025-03-20,L5,P025,29,28,1,20
2025-03-21,L1,P001,156,154,0,28
2025-03-21,L1,P002,157,155,2,0
2025-03-21,L1,P003,173,169,3,14
2025-03-21,L1,P004,223,222,1,0
2025-03-21,L2,P005,183,178,3,23
2025-03-21,L2,P006,131,129,2,0
2025-03-21,L2,P007,103,101,2,0
2025-03-21,L2,P008,85,84,1,11
2025-03-21,L3,P009,216,213,2,15
2025-03-21,L3,P010,240,235,2,40
2025-03-21,L3,P011,192,189,2,22
2025-03-21,L3,P012,221,218,2,19
2025-03-21,L3,P013,238,236,2,3
2025-03-21,L3,P014,352,344,5,27
2025-03-21,L4,P015,758,734,16,19
2025-03-21,L4,P016,815,792,13,23
2025-03-21,L4,P017,792,777,11,10
2025-03-21,L4,P018,391,382,4,26
2025-03-21,L4,P019,368,363,4,3
2025-03-21,L4,P020,345,332,8,30
2025-03-21,L5,P021,37,36,0,35
2025-03-21,L5,P022,28,28,0,17
2025-03-21,L5,P023,134,131,1,34
2025-03-21,L5,P024,22,21,1,19
2025-03-21,L5,P025,46,46,0,0
2025-03-22,L1,P001,99,96,2,11
2025-03-22,L1,P002,102,101,1,8
2025-03-22,L1,P003,98,94,3,11
2025-03-22,L1,P004,85,84,1,0
2025-03-22,L2,P005,70,68,1,24
2025-03-22,L2,P006,88,85,2,30
2025-03-22,L2,P007,68,67,1,0
2025-03-22,L2,P008,78,76,1,24
2025-03-22,L3,P009,145,142,2,22
2025-03-22,L3,P010,170,166,4,5
2025-03-22,L3,P011,186,184,2,0
2025-03-22,L3,P012,171,166,5,0
2025-03-22,L3,P013,167,165,1,25
2025-03-22,L3,P014,153,150,2,18
2025-03-22,L4,P015,575,564,4,23
2025-03-22,L4,P016,585,575,10,0
2025-03-22,L4,P017,560,543,8,32
2025-03-22,L4,P018,265,261,1,21
2025-03-22,L4,P019,268,261,6,5
2025-03-22,L4,P020,278,273,1,26
2025-03-22,L5,P021,12,12,0,17
2025-03-22,L5,P022,38,36,1,27
2025-03-22,L5,P023,60,58,1,24
2025-03-22,L5,P024,25,24,1,28
2025-03-22,L5,P025,39,38,1,0
2025-03-23,L1,P001,126,123,2,16
2025-03-23,L1,P002,92,88,1,68
2025-03-23,L1,P003,92,90,1,22
2025-03-23,L1,P004,128,128,0,0
2025-03-23,L2,P005,79,77,2,6
2025-03-23,L2,P006,91,88,2,11
2025-03-23,L2,P007,100,98,1,20
2025-03-23,L2,P008,78,77,1,12
2025-03-23,L3,P009,168,165,1,26
2025-03-23,L3,P010,155,153,2,5
2025-03-23,L3,P011,158,154,3,15
2025-03-23,L3,P012,173,172,1,0
2025-03-23,L3,P013,181,176,4,22
2025-03-23,L3,P014,146,141,3,30
2025-03-23,L4,P015,523,522,1,0
2025-03-23,L4,P016,532,526,3,11
2025-03-23,L4,P017,576,553,12,38
2025-03-23,L4,P018,276,270,4,11
2025-03-23,L4,P019,264,260,4,0
2025-03-23,L4,P020,236,230,3,23
2025-03-23,L5,P021,27,27,0,25
2025-03-23,L5,P022,33,33,0,29
2025-03-23,L5,P023,57,55,1,20
2025-03-23,L5,P024,30,29,0,40
2025-03-23,L5,P025,33,32,1,29
2025-03-24,L1,P001,126,125,1,0
2025-03-24,L1,P002,136,134,2,3
2025-03-24,L1,P003,109,106,1,37
2025-03-24,L1,P004,84,81,1,45
2025-03-24,L2,P005,79,76,1,44
2025-03-24,L2,P006,85,82,2,17
2025-03-24,L2,P007,73,71,1,33
2025-03-24,L2,P008,58,57,1,0
2025-03-24,L3,P009,162,157,2,50
2025-03-24,L3,P010,229,222,5,19
2025-03-24,L3,P011,200,196,2,23
2025-03-24,L3,P012,189,184,4,18
2025-03-24,L3,P013,188,185,3,5
2025-03-24,L3,P014,180,175,3,32
2025-03-24,L4,P015,527,520,6,5
2025-03-24,L4,P016,560,543,8,32
2025-03-24,L4,P017,585,569,11,17
2025-03-24,L4,P018,251,246,4,8
2025-03-24,L4,P019,307,304,1,14
2025-03-24,L4,P020,275,265,5,36
2025-03-24,L5,P021,26,26,0,26
2025-03-24,L5,P022,27,27,0,8
2025-03-24,L5,P023,94,91,1,40
2025-03-24,L5,P024,29,29,0,31
2025-03-24,L5,P025,35,34,1,1
2025-03-25,L1,P001,113,108,3,26
2025-03-25,L1,P002,94,91,2,14
2025-03-25,L1,P003,138,135,2,19
2025-03-25,L1,P004,109,107,2,0
2025-03-25,L2,P005,83,81,1,18
2025-03-25,L2,P006,68,67,0,32
2025-03-25,L2,P007,77,76,1,0
2025-03-25,L2,P008,70,68,1,25
2025-03-25,L3,P009,157,155,2,0
2025-03-25,L3,P010,156,154,2,8
2025-03-25,L3,P011,189,187,1,21
2025-03-25,L3,P012,182,177,3,37
2025-03-25,L3,P013,182,176,4,33
2025-03-25,L3,P014,178,174,3,19
2025-03-25,L4,P015,663,654,8,3
2025-03-25,L4,P016,781,769,3,22
2025-03-25,L4,P017,586,572,14,0
2025-03-25,L4,P018,295,287,4,28
2025-03-25,L4,P019,242,238,1,25
2025-03-25,L4,P020,276,268,4,25
2025-03-25,L5,P021,45,44,1,20
2025-03-25,L5,P022,15,15,0,7
2025-03-25,L5,P023,102,98,2,29
2025-03-25,L5,P024,28,28,0,16
2025-03-25,L5,P025,17,17,0,24
2025-03-26,L1,P001,125,122,3,5
2025-03-26,L1,P002,120,117,2,12
2025-03-26,L1,P003,93,88,3,31
2025-03-26,L1,P004,134,129,3,25
2025-03-26,L2,P005,63,60,1,46
2025-03-26,L2,P006,66,64,1,16
2025-03-26,L2,P007,78,76,1,29
2025-03-26,L2,P008,59,57,1,20
2025-03-26,L3,P009,191,187,3,21
2025-03-26,L3,P010,175,172,2,15
2025-03-26,L3,P011,152,149,2,10
2025-03-26,L3,P012,185,180,4,23
2025-03-26,L3,P013,166,163,2,12
2025-03-26,L3,P014,185,183,1,19
2025-03-26,L4,P015,560,553,4,10
2025-03-26,L4,P016,515,507,7,2
2025-03-26,L4,P017,588,574,7,23
2025-03-26,L4,P018,250,245,5,0
2025-03-26,L4,P019,263,254,5,26
2025-03-26,L4,P020,285,278,4,21
2025-03-26,L5,P021,21,21,0,38
2025-03-26,L5,P022,28,28,0,20
2025-03-26,L5,P023,90,88,2,7
2025-03-26,L5,P024,23,23,0,21
2025-03-26,L5,P025,32,31,0,34
2025-03-27,L1,P001,131,128,2,13
2025-03-27,L1,P002,130,127,1,28
2025-03-27,L1,P003,137,134,2,12
2025-03-27,L1,P004,137,135,1,10
2025-03-27,L2,P005,85,82,2,26
2025-03-27,L2,P006,77,75,1,22
2025-03-27,L2,P007,78,77,0,21
2025-03-27,L2,P008,80,78,2,11
2025-03-27,L3,P009,179,174,3,35
2025-03-27,L3,P010,197,193,4,3
2025-03-27,L3,P011,187,184,3,0
2025-03-27,L3,P012,189,184,4,20
2025-03-27,L3,P013,211,207,3,16
2025-03-27,L3,P014,215,209,2,54
2025-03-27,L4,P015,621,605,14,5
2025-03-27,L4,P016,655,628,10,49
2025-03-27,L4,P017,631,602,16,39
2025-03-27,L4,P018,305,294,6,32
2025-03-27,L4,P019,313,305,5,21
2025-03-27,L4,P020,278,274,4,0
2025-03-27,L5,P021,41,40,1,20
2025-03-27,L5,P022,41,40,0,38
2025-03-27,L5,P023,79,77,2,10
2025-03-27,L5,P024,40,39,1,11
2025-03-27,L5,P025,32,31,1,11
2025-03-28,L1,P001,138,133,3,29
2025-03-28,L1,P002,158,155,2,16
2025-03-28,L1,P003,169,162,2,53
2025-03-28,L1,P004,155,150,3,19
2025-03-28,L2,P005,114,110,3,11
2025-03-28,L2,P006,85,83,1,21
2025-03-28,L2,P007,94,92,2,10
2025-03-28,L2,P008,93,92,1,4
2025-03-28,L3,P009,228,222,5,7
2025-03-28,L3,P010,267,259,5,30
2025-03-28,L3,P011,244,238,5,17
2025-03-28,L3,P012,302,292,8,23
2025-03-28,L3,P013,220,216,4,0
2025-03-28,L3,P014,232,227,5,0
2025-03-28,L4,P015,764,745,16,7
2025-03-28,L4,P016,719,704,11,11
2025-03-28,L4,P017,814,790,15,21
2025-03-28,L4,P018,366,358,4,22
2025-03-28,L4,P019,378,367,7,22
2025-03-28,L4,P020,482,468,7,27
2025-03-28,L5,P021,41,40,1,0
2025-03-28,L5,P022,51,50,1,0
2025-03-28,L5,P023,91,90,0,22
2025-03-28,L5,P024,41,41,0,23
2025-03-28,L5,P025,42,42,0,3
2025-03-29,L1,P001,115,113,2,0
2025-03-29,L1,P002,130,126,2,26
2025-03-29,L1,P003,69,68,1,2
2025-03-29,L1,P004,90,88,1,11
2025-03-29,L2,P005,67,65,1,40
2025-03-29,L2,P006,83,82,1,6
2025-03-29,L2,P007,78,77,0,34
2025-03-29,L2,P008,111,109,2,0
2025-03-29,L3,P009,164,161,2,15
2025-03-29,L3,P010,151,150,1,8
2025-03-29,L3,P011,182,176,4,29
2025-03-29,L3,P012,163,160,3,7
2025-03-29,L3,P013,175,169,4,38
2025-03-29,L3,P014,198,196,1,19
2025-03-29,L4,P015,611,602,7,7
2025-03-29,L4,P016,541,522,5,51
2025-03-29,L4,P017,589,575,4,31
2025-03-29,L4,P018,226,220,3,22
2025-03-29,L4,P019,263,262,1,0
2025-03-29,L4,P020,265,259,4,18
2025-03-29,L5,P021,21,21,0,26
2025-03-29,L5,P022,22,22,0,0
2025-03-29,L5,P023,73,71,1,31
2025-03-29,L5,P024,35,35,0,10
2025-03-29,L5,P025,13,13,0,2
2025-03-30,L1,P001,112,107,3,36
2025-03-30,L1,P002,118,115,1,26
2025-03-30,L1,P003,116,114,1,13
2025-03-30,L1,P004,99,97,1,21
2025-03-30,L2,P005,85,83,1,19
2025-03-30,L2,P006,94,93,1,10
2025-03-30,L2,P007,66,64,1,38
2025-03-30,L2,P008,74,74,0,2
2025-03-30,L3,P009,141,138,2,19
2025-03-30,L3,P010,170,169,0,23
2025-03-30,L3,P011,183,181,2,3
2025-03-30,L3,P012,185,184,1,7
2025-03-30,L3,P013,175,171,2,25
2025-03-30,L3,P014,200,198,1,15
2025-03-30,L4,P015,617,598,7,37
2025-03-30,L4,P016,555,539,9,23
2025-03-30,L4,P017,586,563,9,47
2025-03-30,L4,P018,241,235,3,22
2025-03-30,L4,P019,268,265,3,0
2025-03-30,L4,P020,280,274,4,17
2025-03-30,L5,P021,30,29,1,11
2025-03-30,L5,P022,19,19,0,3
2025-03-30,L5,P023,106,101,2,53
2025-03-30,L5,P024,30,30,0,11
2025-03-30,L5,P025,16,16,0,5
2025-03-31,L1,P001,110,107,3,5
2025-03-31,L1,P002,101,99,2,0
2025-03-31,L1,P003,158,152,5,10
2025-03-31,L1,P004,130,127,2,9
2025-03-31,L2,P005,77,76,1,0
2025-03-31,L2,P006,81,78,1,36
2025-03-31,L2,P007,76,75,1,1
2025-03-31,L2,P008,73,71,1,17
2025-03-31,L3,P009,152,149,2,21
2025-03-31,L3,P010,166,164,1,18
2025-03-31,L3,P011,181,176,4,18
2025-03-31,L3,P012,181,176,3,24
2025-03-31,L3,P013,138,136,1,19
2025-03-31,L3,P014,182,178,2,25
2025-03-31,L4,P015,554,534,10,35
2025-03-31,L4,P016,583,576,7,0
2025-03-31,L4,P017,569,558,11,1
2025-03-31,L4,P018,253,245,3,36
2025-03-31,L4,P019,271,264,4,20
2025-03-31,L4,P020,270,262,3,33
2025-03-31,L5,P021,29,28,1,20
2025-03-31,L5,P022,23,23,0,8
2025-03-31,L5,P023,27,26,1,29
2025-03-31,L5,P024,38,38,0,17
2025-03-31,L5,P025,15,15,0,18
2025-04-01,L1,P001,132,131,1,2
2025-04-01,L1,P002,127,124,2,10
2025-04-01,L1,P003,106,103,2,23
2025-04-01,L1,P004,117,116,0,16
2025-04-01,L2,P005,80,78,1,14
2025-04-01,L2,P006,85,83,1,22
2025-04-01,L2,P007,93,92,1,2
2025-04-01,L2,P008,70,68,1,41
2025-04-01,L3,P009,172,169,3,0
2025-04-01,L3,P010,199,196,3,0
2025-04-01,L3,P011,162,158,3,17
2025-04-01,L3,P012,188,181,4,43
2025-04-01,L3,P013,171,166,3,36
2025-04-01,L3,P014,181,178,3,0
2025-04-01,L4,P015,575,566,4,17
2025-04-01,L4,P016,563,541,9,46
2025-04-01,L4,P017,643,622,11,29
2025-04-01,L4,P018,281,270,6,32
2025-04-01,L4,P019,273,266,7,2
2025-04-01,L4,P020,277,270,4,18
2025-04-01,L5,P021,30,29,0,34
2025-04-01,L5,P022,31,31,0,18
2025-04-01,L5,P023,40,38,1,29
2025-04-01,L5,P024,26,26,0,15
2025-04-01,L5,P025,29,27,1,38
2025-04-02,L1,P001,73,71,1,26
2025-04-02,L1,P002,100,97,2,13
2025-04-02,L1,P003,100,96,2,47
2025-04-02,L1,P004,123,121,1,18
2025-04-02,L2,P005,90,87,2,24
2025-04-02,L2,P006,79,77,2,1
2025-04-02,L2,P007,62,62,0,0
2025-04-02,L2,P008,53,51,2,0
2025-04-02,L3,P009,233,230,3,0
2025-04-02,L3,P010,164,159,3,28
2025-04-02,L3,P011,174,171,2,9
2025-04-02,L3,P012,157,154,1,39
2025-04-02,L3,P013,191,185,4,34
2025-04-02,L3,P014,197,197,0,0
2025-04-02,L4,P015,594,578,4,40
2025-04-02,L4,P016,589,562,16,37
2025-04-02,L4,P017,603,581,11,35
2025-04-02,L4,P018,278,271,3,27
2025-04-02,L4,P019,278,268,4,43
2025-04-02,L4,P020,272,269,3,0
2025-04-02,L5,P021,35,34,1,0
2025-04-02,L5,P022,30,28,1,42
2025-04-02,L5,P023,15,15,0,8
2025-04-02,L5,P024,22,22,0,8
2025-04-02,L5,P025,23,21,1,46
2025-04-03,L1,P001,103,99,2,38
2025-04-03,L1,P002,129,127,2,7
2025-04-03,L1,P003,117,116,1,7
2025-04-03,L1,P004,128,124,2,28
2025-04-03,L2,P005,83,80,1,41
2025-04-03,L2,P006,94,92,2,10
2025-04-03,L2,P007,72,71,0,37
2025-04-03,L2,P008,85,83,1,17
2025-04-03,L3,P009,184,179,4,21
2025-04-03,L3,P010,182,175,5,28
2025-04-03,L3,P011,198,191,6,17
2025-04-03,L3,P012,172,169,3,0
2025-04-03,L3,P013,197,191,4,23
2025-04-03,L3,P014,201,194,4,41
2025-04-03,L4,P015,688,682,4,5
2025-04-03,L4,P016,636,624,7,14
2025-04-03,L4,P017,604,592,9,8
2025-04-03,L4,P018,296,292,2,14
2025-04-03,L4,P019,310,302,6,10
2025-04-03,L4,P020,292,280,6,40
2025-04-03,L5,P021,37,37,0,0
2025-04-03,L5,P022,35,35,0,24
2025-04-03,L5,P023,40,39,1,13
2025-04-03,L5,P024,30,29,1,0
2025-04-03,L5,P025,25,24,1,34
2025-04-04,L1,P001,128,126,2,0
2025-04-04,L1,P002,126,122,2,31
2025-04-04,L1,P003,143,136,3,51
2025-04-04,L1,P004,144,139,3,33
2025-04-04,L2,P005,81,79,1,14
2025-04-04,L2,P006,72,70,1,18
2025-04-04,L2,P007,99,97,1,14
2025-04-04,L2,P008,109,107,1,18
2025-04-04,L3,P009,234,224,5,64
2025-04-04,L3,P010,217,214,3,3
2025-04-04,L3,P011,201,198,2,9
2025-04-04,L3,P012,223,218,5,0
2025-04-04,L3,P013,239,235,2,27
2025-04-04,L3,P014,207,203,3,15
2025-04-04,L4,P015,800,786,8,15
2025-04-04,L4,P016,893,865,11,36
2025-04-04,L4,P017,805,790,11,9
2025-04-04,L4,P018,401,394,7,0
2025-04-04,L4,P019,363,357,4,9
2025-04-04,L4,P020,359,346,7,33
2025-04-04,L5,P021,46,44,1,33
2025-04-04,L5,P022,41,40,1,20
2025-04-04,L5,P023,33,33,0,29
2025-04-04,L5,P024,45,43,1,33
2025-04-04,L5,P025,38,36,1,29
2025-04-05,L1,P001,99,97,1,24
2025-04-05,L1,P002,90,87,1,37
2025-04-05,L1,P003,100,98,2,0
2025-04-05,L1,P004,116,113,1,31
2025-04-05,L2,P005,93,90,1,48
2025-04-05,L2,P006,76,74,1,24
2025-04-05,L2,P007,73,71,1,20
2025-04-05,L2,P008,75,73,1,19
2025-04-05,L3,P009,170,164,5,17
2025-04-05,L3,P010,150,147,2,19
2025-04-05,L3,P011,171,166,3,34
2025-04-05,L3,P012,153,151,2,0
2025-04-05,L3,P013,156,152,3,22
2025-04-05,L3,P014,163,162,1,5
2025-04-05,L4,P015,517,505,10,9
2025-04-05,L4,P016,538,534,3,3
2025-04-05,L4,P017,587,564,9,45
2025-04-05,L4,P018,247,242,3,17
2025-04-05,L4,P019,246,238,5,20
2025-04-05,L4,P020,224,219,2,23
2025-04-05,L5,P021,43,41,1,24
2025-04-05,L5,P022,26,25,0,51
2025-04-05,L5,P023,35,34,0,28
2025-04-05,L5,P024,37,36,1,16
2025-04-05,L5,P025,24,23,1,25
2025-04-06,L1,P001,106,103,2,22
2025-04-06,L1,P002,111,106,3,40
2025-04-06,L1,P003,102,100,1,17
2025-04-06,L1,P004,114,111,2,20
2025-04-06,L2,P005,65,63,1,16
2025-04-06,L2,P006,70,69,1,13
2025-04-06,L2,P007,73,71,2,13
2025-04-06,L2,P008,84,82,1,26
2025-04-06,L3,P009,185,184,1,1
2025-04-06,L3,P010,163,159,3,14
2025-04-06,L3,P011,167,164,1,28
2025-04-06,L3,P012,155,152,2,13
2025-04-06,L3,P013,168,163,3,30
2025-04-06,L3,P014,167,164,2,10
2025-04-06,L4,P015,570,554,9,23
2025-04-06,L4,P016,526,511,10,19
2025-04-06,L4,P017,572,562,10,0
2025-04-06,L4,P018,307,300,5,11
2025-04-06,L4,P019,280,270,6,24
2025-04-06,L4,P020,264,257,3,26
2025-04-06,L5,P021,38,36,1,28
2025-04-06,L5,P022,30,29,1,29
2025-04-06,L5,P023,32,31,1,29
2025-04-06,L5,P024,39,37,1,29
2025-04-06,L5,P025,30,29,1,0
2025-04-07,L1,P001,87,85,1,17
2025-04-07,L1,P002,116,113,1,36
2025-04-07,L1,P003,105,104,1,0
2025-04-07,L1,P004,146,140,3,42
2025-04-07,L2,P005,49,49,0,0
2025-04-07,L2,P006,75,75,0,7
2025-04-07,L2,P007,65,63,1,17
2025-04-07,L2,P008,84,82,1,12
2025-04-07,L3,P009,186,184,2,0
2025-04-07,L3,P010,157,156,1,1
2025-04-07,L3,P011,200,193,6,9
2025-04-07,L3,P012,170,166,3,25
2025-04-07,L3,P013,191,186,5,6
2025-04-07,L3,P014,176,172,4,0
2025-04-07,L4,P015,540,529,11,0
2025-04-07,L4,P016,610,593,9,24
2025-04-07,L4,P017,533,520,5,28
2025-04-07,L4,P018,263,254,4,35
2025-04-07,L4,P019,289,283,3,19
2025-04-07,L4,P020,260,254,2,28
2025-04-07,L5,P021,15,15,0,30
2025-04-07,L5,P022,29,29,0,16
2025-04-07,L5,P023,26,26,0,0
2025-04-07,L5,P024,21,21,0,25
2025-04-07,L5,P025,27,26,1,22
2025-04-08,L1,P001,95,93,2,1
2025-04-08,L1,P002,84,82,1,25
2025-04-08,L1,P003,128,125,2,12
2025-04-08,L1,P004,123,120,1,39
2025-04-08,L2,P005,75,73,1,20
2025-04-08,L2,P006,78,76,1,31
2025-04-08,L2,P007,74,73,1,11
2025-04-08,L2,P008,103,99,1,56
2025-04-08,L3,P009,197,191,4,29
2025-04-08,L3,P010,174,170,3,21
2025-04-08,L3,P011,196,192,2,34
2025-04-08,L3,P012,149,145,3,22
2025-04-08,L3,P013,166,161,4,12
2025-04-08,L3,P014,151,149,2,8
2025-04-08,L4,P015,611,597,10,12
2025-04-08,L4,P016,535,528,7,0
2025-04-08,L4,P017,621,601,11,29
2025-04-08,L4,P018,346,342,2,11
2025-04-08,L4,P019,233,229,2,15
2025-04-08,L4,P020,249,240,6,20
2025-04-08,L5,P021,22,22,0,22
2025-04-08,L5,P022,32,31,1,13
2025-04-08,L5,P023,38,37,0,41
2025-04-08,L5,P024,27,26,1,12
2025-04-08,L5,P025,24,24,0,0
2025-04-09,L1,P001,97,96,1,1
2025-04-09,L1,P002,118,115,1,35
2025-04-09,L1,P003,92,89,2,16
2025-04-09,L1,P004,125,121,1,45
2025-04-09,L2,P005,78,76,1,23
2025-04-09,L2,P006,66,65,0,39
2025-04-09,L2,P007,72,71,1,10
2025-04-09,L2,P008,61,59,1,33
2025-04-09,L3,P009,175,168,5,28
2025-04-09,L3,P010,149,144,4,16
2025-04-09,L3,P011,178,175,1,38
2025-04-09,L3,P012,163,157,5,9
2025-04-09,L3,P013,152,149,2,18
2025-04-09,L3,P014,154,151,2,27
2025-04-09,L4,P015,575,566,7,7
2025-04-09,L4,P016,613,601,12,0
2025-04-09,L4,P017,589,581,7,3
2025-04-09,L4,P018,333,324,4,29
2025-04-09,L4,P019,294,290,4,1
2025-04-09,L4,P020,268,260,4,27
2025-04-09,L5,P021,33,32,0,39
2025-04-09,L5,P022,25,24,0,44
2025-04-09,L5,P023,35,33,1,32
2025-04-09,L5,P024,31,31,0,27
2025-04-09,L5,P025,25,25,0,13
2025-04-10,L1,P001,167,163,1,35
2025-04-10,L1,P002,113,110,2,24
2025-04-10,L1,P003,98,95,2,27
2025-04-10,L1,P004,134,129,3,22
2025-04-10,L2,P005,100,99,1,0
2025-04-10,L2,P006,73,72,1,10
2025-04-10,L2,P007,73,72,1,0
2025-04-10,L2,P008,90,87,2,26
2025-04-10,L3,P009,171,167,3,23
2025-04-10,L3,P010,211,206,3,26
2025-04-10,L3,P011,222,217,2,45
2025-04-10,L3,P012,180,177,1,32
2025-04-10,L3,P013,155,153,2,6
2025-04-10,L3,P014,223,216,5,24
2025-04-10,L4,P015,678,652,10,44
2025-04-10,L4,P016,685,667,5,36
2025-04-10,L4,P017,711,699,11,2
2025-04-10,L4,P018,259,256,2,8
2025-04-10,L4,P019,313,306,4,18
2025-04-10,L4,P020,300,292,4,26
2025-04-10,L5,P021,38,36,1,32
2025-04-10,L5,P022,25,25,0,10
2025-04-10,L5,P023,46,45,1,5
2025-04-10,L5,P024,25,25,0,4
2025-04-10,L5,P025,49,47,1,39
2025-04-11,L1,P001,181,178,2,12
2025-04-11,L1,P002,171,168,3,0
2025-04-11,L1,P003,170,167,1,21
2025-04-11,L1,P004,138,135,1,24
2025-04-11,L2,P005,85,84,1,0
2025-04-11,L2,P006,91,89,1,16
2025-04-11,L2,P007,103,98,3,37
2025-04-11,L2,P008,106,102,1,47
2025-04-11,L3,P009,227,222,2,36
2025-04-11,L3,P010,235,230,4,16
2025-04-11,L3,P011,247,241,4,26
2025-04-11,L3,P012,208,204,3,10
2025-04-11,L3,P013,218,214,2,24
2025-04-11,L3,P014,237,233,2,20
2025-04-11,L4,P015,754,740,14,1
2025-04-11,L4,P016,786,769,16,2
2025-04-11,L4,P017,789,771,18,1
2025-04-11,L4,P018,374,361,8,24
2025-04-11,L4,P019,363,347,8,43
2025-04-11,L4,P020,394,387,7,0
2025-04-11,L5,P021,38,36,1,34
2025-04-11,L5,P022,28,26,1,49
2025-04-11,L5,P023,40,39,1,24
2025-04-11,L5,P024,30,29,1,0
2025-04-11,L5,P025,59,59,0,13
2025-04-12,L1,P001,99,97,1,17
2025-04-12,L1,P002,99,95,1,57
2025-04-12,L1,P003,102,100,1,25
2025-04-12,L1,P004,122,117,3,29
2025-04-12,L2,P005,73,71,2,2
2025-04-12,L2,P006,55,54,1,4
2025-04-12,L2,P007,94,93,1,0
2025-04-12,L2,P008,68,67,1,0
2025-04-12,L3,P009,141,137,3,13
2025-04-12,L3,P010,196,191,3,30
2025-04-12,L3,P011,165,163,1,16
2025-04-12,L3,P012,143,139,3,26
2025-04-12,L3,P013,145,141,3,16
2025-04-12,L3,P014,161,159,2,0
2025-04-12,L4,P015,571,560,8,10
2025-04-12,L4,P016,590,581,3,20
2025-04-12,L4,P017,492,476,6,39
2025-04-12,L4,P018,240,231,3,50
2025-04-12,L4,P019,278,270,7,10
2025-04-12,L4,P020,284,276,4,30
2025-04-12,L5,P021,23,22,1,26
2025-04-12,L5,P022,19,19,0,34
2025-04-12,L5,P023,22,22,0,28
2025-04-12,L5,P024,38,36,1,45
2025-04-12,L5,P025,29,28,1,20
2025-04-13,L1,P001,104,102,1,26
2025-04-13,L1,P002,94,89,2,55
2025-04-13,L1,P003,104,100,3,22
2025-04-13,L1,P004,114,111,2,22
2025-04-13,L2,P005,90,88,1,14
2025-04-13,L2,P006,61,59,1,27
2025-04-13,L2,P007,74,72,1,30
2025-04-13,L2,P008,67,65,1,30
2025-04-13,L3,P009,253,249,2,19
2025-04-13,L3,P010,183,177,5,14
2025-04-13,L3,P011,203,202,1,0
2025-04-13,L3,P012,155,151,3,11
2025-04-13,L3,P013,146,142,3,17
2025-04-13,L3,P014,166,161,3,28
2025-04-13,L4,P015,808,792,11,12
2025-04-13,L4,P016,491,475,11,20
2025-04-13,L4,P017,604,592,8,13
2025-04-13,L4,P018,241,236,2,21
2025-04-13,L4,P019,296,285,2,56
2025-04-13,L4,P020,300,292,6,13
2025-04-13,L5,P021,37,37,0,13
2025-04-13,L5,P022,43,41,1,29
2025-04-13,L5,P023,20,20,0,20
2025-04-13,L5,P024,37,36,0,27
2025-04-13,L5,P025,29,29,0,11
2025-04-14,L1,P001,93,90,2,16
2025-04-14,L1,P002,112,109,1,39
2025-04-14,L1,P003,109,107,2,2
2025-04-14,L1,P004,114,111,2,22
2025-04-14,L2,P005,68,67,1,8
2025-04-14,L2,P006,63,60,2,26
2025-04-14,L2,P007,58,56,1,22
2025-04-14,L2,P008,82,79,2,33
2025-04-14,L3,P009,200,195,3,35
2025-04-14,L3,P010,181,177,2,29
2025-04-14,L3,P011,171,169,2,0
2025-04-14,L3,P012,184,179,3,32
2025-04-14,L3,P013,153,150,3,0
2025-04-14,L3,P014,171,166,2,48
2025-04-14,L4,P015,529,509,6,50
2025-04-14,L4,P016,574,559,3,40
2025-04-14,L4,P017,603,597,6,0
2025-04-14,L4,P018,270,262,4,27
2025-04-14,L4,P019,258,248,5,36
2025-04-14,L4,P020,356,343,6,38
2025-04-14,L5,P021,38,37,0,26
2025-04-14,L5,P022,32,30,1,37
2025-04-14,L5,P023,24,24,0,13
2025-04-14,L5,P024,19,19,0,42
2025-04-14,L5,P025,26,25,1,10
2025-04-15,L1,P001,81,78,1,36
2025-04-15,L1,P002,97,94,1,46
2025-04-15,L1,P003,114,110,3,10
2025-04-15,L1,P004,123,119,2,38
2025-04-15,L2,P005,82,77,2,60
2025-04-15,L2,P006,58,56,1,41
2025-04-15,L2,P007,94,91,1,37
2025-04-15,L2,P008,81,78,2,17
2025-04-15,L3,P009,173,170,1,34
2025-04-15,L3,P010,211,206,4,14
2025-04-15,L3,P011,168,165,2,23
2025-04-15,L3,P012,168,163,3,31
2025-04-15,L3,P013,155,151,3,23
2025-04-15,L3,P014,239,234,5,0
2025-04-15,L4,P015,607,599,6,5
2025-04-15,L4,P016,576,559,15,7
2025-04-15,L4,P017,545,532,9,13
2025-04-15,L4,P018,308,298,5,32
2025-04-15,L4,P019,297,292,5,0
2025-04-15,L4,P020,268,261,4,23
2025-04-15,L5,P021,28,27,1,0
2025-04-15,L5,P022,31,31,0,1
2025-04-15,L5,P023,19,19,0,5
2025-04-15,L5,P024,20,20,0,48
2025-04-15,L5,P025,28,28,0,24
2025-04-16,L1,P001,109,108,1,8
2025-04-16,L1,P002,130,129,1,1
2025-04-16,L1,P003,102,100,1,25
2025-04-16,L1,P004,120,119,0,17
2025-04-16,L2,P005,96,94,2,8
2025-04-16,L2,P006,82,80,1,31
2025-04-16,L2,P007,92,87,2,54
2025-04-16,L2,P008,62,60,2,2
2025-04-16,L3,P009,196,192,3,22
2025-04-16,L3,P010,182,177,4,16
2025-04-16,L3,P011,172,167,2,45
2025-04-16,L3,P012,176,173,3,0
2025-04-16,L3,P013,154,150,3,27
2025-04-16,L3,P014,143,140,2,16
2025-04-16,L4,P015,539,523,6,37
2025-04-16,L4,P016,563,544,13,21
2025-04-16,L4,P017,666,636,12,53
2025-04-16,L4,P018,284,269,7,56
2025-04-16,L4,P019,274,269,5,0
2025-04-16,L4,P020,272,266,3,19
2025-04-16,L5,P021,37,37,0,16
2025-04-16,L5,P022,38,37,1,4
2025-04-16,L5,P023,30,29,1,10
2025-04-16,L5,P024,32,32,0,2
2025-04-16,L5,P025,35,34,1,21
2025-04-17,L1,P001,111,108,2,23
2025-04-17,L1,P002,127,125,1,9
2025-04-17,L1,P003,135,133,1,17
2025-04-17,L1,P004,132,127,3,23
2025-04-17,L2,P005,62,61,1,11
2025-04-17,L2,P006,75,73,1,26
2025-04-17,L2,P007,106,103,2,16
2025-04-17,L2,P008,63,60,2,44
2025-04-17,L3,P009,295,293,2,2
2025-04-17,L3,P010,196,191,3,31
2025-04-17,L3,P011,196,191,4,22
2025-04-17,L3,P012,196,191,3,33
2025-04-17,L3,P013,228,224,3,16
2025-04-17,L3,P014,192,187,4,16
2025-04-17,L4,P015,641,625,4,36
2025-04-17,L4,P016,665,651,14,0
2025-04-17,L4,P017,631,615,10,19
2025-04-17,L4,P018,271,265,3,19
2025-04-17,L4,P019,285,280,4,7
2025-04-17,L4,P020,415,399,6,47
2025-04-17,L5,P021,61,59,1,26
2025-04-17,L5,P022,44,42,1,24
2025-04-17,L5,P023,40,38,1,31
2025-04-17,L5,P024,44,44,0,16
2025-04-17,L5,P025,40,39,1,10
2025-04-18,L1,P001,147,141,3,41
2025-04-18,L1,P002,146,145,1,0
2025-04-18,L1,P003,132,129,2,20
2025-04-18,L1,P004,146,140,3,46
2025-04-18,L2,P005,105,103,1,13
2025-04-18,L2,P006,75,74,1,0
2025-04-18,L2,P007,101,99,2,7
2025-04-18,L2,P008,95,93,2,7
2025-04-18,L3,P009,241,237,4,0
2025-04-18,L3,P010,216,212,2,29
2025-04-18,L3,P011,259,254,4,6
2025-04-18,L3,P012,249,243,5,15
2025-04-18,L3,P013,199,192,5,27
2025-04-18,L3,P014,240,233,4,41
2025-04-18,L4,P015,819,789,16,32
2025-04-18,L4,P016,771,745,21,12
2025-04-18,L4,P017,752,740,8,10
2025-04-18,L4,P018,332,324,6,9
2025-04-18,L4,P019,346,335,7,23
2025-04-18,L4,P020,347,337,8,12
2025-04-18,L5,P021,31,30,0,46
2025-04-18,L5,P022,55,53,1,31
2025-04-18,L5,P023,29,29,0,14
2025-04-18,L5,P024,44,44,0,15
2025-04-18,L5,P025,49,47,1,51
2025-04-19,L1,P001,81,78,1,39
2025-04-19,L1,P002,114,111,1,39
2025-04-19,L1,P003,100,98,1,20
2025-04-19,L1,P004,134,132,2,0
2025-04-19,L2,P005,86,84,1,26
2025-04-19,L2,P006,67,65,1,17
2025-04-19,L2,P007,62,61,0,46
2025-04-19,L2,P008,64,62,1,35
2025-04-19,L3,P009,175,172,1,31
2025-04-19,L3,P010,192,187,2,41
2025-04-19,L3,P011,188,183,3,25
2025-04-19,L3,P012,174,170,2,32
2025-04-19,L3,P013,176,173,1,39
2025-04-19,L3,P014,220,214,4,20
2025-04-19,L4,P015,528,515,4,34
2025-04-19,L4,P016,503,501,2,0
2025-04-19,L4,P017,603,588,5,31
2025-04-19,L4,P018,244,239,4,5
2025-04-19,L4,P019,275,271,4,3
2025-04-19,L4,P020,276,270,4,14
2025-04-19,L5,P021,25,23,1,54
2025-04-19,L5,P022,50,48,0,68
2025-04-19,L5,P023,28,28,0,16
2025-04-19,L5,P024,22,22,0,22
2025-04-19,L5,P025,21,21,0,16
2025-04-20,L1,P001,99,97,1,13
2025-04-20,L1,P002,95,95,0,9
2025-04-20,L1,P003,77,76,1,9
2025-04-20,L1,P004,99,98,1,8
2025-04-20,L2,P005,72,71,0,22
2025-04-20,L2,P006,62,59,2,23
2025-04-20,L2,P007,64,62,1,23
2025-04-20,L2,P008,83,81,2,0
2025-04-20,L3,P009,192,188,2,33
2025-04-20,L3,P010,155,154,1,0
2025-04-20,L3,P011,165,160,5,8
2025-04-20,L3,P012,184,181,2,11
2025-04-20,L3,P013,184,178,4,37
2025-04-20,L3,P014,141,138,3,0
2025-04-20,L4,P015,583,572,9,7
2025-04-20,L4,P016,595,579,15,4
2025-04-20,L4,P017,533,515,11,24
2025-04-20,L4,P018,249,241,5,25
2025-04-20,L4,P019,272,265,3,25
2025-04-20,L4,P020,284,270,8,43
2025-04-20,L5,P021,14,14,0,30
2025-04-20,L5,P022,25,25,0,0
2025-04-20,L5,P023,25,25,0,0
2025-04-20,L5,P024,25,24,0,42
2025-04-20,L5,P025,28,28,0,19
2025-04-21,L1,P001,113,110,3,0
2025-04-21,L1,P002,91,88,1,36
2025-04-21,L1,P003,169,164,3,22
2025-04-21,L1,P004,121,120,1,0
2025-04-21,L2,P005,93,91,2,0
2025-04-21,L2,P006,94,91,2,27
2025-04-21,L2,P007,90,88,1,23
2025-04-21,L2,P008,64,62,2,4
2025-04-21,L3,P009,148,146,1,15
2025-04-21,L3,P010,152,148,3,26
2025-04-21,L3,P011,149,146,2,22
2025-04-21,L3,P012,170,168,2,0
2025-04-21,L3,P013,186,180,4,32
2025-04-21,L3,P014,175,172,2,13
2025-04-21,L4,P015,576,564,7,18
2025-04-21,L4,P016,560,545,4,37
2025-04-21,L4,P017,576,565,3,25
2025-04-21,L4,P018,304,299,5,0
2025-04-21,L4,P019,232,226,3,25
2025-04-21,L4,P020,302,291,6,32
2025-04-21,L5,P021,13,13,0,23
2025-04-21,L5,P022,26,26,0,10
2025-04-21,L5,P023,27,26,1,6
2025-04-21,L5,P024,15,15,0,0
2025-04-21,L5,P025,27,26,1,14
2025-04-22,L1,P001,116,113,1,38
2025-04-22,L1,P002,117,114,2,14
2025-04-22,L1,P003,108,106,1,26
2025-04-22,L1,P004,109,106,1,27
2025-04-22,L2,P005,83,81,2,6
2025-04-22,L2,P006,78,78,0,0
2025-04-22,L2,P007,96,94,1,26
2025-04-22,L2,P008,74,72,1,19
2025-04-22,L3,P009,179,177,2,6
2025-04-22,L3,P010,152,147,3,37
2025-04-22,L3,P011,155,152,1,38
2025-04-22,L3,P012,173,167,4,25
2025-04-22,L3,P013,173,171,2,5
2025-04-22,L3,P014,174,170,2,31
2025-04-22,L4,P015,529,517,5,24
2025-04-22,L4,P016,589,578,4,22
2025-04-22,L4,P017,754,740,14,0
2025-04-22,L4,P018,284,281,3,3
2025-04-22,L4,P019,304,295,4,33
2025-04-22,L4,P020,257,250,6,6
2025-04-22,L5,P021,31,31,0,14
2025-04-22,L5,P022,21,21,0,20
2025-04-22,L5,P023,37,36,1,16
2025-04-22,L5,P024,42,41,1,12
2025-04-22,L5,P025,38,36,1,29
2025-04-23,L1,P001,117,115,1,24
2025-04-23,L1,P002,94,91,2,14
2025-04-23,L1,P003,120,116,2,27
2025-04-23,L1,P004,117,113,2,29
2025-04-23,L2,P005,98,97,1,5
2025-04-23,L2,P006,58,56,1,17
2025-04-23,L2,P007,64,63,0,42
2025-04-23,L2,P008,55,54,0,27
2025-04-23,L3,P009,185,181,3,23
2025-04-23,L3,P010,159,155,3,14
2025-04-23,L3,P011,198,196,2,6
2025-04-23,L3,P012,152,150,2,5
2025-04-23,L3,P013,198,195,3,6
2025-04-23,L3,P014,162,158,3,17
2025-04-23,L4,P015,629,606,13,32
2025-04-23,L4,P016,580,568,11,4
2025-04-23,L4,P017,578,568,8,5
2025-04-23,L4,P018,260,256,2,18
2025-04-23,L4,P019,294,289,3,12
2025-04-23,L4,P020,239,233,2,30
2025-04-23,L5,P021,41,40,0,24
2025-04-23,L5,P022,19,19,0,16
2025-04-23,L5,P023,32,32,0,1
2025-04-23,L5,P024,15,15,0,5
2025-04-23,L5,P025,23,22,1,33
2025-04-24,L1,P001,105,102,2,15
2025-04-24,L1,P002,109,106,2,14
2025-04-24,L1,P003,135,131,2,28
2025-04-24,L1,P004,147,141,3,43
2025-04-24,L2,P005,95,92,2,15
2025-04-24,L2,P006,95,93,2,8
2025-04-24,L2,P007,53,52,1,11
2025-04-24,L2,P008,66,63,2,23
2025-04-24,L3,P009,171,167,3,13
2025-04-24,L3,P010,201,197,3,8
2025-04-24,L3,P011,220,214,4,32
2025-04-24,L3,P012,186,184,1,12
2025-04-24,L3,P013,200,195,5,0
2025-04-24,L3,P014,182,178,3,14
2025-04-24,L4,P015,720,713,7,0
2025-04-24,L4,P016,701,681,8,33
2025-04-24,L4,P017,629,613,7,26
2025-04-24,L4,P018,310,304,4,12
2025-04-24,L4,P019,440,424,10,25
2025-04-24,L4,P020,339,334,2,18
2025-04-24,L5,P021,34,33,1,8
2025-04-24,L5,P022,23,23,0,15
2025-04-24,L5,P023,15,15,0,0
2025-04-24,L5,P024,34,33,1,1
2025-04-24,L5,P025,40,39,0,26
2025-04-25,L1,P001,164,162,1,17
2025-04-25,L1,P002,164,160,1,36
2025-04-25,L1,P003,158,154,2,26
2025-04-25,L1,P004,144,139,3,29
2025-04-25,L2,P005,129,129,0,1
2025-04-25,L2,P006,103,101,2,8
2025-04-25,L2,P007,102,99,2,10
2025-04-25,L2,P008,91,91,0,6
2025-04-25,L3,P009,277,272,5,4
2025-04-25,L3,P010,229,223,3,33
2025-04-25,L3,P011,209,205,3,13
2025-04-25,L3,P012,251,244,6,11
2025-04-25,L3,P013,231,224,5,22
2025-04-25,L3,P014,240,235,4,11
2025-04-25,L4,P015,802,782,14,14
2025-04-25,L4,P016,854,821,16,38
2025-04-25,L4,P017,862,854,8,0
2025-04-25,L4,P018,340,333,5,11
2025-04-25,L4,P019,359,350,9,0
2025-04-25,L4,P020,371,367,3,5
2025-04-25,L5,P021,50,48,1,44
2025-04-25,L5,P022,47,46,1,6
2025-04-25,L5,P023,42,40,1,26
2025-04-25,L5,P024,34,33,1,27
2025-04-25,L5,P025,29,28,0,44
2025-04-26,L1,P001,93,89,2,33
2025-04-26,L1,P002,113,110,2,15
2025-04-26,L1,P003,104,100,2,30
2025-04-26,L1,P004,152,147,3,26
2025-04-26,L2,P005,76,74,0,43
2025-04-26,L2,P006,69,67,1,27
2025-04-26,L2,P007,61,59,1,31
2025-04-26,L2,P008,69,67,1,22
2025-04-26,L3,P009,186,181,3,38
2025-04-26,L3,P010,175,172,3,0
2025-04-26,L3,P011,138,136,1,28
2025-04-26,L3,P012,155,151,3,11
2025-04-26,L3,P013,187,179,5,45
2025-04-26,L3,P014,168,164,2,27
2025-04-26,L4,P015,541,537,4,0
2025-04-26,L4,P016,491,478,6,27
2025-04-26,L4,P017,520,510,8,6
2025-04-26,L4,P018,245,239,3,26
2025-04-26,L4,P019,278,272,4,14
2025-04-26,L4,P020,242,239,2,8
2025-04-26,L5,P021,51,50,0,50
2025-04-26,L5,P022,27,27,0,4
2025-04-26,L5,P023,20,20,0,23
2025-04-26,L5,P024,39,37,1,34
2025-04-26,L5,P025,16,16,0,17
2025-04-27,L1,P001,120,117,3,5
2025-04-27,L1,P002,92,90,1,14
2025-04-27,L1,P003,116,111,3,25
2025-04-27,L1,P004,115,112,1,28
2025-04-27,L2,P005,59,58,0,33
2025-04-27,L2,P006,96,94,1,23
2025-04-27,L2,P007,67,67,0,5
2025-04-27,L2,P008,65,64,1,8
2025-04-27,L3,P009,196,193,3,0
2025-04-27,L3,P010,153,150,2,24
2025-04-27,L3,P011,222,220,1,12
2025-04-27,L3,P012,169,164,4,21
2025-04-27,L3,P013,171,166,2,45
2025-04-27,L3,P014,184,178,4,29
2025-04-27,L4,P015,583,564,12,23
2025-04-27,L4,P016,617,600,11,19
2025-04-27,L4,P017,606,591,8,22
2025-04-27,L4,P018,242,237,3,13
2025-04-27,L4,P019,237,235,2,2
2025-04-27,L4,P020,256,252,3,5
2025-04-27,L5,P021,29,28,0,34
2025-04-27,L5,P022,28,28,0,31
2025-04-27,L5,P023,24,23,1,10
2025-04-27,L5,P024,39,38,0,38
2025-04-27,L5,P025,22,22,0,14
2025-04-28,L1,P001,111,110,1,0
2025-04-28,L1,P002,101,97,2,35
2025-04-28,L1,P003,96,94,2,5
2025-04-28,L1,P004,138,134,3,18
2025-04-28,L2,P005,68,67,1,14
2025-04-28,L2,P006,64,63,1,8
2025-04-28,L2,P007,73,72,0,15
2025-04-28,L2,P008,78,76,1,33
2025-04-28,L3,P009,182,178,4,0
2025-04-28,L3,P010,157,153,4,0
2025-04-28,L3,P011,208,205,3,1
2025-04-28,L3,P012,186,183,3,0
2025-04-28,L3,P013,144,139,3,35
2025-04-28,L3,P014,215,210,2,43
2025-04-28,L4,P015,627,618,9,0
2025-04-28,L4,P016,603,590,7,18
2025-04-28,L4,P017,529,513,6,36
2025-04-28,L4,P018,273,265,5,18
2025-04-28,L4,P019,239,232,4,25
2025-04-28,L4,P020,237,229,3,42
2025-04-28,L5,P021,21,21,0,25
2025-04-28,L5,P022,23,22,1,21
2025-04-28,L5,P023,17,17,0,15
2025-04-28,L5,P024,19,19,0,29
2025-04-28,L5,P025,25,24,0,42
2025-04-29,L1,P001,125,121,3,12
2025-04-29,L1,P002,97,94,1,45
2025-04-29,L1,P003,93,90,1,48
2025-04-29,L1,P004,130,126,3,11
2025-04-29,L2,P005,88,85,2,31
2025-04-29,L2,P006,88,85,2,14
2025-04-29,L2,P007,81,79,1,14
2025-04-29,L2,P008,55,54,1,14
2025-04-29,L3,P009,156,153,2,18
2025-04-29,L3,P010,178,173,2,46
2025-04-29,L3,P011,182,177,3,34
2025-04-29,L3,P012,179,175,3,16
2025-04-29,L3,P013,184,181,3,7
2025-04-29,L3,P014,186,183,2,14
2025-04-29,L4,P015,562,554,7,3
2025-04-29,L4,P016,592,570,13,28
2025-04-29,L4,P017,574,553,12,29
2025-04-29,L4,P018,261,254,2,38
2025-04-29,L4,P019,268,261,4,19
2025-04-29,L4,P020,265,259,3,25
2025-04-29,L5,P021,40,38,1,33
2025-04-29,L5,P022,34,33,0,30
2025-04-29,L5,P023,26,25,1,1
2025-04-29,L5,P024,25,25,0,0
2025-04-29,L5,P025,30,29,1,20
2025-04-30,L1,P001,105,103,2,0
2025-04-30,L1,P002,137,136,1,0
2025-04-30,L1,P003,109,106,2,9
2025-04-30,L1,P004,121,118,1,24
2025-04-30,L2,P005,88,85,2,27
2025-04-30,L2,P006,70,67,1,49
2025-04-30,L2,P007,66,64,1,18
2025-04-30,L2,P008,74,72,1,18
2025-04-30,L3,P009,150,146,2,31
2025-04-30,L3,P010,156,152,4,8
2025-04-30,L3,P011,170,167,2,21
2025-04-30,L3,P012,174,170,3,18
2025-04-30,L3,P013,194,190,4,2
2025-04-30,L3,P014,162,160,2,7
2025-04-30,L4,P015,565,553,10,8
2025-04-30,L4,P016,613,607,6,0
2025-04-30,L4,P017,626,615,11,0
2025-04-30,L4,P018,271,267,1,24
2025-04-30,L4,P019,269,261,4,25
2025-04-30,L4,P020,357,347,6,20
2025-04-30,L5,P021,34,34,0,14
2025-04-30,L5,P022,11,11,0,14
2025-04-30,L5,P023,41,40,1,16
2025-04-30,L5,P024,30,30,0,32
2025-04-30,L5,P025,21,21,0,34
2025-05-01,L1,P001,133,131,2,0
2025-05-01,L1,P002,141,136,4,9
2025-05-01,L1,P003,116,113,2,23
2025-05-01,L1,P004,120,116,3,12
2025-05-01,L2,P005,83,81,1,31
2025-05-01,L2,P006,86,84,1,28
2025-05-01,L2,P007,88,86,1,22
2025-05-01,L2,P008,114,110,2,30
2025-05-01,L3,P009,199,194,3,30
2025-05-01,L3,P010,172,170,2,4
2025-05-01,L3,P011,198,192,3,37
2025-05-01,L3,P012,196,193,1,32
2025-05-01,L3,P013,206,199,6,17
2025-05-01,L3,P014,226,219,4,38
2025-05-01,L4,P015,660,639,14,21
2025-05-01,L4,P016,732,709,15,22
2025-05-01,L4,P017,673,648,12,36
2025-05-01,L4,P018,339,327,4,48
2025-05-01,L4,P019,422,405,8,42
2025-05-01,L4,P020,264,258,3,20
2025-05-01,L5,P021,46,44,1,23
2025-05-01,L5,P022,27,27,0,0
2025-05-01,L5,P023,25,25,0,8
2025-05-01,L5,P024,35,34,1,25
2025-05-01,L5,P025,30,29,1,4
2025-05-02,L1,P001,159,157,2,6
2025-05-02,L1,P002,192,191,1,0
2025-05-02,L1,P003,231,224,3,30
2025-05-02,L1,P004,169,166,2,8
2025-05-02,L2,P005,129,128,1,0
2025-05-02,L2,P006,92,89,2,14
2025-05-02,L2,P007,100,97,1,37
2025-05-02,L2,P008,81,79,1,18
2025-05-02,L3,P009,251,249,2,0
2025-05-02,L3,P010,202,198,3,18
2025-05-02,L3,P011,193,190,3,2
2025-05-02,L3,P012,253,251,2,0
2025-05-02,L3,P013,227,220,5,20
2025-05-02,L3,P014,231,223,4,44
2025-05-02,L4,P015,696,671,13,33
2025-05-02,L4,P016,758,732,14,31
2025-05-02,L4,P017,837,814,17,13
2025-05-02,L4,P018,362,358,1,14
2025-05-02,L4,P019,303,293,7,17
2025-05-02,L4,P020,325,317,6,10
2025-05-02,L5,P021,38,36,1,28
2025-05-02,L5,P022,40,39,0,25
2025-05-02,L5,P023,25,25,0,2
2025-05-02,L5,P024,31,30,1,28
2025-05-02,L5,P025,41,40,1,5
2025-05-03,L1,P001,103,100,2,27
2025-05-03,L1,P002,114,113,1,5
2025-05-03,L1,P003,111,109,1,23
2025-05-03,L1,P004,93,91,1,12
2025-05-03,L2,P005,92,90,1,12
2025-05-03,L2,P006,64,62,1,23
2025-05-03,L2,P007,44,43,0,32
2025-05-03,L2,P008,75,72,1,58
2025-05-03,L3,P009,235,231,2,25
2025-05-03,L3,P010,165,163,1,22
2025-05-03,L3,P011,161,157,3,24
2025-05-03,L3,P012,153,147,4,40
2025-05-03,L3,P013,170,167,3,0
2025-05-03,L3,P014,162,157,4,26
2025-05-03,L4,P015,576,558,8,32
2025-05-03,L4,P016,663,645,8,28
2025-05-03,L4,P017,544,533,10,5
2025-05-03,L4,P018,202,199,1,16
2025-05-03,L4,P019,259,252,5,14
2025-05-03,L4,P020,252,243,5,32
2025-05-03,L5,P021,29,28,1,18
2025-05-03,L5,P022,30,29,1,17
2025-05-03,L5,P023,31,30,1,24
2025-05-03,L5,P024,38,38,0,14
2025-05-03,L5,P025,40,38,1,26
2025-05-04,L1,P001,134,131,1,29
2025-05-04,L1,P002,91,89,1,15
2025-05-04,L1,P003,100,97,2,16
2025-05-04,L1,P004,110,106,3,21
2025-05-04,L2,P005,82,80,1,25
2025-05-04,L2,P006,70,67,2,38
2025-05-04,L2,P007,83,80,1,35
2025-05-04,L2,P008,70,67,2,26
2025-05-04,L3,P009,207,201,2,51
2025-05-04,L3,P010,173,168,3,26
2025-05-04,L3,P011,198,196,2,2
2025-05-04,L3,P012,181,176,4,22
2025-05-04,L3,P013,251,248,3,0
2025-05-04,L3,P014,157,153,2,40
2025-05-04,L4,P015,588,578,10,0
2025-05-04,L4,P016,536,523,8,17
2025-05-04,L4,P017,604,585,14,16
2025-05-04,L4,P018,313,304,4,33
2025-05-04,L4,P019,221,216,4,10
2025-05-04,L4,P020,287,278,5,25
2025-05-04,L5,P021,14,14,0,45
2025-05-04,L5,P022,24,23,1,0
2025-05-04,L5,P023,32,31,1,23
2025-05-04,L5,P024,25,25,0,29
2025-05-04,L5,P025,42,40,1,44
2025-05-05,L1,P001,126,120,2,57
2025-05-05,L1,P002,100,96,1,52
2025-05-05,L1,P003,106,102,3,25
2025-05-05,L1,P004,104,104,0,0
2025-05-05,L2,P005,81,79,1,32
2025-05-05,L2,P006,52,50,1,20
2025-05-05,L2,P007,70,68,1,20
2025-05-05,L2,P008,67,66,1,0
2025-05-05,L3,P009,169,164,3,27
2025-05-05,L3,P010,172,169,2,14
2025-05-05,L3,P011,167,165,2,0
2025-05-05,L3,P012,169,167,2,0
2025-05-05,L3,P013,155,151,3,13
2025-05-05,L3,P014,186,180,4,37
2025-05-05,L4,P015,818,807,7,9
2025-05-05,L4,P016,570,556,6,27
2025-05-05,L4,P017,588,565,14,30
2025-05-05,L4,P018,277,270,3,31
2025-05-05,L4,P019,281,278,2,10
2025-05-05,L4,P020,226,221,1,31
2025-05-05,L5,P021,23,23,0,15
2025-05-05,L5,P022,26,26,0,23
2025-05-05,L5,P023,34,32,1,31
2025-05-05,L5,P024,33,33,0,10
2025-05-05,L5,P025,15,15,0,9
2025-05-06,L1,P001,106,103,2,20
2025-05-06,L1,P002,112,108,2,38
2025-05-06,L1,P003,113,111,1,10
2025-05-06,L1,P004,122,120,1,21
2025-05-06,L2,P005,59,58,0,19
2025-05-06,L2,P006,80,79,1,3
2025-05-06,L2,P007,60,58,2,14
2025-05-06,L2,P008,85,84,0,29
2025-05-06,L3,P009,168,164,3,15
2025-05-06,L3,P010,198,193,5,1
2025-05-06,L3,P011,170,167,3,5
2025-05-06,L3,P012,185,181,2,25
2025-05-06,L3,P013,136,132,3,30
2025-05-06,L3,P014,169,165,3,23
2025-05-06,L4,P015,565,558,7,0
2025-05-06,L4,P016,603,583,14,20
2025-05-06,L4,P017,547,532,12,11
2025-05-06,L4,P018,242,235,2,37
2025-05-06,L4,P019,221,215,5,12
2025-05-06,L4,P020,256,244,5,56
2025-05-06,L5,P021,31,30,1,24
2025-05-06,L5,P022,21,21,0,41
2025-05-06,L5,P023,33,32,1,28
2025-05-06,L5,P024,29,29,0,20
2025-05-06,L5,P025,29,29,0,23
2025-05-07,L1,P001,122,117,3,30
2025-05-07,L1,P002,117,114,3,3
2025-05-07,L1,P003,110,106,2,28
2025-05-07,L1,P004,103,103,0,0
2025-05-07,L2,P005,75,73,1,27
2025-05-07,L2,P006,77,76,1,0
2025-05-07,L2,P007,67,66,1,0
2025-05-07,L2,P008,48,47,0,24
2025-05-07,L3,P009,174,169,4,16
2025-05-07,L3,P010,181,176,3,26
2025-05-07,L3,P011,181,176,3,39
2025-05-07,L3,P012,186,183,3,7
2025-05-07,L3,P013,172,166,5,19
2025-05-07,L3,P014,256,249,5,17
2025-05-07,L4,P015,532,518,5,34
2025-05-07,L4,P016,563,550,5,26
2025-05-07,L4,P017,622,603,11,24
2025-05-07,L4,P018,268,258,6,31
2025-05-07,L4,P019,298,289,6,18
2025-05-07,L4,P020,282,274,4,28
2025-05-07,L5,P021,28,27,1,2
2025-05-07,L5,P022,32,32,0,10
2025-05-07,L5,P023,31,31,0,11
2025-05-07,L5,P024,11,11,0,31
2025-05-07,L5,P025,22,21,1,0
2025-05-08,L1,P001,158,155,2,17
2025-05-08,L1,P002,170,167,2,8
2025-05-08,L1,P003,132,128,3,21
2025-05-08,L1,P004,139,135,4,0
2025-05-08,L2,P005,119,118,1,6
2025-05-08,L2,P006,67,65,1,28
2025-05-08,L2,P007,90,87,2,30
2025-05-08,L2,P008,96,95,1,0
2025-05-08,L3,P009,178,176,1,19
2025-05-08,L3,P010,201,195,3,43
2025-05-08,L3,P011,178,174,2,33
2025-05-08,L3,P012,203,198,3,30
2025-05-08,L3,P013,222,218,4,3
2025-05-08,L3,P014,214,208,4,31
2025-05-08,L4,P015,674,650,17,21
2025-05-08,L4,P016,664,657,5,5
2025-05-08,L4,P017,638,626,7,14
2025-05-08,L4,P018,335,325,4,37
2025-05-08,L4,P019,323,314,5,23
2025-05-08,L4,P020,356,344,3,47
2025-05-08,L5,P021,30,30,0,25
2025-05-08,L5,P022,34,33,1,0
2025-05-08,L5,P023,37,36,1,0
2025-05-08,L5,P024,49,48,1,2
2025-05-08,L5,P025,21,21,0,14
2025-05-09,L1,P001,184,181,2,13
2025-05-09,L1,P002,154,151,2,12
2025-05-09,L1,P003,151,146,2,37
2025-05-09,L1,P004,159,155,2,26
2025-05-09,L2,P005,88,87,1,0
2025-05-09,L2,P006,112,109,1,35
2025-05-09,L2,P007,103,101,2,0
2025-05-09,L2,P008,85,82,1,38
2025-05-09,L3,P009,269,263,4,17
2025-05-09,L3,P010,265,256,8,15
2025-05-09,L3,P011,326,322,2,20
2025-05-09,L3,P012,258,252,5,15
2025-05-09,L3,P013,210,203,4,45
2025-05-09,L3,P014,218,213,2,36
2025-05-09,L4,P015,738,719,3,42
2025-05-09,L4,P016,806,795,3,18
2025-05-09,L4,P017,803,793,6,9
2025-05-09,L4,P018,357,346,7,21
2025-05-09,L4,P019,379,371,6,9
2025-05-09,L4,P020,366,354,4,40
2025-05-09,L5,P021,29,29,0,29
2025-05-09,L5,P022,35,35,0,19
2025-05-09,L5,P023,42,42,0,18
2025-05-09,L5,P024,51,49,1,42
2025-05-09,L5,P025,43,42,0,28
2025-05-10,L1,P001,87,84,1,38
2025-05-10,L1,P002,106,103,2,27
2025-05-10,L1,P003,84,80,2,39
2025-05-10,L1,P004,100,99,1,4
2025-05-10,L2,P005,80,79,1,11
2025-05-10,L2,P006,90,88,1,13
2025-05-10,L2,P007,80,78,1,24
2025-05-10,L2,P008,65,63,1,21
2025-05-10,L3,P009,162,159,2,15
2025-05-10,L3,P010,184,181,2,18
2025-05-10,L3,P011,151,148,1,32
2025-05-10,L3,P012,179,175,4,0
2025-05-10,L3,P013,143,141,1,19
2025-05-10,L3,P014,149,146,2,19
2025-05-10,L4,P015,572,550,8,47
2025-05-10,L4,P016,560,546,7,24
2025-05-10,L4,P017,546,528,11,23
2025-05-10,L4,P018,256,251,5,0
2025-05-10,L4,P019,259,258,0,10
2025-05-10,L4,P020,250,246,2,18
2025-05-10,L5,P021,22,22,0,19
2025-05-10,L5,P022,26,26,0,16
2025-05-10,L5,P023,16,16,0,27
2025-05-10,L5,P024,39,38,1,23
2025-05-10,L5,P025,17,17,0,0
2025-05-11,L1,P001,97,94,1,40
2025-05-11,L1,P002,109,107,1,23
2025-05-11,L1,P003,78,76,2,7
2025-05-11,L1,P004,138,133,4,19
2025-05-11,L2,P005,62,59,1,48
2025-05-11,L2,P006,67,65,1,37
2025-05-11,L2,P007,81,80,1,10
2025-05-11,L2,P008,94,91,2,14
2025-05-11,L3,P009,180,177,3,0
2025-05-11,L3,P010,161,159,2,0
2025-05-11,L3,P011,165,164,1,3
2025-05-11,L3,P012,169,164,3,27
2025-05-11,L3,P013,179,177,2,0
2025-05-11,L3,P014,180,175,4,13
2025-05-11,L4,P015,605,593,4,25
2025-05-11,L4,P016,642,631,11,1
2025-05-11,L4,P017,592,575,14,10
2025-05-11,L4,P018,268,257,6,38
2025-05-11,L4,P019,387,377,3,36
2025-05-11,L4,P020,288,282,6,0
2025-05-11,L5,P021,20,20,0,45
2025-05-11,L5,P022,31,29,1,37
2025-05-11,L5,P023,22,22,0,23
2025-05-11,L5,P024,44,42,1,43
2025-05-11,L5,P025,40,39,1,2
2025-05-12,L1,P001,133,128,3,29
2025-05-12,L1,P002,106,105,0,14
2025-05-12,L1,P003,105,102,3,0
2025-05-12,L1,P004,136,131,2,38
2025-05-12,L2,P005,64,63,1,11
2025-05-12,L2,P006,66,64,1,25
2025-05-12,L2,P007,61,59,1,22
2025-05-12,L2,P008,68,66,1,29
2025-05-12,L3,P009,190,188,2,6
2025-05-12,L3,P010,190,184,3,45
2025-05-12,L3,P011,168,163,3,28
2025-05-12,L3,P012,179,176,3,6
2025-05-12,L3,P013,170,167,2,19
2025-05-12,L3,P014,199,196,3,6
2025-05-12,L4,P015,657,641,6,30
2025-05-12,L4,P016,629,620,7,5
2025-05-12,L4,P017,582,575,4,9
2025-05-12,L4,P018,310,301,2,46
2025-05-12,L4,P019,297,289,6,11
2025-05-12,L4,P020,262,253,3,41
2025-05-12,L5,P021,32,32,0,0
2025-05-12,L5,P022,22,21,1,37
2025-05-12,L5,P023,16,16,0,17
2025-05-12,L5,P024,48,47,0,49
2025-05-12,L5,P025,31,30,0,33
2025-05-13,L1,P001,95,93,1,27
2025-05-13,L1,P002,104,103,1,2
2025-05-13,L1,P003,119,117,2,7
2025-05-13,L1,P004,90,87,2,27
2025-05-13,L2,P005,58,56,1,21
2025-05-13,L2,P006,90,87,1,45
2025-05-13,L2,P007,39,38,0,25
2025-05-13,L2,P008,96,94,1,20
2025-05-13,L3,P009,161,157,2,35
2025-05-13,L3,P010,208,206,2,1
2025-05-13,L3,P011,168,164,2,33
2025-05-13,L3,P012,180,176,2,35
2025-05-13,L3,P013,162,157,4,12
2025-05-13,L3,P014,196,193,3,7
2025-05-13,L4,P015,631,618,7,18
2025-05-13,L4,P016,563,546,11,19
2025-05-13,L4,P017,653,645,6,5
2025-05-13,L4,P018,329,325,4,1
2025-05-13,L4,P019,236,233,2,9
2025-05-13,L4,P020,323,310,8,32
2025-05-13,L5,P021,25,25,0,11
2025-05-13,L5,P022,31,31,0,2
2025-05-13,L5,P023,23,23,0,6
2025-05-13,L5,P024,23,23,0,38
2025-05-13,L5,P025,38,37,1,13
2025-05-14,L1,P001,91,88,2,18
2025-05-14,L1,P002,114,111,2,20
2025-05-14,L1,P003,105,104,1,0
2025-05-14,L1,P004,123,120,2,10
2025-05-14,L2,P005,87,86,1,0
2025-05-14,L2,P006,81,79,1,20
2025-05-14,L2,P007,78,75,1,39
2025-05-14,L2,P008,73,70,1,46
2025-05-14,L3,P009,180,177,3,0
2025-05-14,L3,P010,208,203,3,30
2025-05-14,L3,P011,176,173,2,24
2025-05-14,L3,P012,192,189,2,18
2025-05-14,L3,P013,197,195,1,9
2025-05-14,L3,P014,205,202,2,15
2025-05-14,L4,P015,592,577,7,27
2025-05-14,L4,P016,593,576,6,34
2025-05-14,L4,P017,607,588,15,13
2025-05-14,L4,P018,294,285,4,30
2025-05-14,L4,P019,228,223,3,16
2025-05-14,L4,P020,264,257,5,18
2025-05-14,L5,P021,28,28,0,7
2025-05-14,L5,P022,37,35,1,45
2025-05-14,L5,P023,23,23,0,27
2025-05-14,L5,P024,21,21,0,31
2025-05-14,L5,P025,27,27,0,14
2025-05-15,L1,P001,119,117,1,16
2025-05-15,L1,P002,134,133,0,21
2025-05-15,L1,P003,148,147,1,0
2025-05-15,L1,P004,93,89,2,31
2025-05-15,L2,P005,76,75,1,3
2025-05-15,L2,P006,85,84,1,0
2025-05-15,L2,P007,96,94,2,0
2025-05-15,L2,P008,86,85,1,7
2025-05-15,L3,P009,201,197,4,0
2025-05-15,L3,P010,221,215,6,6
2025-05-15,L3,P011,200,196,3,18
2025-05-15,L3,P012,171,169,2,4
2025-05-15,L3,P013,187,180,4,46
2025-05-15,L3,P014,205,200,3,31
2025-05-15,L4,P015,660,643,8,26
2025-05-15,L4,P016,704,681,15,21
2025-05-15,L4,P017,655,636,13,17
2025-05-15,L4,P018,356,347,3,32
2025-05-15,L4,P019,449,441,5,12
2025-05-15,L4,P020,333,323,4,37
2025-05-15,L5,P021,27,26,0,38
2025-05-15,L5,P022,32,32,0,12
2025-05-15,L5,P023,49,48,0,33
2025-05-15,L5,P024,27,26,1,21
2025-05-15,L5,P025,47,45,1,25
2025-05-16,L1,P001,157,153,3,18
2025-05-16,L1,P002,153,148,3,23
2025-05-16,L1,P003,149,146,3,0
2025-05-16,L1,P004,175,173,2,0
2025-05-16,L2,P005,121,116,4,21
2025-05-16,L2,P006,114,110,2,36
2025-05-16,L2,P007,99,96,2,16
2025-05-16,L2,P008,115,114,1,5
2025-05-16,L3,P009,257,251,6,0
2025-05-16,L3,P010,244,239,3,21
2025-05-16,L3,P011,232,229,2,7
2025-05-16,L3,P012,259,254,2,32
2025-05-16,L3,P013,243,240,3,2
2025-05-16,L3,P014,257,250,5,20
2025-05-16,L4,P015,822,799,20,7
2025-05-16,L4,P016,701,684,10,19
2025-05-16,L4,P017,776,760,14,4
2025-05-16,L4,P018,326,321,4,7
2025-05-16,L4,P019,350,343,3,23
2025-05-16,L4,P020,525,519,6,0
2025-05-16,L5,P021,40,39,1,10
2025-05-16,L5,P022,44,43,1,3
2025-05-16,L5,P023,47,46,0,28
2025-05-16,L5,P024,31,31,0,24
2025-05-16,L5,P025,55,54,1,13
2025-05-17,L1,P001,104,100,2,39
2025-05-17,L1,P002,88,85,2,25
2025-05-17,L1,P003,126,123,2,13
2025-05-17,L1,P004,106,104,1,11
2025-05-17,L2,P005,66,64,1,35
2025-05-17,L2,P006,76,74,2,10
2025-05-17,L2,P007,80,78,1,17
2025-05-17,L2,P008,79,77,1,17
2025-05-17,L3,P009,166,163,2,24
2025-05-17,L3,P010,171,167,3,25
2025-05-17,L3,P011,168,165,3,0
2025-05-17,L3,P012,137,135,1,14
2025-05-17,L3,P013,182,177,2,42
2025-05-17,L3,P014,188,185,3,0
2025-05-17,L4,P015,759,758,1,0
2025-05-17,L4,P016,560,553,5,8
2025-05-17,L4,P017,553,539,7,23
2025-05-17,L4,P018,250,244,6,0
2025-05-17,L4,P019,252,248,3,9
2025-05-17,L4,P020,239,229,5,41
2025-05-17,L5,P021,37,36,1,3
2025-05-17,L5,P022,26,26,0,19
2025-05-17,L5,P023,24,24,0,16
2025-05-17,L5,P024,32,32,0,11
2025-05-17,L5,P025,26,26,0,13
2025-05-18,L1,P001,101,99,2,0
2025-05-18,L1,P002,96,93,1,44
2025-05-18,L1,P003,129,129,0,0
2025-05-18,L1,P004,90,88,2,10
2025-05-18,L2,P005,78,77,1,11
2025-05-18,L2,P006,94,91,2,20
2025-05-18,L2,P007,63,61,2,9
2025-05-18,L2,P008,78,76,1,16
2025-05-18,L3,P009,120,116,3,27
2025-05-18,L3,P010,203,198,3,34
2025-05-18,L3,P011,157,153,2,38
2025-05-18,L3,P012,183,180,3,3
2025-05-18,L3,P013,171,168,1,33
2025-05-18,L3,P014,215,213,2,0
2025-05-18,L4,P015,567,550,11,20
2025-05-18,L4,P016,569,554,5,33
2025-05-18,L4,P017,568,555,9,13
2025-05-18,L4,P018,252,243,5,28
2025-05-18,L4,P019,382,367,9,31
2025-05-18,L4,P020,219,209,5,45
2025-05-18,L5,P021,29,29,0,31
2025-05-18,L5,P022,40,38,1,45
2025-05-18,L5,P023,43,43,0,6
2025-05-18,L5,P024,33,32,0,42
2025-05-18,L5,P025,27,27,0,7
2025-05-19,L1,P001,101,100,1,3
2025-05-19,L1,P002,117,116,1,5
2025-05-19,L1,P003,127,123,3,19
2025-05-19,L1,P004,97,94,2,13
2025-05-19,L2,P005,81,79,1,16
2025-05-19,L2,P006,76,76,0,7
2025-05-19,L2,P007,72,70,1,21
2025-05-19,L2,P008,70,68,1,36
2025-05-19,L3,P009,157,155,1,25
2025-05-19,L3,P010,206,202,2,29
2025-05-19,L3,P011,134,131,2,14
2025-05-19,L3,P012,183,181,1,15
2025-05-19,L3,P013,191,187,3,10
2025-05-19,L3,P014,184,181,2,22
2025-05-19,L4,P015,511,497,14,0
2025-05-19,L4,P016,580,569,9,5
2025-05-19,L4,P017,538,525,9,14
2025-05-19,L4,P018,288,280,4,29
2025-05-19,L4,P019,304,296,5,19
2025-05-19,L4,P020,265,256,4,33
2025-05-19,L5,P021,20,20,0,24
2025-05-19,L5,P022,28,28,0,33
2025-05-19,L5,P023,24,23,1,6
2025-05-19,L5,P024,28,28,0,2
2025-05-19,L5,P025,34,33,1,23
2025-05-20,L1,P001,100,99,1,2
2025-05-20,L1,P002,133,131,2,0
2025-05-20,L1,P003,93,88,2,54
2025-05-20,L1,P004,86,85,1,1
2025-05-20,L2,P005,56,55,0,18
2025-05-20,L2,P006,81,79,1,13
2025-05-20,L2,P007,64,63,1,0
2025-05-20,L2,P008,57,55,1,22
2025-05-20,L3,P009,147,142,3,31
2025-05-20,L3,P010,199,193,3,44
2025-05-20,L3,P011,174,169,4,24
2025-05-20,L3,P012,171,167,1,50
2025-05-20,L3,P013,188,185,3,0
2025-05-20,L3,P014,169,164,4,16
2025-05-20,L4,P015,663,638,15,29
2025-05-20,L4,P016,648,641,6,3
2025-05-20,L4,P017,653,650,1,7
2025-05-20,L4,P018,300,291,5,25
2025-05-20,L4,P019,287,279,4,29
2025-05-20,L4,P020,280,277,3,0
2025-05-20,L5,P021,23,22,0,49
2025-05-20,L5,P022,39,39,0,9
2025-05-20,L5,P023,22,22,0,25
2025-05-20,L5,P024,26,25,1,21
2025-05-20,L5,P025,22,22,0,13
2025-05-21,L1,P001,98,95,1,30
2025-05-21,L1,P002,113,111,1,14
2025-05-21,L1,P003,111,107,2,28
2025-05-21,L1,P004,117,111,3,42
2025-05-21,L2,P005,79,77,1,25
2025-05-21,L2,P006,118,117,0,10
2025-05-21,L2,P007,85,83,1,14
2025-05-21,L2,P008,58,57,1,15
2025-05-21,L3,P009,211,208,2,15
2025-05-21,L3,P010,178,176,1,24
2025-05-21,L3,P011,162,159,2,20
2025-05-21,L3,P012,186,183,3,0
2025-05-21,L3,P013,240,236,2,22
2025-05-21,L3,P014,199,195,2,33
2025-05-21,L4,P015,621,598,11,37
2025-05-21,L4,P016,612,599,7,19
2025-05-21,L4,P017,614,606,8,0
2025-05-21,L4,P018,268,261,3,28
2025-05-21,L4,P019,299,290,7,13
2025-05-21,L4,P020,296,286,2,50
2025-05-21,L5,P021,39,38,1,13
2025-05-21,L5,P022,26,25,0,43
2025-05-21,L5,P023,43,42,1,21
2025-05-21,L5,P024,25,24,1,16
2025-05-21,L5,P025,37,35,1,43
2025-05-22,L1,P001,165,161,3,16
2025-05-22,L1,P002,121,119,1,17
2025-05-22,L1,P003,148,141,4,35
2025-05-22,L1,P004,106,104,1,26
2025-05-22,L2,P005,92,90,1,19
2025-05-22,L2,P006,55,54,0,27
2025-05-22,L2,P007,75,75,0,0
2025-05-22,L2,P008,105,102,1,37
2025-05-22,L3,P009,231,226,3,21
2025-05-22,L3,P010,183,176,4,41
2025-05-22,L3,P011,210,205,4,16
2025-05-22,L3,P012,176,173,2,14
2025-05-22,L3,P013,193,191,0,37
2025-05-22,L3,P014,175,169,3,53
2025-05-22,L4,P015,932,915,11,13
2025-05-22,L4,P016,924,883,21,42
2025-05-22,L4,P017,645,629,8,24
2025-05-22,L4,P018,306,297,5,23
2025-05-22,L4,P019,322,316,5,8
2025-05-22,L4,P020,357,349,4,19
2025-05-22,L5,P021,29,29,0,9
2025-05-22,L5,P022,28,28,0,19
2025-05-22,L5,P023,48,46,1,23
2025-05-22,L5,P024,30,30,0,9
2025-05-22,L5,P025,34,34,0,22
2025-05-23,L1,P001,155,152,3,0
2025-05-23,L1,P002,153,149,2,27
2025-05-23,L1,P003,154,150,1,32
2025-05-23,L1,P004,158,155,3,0
2025-05-23,L2,P005,119,114,3,40
2025-05-23,L2,P006,119,116,3,7
2025-05-23,L2,P007,133,128,2,38
2025-05-23,L2,P008,128,125,1,33
2025-05-23,L3,P009,188,184,3,19
2025-05-23,L3,P010,210,204,4,33
2025-05-23,L3,P011,224,220,2,24
2025-05-23,L3,P012,219,213,3,35
2025-05-23,L3,P013,268,262,5,14
2025-05-23,L3,P014,261,257,3,13
2025-05-23,L4,P015,789,776,10,8
2025-05-23,L4,P016,757,732,12,34
2025-05-23,L4,P017,794,785,4,12
2025-05-23,L4,P018,369,367,2,2
2025-05-23,L4,P019,346,335,6,28
2025-05-23,L4,P020,414,400,6,36
2025-05-23,L5,P021,43,43,0,13
2025-05-23,L5,P022,47,46,1,0
2025-05-23,L5,P023,47,45,1,22
2025-05-23,L5,P024,41,41,0,0
2025-05-23,L5,P025,37,36,1,14
2025-05-24,L1,P001,118,113,3,28
2025-05-24,L1,P002,88,85,2,29
2025-05-24,L1,P003,114,112,1,19
2025-05-24,L1,P004,101,99,1,17
2025-05-24,L2,P005,61,60,1,15
2025-05-24,L2,P006,66,64,1,16
2025-05-24,L2,P007,66,64,1,17
2025-05-24,L2,P008,74,73,0,28
2025-05-24,L3,P009,148,144,3,24
2025-05-24,L3,P010,135,131,3,11
2025-05-24,L3,P011,131,124,5,34
2025-05-24,L3,P012,147,142,3,40
2025-05-24,L3,P013,183,179,4,0
2025-05-24,L3,P014,192,188,4,0
2025-05-24,L4,P015,618,599,11,26
2025-05-24,L4,P016,593,579,3,35
2025-05-24,L4,P017,596,585,5,20
2025-05-24,L4,P018,241,235,5,10
2025-05-24,L4,P019,278,270,5,22
2025-05-24,L4,P020,259,252,6,5
2025-05-24,L5,P021,24,24,0,30
2025-05-24,L5,P022,35,34,1,12
2025-05-24,L5,P023,31,31,0,28
2025-05-24,L5,P024,24,24,0,25
2025-05-24,L5,P025,25,24,1,38
2025-05-25,L1,P001,103,101,1,11
2025-05-25,L1,P002,131,130,1,0
2025-05-25,L1,P003,90,87,1,34
2025-05-25,L1,P004,103,100,3,0
2025-05-25,L2,P005,66,64,1,15
2025-05-25,L2,P006,82,78,2,46
2025-05-25,L2,P007,86,83,1,37
2025-05-25,L2,P008,53,51,1,19
2025-05-25,L3,P009,149,148,1,0
2025-05-25,L3,P010,186,183,3,4
2025-05-25,L3,P011,173,170,1,29
2025-05-25,L3,P012,163,158,2,50
2025-05-25,L3,P013,189,184,4,17
2025-05-25,L3,P014,196,192,1,37
2025-05-25,L4,P015,614,597,8,28
2025-05-25,L4,P016,544,536,7,4
2025-05-25,L4,P017,568,560,7,5
2025-05-25,L4,P018,233,228,3,17
2025-05-25,L4,P019,226,217,4,41
2025-05-25,L4,P020,280,274,4,13
2025-05-25,L5,P021,11,11,0,14
2025-05-25,L5,P022,45,44,1,14
2025-05-25,L5,P023,45,44,0,26
2025-05-25,L5,P024,35,34,1,27
2025-05-25,L5,P025,30,29,1,0
2025-05-26,L1,P001,109,105,3,22
2025-05-26,L1,P002,114,112,0,30
2025-05-26,L1,P003,140,137,2,13
2025-05-26,L1,P004,119,115,2,28
2025-05-26,L2,P005,84,83,1,4
2025-05-26,L2,P006,97,93,3,27
2025-05-26,L2,P007,70,69,1,0
2025-05-26,L2,P008,66,63,2,42
2025-05-26,L3,P009,180,177,3,0
2025-05-26,L3,P010,211,208,2,20
2025-05-26,L3,P011,196,191,4,22
2025-05-26,L3,P012,194,189,4,12
2025-05-26,L3,P013,176,173,3,7
2025-05-26,L3,P014,158,157,1,0
2025-05-26,L4,P015,535,515,4,57
2025-05-26,L4,P016,578,571,7,0
2025-05-26,L4,P017,520,509,5,22
2025-05-26,L4,P018,295,290,4,4
2025-05-26,L4,P019,402,393,6,14
2025-05-26,L4,P020,241,233,4,30
2025-05-26,L5,P021,22,22,0,37
2025-05-26,L5,P022,39,38,1,24
2025-05-26,L5,P023,29,28,0,37
2025-05-26,L5,P024,25,25,0,38
2025-05-26,L5,P025,17,17,0,14
2025-05-27,L1,P001,100,97,2,21
2025-05-27,L1,P002,101,99,1,21
2025-05-27,L1,P003,99,95,2,36
2025-05-27,L1,P004,120,117,3,5
2025-05-27,L2,P005,94,93,1,6
2025-05-27,L2,P006,73,70,1,49
2025-05-27,L2,P007,93,91,1,17
2025-05-27,L2,P008,66,63,2,20
2025-05-27,L3,P009,157,155,2,1
2025-05-27,L3,P010,166,164,1,11
2025-05-27,L3,P011,181,177,4,4
2025-05-27,L3,P012,199,194,3,27
2025-05-27,L3,P013,165,162,1,36
2025-05-27,L3,P014,181,177,4,0
2025-05-27,L4,P015,575,554,11,34
2025-05-27,L4,P016,597,579,8,31
2025-05-27,L4,P017,554,537,12,16
2025-05-27,L4,P018,260,255,4,5
2025-05-27,L4,P019,260,254,4,13
2025-05-27,L4,P020,299,292,5,10
2025-05-27,L5,P021,21,21,0,20
2025-05-27,L5,P022,14,14,0,33
2025-05-27,L5,P023,39,39,0,8
2025-05-27,L5,P024,32,32,0,0
2025-05-27,L5,P025,40,39,0,48
2025-05-28,L1,P001,70,68,1,21
2025-05-28,L1,P002,109,106,3,0
2025-05-28,L1,P003,81,78,1,42
2025-05-28,L1,P004,129,126,1,31
2025-05-28,L2,P005,68,67,1,9
2025-05-28,L2,P006,70,68,1,34
2025-05-28,L2,P007,93,92,1,3
2025-05-28,L2,P008,69,67,1,20
2025-05-28,L3,P009,170,167,2,17
2025-05-28,L3,P010,158,155,1,44
2025-05-28,L3,P011,148,144,3,15
2025-05-28,L3,P012,173,168,3,32
2025-05-28,L3,P013,138,134,2,38
2025-05-28,L3,P014,262,257,5,5
2025-05-28,L4,P015,610,589,15,18
2025-05-28,L4,P016,592,581,6,15
2025-05-28,L4,P017,542,534,4,15
2025-05-28,L4,P018,267,255,7,33
2025-05-28,L4,P019,292,283,6,23
2025-05-28,L4,P020,303,292,6,30
2025-05-28,L5,P021,47,46,1,16
2025-05-28,L5,P022,25,25,0,27
2025-05-28,L5,P023,44,42,1,29
2025-05-28,L5,P024,39,37,1,40
2025-05-28,L5,P025,23,22,1,22
2025-05-29,L1,P001,105,101,2,42
2025-05-29,L1,P002,119,116,2,17
2025-05-29,L1,P003,122,118,2,37
2025-05-29,L1,P004,117,114,1,27
2025-05-29,L2,P005,70,68,1,14
2025-05-29,L2,P006,86,83,1,36
2025-05-29,L2,P007,83,82,1,0
2025-05-29,L2,P008,76,74,2,12
2025-05-29,L3,P009,173,172,1,6
2025-05-29,L3,P010,226,224,2,0
2025-05-29,L3,P011,188,183,3,27
2025-05-29,L3,P012,205,201,3,19
2025-05-29,L3,P013,212,206,4,25
2025-05-29,L3,P014,214,206,4,55
2025-05-29,L4,P015,716,709,0,19
2025-05-29,L4,P016,657,638,7,34
2025-05-29,L4,P017,668,665,0,8
2025-05-29,L4,P018,330,318,5,38
2025-05-29,L4,P019,306,301,5,2
2025-05-29,L4,P020,265,254,4,49
2025-05-29,L5,P021,27,27,0,2
2025-05-29,L5,P022,29,29,0,16
2025-05-29,L5,P023,44,43,1,1
2025-05-29,L5,P024,39,38,0,34
2025-05-29,L5,P025,33,32,1,25
2025-05-30,L1,P001,118,116,1,11
2025-05-30,L1,P002,173,170,2,16
2025-05-30,L1,P003,106,104,2,0
2025-05-30,L1,P004,149,145,2,22
2025-05-30,L2,P005,98,96,2,0
2025-05-30,L2,P006,114,111,1,36
2025-05-30,L2,P007,106,103,2,11
2025-05-30,L2,P008,111,109,1,14
2025-05-30,L3,P009,245,241,3,17
2025-05-30,L3,P010,239,233,4,24
2025-05-30,L3,P011,225,219,3,40
2025-05-30,L3,P012,278,275,2,7
2025-05-30,L3,P013,229,224,3,26
2025-05-30,L3,P014,239,230,4,63
2025-05-30,L4,P015,776,752,12,29
2025-05-30,L4,P016,758,743,13,5
2025-05-30,L4,P017,734,717,9,21
2025-05-30,L4,P018,339,330,5,23
2025-05-30,L4,P019,327,319,4,26
2025-05-30,L4,P020,378,363,10,25
2025-05-30,L5,P021,53,52,1,9
2025-05-30,L5,P022,30,28,1,42
2025-05-30,L5,P023,48,47,0,23
2025-05-30,L5,P024,37,36,0,33
2025-05-30,L5,P025,40,40,0,15
2025-05-31,L1,P001,73,72,1,0
2025-05-31,L1,P002,102,99,1,29
2025-05-31,L1,P003,90,86,2,36
2025-05-31,L1,P004,96,95,1,0
2025-05-31,L2,P005,60,59,1,0
2025-05-31,L2,P006,99,95,2,30
2025-05-31,L2,P007,88,86,1,31
2025-05-31,L2,P008,76,74,2,5
2025-05-31,L3,P009,135,132,2,29
2025-05-31,L3,P010,190,188,2,1
2025-05-31,L3,P011,163,161,2,8
2025-05-31,L3,P012,158,155,1,39
2025-05-31,L3,P013,170,168,2,1
2025-05-31,L3,P014,172,168,3,23
2025-05-31,L4,P015,607,589,9,27
2025-05-31,L4,P016,615,592,11,36
2025-05-31,L4,P017,582,559,11,39
2025-05-31,L4,P018,302,295,4,19
2025-05-31,L4,P019,270,262,3,35
2025-05-31,L4,P020,265,256,5,29
2025-05-31,L5,P021,37,36,1,0
2025-05-31,L5,P022,28,28,0,14
2025-05-31,L5,P023,15,15,0,9
2025-05-31,L5,P024,43,41,1,24
2025-05-31,L5,P025,23,23,0,16
2025-06-01,L1,P001,93,91,1,29
2025-06-01,L1,P002,114,111,1,34
2025-06-01,L1,P003,150,146,2,22
2025-06-01,L1,P004,153,150,2,13
2025-06-01,L2,P005,81,79,1,18
2025-06-01,L2,P006,76,74,1,17
2025-06-01,L2,P007,80,77,2,35
2025-06-01,L2,P008,96,94,1,20
2025-06-01,L3,P009,223,218,4,7
2025-06-01,L3,P010,156,154,2,1
2025-06-01,L3,P011,164,160,2,29
2025-06-01,L3,P012,163,159,3,11
2025-06-01,L3,P013,222,217,4,15
2025-06-01,L3,P014,236,230,5,10
2025-06-01,L4,P015,538,518,13,26
2025-06-01,L4,P016,540,530,6,14
2025-06-01,L4,P017,590,585,5,0
2025-06-01,L4,P018,284,273,3,54
2025-06-01,L4,P019,284,280,3,6
2025-06-01,L4,P020,306,295,5,37
2025-06-01,L5,P021,30,30,0,23
2025-06-01,L5,P022,37,36,1,14
2025-06-01,L5,P023,35,34,1,0
2025-06-01,L5,P024,62,59,2,40
2025-06-01,L5,P025,41,40,1,17
2025-06-02,L1,P001,173,167,4,21
2025-06-02,L1,P002,120,117,2,11
2025-06-02,L1,P003,105,103,1,27
2025-06-02,L1,P004,99,93,3,52
2025-06-02,L2,P005,63,62,1,14
2025-06-02,L2,P006,97,95,1,26
2025-06-02,L2,P007,65,63,1,37
2025-06-02,L2,P008,72,70,1,30
2025-06-02,L3,P009,204,200,2,24
2025-06-02,L3,P010,188,183,2,52
2025-06-02,L3,P011,141,136,3,46
2025-06-02,L3,P012,192,186,5,22
2025-06-02,L3,P013,199,195,3,9
2025-06-02,L3,P014,158,154,3,15
2025-06-02,L4,P015,575,564,7,13
2025-06-02,L4,P016,616,598,14,11
2025-06-02,L4,P017,607,600,0,21
2025-06-02,L4,P018,256,250,4,13
2025-06-02,L4,P019,254,251,3,0
2025-06-02,L4,P020,278,272,3,20
2025-06-02,L5,P021,27,26,0,38
2025-06-02,L5,P022,27,27,0,24
2025-06-02,L5,P023,23,23,0,32
2025-06-02,L5,P024,56,54,1,20
2025-06-02,L5,P025,34,34,0,18
2025-06-03,L1,P001,111,110,1,8
2025-06-03,L1,P002,100,98,2,0
2025-06-03,L1,P003,90,86,2,39
2025-06-03,L1,P004,104,102,1,14
2025-06-03,L2,P005,88,86,2,1
2025-06-03,L2,P006,73,71,1,36
2025-06-03,L2,P007,77,76,1,10
2025-06-03,L2,P008,79,77,1,25
2025-06-03,L3,P009,223,219,2,32
2025-06-03,L3,P010,210,207,3,0
2025-06-03,L3,P011,172,167,3,31
2025-06-03,L3,P012,165,161,4,5
2025-06-03,L3,P013,184,180,3,9
2025-06-03,L3,P014,153,150,2,18
2025-06-03,L4,P015,577,565,8,14
2025-06-03,L4,P016,575,559,15,3
2025-06-03,L4,P017,604,585,10,29
2025-06-03,L4,P018,299,295,4,0
2025-06-03,L4,P019,291,284,4,19
2025-06-03,L4,P020,278,275,3,0
2025-06-03,L5,P021,31,30,1,7
2025-06-03,L5,P022,25,25,0,27
2025-06-03,L5,P023,17,17,0,0
2025-06-03,L5,P024,60,59,0,32
2025-06-03,L5,P025,27,26,1,1
2025-06-04,L1,P001,131,129,1,17
2025-06-04,L1,P002,114,112,2,6
2025-06-04,L1,P003,112,108,2,39
2025-06-04,L1,P004,104,101,2,18
2025-06-04,L2,P005,79,76,2,28
2025-06-04,L2,P006,77,75,1,17
2025-06-04,L2,P007,67,65,1,41
2025-06-04,L2,P008,85,83,1,16
2025-06-04,L3,P009,187,181,3,52
2025-06-04,L3,P010,155,153,2,7
2025-06-04,L3,P011,203,197,4,32
2025-06-04,L3,P012,157,154,2,19
2025-06-04,L3,P013,173,170,3,0
2025-06-04,L3,P014,158,153,4,12
2025-06-04,L4,P015,617,592,12,39
2025-06-04,L4,P016,552,533,14,19
2025-06-04,L4,P017,545,520,14,39
2025-06-04,L4,P018,311,303,6,15
2025-06-04,L4,P019,279,274,3,14
2025-06-04,L4,P020,286,275,6,32
2025-06-04,L5,P021,16,16,0,41
2025-06-04,L5,P022,30,29,0,39
2025-06-04,L5,P023,26,25,0,43
2025-06-04,L5,P024,56,54,1,27
2025-06-04,L5,P025,24,24,0,13
2025-06-05,L1,P001,134,128,3,38
2025-06-05,L1,P002,132,129,2,10
2025-06-05,L1,P003,155,154,0,14
2025-06-05,L1,P004,133,129,3,10
2025-06-05,L2,P005,101,99,2,5
2025-06-05,L2,P006,100,98,2,0
2025-06-05,L2,P007,90,87,2,17
2025-06-05,L2,P008,101,97,2,31
2025-06-05,L3,P009,234,231,3,0
2025-06-05,L3,P010,196,191,4,21
2025-06-05,L3,P011,188,183,4,8
2025-06-05,L3,P012,219,216,3,6
2025-06-05,L3,P013,291,286,3,17
2025-06-05,L3,P014,246,241,4,14
2025-06-05,L4,P015,720,710,5,13
2025-06-05,L4,P016,660,631,20,27
2025-06-05,L4,P017,588,572,12,14
2025-06-05,L4,P018,269,259,6,27
2025-06-05,L4,P019,302,295,3,27
2025-06-05,L4,P020,302,293,9,2
2025-06-05,L5,P021,38,38,0,9
2025-06-05,L5,P022,27,27,0,24
2025-06-05,L5,P023,25,25,0,17
2025-06-05,L5,P024,46,45,1,20
2025-06-05,L5,P025,28,27,0,42
2025-06-06,L1,P001,164,161,2,11
2025-06-06,L1,P002,122,116,3,43
2025-06-06,L1,P003,165,160,3,28
2025-06-06,L1,P004,150,146,2,25
2025-06-06,L2,P005,67,65,1,23
2025-06-06,L2,P006,86,84,1,16
2025-06-06,L2,P007,92,91,1,0
2025-06-06,L2,P008,85,82,2,33
2025-06-06,L3,P009,256,250,4,23
2025-06-06,L3,P010,228,221,4,44
2025-06-06,L3,P011,209,204,3,29
2025-06-06,L3,P012,267,263,3,11
2025-06-06,L3,P013,257,248,4,51
2025-06-06,L3,P014,254,248,4,23
2025-06-06,L4,P015,841,809,19,30
2025-06-06,L4,P016,779,763,15,3
2025-06-06,L4,P017,822,789,14,45
2025-06-06,L4,P018,392,379,5,40
2025-06-06,L4,P019,380,374,3,15
2025-06-06,L4,P020,339,329,7,18
2025-06-06,L5,P021,45,44,1,0
2025-06-06,L5,P022,39,38,1,0
2025-06-06,L5,P023,45,45,0,7
2025-06-06,L5,P024,81,78,1,37
2025-06-06,L5,P025,49,48,1,0
2025-06-07,L1,P001,93,91,1,26
2025-06-07,L1,P002,110,109,0,25
2025-06-07,L1,P003,93,89,2,37
2025-06-07,L1,P004,113,111,1,24
2025-06-07,L2,P005,51,49,1,35
2025-06-07,L2,P006,72,70,1,24
2025-06-07,L2,P007,77,75,1,19
2025-06-07,L2,P008,78,75,1,44
2025-06-07,L3,P009,148,142,3,58
2025-06-07,L3,P010,181,179,2,2
2025-06-07,L3,P011,193,189,4,0
2025-06-07,L3,P012,157,153,2,37
2025-06-07,L3,P013,159,157,1,13
2025-06-07,L3,P014,157,155,2,8
2025-06-07,L4,P015,508,494,11,11
2025-06-07,L4,P016,516,505,4,27
2025-06-07,L4,P017,530,522,5,11
2025-06-07,L4,P018,254,246,4,30
2025-06-07,L4,P019,260,250,5,34
2025-06-07,L4,P020,254,247,3,31
2025-06-07,L5,P021,44,42,1,40
2025-06-07,L5,P022,34,34,0,13
2025-06-07,L5,P023,40,38,1,36
2025-06-07,L5,P024,33,32,1,0
2025-06-07,L5,P025,38,37,0,26
2025-06-08,L1,P001,119,119,0,7
2025-06-08,L1,P002,111,108,1,31
2025-06-08,L1,P003,115,114,1,8
2025-06-08,L1,P004,110,108,2,0
2025-06-08,L2,P005,93,89,2,35
2025-06-08,L2,P006,87,85,2,11
2025-06-08,L2,P007,53,52,1,0
2025-06-08,L2,P008,78,77,1,10
2025-06-08,L3,P009,168,164,4,0
2025-06-08,L3,P010,200,196,2,27
2025-06-08,L3,P011,212,208,2,26
2025-06-08,L3,P012,174,171,2,21
2025-06-08,L3,P013,170,168,2,4
2025-06-08,L3,P014,220,215,4,10
2025-06-08,L4,P015,590,565,12,41
2025-06-08,L4,P016,633,621,9,9
2025-06-08,L4,P017,608,596,10,5
2025-06-08,L4,P018,273,264,3,39
2025-06-08,L4,P019,263,257,3,21
2025-06-08,L4,P020,261,254,6,7
2025-06-08,L5,P021,33,33,0,24
2025-06-08,L5,P022,33,31,1,41
2025-06-08,L5,P023,24,24,0,25
2025-06-08,L5,P024,48,46,0,65
2025-06-08,L5,P025,26,26,0,4
2025-06-09,L1,P001,122,120,1,8
2025-06-09,L1,P002,113,109,2,27
2025-06-09,L1,P003,94,92,2,0
2025-06-09,L1,P004,102,99,2,24
2025-06-09,L2,P005,67,65,1,28
2025-06-09,L2,P006,74,72,1,13
2025-06-09,L2,P007,62,60,1,39
2025-06-09,L2,P008,80,78,1,28
2025-06-09,L3,P009,184,179,4,23
2025-06-09,L3,P010,163,160,2,15
2025-06-09,L3,P011,168,163,3,28
2025-06-09,L3,P012,192,189,3,0
2025-06-09,L3,P013,180,175,3,29
2025-06-09,L3,P014,155,151,3,10
2025-06-09,L4,P015,532,511,15,22
2025-06-09,L4,P016,594,580,8,18
2025-06-09,L4,P017,579,562,4,43
2025-06-09,L4,P018,279,267,8,25
2025-06-09,L4,P019,278,268,6,30
2025-06-09,L4,P020,273,267,5,4
2025-06-09,L5,P021,31,29,1,37
2025-06-09,L5,P022,31,30,1,20
2025-06-09,L5,P023,30,29,1,21
2025-06-09,L5,P024,56,56,0,4
2025-06-09,L5,P025,32,32,0,0
2025-06-10,L1,P001,102,99,2,15
2025-06-10,L1,P002,112,110,1,24
2025-06-10,L1,P003,151,148,3,3
2025-06-10,L1,P004,114,111,1,29
2025-06-10,L2,P005,58,58,0,7
2025-06-10,L2,P006,70,67,2,27
2025-06-10,L2,P007,66,64,1,23
2025-06-10,L2,P008,77,76,1,11
2025-06-10,L3,P009,198,194,3,17
2025-06-10,L3,P010,223,220,2,17
2025-06-10,L3,P011,180,175,2,42
2025-06-10,L3,P012,161,160,1,2
2025-06-10,L3,P013,162,159,3,1
2025-06-10,L3,P014,166,162,3,18
2025-06-10,L4,P015,587,566,12,30
2025-06-10,L4,P016,549,535,12,6
2025-06-10,L4,P017,591,564,12,49
2025-06-10,L4,P018,309,304,0,34
2025-06-10,L4,P019,265,254,5,42
2025-06-10,L4,P020,342,337,5,0
2025-06-10,L5,P021,26,26,0,15
2025-06-10,L5,P022,43,41,1,34
2025-06-10,L5,P023,16,16,0,12
2025-06-10,L5,P024,35,34,1,19
2025-06-10,L5,P025,32,32,0,17
2025-06-11,L1,P001,120,118,1,18
2025-06-11,L1,P002,115,114,1,0
2025-06-11,L1,P003,119,117,1,12
2025-06-11,L1,P004,97,94,1,45
2025-06-11,L2,P005,74,73,0,18
2025-06-11,L2,P006,91,88,2,14
2025-06-11,L2,P007,75,74,0,26
2025-06-11,L2,P008,128,125,2,13
2025-06-11,L3,P009,175,169,4,32
2025-06-11,L3,P010,176,172,2,26
2025-06-11,L3,P011,180,176,3,18
2025-06-11,L3,P012,258,254,4,5
2025-06-11,L3,P013,163,160,3,2
2025-06-11,L3,P014,154,151,2,19
2025-06-11,L4,P015,643,618,13,35
2025-06-11,L4,P016,558,537,10,38
2025-06-11,L4,P017,617,603,9,15
2025-06-11,L4,P018,280,274,4,14
2025-06-11,L4,P019,259,254,3,15
2025-06-11,L4,P020,288,280,8,0
2025-06-11,L5,P021,32,31,0,36
2025-06-11,L5,P022,15,15,0,46
2025-06-11,L5,P023,35,34,0,74
2025-06-11,L5,P024,47,47,0,9
2025-06-11,L5,P025,40,39,0,40
2025-06-12,L1,P001,137,132,2,43
2025-06-12,L1,P002,150,148,2,0
2025-06-12,L1,P003,126,122,2,26
2025-06-12,L1,P004,137,132,3,22
2025-06-12,L2,P005,91,88,1,43
2025-06-12,L2,P006,140,136,2,22
2025-06-12,L2,P007,67,65,1,21
2025-06-12,L2,P008,76,75,1,5
2025-06-12,L3,P009,214,209,3,21
2025-06-12,L3,P010,190,186,2,26
2025-06-12,L3,P011,220,218,0,27
2025-06-12,L3,P012,307,299,6,19
2025-06-12,L3,P013,179,175,3,23
2025-06-12,L3,P014,205,203,2,4
2025-06-12,L4,P015,749,727,10,31
2025-06-12,L4,P016,604,584,11,28
2025-06-12,L4,P017,643,624,7,37
2025-06-12,L4,P018,308,301,3,27
2025-06-12,L4,P019,281,276,5,0
2025-06-12,L4,P020,294,285,3,41
2025-06-12,L5,P021,26,26,0,1
2025-06-12,L5,P022,34,33,1,10
2025-06-12,L5,P023,45,44,0,25
2025-06-12,L5,P024,53,51,1,29
2025-06-12,L5,P025,44,42,1,49
2025-06-13,L1,P001,140,138,0,27
2025-06-13,L1,P002,130,126,2,28
2025-06-13,L1,P003,145,142,2,13
2025-06-13,L1,P004,146,142,3,11
2025-06-13,L2,P005,100,98,1,23
2025-06-13,L2,P006,126,124,1,10
2025-06-13,L2,P007,90,87,2,17
2025-06-13,L2,P008,90,88,1,26
2025-06-13,L3,P009,229,221,5,37
2025-06-13,L3,P010,269,264,4,7
2025-06-13,L3,P011,212,207,3,31
2025-06-13,L3,P012,209,202,4,40
2025-06-13,L3,P013,275,270,5,3
2025-06-13,L3,P014,249,243,4,22
2025-06-13,L4,P015,809,791,10,18
2025-06-13,L4,P016,801,776,12,32
2025-06-13,L4,P017,759,740,11,20
2025-06-13,L4,P018,393,379,7,35
2025-06-13,L4,P019,378,375,2,7
2025-06-13,L4,P020,351,339,5,37
2025-06-13,L5,P021,29,28,0,36
2025-06-13,L5,P022,26,25,1,7
2025-06-13,L5,P023,33,32,1,0
2025-06-13,L5,P024,75,74,0,21
2025-06-13,L5,P025,37,36,1,13
2025-06-14,L1,P001,90,87,2,18
2025-06-14,L1,P002,101,99,1,18
2025-06-14,L1,P003,98,94,2,36
2025-06-14,L1,P004,109,107,1,10
2025-06-14,L2,P005,78,76,1,28
2025-06-14,L2,P006,64,62,1,25
2025-06-14,L2,P007,82,81,0,18
2025-06-14,L2,P008,63,63,0,11
2025-06-14,L3,P009,159,156,3,0
2025-06-14,L3,P010,169,165,3,18
2025-06-14,L3,P011,166,162,2,43
2025-06-14,L3,P012,141,140,1,7
2025-06-14,L3,P013,196,191,3,23
2025-06-14,L3,P014,171,170,0,16
2025-06-14,L4,P015,567,548,8,37
2025-06-14,L4,P016,542,524,14,14
2025-06-14,L4,P017,600,579,5,50
2025-06-14,L4,P018,294,284,5,32
2025-06-14,L4,P019,244,234,4,47
2025-06-14,L4,P020,291,282,4,35
2025-06-14,L5,P021,15,15,0,22
2025-06-14,L5,P022,29,29,0,2
2025-06-14,L5,P023,28,27,1,28
2025-06-14,L5,P024,47,45,1,23
2025-06-14,L5,P025,35,35,0,23
2025-06-15,L1,P001,94,91,2,19
2025-06-15,L1,P002,121,118,2,15
2025-06-15,L1,P003,100,99,1,0
2025-06-15,L1,P004,115,111,2,33
2025-06-15,L2,P005,81,78,1,40
2025-06-15,L2,P006,69,68,1,9
2025-06-15,L2,P007,87,83,2,47
2025-06-15,L2,P008,73,71,1,37
2025-06-15,L3,P009,148,146,1,24
2025-06-15,L3,P010,169,167,2,0
2025-06-15,L3,P011,155,150,2,50
2025-06-15,L3,P012,145,142,2,25
2025-06-15,L3,P013,151,146,2,48
2025-06-15,L3,P014,200,196,2,32
2025-06-15,L4,P015,783,757,15,27
2025-06-15,L4,P016,532,522,10,0
2025-06-15,L4,P017,616,605,6,17
2025-06-15,L4,P018,232,222,3,58
2025-06-15,L4,P019,284,275,6,19
2025-06-15,L4,P020,272,268,3,8
2025-06-15,L5,P021,46,44,1,28
2025-06-15,L5,P022,34,33,1,10
2025-06-15,L5,P023,23,23,0,0
2025-06-15,L5,P024,39,37,1,37
2025-06-15,L5,P025,37,36,1,25
2025-06-16,L1,P001,113,109,2,37
2025-06-16,L1,P002,119,116,2,11
2025-06-16,L1,P003,99,95,2,33
2025-06-16,L1,P004,136,131,3,26
2025-06-16,L2,P005,80,77,2,22
2025-06-16,L2,P006,70,69,0,34
2025-06-16,L2,P007,45,43,1,38
2025-06-16,L2,P008,80,78,1,31
2025-06-16,L3,P009,184,181,2,11
2025-06-16,L3,P010,166,165,1,0
2025-06-16,L3,P011,183,179,3,18
2025-06-16,L3,P012,166,163,2,18
2025-06-16,L3,P013,132,129,2,13
2025-06-16,L3,P014,169,165,4,6
2025-06-16,L4,P015,585,563,10,39
2025-06-16,L4,P016,551,538,3,34
2025-06-16,L4,P017,599,585,6,25
2025-06-16,L4,P018,303,300,3,0
2025-06-16,L4,P019,274,267,5,13
2025-06-16,L4,P020,296,287,3,36
2025-06-16,L5,P021,27,27,0,0
2025-06-16,L5,P022,30,30,0,20
2025-06-16,L5,P023,23,23,0,21
2025-06-16,L5,P024,75,73,2,0
2025-06-16,L5,P025,29,28,0,35
2025-06-17,L1,P001,116,112,2,29
2025-06-17,L1,P002,118,115,2,17
2025-06-17,L1,P003,137,135,2,4
2025-06-17,L1,P004,117,117,0,6
2025-06-17,L2,P005,94,91,2,30
2025-06-17,L2,P006,85,84,1,0
2025-06-17,L2,P007,69,67,1,17
2025-06-17,L2,P008,70,69,1,12
2025-06-17,L3,P009,166,161,3,36
2025-06-17,L3,P010,216,209,5,31
2025-06-17,L3,P011,205,202,3,1
2025-06-17,L3,P012,152,149,2,18
2025-06-17,L3,P013,187,184,2,22
2025-06-17,L3,P014,172,170,1,10
2025-06-17,L4,P015,636,611,15,29
2025-06-17,L4,P016,764,742,9,33
2025-06-17,L4,P017,538,535,2,5
2025-06-17,L4,P018,265,262,3,0
2025-06-17,L4,P019,276,265,6,36
2025-06-17,L4,P020,245,242,3,3
2025-06-17,L5,P021,24,24,0,18
2025-06-17,L5,P022,16,16,0,25
2025-06-17,L5,P023,30,29,1,21
2025-06-17,L5,P024,72,70,1,31
2025-06-17,L5,P025,24,23,0,61
2025-06-18,L1,P001,136,133,2,12
2025-06-18,L1,P002,153,148,4,10
2025-06-18,L1,P003,103,99,3,14
2025-06-18,L1,P004,113,110,1,34
2025-06-18,L2,P005,76,75,1,0
2025-06-18,L2,P006,61,60,1,0
2025-06-18,L2,P007,93,92,1,7
2025-06-18,L2,P008,90,88,1,11
2025-06-18,L3,P009,151,148,3,6
2025-06-18,L3,P010,156,153,2,12
2025-06-18,L3,P011,182,178,4,0
2025-06-18,L3,P012,197,194,2,12
2025-06-18,L3,P013,157,155,1,20
2025-06-18,L3,P014,183,180,1,26
2025-06-18,L4,P015,556,543,7,21
2025-06-18,L4,P016,555,539,10,20
2025-06-18,L4,P017,577,565,11,2
2025-06-18,L4,P018,299,292,6,4
2025-06-18,L4,P019,296,287,8,7
2025-06-18,L4,P020,267,262,5,0
2025-06-18,L5,P021,25,25,0,3
2025-06-18,L5,P022,41,39,1,29
2025-06-18,L5,P023,23,23,0,0
2025-06-18,L5,P024,30,29,0,45
2025-06-18,L5,P025,19,19,0,16
2025-06-19,L1,P001,129,126,1,29
2025-06-19,L1,P002,138,132,3,36
2025-06-19,L1,P003,94,92,1,30
2025-06-19,L1,P004,117,114,1,33
2025-06-19,L2,P005,87,84,2,28
2025-06-19,L2,P006,73,71,1,18
2025-06-19,L2,P007,93,90,2,14
2025-06-19,L2,P008,87,85,1,24
2025-06-19,L3,P009,190,186,2,23
2025-06-19,L3,P010,225,221,2,27
2025-06-19,L3,P011,185,181,2,36
2025-06-19,L3,P012,250,246,1,37
2025-06-19,L3,P013,218,212,5,17
2025-06-19,L3,P014,241,237,3,9
2025-06-19,L4,P015,664,640,13,33
2025-06-19,L4,P016,768,743,11,36
2025-06-19,L4,P017,633,623,10,0
2025-06-19,L4,P018,293,276,7,67
2025-06-19,L4,P019,313,309,4,0
2025-06-19,L4,P020,307,296,7,24
2025-06-19,L5,P021,48,47,1,10
2025-06-19,L5,P022,21,21,0,17
2025-06-19,L5,P023,35,35,0,7
2025-06-19,L5,P024,60,58,1,31
2025-06-19,L5,P025,49,48,0,44
2025-06-20,L1,P001,161,158,2,14
2025-06-20,L1,P002,170,166,2,22
2025-06-20,L1,P003,130,127,0,38
2025-06-20,L1,P004,165,160,3,27
2025-06-20,L2,P005,115,111,2,27
2025-06-20,L2,P006,93,90,2,19
2025-06-20,L2,P007,109,106,2,14
2025-06-20,L2,P008,101,100,1,8
2025-06-20,L3,P009,243,238,3,22
2025-06-20,L3,P010,219,211,5,44
2025-06-20,L3,P011,259,251,6,27
2025-06-20,L3,P012,228,222,4,23
2025-06-20,L3,P013,236,232,4,0
2025-06-20,L3,P014,250,246,3,15
2025-06-20,L4,P015,791,771,9,27
2025-06-20,L4,P016,829,803,15,26
2025-06-20,L4,P017,764,738,12,35
2025-06-20,L4,P018,345,340,4,8
2025-06-20,L4,P019,353,345,5,16
2025-06-20,L4,P020,395,383,8,18
2025-06-20,L5,P021,40,39,1,20
2025-06-20,L5,P022,31,30,0,34
2025-06-20,L5,P023,42,41,1,12
2025-06-20,L5,P024,74,72,1,13
2025-06-20,L5,P025,44,43,0,32
2025-06-21,L1,P001,115,113,1,9
2025-06-21,L1,P002,101,99,2,5
2025-06-21,L1,P003,120,118,1,19
2025-06-21,L1,P004,102,100,1,21
2025-06-21,L2,P005,79,77,1,36
2025-06-21,L2,P006,61,59,1,20
2025-06-21,L2,P007,80,79,1,5
2025-06-21,L2,P008,57,55,1,28
2025-06-21,L3,P009,180,175,3,26
2025-06-21,L3,P010,155,150,3,37
2025-06-21,L3,P011,155,150,3,44
2025-06-21,L3,P012,173,169,3,20
2025-06-21,L3,P013,191,189,2,0
2025-06-21,L3,P014,163,159,3,11
2025-06-21,L4,P015,533,515,9,34
2025-06-21,L4,P016,512,495,10,27
2025-06-21,L4,P017,528,515,8,18
2025-06-21,L4,P018,278,267,4,45
2025-06-21,L4,P019,263,258,4,9
2025-06-21,L4,P020,264,256,5,19
2025-06-21,L5,P021,29,29,0,26
2025-06-21,L5,P022,35,34,1,0
2025-06-21,L5,P023,24,24,0,33
2025-06-21,L5,P024,59,58,1,12
2025-06-21,L5,P025,37,36,1,0
2025-06-22,L1,P001,135,132,2,16
2025-06-22,L1,P002,97,95,2,7
2025-06-22,L1,P003,108,107,1,5
2025-06-22,L1,P004,88,87,0,29
2025-06-22,L2,P005,65,64,1,11
2025-06-22,L2,P006,87,84,2,20
2025-06-22,L2,P007,64,62,1,16
2025-06-22,L2,P008,99,96,2,17
2025-06-22,L3,P009,172,168,4,7
2025-06-22,L3,P010,174,171,3,7
2025-06-22,L3,P011,185,181,4,0
2025-06-22,L3,P012,161,157,3,9
2025-06-22,L3,P013,159,157,2,3
2025-06-22,L3,P014,192,188,2,28
2025-06-22,L4,P015,604,593,7,13
2025-06-22,L4,P016,607,593,5,30
2025-06-22,L4,P017,549,538,6,16
2025-06-22,L4,P018,302,296,3,22
2025-06-22,L4,P019,287,284,3,3
2025-06-22,L4,P020,284,278,3,21
2025-06-22,L5,P021,48,47,1,0
2025-06-22,L5,P022,30,29,1,0
2025-06-22,L5,P023,41,40,0,35
2025-06-22,L5,P024,49,47,1,27
2025-06-22,L5,P025,17,17,0,23
2025-06-23,L1,P001,131,129,2,2
2025-06-23,L1,P002,106,101,2,63
2025-06-23,L1,P003,110,109,0,14
2025-06-23,L1,P004,109,108,0,14
2025-06-23,L2,P005,76,75,1,3
2025-06-23,L2,P006,86,84,2,4
2025-06-23,L2,P007,79,77,1,31
2025-06-23,L2,P008,76,75,0,18
2025-06-23,L3,P009,197,194,2,17
2025-06-23,L3,P010,185,178,5,29
2025-06-23,L3,P011,162,157,3,28
2025-06-23,L3,P012,176,170,3,48
2025-06-23,L3,P013,178,175,2,23
2025-06-23,L3,P014,173,169,3,22
2025-06-23,L4,P015,640,634,6,0
2025-06-23,L4,P016,579,568,6,18
2025-06-23,L4,P017,585,566,11,26
2025-06-23,L4,P018,309,300,6,20
2025-06-23,L4,P019,289,282,2,30
2025-06-23,L4,P020,290,277,7,37
2025-06-23,L5,P021,27,27,0,26
2025-06-23,L5,P022,12,12,0,8
2025-06-23,L5,P023,32,31,1,21
2025-06-23,L5,P024,58,55,1,60
2025-06-23,L5,P025,28,27,1,0
2025-06-24,L1,P001,96,94,1,16
2025-06-24,L1,P002,122,120,1,9
2025-06-24,L1,P003,130,126,2,23
2025-06-24,L1,P004,115,112,2,19
2025-06-24,L2,P005,82,80,1,22
2025-06-24,L2,P006,70,69,1,9
2025-06-24,L2,P007,82,79,2,14
2025-06-24,L2,P008,97,95,1,14
2025-06-24,L3,P009,204,202,2,0
2025-06-24,L3,P010,145,142,1,45
2025-06-24,L3,P011,151,146,3,36
2025-06-24,L3,P012,188,185,3,5
2025-06-24,L3,P013,198,195,3,3
2025-06-24,L3,P014,182,178,3,22
2025-06-24,L4,P015,608,598,9,4
2025-06-24,L4,P016,592,586,4,7
2025-06-24,L4,P017,555,541,12,8
2025-06-24,L4,P018,238,231,6,11
2025-06-24,L4,P019,264,255,5,27
2025-06-24,L4,P020,272,268,2,17
2025-06-24,L5,P021,38,37,1,0
2025-06-24,L5,P022,29,28,1,18
2025-06-24,L5,P023,34,34,0,14
2025-06-24,L5,P024,43,41,1,28
2025-06-24,L5,P025,32,31,1,2
2025-06-25,L1,P001,137,134,1,28
2025-06-25,L1,P002,118,113,3,28
2025-06-25,L1,P003,100,97,2,21
2025-06-25,L1,P004,99,99,0,0
2025-06-25,L2,P005,69,67,1,36
2025-06-25,L2,P006,74,72,1,23
2025-06-25,L2,P007,78,75,2,14
2025-06-25,L2,P008,68,66,1,27
2025-06-25,L3,P009,170,166,2,36
2025-06-25,L3,P010,166,163,2,20
2025-06-25,L3,P011,162,159,2,16
2025-06-25,L3,P012,235,232,3,0
2025-06-25,L3,P013,199,197,2,2
2025-06-25,L3,P014,174,169,3,39
2025-06-25,L4,P015,561,546,8,23
2025-06-25,L4,P016,572,556,10,20
2025-06-25,L4,P017,569,562,7,0
2025-06-25,L4,P018,284,274,3,48
2025-06-25,L4,P019,332,324,2,35
2025-06-25,L4,P020,288,283,4,7
2025-06-25,L5,P021,33,33,0,21
2025-06-25,L5,P022,31,30,1,29
2025-06-25,L5,P023,67,66,1,13
2025-06-25,L5,P024,59,58,1,3
2025-06-25,L5,P025,29,29,0,33
2025-06-26,L1,P001,119,116,2,21
2025-06-26,L1,P002,135,132,2,12
2025-06-26,L1,P003,138,134,1,40
2025-06-26,L1,P004,127,124,1,27
2025-06-26,L2,P005,81,78,1,36
2025-06-26,L2,P006,53,52,1,12
2025-06-26,L2,P007,83,81,1,30
2025-06-26,L2,P008,99,97,1,23
2025-06-26,L3,P009,222,217,4,16
2025-06-26,L3,P010,223,218,3,24
2025-06-26,L3,P011,147,144,1,45
2025-06-26,L3,P012,210,208,1,20
2025-06-26,L3,P013,224,220,3,8
2025-06-26,L3,P014,179,176,1,35
2025-06-26,L4,P015,646,632,14,0
2025-06-26,L4,P016,697,682,12,9
2025-06-26,L4,P017,642,627,6,28
2025-06-26,L4,P018,337,332,3,9
2025-06-26,L4,P019,288,280,3,34
2025-06-26,L4,P020,312,307,3,14
2025-06-26,L5,P021,31,31,0,17
2025-06-26,L5,P022,41,40,1,21
2025-06-26,L5,P023,43,43,0,13
2025-06-26,L5,P024,64,63,1,10
2025-06-26,L5,P025,30,29,1,7
2025-06-27,L1,P001,169,166,2,9
2025-06-27,L1,P002,147,142,4,18
2025-06-27,L1,P003,138,132,4,26
2025-06-27,L1,P004,149,145,2,22
2025-06-27,L2,P005,83,80,2,16
2025-06-27,L2,P006,97,95,1,19
2025-06-27,L2,P007,102,99,2,23
2025-06-27,L2,P008,95,93,2,0
2025-06-27,L3,P009,223,222,1,5
2025-06-27,L3,P010,260,253,6,9
2025-06-27,L3,P011,214,209,2,41
2025-06-27,L3,P012,202,197,4,13
2025-06-27,L3,P013,250,242,6,23
2025-06-27,L3,P014,224,219,4,13
2025-06-27,L4,P015,739,714,14,28
2025-06-27,L4,P016,845,830,14,3
2025-06-27,L4,P017,843,828,5,23
2025-06-27,L4,P018,327,319,3,31
2025-06-27,L4,P019,361,345,10,31
2025-06-27,L4,P020,410,401,2,35
2025-06-27,L5,P021,39,38,1,3
2025-06-27,L5,P022,48,46,1,27
2025-06-27,L5,P023,56,54,1,31
2025-06-27,L5,P024,96,93,2,23
2025-06-27,L5,P025,56,55,1,14
2025-06-28,L1,P001,108,107,1,0
2025-06-28,L1,P002,100,96,2,33
2025-06-28,L1,P003,115,111,2,27
2025-06-28,L1,P004,105,104,1,8
2025-06-28,L2,P005,38,37,1,20
2025-06-28,L2,P006,88,86,1,27
2025-06-28,L2,P007,59,58,0,21
2025-06-28,L2,P008,95,91,2,41
2025-06-28,L3,P009,144,141,1,31
2025-06-28,L3,P010,162,158,2,41
2025-06-28,L3,P011,207,201,2,54
2025-06-28,L3,P012,180,177,1,33
2025-06-28,L3,P013,167,164,2,23
2025-06-28,L3,P014,197,194,2,9
2025-06-28,L4,P015,553,547,5,4
2025-06-28,L4,P016,561,541,9,38
2025-06-28,L4,P017,564,543,8,43
2025-06-28,L4,P018,223,217,4,19
2025-06-28,L4,P019,259,252,3,27
2025-06-28,L4,P020,244,238,4,18
2025-06-28,L5,P021,30,29,1,29
2025-06-28,L5,P022,32,32,0,7
2025-06-28,L5,P023,23,23,0,8
2025-06-28,L5,P024,50,49,0,35
2025-06-28,L5,P025,21,20,0,46
2025-06-29,L1,P001,105,103,1,19
2025-06-29,L1,P002,109,108,1,0
2025-06-29,L1,P003,105,102,1,32
2025-06-29,L1,P004,131,129,1,13
2025-06-29,L2,P005,72,70,1,19
2025-06-29,L2,P006,70,69,1,6
2025-06-29,L2,P007,84,81,1,46
2025-06-29,L2,P008,91,88,1,32
2025-06-29,L3,P009,158,153,4,20
2025-06-29,L3,P010,153,149,3,17
2025-06-29,L3,P011,122,119,2,27
2025-06-29,L3,P012,182,177,2,53
2025-06-29,L3,P013,187,182,3,27
2025-06-29,L3,P014,183,181,2,0
2025-06-29,L4,P015,557,541,8,26
2025-06-29,L4,P016,553,534,7,41
2025-06-29,L4,P017,604,587,12,16
2025-06-29,L4,P018,280,272,6,13
2025-06-29,L4,P019,291,281,6,28
2025-06-29,L4,P020,258,258,0,1
2025-06-29,L5,P021,27,27,0,21
2025-06-29,L5,P022,29,28,0,53
2025-06-29,L5,P023,15,15,0,0
2025-06-29,L5,P024,61,59,1,38
2025-06-29,L5,P025,29,28,1,33
2025-06-30,L1,P001,84,84,0,10
2025-06-30,L1,P002,122,120,2,0
2025-06-30,L1,P003,108,105,1,39
2025-06-30,L1,P004,92,89,1,34
2025-06-30,L2,P005,78,76,1,34
2025-06-30,L2,P006,63,62,0,31
2025-06-30,L2,P007,59,58,1,9
2025-06-30,L2,P008,116,112,2,27
2025-06-30,L3,P009,219,216,2,9
2025-06-30,L3,P010,181,177,2,33
2025-06-30,L3,P011,146,142,3,18
2025-06-30,L3,P012,186,181,2,48
2025-06-30,L3,P013,208,204,3,10
2025-06-30,L3,P014,181,178,2,9
2025-06-30,L4,P015,595,569,15,37
2025-06-30,L4,P016,588,587,1,0
2025-06-30,L4,P017,581,564,11,21
2025-06-30,L4,P018,278,275,3,1
2025-06-30,L4,P019,288,280,5,17
2025-06-30,L4,P020,267,262,4,6
2025-06-30,L5,P021,30,30,0,12
2025-06-30,L5,P022,25,25,0,2
2025-06-30,L5,P023,19,19,0,17
2025-06-30,L5,P024,53,51,1,32
2025-06-30,L5,P025,26,26,0,20
2025-07-01,L1,P001,110,104,3,45
2025-07-01,L1,P002,125,122,2,8
2025-07-01,L1,P003,125,119,2,59
2025-07-01,L1,P004,143,141,2,0
2025-07-01,L2,P005,63,62,1,0
2025-07-01,L2,P006,94,93,0,27
2025-07-01,L2,P007,66,65,1,3
2025-07-01,L2,P008,67,64,2,30
2025-07-01,L3,P009,168,163,4,19
2025-07-01,L3,P010,192,187,3,32
2025-07-01,L3,P011,209,204,4,9
2025-07-01,L3,P012,174,172,1,15
2025-07-01,L3,P013,169,164,4,16
2025-07-01,L3,P014,178,173,4,15
2025-07-01,L4,P015,562,541,14,23
2025-07-01,L4,P016,614,602,8,11
2025-07-01,L4,P017,585,566,11,25
2025-07-01,L4,P018,280,270,5,32
2025-07-01,L4,P019,315,306,5,25
2025-07-01,L4,P020,250,247,3,3
2025-07-01,L5,P021,39,38,1,12
2025-07-01,L5,P022,33,32,0,35
2025-07-01,L5,P023,34,32,1,41
2025-07-01,L5,P024,57,54,1,60
2025-07-01,L5,P025,46,45,0,36
2025-07-02,L1,P001,88,86,2,0
2025-07-02,L1,P002,97,94,1,45
2025-07-02,L1,P003,123,120,1,24
2025-07-02,L1,P004,112,109,2,24
2025-07-02,L2,P005,94,91,2,15
2025-07-02,L2,P006,63,62,1,15
2025-07-02,L2,P007,85,82,1,48
2025-07-02,L2,P008,100,97,2,16
2025-07-02,L3,P009,214,210,2,31
2025-07-02,L3,P010,180,175,3,39
2025-07-02,L3,P011,157,155,2,9
2025-07-02,L3,P012,193,190,3,7
2025-07-02,L3,P013,203,197,4,31
2025-07-02,L3,P014,172,168,3,22
2025-07-02,L4,P015,537,524,6,25
2025-07-02,L4,P016,618,604,6,25
2025-07-02,L4,P017,594,576,9,30
2025-07-02,L4,P018,263,257,4,16
2025-07-02,L4,P019,296,287,5,28
2025-07-02,L4,P020,243,236,3,34
2025-07-02,L5,P021,25,25,0,5
2025-07-02,L5,P022,28,28,0,0
2025-07-02,L5,P023,27,27,0,22
2025-07-02,L5,P024,49,48,1,9
2025-07-02,L5,P025,25,24,1,8
2025-07-03,L1,P001,145,143,2,2
2025-07-03,L1,P002,140,134,3,46
2025-07-03,L1,P003,126,123,2,17
2025-07-03,L1,P004,138,136,1,16
2025-07-03,L2,P005,74,71,1,55
2025-07-03,L2,P006,109,106,3,2
2025-07-03,L2,P007,92,89,2,14
2025-07-03,L2,P008,116,113,2,19
2025-07-03,L3,P009,192,188,2,26
2025-07-03,L3,P010,232,227,4,15
2025-07-03,L3,P011,194,191,3,0
2025-07-03,L3,P012,198,198,0,2
2025-07-03,L3,P013,221,214,5,29
2025-07-03,L3,P014,205,201,2,34
2025-07-03,L4,P015,602,583,11,25
2025-07-03,L4,P016,664,649,7,24
2025-07-03,L4,P017,731,712,15,10
2025-07-03,L4,P018,302,296,3,22
2025-07-03,L4,P019,315,305,5,29
2025-07-03,L4,P020,419,405,11,16
2025-07-03,L5,P021,34,32,1,34
2025-07-03,L5,P022,42,41,1,20
2025-07-03,L5,P023,37,37,0,0
2025-07-03,L5,P024,53,51,1,26
2025-07-03,L5,P025,40,40,0,24
2025-07-04,L1,P001,178,175,3,0
2025-07-04,L1,P002,139,134,2,37
2025-07-04,L1,P003,143,140,1,26
2025-07-04,L1,P004,153,148,3,24
2025-07-04,L2,P005,117,112,2,50
2025-07-04,L2,P006,146,142,1,40
2025-07-04,L2,P007,96,94,2,2
2025-07-04,L2,P008,98,95,2,10
2025-07-04,L3,P009,311,305,3,28
2025-07-04,L3,P010,232,226,3,39
2025-07-04,L3,P011,238,233,5,0
2025-07-04,L3,P012,244,238,5,15
2025-07-04,L3,P013,210,208,2,1
2025-07-04,L3,P014,231,226,2,41
2025-07-04,L4,P015,817,794,12,27
2025-07-04,L4,P016,733,700,14,50
2025-07-04,L4,P017,836,799,10,61
2025-07-04,L4,P018,421,415,4,8
2025-07-04,L4,P019,402,393,5,18
2025-07-04,L4,P020,416,407,3,29
2025-07-04,L5,P021,44,44,0,21
2025-07-04,L5,P022,46,45,1,0
2025-07-04,L5,P023,24,24,0,21
2025-07-04,L5,P024,78,75,1,39
2025-07-04,L5,P025,35,34,0,35
2025-07-05,L1,P001,95,92,2,21
2025-07-05,L1,P002,113,112,1,0
2025-07-05,L1,P003,130,123,4,43
2025-07-05,L1,P004,81,78,2,15
2025-07-05,L2,P005,78,76,1,17
2025-07-05,L2,P006,72,70,1,18
2025-07-05,L2,P007,51,50,1,1
2025-07-05,L2,P008,75,74,0,28
2025-07-05,L3,P009,170,166,4,7
2025-07-05,L3,P010,143,140,2,18
2025-07-05,L3,P011,137,135,1,29
2025-07-05,L3,P012,171,167,3,23
2025-07-05,L3,P013,174,171,2,16
2025-07-05,L3,P014,173,167,4,30
2025-07-05,L4,P015,510,493,6,43
2025-07-05,L4,P016,798,790,4,9
2025-07-05,L4,P017,561,545,4,42
2025-07-05,L4,P018,252,249,3,0
2025-07-05,L4,P019,259,252,6,9
2025-07-05,L4,P020,269,262,7,3
2025-07-05,L5,P021,28,28,0,34
2025-07-05,L5,P022,14,14,0,33
2025-07-05,L5,P023,32,31,1,10
2025-07-05,L5,P024,42,42,0,3
2025-07-05,L5,P025,37,35,1,47
2025-07-06,L1,P001,116,113,2,13
2025-07-06,L1,P002,109,106,1,28
2025-07-06,L1,P003,121,117,3,21
2025-07-06,L1,P004,96,93,1,34
2025-07-06,L2,P005,135,132,2,11
2025-07-06,L2,P006,93,89,2,46
2025-07-06,L2,P007,76,72,1,74
2025-07-06,L2,P008,88,85,1,37
2025-07-06,L3,P009,151,150,1,3
2025-07-06,L3,P010,165,162,3,8
2025-07-06,L3,P011,197,194,3,0
2025-07-06,L3,P012,179,177,0,25
2025-07-06,L3,P013,159,155,3,24
2025-07-06,L3,P014,157,153,2,38
2025-07-06,L4,P015,604,586,9,29
2025-07-06,L4,P016,580,562,9,30
2025-07-06,L4,P017,554,548,3,12
2025-07-06,L4,P018,279,275,4,0
2025-07-06,L4,P019,249,240,6,23
2025-07-06,L4,P020,279,271,5,18
2025-07-06,L5,P021,20,20,0,15
2025-07-06,L5,P022,49,47,1,24
2025-07-06,L5,P023,20,20,0,16
2025-07-06,L5,P024,73,71,2,0
2025-07-06,L5,P025,22,22,0,31
2025-07-07,L1,P001,101,100,1,7
2025-07-07,L1,P002,136,132,2,22
2025-07-07,L1,P003,105,102,2,18
2025-07-07,L1,P004,104,103,1,0
2025-07-07,L2,P005,83,81,1,30
2025-07-07,L2,P006,56,54,1,31
2025-07-07,L2,P007,68,66,1,19
2025-07-07,L2,P008,51,50,1,4
2025-07-07,L3,P009,180,178,2,8
2025-07-07,L3,P010,176,173,3,4
2025-07-07,L3,P011,174,170,4,0
2025-07-07,L3,P012,170,166,3,24
2025-07-07,L3,P013,171,168,2,14
2025-07-07,L3,P014,190,185,2,51
2025-07-07,L4,P015,564,549,9,19
2025-07-07,L4,P016,600,578,10,40
2025-07-07,L4,P017,610,597,8,16
2025-07-07,L4,P018,340,333,3,21
2025-07-07,L4,P019,314,313,0,4
2025-07-07,L4,P020,267,264,3,0
2025-07-07,L5,P021,20,20,0,3
2025-07-07,L5,P022,29,28,1,28
2025-07-07,L5,P023,23,22,0,50
2025-07-07,L5,P024,84,81,2,19
2025-07-07,L5,P025,33,32,0,46
2025-07-08,L1,P001,102,100,1,15
2025-07-08,L1,P002,105,104,1,0
2025-07-08,L1,P003,102,98,2,31
2025-07-08,L1,P004,127,125,1,22
2025-07-08,L2,P005,59,58,1,5
2025-07-08,L2,P006,56,55,1,9
2025-07-08,L2,P007,83,81,1,33
2025-07-08,L2,P008,92,89,1,36
2025-07-08,L3,P009,189,185,3,21
2025-07-08,L3,P010,163,159,3,16
2025-07-08,L3,P011,164,161,2,15
2025-07-08,L3,P012,198,193,4,16
2025-07-08,L3,P013,205,197,4,56
2025-07-08,L3,P014,176,172,3,21
2025-07-08,L4,P015,803,771,18,34
2025-07-08,L4,P016,656,638,8,30
2025-07-08,L4,P017,570,548,12,35
2025-07-08,L4,P018,298,291,6,4
2025-07-08,L4,P019,274,265,4,36
2025-07-08,L4,P020,307,304,3,0
2025-07-08,L5,P021,39,38,0,27
2025-07-08,L5,P022,33,32,0,46
2025-07-08,L5,P023,31,31,0,26
2025-07-08,L5,P024,46,46,0,17
2025-07-08,L5,P025,23,23,0,29
2025-07-09,L1,P001,123,121,2,6
2025-07-09,L1,P002,115,113,2,0
2025-07-09,L1,P003,128,126,1,21
2025-07-09,L1,P004,91,88,1,36
2025-07-09,L2,P005,90,89,1,2
2025-07-09,L2,P006,66,65,1,12
2025-07-09,L2,P007,70,67,1,53
2025-07-09,L2,P008,90,89,1,2
2025-07-09,L3,P009,205,199,4,25
2025-07-09,L3,P010,167,164,3,0
2025-07-09,L3,P011,194,188,3,48
2025-07-09,L3,P012,203,197,3,42
2025-07-09,L3,P013,141,140,1,8
2025-07-09,L3,P014,153,150,1,30
2025-07-09,L4,P015,586,572,5,31
2025-07-09,L4,P016,607,592,6,28
2025-07-09,L4,P017,572,560,7,16
2025-07-09,L4,P018,275,269,3,24
2025-07-09,L4,P019,252,249,3,0
2025-07-09,L4,P020,244,237,3,28
2025-07-09,L5,P021,34,34,0,8
2025-07-09,L5,P022,16,16,0,11
2025-07-09,L5,P023,23,22,0,43
2025-07-09,L5,P024,44,43,1,13
2025-07-09,L5,P025,14,14,0,0
2025-07-10,L1,P001,128,126,2,0
2025-07-10,L1,P002,138,133,3,22
2025-07-10,L1,P003,131,125,3,38
2025-07-10,L1,P004,115,113,2,0
2025-07-10,L2,P005,111,108,1,41
2025-07-10,L2,P006,99,95,3,25
2025-07-10,L2,P007,64,62,1,27
2025-07-10,L2,P008,81,79,1,20
2025-07-10,L3,P009,305,297,5,29
2025-07-10,L3,P010,222,217,4,19
2025-07-10,L3,P011,175,171,2,25
2025-07-10,L3,P012,242,238,3,17
2025-07-10,L3,P013,176,171,3,25
2025-07-10,L3,P014,198,192,5,15
2025-07-10,L4,P015,681,665,15,4
2025-07-10,L4,P016,700,683,9,21
2025-07-10,L4,P017,668,649,17,7
2025-07-10,L4,P018,330,319,8,16
2025-07-10,L4,P019,364,355,8,7
2025-07-10,L4,P020,286,275,5,41
2025-07-10,L5,P021,38,37,1,17
2025-07-10,L5,P022,33,32,0,42
2025-07-10,L5,P023,32,32,0,14
2025-07-10,L5,P024,56,54,1,37
2025-07-10,L5,P025,42,40,1,50
2025-07-11,L1,P001,182,176,3,34
2025-07-11,L1,P002,135,132,1,26
2025-07-11,L1,P003,148,145,3,0
2025-07-11,L1,P004,154,150,3,17
2025-07-11,L2,P005,78,76,1,33
2025-07-11,L2,P006,103,99,2,40
2025-07-11,L2,P007,83,82,1,5
2025-07-11,L2,P008,72,70,2,0
2025-07-11,L3,P009,246,244,2,0
2025-07-11,L3,P010,220,214,4,32
2025-07-11,L3,P011,239,234,5,0
2025-07-11,L3,P012,241,235,5,15
2025-07-11,L3,P013,241,235,5,6
2025-07-11,L3,P014,231,228,2,17
2025-07-11,L4,P015,832,817,10,12
2025-07-11,L4,P016,786,763,12,26
2025-07-11,L4,P017,799,778,13,20
2025-07-11,L4,P018,412,396,12,20
2025-07-11,L4,P019,386,369,10,33
2025-07-11,L4,P020,369,362,7,0
2025-07-11,L5,P021,45,44,0,26
2025-07-11,L5,P022,32,32,0,19
2025-07-11,L5,P023,29,28,1,26
2025-07-11,L5,P024,73,71,2,12
2025-07-11,L5,P025,33,33,0,0
2025-07-12,L1,P001,99,97,1,24
2025-07-12,L1,P002,105,103,2,8
2025-07-12,L1,P003,109,107,2,1
2025-07-12,L1,P004,114,111,1,34
2025-07-12,L2,P005,81,79,1,20
2025-07-12,L2,P006,70,68,1,34
2025-07-12,L2,P007,67,64,2,26
2025-07-12,L2,P008,77,74,1,38
2025-07-12,L3,P009,221,215,4,31
2025-07-12,L3,P010,143,140,2,29
2025-07-12,L3,P011,149,145,3,25
2025-07-12,L3,P012,172,168,4,0
2025-07-12,L3,P013,176,172,2,27
2025-07-12,L3,P014,187,182,4,8
2025-07-12,L4,P015,724,715,5,11
2025-07-12,L4,P016,582,563,8,36
2025-07-12,L4,P017,591,584,7,0
2025-07-12,L4,P018,260,257,2,10
2025-07-12,L4,P019,275,269,5,4
2025-07-12,L4,P020,271,264,4,18
2025-07-12,L5,P021,23,23,0,14
2025-07-12,L5,P022,35,35,0,22
2025-07-12,L5,P023,32,32,0,20
2025-07-12,L5,P024,59,57,1,21
2025-07-12,L5,P025,39,38,0,32
2025-07-13,L1,P001,128,124,3,17
2025-07-13,L1,P002,108,104,2,33
2025-07-13,L1,P003,157,154,2,7
2025-07-13,L1,P004,119,115,2,32
2025-07-13,L2,P005,87,84,2,33
2025-07-13,L2,P006,84,82,1,21
2025-07-13,L2,P007,78,76,2,12
2025-07-13,L2,P008,63,62,1,4
2025-07-13,L3,P009,173,173,0,0
2025-07-13,L3,P010,192,189,2,22
2025-07-13,L3,P011,152,149,2,22
2025-07-13,L3,P012,182,180,2,6
2025-07-13,L3,P013,171,168,2,20
2025-07-13,L3,P014,174,172,1,11
2025-07-13,L4,P015,640,619,12,26
2025-07-13,L4,P016,511,487,13,40
2025-07-13,L4,P017,553,540,12,3
2025-07-13,L4,P018,335,327,5,16
2025-07-13,L4,P019,240,232,4,33
2025-07-13,L4,P020,251,246,3,15
2025-07-13,L5,P021,41,40,1,20
2025-07-13,L5,P022,25,25,0,8
2025-07-13,L5,P023,38,37,1,16
2025-07-13,L5,P024,62,60,1,18
2025-07-13,L5,P025,26,26,0,28
2025-07-14,L1,P001,114,110,2,26
2025-07-14,L1,P002,141,137,3,9
2025-07-14,L1,P003,111,107,2,27
2025-07-14,L1,P004,97,95,1,11
2025-07-14,L2,P005,74,72,1,15
2025-07-14,L2,P006,75,72,2,26
2025-07-14,L2,P007,62,60,1,40
2025-07-14,L2,P008,57,57,0,0
2025-07-14,L3,P009,184,180,2,35
2025-07-14,L3,P010,189,187,1,12
2025-07-14,L3,P011,215,210,4,10
2025-07-14,L3,P012,162,158,3,23
2025-07-14,L3,P013,199,194,3,22
2025-07-14,L3,P014,163,158,3,40
2025-07-14,L4,P015,614,599,6,29
2025-07-14,L4,P016,508,485,12,43
2025-07-14,L4,P017,607,594,4,29
2025-07-14,L4,P018,310,302,3,34
2025-07-14,L4,P019,309,302,0,43
2025-07-14,L4,P020,262,253,4,33
2025-07-14,L5,P021,14,14,0,16
2025-07-14,L5,P022,28,28,0,0
2025-07-14,L5,P023,32,31,1,21
2025-07-14,L5,P024,72,70,1,20
2025-07-14,L5,P025,25,25,0,33
2025-07-15,L1,P001,125,120,3,35
2025-07-15,L1,P002,105,102,2,16
2025-07-15,L1,P003,131,127,3,19
2025-07-15,L1,P004,87,85,2,9
2025-07-15,L2,P005,46,45,1,20
2025-07-15,L2,P006,68,67,1,4
2025-07-15,L2,P007,67,64,2,17
2025-07-15,L2,P008,81,78,2,22
2025-07-15,L3,P009,175,171,2,28
2025-07-15,L3,P010,156,153,2,23
2025-07-15,L3,P011,179,176,3,2
2025-07-15,L3,P012,193,189,2,28
2025-07-15,L3,P013,172,170,2,8
2025-07-15,L3,P014,139,136,3,0
2025-07-15,L4,P015,576,562,8,19
2025-07-15,L4,P016,595,588,4,10
2025-07-15,L4,P017,577,565,5,22
2025-07-15,L4,P018,274,262,7,36
2025-07-15,L4,P019,241,238,1,16
2025-07-15,L4,P020,275,268,5,16
2025-07-15,L5,P021,32,31,0,42
2025-07-15,L5,P022,11,11,0,57
2025-07-15,L5,P023,38,37,1,25
2025-07-15,L5,P024,52,50,1,37
2025-07-15,L5,P025,22,22,0,19
2025-07-16,L1,P001,105,102,2,18
2025-07-16,L1,P002,129,125,2,31
2025-07-16,L1,P003,131,126,2,43
2025-07-16,L1,P004,120,117,1,26
2025-07-16,L2,P005,73,71,1,22
2025-07-16,L2,P006,65,63,1,34
2025-07-16,L2,P007,86,84,1,14
2025-07-16,L2,P008,94,91,2,27
2025-07-16,L3,P009,175,171,3,15
2025-07-16,L3,P010,190,187,2,17
2025-07-16,L3,P011,194,193,1,2
2025-07-16,L3,P012,171,168,3,2
2025-07-16,L3,P013,182,179,2,18
2025-07-16,L3,P014,167,166,1,7
2025-07-16,L4,P015,579,574,5,0
2025-07-16,L4,P016,534,521,8,18
2025-07-16,L4,P017,695,674,15,16
2025-07-16,L4,P018,259,257,2,3
2025-07-16,L4,P019,316,304,8,22
2025-07-16,L4,P020,311,303,3,28
2025-07-16,L5,P021,22,22,0,26
2025-07-16,L5,P022,26,26,0,31
2025-07-16,L5,P023,4,4,0,20
2025-07-16,L5,P024,49,48,1,10
2025-07-16,L5,P025,32,31,1,20
2025-07-17,L1,P001,128,125,2,19
2025-07-17,L1,P002,119,115,2,36
2025-07-17,L1,P003,137,133,2,32
2025-07-17,L1,P004,152,148,3,14
2025-07-17,L2,P005,80,79,1,2
2025-07-17,L2,P006,75,73,1,15
2025-07-17,L2,P007,103,99,1,54
2025-07-17,L2,P008,85,82,1,42
2025-07-17,L3,P009,184,178,4,26
2025-07-17,L3,P010,180,175,4,15
2025-07-17,L3,P011,192,186,3,40
2025-07-17,L3,P012,216,210,3,43
2025-07-17,L3,P013,204,200,2,30
2025-07-17,L3,P014,228,224,4,2
2025-07-17,L4,P015,680,660,8,33
2025-07-17,L4,P016,739,724,5,26
2025-07-17,L4,P017,670,658,6,17
2025-07-17,L4,P018,290,277,5,51
2025-07-17,L4,P019,299,293,1,29
2025-07-17,L4,P020,273,268,3,16
2025-07-17,L5,P021,38,38,0,4
2025-07-17,L5,P022,55,55,0,6
2025-07-17,L5,P023,35,34,1,15
2025-07-17,L5,P024,60,60,0,11
2025-07-17,L5,P025,26,26,0,33
2025-07-18,L1,P001,149,146,2,9
2025-07-18,L1,P002,162,158,3,17
2025-07-18,L1,P003,175,170,3,27
2025-07-18,L1,P004,145,142,1,25
2025-07-18,L2,P005,126,124,1,16
2025-07-18,L2,P006,106,104,1,26
2025-07-18,L2,P007,108,105,1,27
2025-07-18,L2,P008,159,154,3,28
2025-07-18,L3,P009,253,251,1,17
2025-07-18,L3,P010,222,216,4,27
2025-07-18,L3,P011,216,213,3,0
2025-07-18,L3,P012,212,209,1,21
2025-07-18,L3,P013,233,227,3,35
2025-07-18,L3,P014,250,243,6,8
2025-07-18,L4,P015,776,760,13,8
2025-07-18,L4,P016,836,828,2,14
2025-07-18,L4,P017,837,821,16,0
2025-07-18,L4,P018,353,341,5,38
2025-07-18,L4,P019,337,323,9,26
2025-07-18,L4,P020,386,373,6,36
2025-07-18,L5,P021,26,26,0,20
2025-07-18,L5,P022,44,42,1,22
2025-07-18,L5,P023,39,37,1,28
2025-07-18,L5,P024,66,65,1,10
2025-07-18,L5,P025,43,41,1,36
2025-07-19,L1,P001,94,92,2,7
2025-07-19,L1,P002,111,107,2,39
2025-07-19,L1,P003,106,104,2,0
2025-07-19,L1,P004,90,88,1,18
2025-07-19,L2,P005,72,71,1,5
2025-07-19,L2,P006,64,62,1,31
2025-07-19,L2,P007,69,68,1,0
2025-07-19,L2,P008,81,79,1,29
2025-07-19,L3,P009,173,167,4,30
2025-07-19,L3,P010,148,144,3,17
2025-07-19,L3,P011,110,107,2,32
2025-07-19,L3,P012,179,178,0,20
2025-07-19,L3,P013,182,178,3,9
2025-07-19,L3,P014,153,150,2,25
2025-07-19,L4,P015,500,485,15,0
2025-07-19,L4,P016,614,597,15,5
2025-07-19,L4,P017,617,602,10,17
2025-07-19,L4,P018,227,218,4,46
2025-07-19,L4,P019,296,290,2,28
2025-07-19,L4,P020,282,276,5,9
2025-07-19,L5,P021,37,36,1,24
2025-07-19,L5,P022,25,25,0,12
2025-07-19,L5,P023,29,29,0,17
2025-07-19,L5,P024,42,41,1,1
2025-07-19,L5,P025,30,29,1,29
2025-07-20,L1,P001,122,118,2,34
2025-07-20,L1,P002,91,88,2,18
2025-07-20,L1,P003,122,119,1,24
2025-07-20,L1,P004,105,101,2,40
2025-07-20,L2,P005,72,69,1,41
2025-07-20,L2,P006,77,74,1,50
2025-07-20,L2,P007,69,67,1,20
2025-07-20,L2,P008,60,58,1,30
2025-07-20,L3,P009,163,159,2,42
2025-07-20,L3,P010,168,167,1,1
2025-07-20,L3,P011,171,170,0,19
2025-07-20,L3,P012,202,198,3,15
2025-07-20,L3,P013,162,159,1,30
2025-07-20,L3,P014,236,232,2,23
2025-07-20,L4,P015,554,545,4,17
2025-07-20,L4,P016,575,549,12,46
2025-07-20,L4,P017,553,540,6,25
2025-07-20,L4,P018,298,293,3,11
2025-07-20,L4,P019,228,224,4,2
2025-07-20,L4,P020,321,315,1,27
2025-07-20,L5,P021,25,25,0,15
2025-07-20,L5,P022,35,35,0,24
2025-07-20,L5,P023,35,34,1,13
2025-07-20,L5,P024,60,58,1,22
2025-07-20,L5,P025,24,24,0,23
2025-07-21,L1,P001,122,120,1,18
2025-07-21,L1,P002,120,117,1,38
2025-07-21,L1,P003,128,125,2,8
2025-07-21,L1,P004,118,116,1,19
2025-07-21,L2,P005,69,67,1,22
2025-07-21,L2,P006,55,54,0,41
2025-07-21,L2,P007,83,81,1,33
2025-07-21,L2,P008,69,67,1,32
2025-07-21,L3,P009,205,201,3,19
2025-07-21,L3,P010,187,184,3,0
2025-07-21,L3,P011,145,141,4,0
2025-07-21,L3,P012,165,161,2,36
2025-07-21,L3,P013,202,195,5,23
2025-07-21,L3,P014,180,174,4,27
2025-07-21,L4,P015,554,531,9,49
2025-07-21,L4,P016,599,579,10,33
2025-07-21,L4,P017,588,580,3,15
2025-07-21,L4,P018,292,288,2,15
2025-07-21,L4,P019,287,281,4,14
2025-07-21,L4,P020,243,238,3,13
2025-07-21,L5,P021,26,25,0,37
2025-07-21,L5,P022,24,24,0,21
2025-07-21,L5,P023,25,25,0,2
2025-07-21,L5,P024,47,45,1,25
2025-07-21,L5,P025,29,28,1,6
2025-07-22,L1,P001,121,117,2,31
2025-07-22,L1,P002,127,122,3,29
2025-07-22,L1,P003,128,124,3,20
2025-07-22,L1,P004,109,105,2,33
2025-07-22,L2,P005,81,78,2,23
2025-07-22,L2,P006,83,80,1,48
2025-07-22,L2,P007,73,72,1,5
2025-07-22,L2,P008,91,89,1,22
2025-07-22,L3,P009,181,178,3,0
2025-07-22,L3,P010,182,177,5,0
2025-07-22,L3,P011,179,175,3,23
2025-07-22,L3,P012,169,166,3,2
2025-07-22,L3,P013,196,194,1,15
2025-07-22,L3,P014,208,202,4,29
2025-07-22,L4,P015,581,562,10,31
2025-07-22,L4,P016,586,574,12,0
2025-07-22,L4,P017,606,586,10,31
2025-07-22,L4,P018,277,270,5,17
2025-07-22,L4,P019,259,249,6,32
2025-07-22,L4,P020,249,240,6,23
2025-07-22,L5,P021,33,31,1,35
2025-07-22,L5,P022,30,30,0,21
2025-07-22,L5,P023,35,35,0,18
2025-07-22,L5,P024,69,67,1,24
2025-07-22,L5,P025,25,25,0,38
2025-07-23,L1,P001,135,132,2,8
2025-07-23,L1,P002,121,118,2,11
2025-07-23,L1,P003,127,125,1,17
2025-07-23,L1,P004,134,131,1,23
2025-07-23,L2,P005,78,76,2,11
2025-07-23,L2,P006,80,78,1,13
2025-07-23,L2,P007,88,86,2,9
2025-07-23,L2,P008,69,66,2,21
2025-07-23,L3,P009,150,146,3,27
2025-07-23,L3,P010,162,160,1,26
2025-07-23,L3,P011,152,147,3,38
2025-07-23,L3,P012,228,223,3,29
2025-07-23,L3,P013,196,192,3,17
2025-07-23,L3,P014,178,176,1,22
2025-07-23,L4,P015,545,529,10,21
2025-07-23,L4,P016,577,561,5,36
2025-07-23,L4,P017,557,536,16,18
2025-07-23,L4,P018,295,285,6,26
2025-07-23,L4,P019,312,302,8,12
2025-07-23,L4,P020,257,250,2,41
2025-07-23,L5,P021,46,44,1,21
2025-07-23,L5,P022,35,35,0,0
2025-07-23,L5,P023,14,14,0,1
2025-07-23,L5,P024,46,45,1,16
2025-07-23,L5,P025,30,30,0,22
2025-07-24,L1,P001,153,150,1,21
2025-07-24,L1,P002,120,117,1,33
2025-07-24,L1,P003,139,134,3,23
2025-07-24,L1,P004,144,140,3,14
2025-07-24,L2,P005,78,75,2,16
2025-07-24,L2,P006,85,82,1,44
2025-07-24,L2,P007,101,96,2,49
2025-07-24,L2,P008,99,98,1,7
2025-07-24,L3,P009,223,219,3,16
2025-07-24,L3,P010,207,200,4,36
2025-07-24,L3,P011,212,207,4,13
2025-07-24,L3,P012,263,260,3,4
2025-07-24,L3,P013,251,242,6,30
2025-07-24,L3,P014,262,254,4,43
2025-07-24,L4,P015,708,686,8,38
2025-07-24,L4,P016,639,608,17,43
2025-07-24,L4,P017,662,625,20,48
2025-07-24,L4,P018,314,306,8,0
2025-07-24,L4,P019,304,297,4,19
2025-07-24,L4,P020,280,266,4,71
2025-07-24,L5,P021,27,27,0,21
2025-07-24,L5,P022,40,38,1,38
2025-07-24,L5,P023,40,39,1,9
2025-07-24,L5,P024,41,40,1,23
2025-07-24,L5,P025,41,40,1,0
2025-07-25,L1,P001,145,141,1,45
2025-07-25,L1,P002,151,145,4,27
2025-07-25,L1,P003,186,181,2,27
2025-07-25,L1,P004,154,148,3,42
2025-07-25,L2,P005,108,105,2,23
2025-07-25,L2,P006,143,141,2,3
2025-07-25,L2,P007,110,108,2,1
2025-07-25,L2,P008,98,95,2,14
2025-07-25,L3,P009,224,219,3,25
2025-07-25,L3,P010,247,243,2,21
2025-07-25,L3,P011,285,275,6,39
2025-07-25,L3,P012,269,265,4,2
2025-07-25,L3,P013,249,244,4,6
2025-07-25,L3,P014,247,242,3,27
2025-07-25,L4,P015,800,777,15,20
2025-07-25,L4,P016,783,774,8,3
2025-07-25,L4,P017,783,764,4,38
2025-07-25,L4,P018,360,351,6,15
2025-07-25,L4,P019,508,490,6,45
2025-07-25,L4,P020,403,391,7,26
2025-07-25,L5,P021,28,28,0,3
2025-07-25,L5,P022,65,63,1,20
2025-07-25,L5,P023,43,43,0,4
2025-07-25,L5,P024,77,75,1,21
2025-07-25,L5,P025,45,43,1,29
2025-07-26,L1,P001,112,108,2,28
2025-07-26,L1,P002,87,85,2,6
2025-07-26,L1,P003,99,97,1,17
2025-07-26,L1,P004,78,76,1,16
2025-07-26,L2,P005,66,64,1,22
2025-07-26,L2,P006,84,83,1,0
2025-07-26,L2,P007,67,66,1,0
2025-07-26,L2,P008,82,80,1,20
2025-07-26,L3,P009,161,158,1,27
2025-07-26,L3,P010,186,182,3,16
2025-07-26,L3,P011,221,216,4,9
2025-07-26,L3,P012,171,168,2,25
2025-07-26,L3,P013,170,169,1,6
2025-07-26,L3,P014,181,177,3,17
2025-07-26,L4,P015,545,538,6,5
2025-07-26,L4,P016,533,516,11,22
2025-07-26,L4,P017,587,572,14,4
2025-07-26,L4,P018,279,272,5,11
2025-07-26,L4,P019,220,216,4,0
2025-07-26,L4,P020,271,267,4,0
2025-07-26,L5,P021,24,24,0,25
2025-07-26,L5,P022,15,15,0,9
2025-07-26,L5,P023,34,33,1,3
2025-07-26,L5,P024,35,34,0,47
2025-07-26,L5,P025,20,20,0,18
2025-07-27,L1,P001,102,100,0,36
2025-07-27,L1,P002,114,111,1,40
2025-07-27,L1,P003,110,106,2,41
2025-07-27,L1,P004,101,97,2,29
2025-07-27,L2,P005,44,42,1,58
2025-07-27,L2,P006,59,58,1,15
2025-07-27,L2,P007,72,70,1,19
2025-07-27,L2,P008,82,80,1,31
2025-07-27,L3,P009,173,168,4,20
2025-07-27,L3,P010,184,182,1,14
2025-07-27,L3,P011,183,181,2,1
2025-07-27,L3,P012,159,157,0,38
2025-07-27,L3,P013,186,180,4,27
2025-07-27,L3,P014,192,186,3,48
2025-07-27,L4,P015,560,530,21,30
2025-07-27,L4,P016,606,594,9,9
2025-07-27,L4,P017,646,640,6,1
2025-07-27,L4,P018,263,256,3,29
2025-07-27,L4,P019,279,271,6,15
2025-07-27,L4,P020,374,367,4,15
2025-07-27,L5,P021,41,40,0,30
2025-07-27,L5,P022,29,28,0,37
2025-07-27,L5,P023,28,27,1,5
2025-07-27,L5,P024,55,54,0,32
2025-07-27,L5,P025,20,20,0,14
2025-07-28,L1,P001,113,110,1,32
2025-07-28,L1,P002,127,123,2,36
2025-07-28,L1,P003,109,106,2,18
2025-07-28,L1,P004,104,102,1,16
2025-07-28,L2,P005,85,84,1,0
2025-07-28,L2,P006,78,74,2,46
2025-07-28,L2,P007,57,56,1,2
2025-07-28,L2,P008,74,72,2,10
2025-07-28,L3,P009,193,188,4,20
2025-07-28,L3,P010,191,186,3,25
2025-07-28,L3,P011,239,235,4,0
2025-07-28,L3,P012,162,157,3,31
2025-07-28,L3,P013,169,163,5,19
2025-07-28,L3,P014,192,188,3,13
2025-07-28,L4,P015,590,571,4,50
2025-07-28,L4,P016,569,547,12,33
2025-07-28,L4,P017,582,563,14,16
2025-07-28,L4,P018,303,291,6,38
2025-07-28,L4,P019,310,302,8,0
2025-07-28,L4,P020,287,275,6,37
2025-07-28,L5,P021,24,24,0,18
2025-07-28,L5,P022,46,45,1,17
2025-07-28,L5,P023,20,20,0,35
2025-07-28,L5,P024,34,33,1,17
2025-07-28,L5,P025,29,28,0,34
2025-07-29,L1,P001,103,99,2,28
2025-07-29,L1,P002,100,99,1,0
2025-07-29,L1,P003,106,105,1,7
2025-07-29,L1,P004,101,99,1,28
2025-07-29,L2,P005,84,82,1,26
2025-07-29,L2,P006,61,59,1,39
2025-07-29,L2,P007,77,74,2,20
2025-07-29,L2,P008,85,83,1,26
2025-07-29,L3,P009,175,171,3,21
2025-07-29,L3,P010,179,174,3,28
2025-07-29,L3,P011,164,160,3,11
2025-07-29,L3,P012,138,134,1,57
2025-07-29,L3,P013,175,171,3,16
2025-07-29,L3,P014,219,214,3,28
2025-07-29,L4,P015,622,604,6,37
2025-07-29,L4,P016,633,615,15,10
2025-07-29,L4,P017,556,547,9,0
2025-07-29,L4,P018,279,274,2,20
2025-07-29,L4,P019,324,321,3,1
2025-07-29,L4,P020,304,294,7,19
2025-07-29,L5,P021,21,21,0,14
2025-07-29,L5,P022,46,44,1,39
2025-07-29,L5,P023,41,40,1,0
2025-07-29,L5,P024,75,72,1,44
2025-07-29,L5,P025,38,38,0,20
2025-07-30,L1,P001,137,134,2,14
2025-07-30,L1,P002,103,99,3,25
2025-07-30,L1,P003,116,113,2,19
2025-07-30,L1,P004,115,112,2,19
2025-07-30,L2,P005,80,77,1,37
2025-07-30,L2,P006,78,77,1,6
2025-07-30,L2,P007,76,74,1,14
2025-07-30,L2,P008,49,48,1,12
2025-07-30,L3,P009,189,184,4,13
2025-07-30,L3,P010,162,158,3,21
2025-07-30,L3,P011,162,159,2,26
2025-07-30,L3,P012,163,161,1,10
2025-07-30,L3,P013,162,159,2,16
2025-07-30,L3,P014,155,151,3,26
2025-07-30,L4,P015,523,516,7,0
2025-07-30,L4,P016,560,548,11,5
2025-07-30,L4,P017,665,635,11,54
2025-07-30,L4,P018,328,320,5,19
2025-07-30,L4,P019,311,302,6,20
2025-07-30,L4,P020,302,293,3,36
2025-07-30,L5,P021,10,10,0,7
2025-07-30,L5,P022,37,36,1,9
2025-07-30,L5,P023,25,24,1,20
2025-07-30,L5,P024,72,71,1,11
2025-07-30,L5,P025,29,29,0,19
2025-07-31,L1,P001,135,131,3,21
2025-07-31,L1,P002,136,132,2,28
2025-07-31,L1,P003,152,147,3,26
2025-07-31,L1,P004,179,174,4,8
2025-07-31,L2,P005,82,80,1,15
2025-07-31,L2,P006,85,82,2,19
2025-07-31,L2,P007,69,67,1,35
2025-07-31,L2,P008,74,72,1,38
2025-07-31,L3,P009,171,166,3,27
2025-07-31,L3,P010,207,203,3,10
2025-07-31,L3,P011,185,183,2,0
2025-07-31,L3,P012,179,175,3,20
2025-07-31,L3,P013,232,226,4,28
2025-07-31,L3,P014,202,198,3,16
2025-07-31,L4,P015,621,616,5,0
2025-07-31,L4,P016,667,654,7,18
2025-07-31,L4,P017,699,684,12,9
2025-07-31,L4,P018,326,317,2,44
2025-07-31,L4,P019,363,350,8,25
2025-07-31,L4,P020,328,319,7,13
2025-07-31,L5,P021,29,29,0,9
2025-07-31,L5,P022,26,25,1,15
2025-07-31,L5,P023,41,39,1,41
2025-07-31,L5,P024,42,41,1,0
2025-07-31,L5,P025,39,38,0,26
2025-08-01,L1,P001,148,145,1,26
2025-08-01,L1,P002,159,156,2,10
2025-08-01,L1,P003,133,130,2,10
2025-08-01,L1,P004,121,118,2,20
2025-08-01,L2,P005,102,99,2,12
2025-08-01,L2,P006,103,101,1,18
2025-08-01,L2,P007,138,135,1,23
2025-08-01,L2,P008,97,96,0,25
2025-08-01,L3,P009,215,212,3,6
2025-08-01,L3,P010,265,262,1,17
2025-08-01,L3,P011,272,267,2,27
2025-08-01,L3,P012,212,209,2,19
2025-08-01,L3,P013,217,211,4,23
2025-08-01,L3,P014,240,235,4,10
2025-08-01,L4,P015,753,725,15,33
2025-08-01,L4,P016,810,796,11,7
2025-08-01,L4,P017,827,799,12,38
2025-08-01,L4,P018,346,333,7,34
2025-08-01,L4,P019,377,359,12,30
2025-08-01,L4,P020,381,378,3,0
2025-08-01,L5,P021,34,33,1,28
2025-08-01,L5,P022,33,32,1,14
2025-08-01,L5,P023,35,34,1,0
2025-08-01,L5,P024,66,64,1,25
2025-08-01,L5,P025,29,29,0,27
2025-08-02,L1,P001,125,121,4,0
2025-08-02,L1,P002,70,68,0,59
2025-08-02,L1,P003,110,108,1,15
2025-08-02,L1,P004,119,116,2,24
2025-08-02,L2,P005,83,81,1,18
2025-08-02,L2,P006,83,81,1,31
2025-08-02,L2,P007,80,77,1,38
2025-08-02,L2,P008,87,84,2,26
2025-08-02,L3,P009,169,163,4,41
2025-08-02,L3,P010,192,189,3,0
2025-08-02,L3,P011,161,157,4,1
2025-08-02,L3,P012,162,158,3,12
2025-08-02,L3,P013,153,151,1,27
2025-08-02,L3,P014,145,142,3,5
2025-08-02,L4,P015,515,499,6,38
2025-08-02,L4,P016,558,540,8,33
2025-08-02,L4,P017,689,677,3,24
2025-08-02,L4,P018,267,261,4,16
2025-08-02,L4,P019,351,345,5,7
2025-08-02,L4,P020,276,271,5,3
2025-08-02,L5,P021,31,31,0,0
2025-08-02,L5,P022,35,35,0,25
2025-08-02,L5,P023,24,23,1,12
2025-08-02,L5,P024,35,34,0,47
2025-08-02,L5,P025,22,21,1,32
2025-08-03,L1,P001,79,78,1,5
2025-08-03,L1,P002,144,143,1,6
2025-08-03,L1,P003,91,89,1,26
2025-08-03,L1,P004,113,109,2,32
2025-08-03,L2,P005,69,67,1,14
2025-08-03,L2,P006,87,85,1,32
2025-08-03,L2,P007,66,64,1,18
2025-08-03,L2,P008,59,58,1,1
2025-08-03,L3,P009,164,161,2,18
2025-08-03,L3,P010,128,126,2,0
2025-08-03,L3,P011,219,215,1,43
2025-08-03,L3,P012,157,156,1,0
2025-08-03,L3,P013,173,168,3,34
2025-08-03,L3,P014,156,152,2,34
2025-08-03,L4,P015,539,527,9,9
2025-08-03,L4,P016,569,550,9,34
2025-08-03,L4,P017,533,510,16,24
2025-08-03,L4,P018,285,279,2,24
2025-08-03,L4,P019,264,260,3,9
2025-08-03,L4,P020,238,231,5,18
2025-08-03,L5,P021,29,27,1,40
2025-08-03,L5,P022,40,40,0,9
2025-08-03,L5,P023,47,46,0,36
2025-08-03,L5,P024,41,41,0,7
2025-08-03,L5,P025,28,28,0,9
2025-08-04,L1,P001,82,79,1,38
2025-08-04,L1,P002,120,116,2,30
2025-08-04,L1,P003,122,120,1,18
2025-08-04,L1,P004,118,115,1,40
2025-08-04,L2,P005,87,84,2,16
2025-08-04,L2,P006,91,88,1,34
2025-08-04,L2,P007,103,101,1,26
2025-08-04,L2,P008,77,74,2,31
2025-08-04,L3,P009,173,168,3,41
2025-08-04,L3,P010,189,187,1,21
2025-08-04,L3,P011,159,155,2,42
2025-08-04,L3,P012,175,172,2,20
2025-08-04,L3,P013,156,151,4,23
2025-08-04,L3,P014,173,169,2,25
2025-08-04,L4,P015,590,564,12,45
2025-08-04,L4,P016,616,593,11,36
2025-08-04,L4,P017,577,556,15,21
2025-08-04,L4,P018,273,268,5,1
2025-08-04,L4,P019,249,243,5,5
2025-08-04,L4,P020,273,269,2,14
2025-08-04,L5,P021,23,23,0,40
2025-08-04,L5,P022,20,20,0,17
2025-08-04,L5,P023,34,34,0,23
2025-08-04,L5,P024,57,55,1,19
2025-08-04,L5,P025,25,25,0,27
2025-08-05,L1,P001,125,122,2,16
2025-08-05,L1,P002,123,121,1,12
2025-08-05,L1,P003,100,97,2,15
2025-08-05,L1,P004,123,119,2,34
2025-08-05,L2,P005,59,58,1,0
2025-08-05,L2,P006,73,71,1,28
2025-08-05,L2,P007,70,69,1,4
2025-08-05,L2,P008,81,79,1,33
2025-08-05,L3,P009,191,189,1,14
2025-08-05,L3,P010,168,163,2,56
2025-08-05,L3,P011,174,169,4,13
2025-08-05,L3,P012,185,182,2,22
2025-08-05,L3,P013,165,163,2,0
2025-08-05,L3,P014,171,167,3,16
2025-08-05,L4,P015,588,571,10,23
2025-08-05,L4,P016,578,558,9,36
2025-08-05,L4,P017,610,603,1,19
2025-08-05,L4,P018,295,287,6,16
2025-08-05,L4,P019,289,279,5,35
2025-08-05,L4,P020,252,244,6,14
2025-08-05,L5,P021,19,19,0,0
2025-08-05,L5,P022,14,14,0,17
2025-08-05,L5,P023,39,39,0,18
2025-08-05,L5,P024,35,34,1,10
2025-08-05,L5,P025,21,21,0,20
2025-08-06,L1,P001,113,110,2,18
2025-08-06,L1,P002,111,109,1,23
2025-08-06,L1,P003,95,92,2,16
2025-08-06,L1,P004,101,100,1,0
2025-08-06,L2,P005,79,75,2,42
2025-08-06,L2,P006,86,83,2,14
2025-08-06,L2,P007,87,85,2,8
2025-08-06,L2,P008,80,78,0,42
2025-08-06,L3,P009,162,159,3,7
2025-08-06,L3,P010,185,182,2,17
2025-08-06,L3,P011,153,147,3,48
2025-08-06,L3,P012,184,179,3,30
2025-08-06,L3,P013,170,165,3,28
2025-08-06,L3,P014,168,162,4,42
2025-08-06,L4,P015,576,563,11,5
2025-08-06,L4,P016,628,615,5,25
2025-08-06,L4,P017,591,572,8,37
2025-08-06,L4,P018,306,300,4,14
2025-08-06,L4,P019,288,278,4,43
2025-08-06,L4,P020,306,296,5,32
2025-08-06,L5,P021,29,29,0,16
2025-08-06,L5,P022,33,33,0,27
2025-08-06,L5,P023,41,40,1,14
2025-08-06,L5,P024,61,60,1,14
2025-08-06,L5,P025,39,38,0,27
2025-08-07,L1,P001,133,129,3,16
2025-08-07,L1,P002,99,98,1,0
2025-08-07,L1,P003,132,128,2,31
2025-08-07,L1,P004,150,146,3,17
2025-08-07,L2,P005,88,85,2,16
2025-08-07,L2,P006,96,94,2,0
2025-08-07,L2,P007,90,87,1,38
2025-08-07,L2,P008,87,84,2,17
2025-08-07,L3,P009,257,252,3,24
2025-08-07,L3,P010,175,172,3,3
2025-08-07,L3,P011,215,206,5,53
2025-08-07,L3,P012,209,206,3,6
2025-08-07,L3,P013,294,287,5,20
2025-08-07,L3,P014,168,166,2,4
2025-08-07,L4,P015,685,670,9,18
2025-08-07,L4,P016,675,655,11,27
2025-08-07,L4,P017,656,633,8,43
2025-08-07,L4,P018,323,309,8,34
2025-08-07,L4,P019,324,316,1,39
2025-08-07,L4,P020,321,314,7,0
2025-08-07,L5,P021,29,28,0,35
2025-08-07,L5,P022,37,37,0,0
2025-08-07,L5,P023,25,25,0,16
2025-08-07,L5,P024,57,56,1,4
2025-08-07,L5,P025,38,36,1,30
2025-08-08,L1,P001,128,124,3,21
2025-08-08,L1,P002,164,159,2,32
2025-08-08,L1,P003,139,138,1,2
2025-08-08,L1,P004,149,146,2,18
2025-08-08,L2,P005,118,114,2,28
2025-08-08,L2,P006,98,94,2,33
2025-08-08,L2,P007,97,94,2,22
2025-08-08,L2,P008,95,94,1,5
2025-08-08,L3,P009,242,237,4,7
2025-08-08,L3,P010,229,227,2,0
2025-08-08,L3,P011,235,229,5,9
2025-08-08,L3,P012,184,180,3,17
2025-08-08,L3,P013,207,202,4,9
2025-08-08,L3,P014,216,210,4,21
2025-08-08,L4,P015,793,778,5,24
2025-08-08,L4,P016,821,805,16,0
2025-08-08,L4,P017,751,718,19,35
2025-08-08,L4,P018,398,383,10,23
2025-08-08,L4,P019,395,389,4,10
2025-08-08,L4,P020,367,352,5,51
2025-08-08,L5,P021,42,41,0,28
2025-08-08,L5,P022,35,34,1,26
2025-08-08,L5,P023,45,43,1,27
2025-08-08,L5,P024,72,69,1,41
2025-08-08,L5,P025,42,41,0,38
2025-08-09,L1,P001,106,103,2,20
2025-08-09,L1,P002,98,95,2,18
2025-08-09,L1,P003,98,96,1,26
2025-08-09,L1,P004,130,127,3,0
2025-08-09,L2,P005,85,83,1,28
2025-08-09,L2,P006,75,74,1,0
2025-08-09,L2,P007,69,67,2,4
2025-08-09,L2,P008,70,68,1,33
2025-08-09,L3,P009,129,127,2,0
2025-08-09,L3,P010,138,135,2,17
2025-08-09,L3,P011,168,164,3,10
2025-08-09,L3,P012,159,154,2,51
2025-08-09,L3,P013,158,153,4,21
2025-08-09,L3,P014,158,155,2,21
2025-08-09,L4,P015,535,524,7,15
2025-08-09,L4,P016,575,569,6,0
2025-08-09,L4,P017,590,578,12,0
2025-08-09,L4,P018,265,262,2,10
2025-08-09,L4,P019,236,231,3,19
2025-08-09,L4,P020,270,264,3,23
2025-08-09,L5,P021,24,24,0,36
2025-08-09,L5,P022,37,35,1,33
2025-08-09,L5,P023,30,28,1,46
2025-08-09,L5,P024,43,42,1,20
2025-08-09,L5,P025,32,32,0,20
2025-08-10,L1,P001,144,142,2,0
2025-08-10,L1,P002,121,120,1,0
2025-08-10,L1,P003,115,112,2,13
2025-08-10,L1,P004,99,95,2,38
2025-08-10,L2,P005,67,65,1,32
2025-08-10,L2,P006,76,74,1,36
2025-08-10,L2,P007,95,93,1,20
2025-08-10,L2,P008,90,88,1,17
2025-08-10,L3,P009,197,192,2,41
2025-08-10,L3,P010,169,166,2,9
2025-08-10,L3,P011,171,167,3,19
2025-08-10,L3,P012,202,199,3,3
2025-08-10,L3,P013,183,180,2,23
2025-08-10,L3,P014,173,168,5,0
2025-08-10,L4,P015,575,568,6,2
2025-08-10,L4,P016,532,521,4,27
2025-08-10,L4,P017,608,589,12,22
2025-08-10,L4,P018,260,253,5,13
2025-08-10,L4,P019,272,269,3,3
2025-08-10,L4,P020,246,237,3,43
2025-08-10,L5,P021,29,29,0,0
2025-08-10,L5,P022,34,33,1,24
2025-08-10,L5,P023,37,36,1,16
2025-08-10,L5,P024,37,37,0,10
2025-08-10,L5,P025,26,26,0,2
2025-08-11,L1,P001,126,122,2,38
2025-08-11,L1,P002,110,108,2,3
2025-08-11,L1,P003,125,120,3,32
2025-08-11,L1,P004,134,134,0,7
2025-08-11,L2,P005,60,59,1,12
2025-08-11,L2,P006,95,92,2,21
2025-08-11,L2,P007,88,86,1,27
2025-08-11,L2,P008,68,67,1,11
2025-08-11,L3,P009,180,176,2,27
2025-08-11,L3,P010,189,187,1,16
2025-08-11,L3,P011,188,184,3,17
2025-08-11,L3,P012,287,278,5,39
2025-08-11,L3,P013,187,183,4,1
2025-08-11,L3,P014,184,179,3,32
2025-08-11,L4,P015,597,576,9,39
2025-08-11,L4,P016,655,642,9,11
2025-08-11,L4,P017,568,557,3,28
2025-08-11,L4,P018,232,224,1,57
2025-08-11,L4,P019,299,296,0,20
2025-08-11,L4,P020,410,404,1,22
2025-08-11,L5,P021,29,28,0,39
2025-08-11,L5,P022,41,40,1,0
2025-08-11,L5,P023,20,20,0,0
2025-08-11,L5,P024,62,60,1,26
2025-08-11,L5,P025,19,19,0,23
2025-08-12,L1,P001,155,149,2,50
2025-08-12,L1,P002,116,112,3,19
2025-08-12,L1,P003,100,96,2,43
2025-08-12,L1,P004,99,96,2,24
2025-08-12,L2,P005,70,69,1,5
2025-08-12,L2,P006,116,113,2,23
2025-08-12,L2,P007,76,74,1,26
2025-08-12,L2,P008,50,48,1,20
2025-08-12,L3,P009,180,175,3,39
2025-08-12,L3,P010,186,183,3,0
2025-08-12,L3,P011,190,185,2,48
2025-08-12,L3,P012,193,189,3,13
2025-08-12,L3,P013,227,221,5,14
2025-08-12,L3,P014,173,170,1,32
2025-08-12,L4,P015,547,529,9,31
2025-08-12,L4,P016,536,517,10,32
2025-08-12,L4,P017,588,572,9,24
2025-08-12,L4,P018,316,310,6,2
2025-08-12,L4,P019,243,237,3,20
2025-08-12,L4,P020,308,303,5,0
2025-08-12,L5,P021,23,22,0,46
2025-08-12,L5,P022,37,36,1,15
2025-08-12,L5,P023,37,37,0,23
2025-08-12,L5,P024,75,73,1,38
2025-08-12,L5,P025,25,24,1,14
2025-08-13,L1,P001,105,102,3,0
2025-08-13,L1,P002,101,98,1,34
2025-08-13,L1,P003,97,94,2,18
2025-08-13,L1,P004,151,146,2,32
2025-08-13,L2,P005,80,78,1,13
2025-08-13,L2,P006,73,72,1,0
2025-08-13,L2,P007,51,50,1,0
2025-08-13,L2,P008,83,82,1,6
2025-08-13,L3,P009,167,166,1,8
2025-08-13,L3,P010,219,211,5,36
2025-08-13,L3,P011,193,188,3,29
2025-08-13,L3,P012,179,174,2,47
2025-08-13,L3,P013,205,197,6,31
2025-08-13,L3,P014,165,162,1,27
2025-08-13,L4,P015,600,592,2,18
2025-08-13,L4,P016,627,611,9,21
2025-08-13,L4,P017,561,547,5,30
2025-08-13,L4,P018,315,310,5,0
2025-08-13,L4,P019,259,249,7,25
2025-08-13,L4,P020,243,236,5,17
2025-08-13,L5,P021,38,38,0,25
2025-08-13,L5,P022,37,36,0,38
2025-08-13,L5,P023,23,23,0,29
2025-08-13,L5,P024,53,51,1,35
2025-08-13,L5,P025,31,31,0,9
2025-08-14,L1,P001,123,120,1,27
2025-08-14,L1,P002,144,140,3,12
2025-08-14,L1,P003,130,128,2,0
2025-08-14,L1,P004,114,110,2,37
2025-08-14,L2,P005,64,63,1,9
2025-08-14,L2,P006,83,81,2,8
2025-08-14,L2,P007,93,90,2,24
2025-08-14,L2,P008,109,106,1,37
2025-08-14,L3,P009,218,214,1,36
2025-08-14,L3,P010,193,189,2,36
2025-08-14,L3,P011,185,181,2,36
2025-08-14,L3,P012,187,182,4,17
2025-08-14,L3,P013,238,234,2,20
2025-08-14,L3,P014,212,206,4,22
2025-08-14,L4,P015,558,546,8,14
2025-08-14,L4,P016,664,646,15,10
2025-08-14,L4,P017,647,637,7,9
2025-08-14,L4,P018,294,283,5,36
2025-08-14,L4,P019,340,331,3,33
2025-08-14,L4,P020,348,340,4,20
2025-08-14,L5,P021,41,40,1,6
2025-08-14,L5,P022,31,31,0,0
2025-08-14,L5,P023,37,35,1,46
2025-08-14,L5,P024,46,44,1,21
2025-08-14,L5,P025,28,27,1,9
2025-08-15,L1,P001,114,111,2,21
2025-08-15,L1,P002,131,128,1,27
2025-08-15,L1,P003,162,158,3,12
2025-08-15,L1,P004,170,165,3,20
2025-08-15,L2,P005,98,96,2,4
2025-08-15,L2,P006,118,116,1,10
2025-08-15,L2,P007,85,83,1,24
2025-08-15,L2,P008,88,87,1,5
2025-08-15,L3,P009,236,231,2,37
2025-08-15,L3,P010,220,215,2,42
2025-08-15,L3,P011,246,239,5,23
2025-08-15,L3,P012,268,264,2,24
2025-08-15,L3,P013,284,277,7,0
2025-08-15,L3,P014,245,238,5,26
2025-08-15,L4,P015,795,766,16,31
2025-08-15,L4,P016,795,767,17,27
2025-08-15,L4,P017,805,779,14,28
2025-08-15,L4,P018,326,316,5,31
2025-08-15,L4,P019,347,341,6,0
2025-08-15,L4,P020,419,410,4,24
2025-08-15,L5,P021,52,50,1,46
2025-08-15,L5,P022,59,58,1,13
2025-08-15,L5,P023,21,21,0,7
2025-08-15,L5,P024,78,76,1,29
2025-08-15,L5,P025,40,39,1,1
2025-08-16,L1,P001,111,109,2,1
2025-08-16,L1,P002,140,135,2,47
2025-08-16,L1,P003,129,124,3,26
2025-08-16,L1,P004,101,99,1,24
2025-08-16,L2,P005,81,80,1,0
2025-08-16,L2,P006,90,89,1,4
2025-08-16,L2,P007,80,79,1,4
2025-08-16,L2,P008,91,88,2,19
2025-08-16,L3,P009,191,184,4,49
2025-08-16,L3,P010,194,189,5,0
2025-08-16,L3,P011,159,153,3,46
2025-08-16,L3,P012,166,164,2,7
2025-08-16,L3,P013,175,171,3,23
2025-08-16,L3,P014,152,148,2,29
2025-08-16,L4,P015,572,562,7,11
2025-08-16,L4,P016,540,531,6,12
2025-08-16,L4,P017,630,618,6,17
2025-08-16,L4,P018,256,247,5,33
2025-08-16,L4,P019,261,253,2,43
2025-08-16,L4,P020,244,243,1,0
2025-08-16,L5,P021,28,27,1,1
2025-08-16,L5,P022,38,36,1,29
2025-08-16,L5,P023,30,30,0,24
2025-08-16,L5,P024,48,47,1,0
2025-08-16,L5,P025,25,24,0,39
2025-08-17,L1,P001,167,160,3,47
2025-08-17,L1,P002,147,143,1,33
2025-08-17,L1,P003,96,94,1,23
2025-08-17,L1,P004,123,120,2,22
2025-08-17,L2,P005,76,74,1,35
2025-08-17,L2,P006,81,79,1,12
2025-08-17,L2,P007,68,65,0,71
2025-08-17,L2,P008,84,82,2,5
2025-08-17,L3,P009,145,141,3,11
2025-08-17,L3,P010,201,197,2,24
2025-08-17,L3,P011,203,199,2,34
2025-08-17,L3,P012,173,169,3,21
2025-08-17,L3,P013,189,186,3,6
2025-08-17,L3,P014,216,212,4,4
2025-08-17,L4,P015,557,544,12,3
2025-08-17,L4,P016,625,606,9,30
2025-08-17,L4,P017,602,584,9,29
2025-08-17,L4,P018,274,270,4,0
2025-08-17,L4,P019,243,235,6,16
2025-08-17,L4,P020,347,339,1,39
2025-08-17,L5,P021,39,38,0,31
2025-08-17,L5,P022,23,23,0,18
2025-08-17,L5,P023,44,43,0,29
2025-08-17,L5,P024,53,51,1,28
2025-08-17,L5,P025,27,27,0,14
2025-08-18,L1,P001,88,86,1,30
2025-08-18,L1,P002,137,132,3,31
2025-08-18,L1,P003,108,105,2,18
2025-08-18,L1,P004,112,108,2,26
2025-08-18,L2,P005,78,76,1,29
2025-08-18,L2,P006,85,82,1,41
2025-08-18,L2,P007,69,67,1,36
2025-08-18,L2,P008,63,61,1,23
2025-08-18,L3,P009,179,176,3,0
2025-08-18,L3,P010,182,179,3,0
2025-08-18,L3,P011,183,179,2,24
2025-08-18,L3,P012,265,260,3,25
2025-08-18,L3,P013,154,149,4,26
2025-08-18,L3,P014,134,133,0,28
2025-08-18,L4,P015,628,610,11,21
2025-08-18,L4,P016,564,552,8,15
2025-08-18,L4,P017,611,591,14,19
2025-08-18,L4,P018,249,244,3,14
2025-08-18,L4,P019,258,252,5,10
2025-08-18,L4,P020,254,247,2,41
2025-08-18,L5,P021,15,15,0,0
2025-08-18,L5,P022,25,24,1,13
2025-08-18,L5,P023,23,23,0,9
2025-08-18,L5,P024,61,59,1,30
2025-08-18,L5,P025,43,42,1,19
2025-08-19,L1,P001,102,99,1,31
2025-08-19,L1,P002,132,130,1,21
2025-08-19,L1,P003,131,128,2,13
2025-08-19,L1,P004,96,94,2,0
2025-08-19,L2,P005,58,58,0,11
2025-08-19,L2,P006,94,92,1,20
2025-08-19,L2,P007,69,67,1,22
2025-08-19,L2,P008,68,67,0,27
2025-08-19,L3,P009,179,173,4,37
2025-08-19,L3,P010,187,182,4,13
2025-08-19,L3,P011,184,178,3,41
2025-08-19,L3,P012,118,114,2,37
2025-08-19,L3,P013,173,171,1,23
2025-08-19,L3,P014,191,185,3,43
2025-08-19,L4,P015,631,626,1,11
2025-08-19,L4,P016,552,535,8,32
2025-08-19,L4,P017,581,565,6,33
2025-08-19,L4,P018,268,262,4,11
2025-08-19,L4,P019,337,327,4,36
2025-08-19,L4,P020,295,283,5,46
2025-08-19,L5,P021,37,35,1,37
2025-08-19,L5,P022,28,28,0,19
2025-08-19,L5,P023,35,35,0,15
2025-08-19,L5,P024,65,63,1,28
2025-08-19,L5,P025,22,21,1,9
2025-08-20,L1,P001,95,93,2,1
2025-08-20,L1,P002,112,110,2,0
2025-08-20,L1,P003,143,140,1,23
2025-08-20,L1,P004,70,68,1,19
2025-08-20,L2,P005,76,72,2,38
2025-08-20,L2,P006,75,72,2,36
2025-08-20,L2,P007,91,88,1,41
2025-08-20,L2,P008,68,67,1,6
2025-08-20,L3,P009,184,178,4,32
2025-08-20,L3,P010,133,130,2,12
2025-08-20,L3,P011,172,170,0,36
2025-08-20,L3,P012,176,171,3,33
2025-08-20,L3,P013,193,189,3,15
2025-08-20,L3,P014,196,193,1,25
2025-08-20,L4,P015,598,584,8,20
2025-08-20,L4,P016,639,628,7,12
2025-08-20,L4,P017,583,568,10,17
2025-08-20,L4,P018,310,300,4,37
2025-08-20,L4,P019,256,249,5,12
2025-08-20,L4,P020,320,312,4,23
2025-08-20,L5,P021,43,41,1,42
2025-08-20,L5,P022,24,23,0,43
2025-08-20,L5,P023,30,30,0,14
2025-08-20,L5,P024,66,64,2,11
2025-08-20,L5,P025,24,24,0,32
2025-08-21,L1,P001,114,111,2,15
2025-08-21,L1,P002,149,145,2,22
2025-08-21,L1,P003,113,112,1,0
2025-08-21,L1,P004,171,164,3,43
2025-08-21,L2,P005,90,88,2,7
2025-08-21,L2,P006,90,88,1,24
2025-08-21,L2,P007,65,64,1,8
2025-08-21,L2,P008,91,87,2,32
2025-08-21,L3,P009,234,230,2,29
2025-08-21,L3,P010,182,178,2,32
2025-08-21,L3,P011,187,184,2,10
2025-08-21,L3,P012,174,171,1,26
2025-08-21,L3,P013,222,217,3,31
2025-08-21,L3,P014,226,224,1,9
2025-08-21,L4,P015,740,733,5,6
2025-08-21,L4,P016,732,705,10,45
2025-08-21,L4,P017,702,687,12,8
2025-08-21,L4,P018,321,316,5,0
2025-08-21,L4,P019,330,318,5,42
2025-08-21,L4,P020,304,296,7,5
2025-08-21,L5,P021,39,38,0,26
2025-08-21,L5,P022,32,32,0,7
2025-08-21,L5,P023,33,32,1,3
2025-08-21,L5,P024,59,57,1,43
2025-08-21,L5,P025,29,28,0,56
2025-08-22,L1,P001,153,149,2,30
2025-08-22,L1,P002,150,146,2,31
2025-08-22,L1,P003,139,136,2,17
2025-08-22,L1,P004,153,149,2,20
2025-08-22,L2,P005,102,99,1,42
2025-08-22,L2,P006,112,111,1,5
2025-08-22,L2,P007,153,150,3,3
2025-08-22,L2,P008,101,98,1,40
2025-08-22,L3,P009,209,206,1,25
2025-08-22,L3,P010,209,202,4,47
2025-08-22,L3,P011,241,232,7,22
2025-08-22,L3,P012,252,246,5,16
2025-08-22,L3,P013,269,262,5,20
2025-08-22,L3,P014,247,241,5,13
2025-08-22,L4,P015,766,759,3,9
2025-08-22,L4,P016,794,777,10,17
2025-08-22,L4,P017,808,788,18,4
2025-08-22,L4,P018,480,469,6,19
2025-08-22,L4,P019,384,369,7,39
2025-08-22,L4,P020,387,370,8,43
2025-08-22,L5,P021,28,28,0,0
2025-08-22,L5,P022,37,36,0,27
2025-08-22,L5,P023,48,48,0,4
2025-08-22,L5,P024,65,63,1,33
2025-08-22,L5,P025,66,64,1,36
2025-08-23,L1,P001,76,75,1,8
2025-08-23,L1,P002,84,82,1,19
2025-08-23,L1,P003,113,109,2,37
2025-08-23,L1,P004,63,61,1,20
2025-08-23,L2,P005,76,75,1,1
2025-08-23,L2,P006,68,67,1,6
2025-08-23,L2,P007,78,76,1,25
2025-08-23,L2,P008,87,84,1,52
2025-08-23,L3,P009,198,195,1,31
2025-08-23,L3,P010,185,178,5,25
2025-08-23,L3,P011,192,188,3,8
2025-08-23,L3,P012,199,196,3,1
2025-08-23,L3,P013,171,170,1,0
2025-08-23,L3,P014,144,140,3,18
2025-08-23,L4,P015,592,576,5,37
2025-08-23,L4,P016,521,504,9,30
2025-08-23,L4,P017,580,560,9,37
2025-08-23,L4,P018,274,262,5,46
2025-08-23,L4,P019,249,244,4,4
2025-08-23,L4,P020,276,269,3,27
2025-08-23,L5,P021,41,39,1,31
2025-08-23,L5,P022,11,11,0,11
2025-08-23,L5,P023,22,22,0,2
2025-08-23,L5,P024,62,60,1,40
2025-08-23,L5,P025,22,22,0,40
2025-08-24,L1,P001,122,118,1,41
2025-08-24,L1,P002,136,133,3,0
2025-08-24,L1,P003,104,100,2,34
2025-08-24,L1,P004,117,113,2,25
2025-08-24,L2,P005,74,72,0,42
2025-08-24,L2,P006,99,97,1,26
2025-08-24,L2,P007,77,74,2,35
2025-08-24,L2,P008,88,86,1,28
2025-08-24,L3,P009,171,167,3,25
2025-08-24,L3,P010,166,162,2,30
2025-08-24,L3,P011,163,158,3,36
2025-08-24,L3,P012,187,182,3,27
2025-08-24,L3,P013,168,164,3,15
2025-08-24,L3,P014,216,212,3,11
2025-08-24,L4,P015,641,621,11,27
2025-08-24,L4,P016,575,564,11,0
2025-08-24,L4,P017,551,532,7,43
2025-08-24,L4,P018,269,265,4,0
2025-08-24,L4,P019,289,283,5,6
2025-08-24,L4,P020,262,257,5,0
2025-08-24,L5,P021,25,25,0,26
2025-08-24,L5,P022,28,28,0,5
2025-08-24,L5,P023,30,29,1,2
2025-08-24,L5,P024,68,67,1,13
2025-08-24,L5,P025,22,22,0,22
2025-08-25,L1,P001,125,124,1,0
2025-08-25,L1,P002,130,124,3,51
2025-08-25,L1,P003,101,98,1,40
2025-08-25,L1,P004,123,120,2,14
2025-08-25,L2,P005,72,71,0,15
2025-08-25,L2,P006,72,71,1,12
2025-08-25,L2,P007,72,70,1,18
2025-08-25,L2,P008,58,57,1,0
2025-08-25,L3,P009,141,137,3,19
2025-08-25,L3,P010,173,169,3,22
2025-08-25,L3,P011,203,199,2,25
2025-08-25,L3,P012,216,208,5,34
2025-08-25,L3,P013,189,186,1,25
2025-08-25,L3,P014,152,149,1,29
2025-08-25,L4,P015,552,540,11,3
2025-08-25,L4,P016,577,563,11,9
2025-08-25,L4,P017,588,574,3,37
2025-08-25,L4,P018,254,250,3,5
2025-08-25,L4,P019,220,214,5,10
2025-08-25,L4,P020,263,261,2,3
2025-08-25,L5,P021,33,32,1,22
2025-08-25,L5,P022,30,30,0,15
2025-08-25,L5,P023,29,28,1,0
2025-08-25,L5,P024,44,42,1,47
2025-08-25,L5,P025,44,44,0,0
2025-08-26,L1,P001,109,106,2,10
2025-08-26,L1,P002,113,110,2,21
2025-08-26,L1,P003,117,115,2,8
2025-08-26,L1,P004,102,101,1,0
2025-08-26,L2,P005,64,64,0,10
2025-08-26,L2,P006,78,75,1,37
2025-08-26,L2,P007,83,82,1,9
2025-08-26,L2,P008,60,58,1,22
2025-08-26,L3,P009,222,215,5,25
2025-08-26,L3,P010,147,142,3,32
2025-08-26,L3,P011,189,184,5,4
2025-08-26,L3,P012,244,238,4,19
2025-08-26,L3,P013,182,177,3,37
2025-08-26,L3,P014,157,153,2,37
2025-08-26,L4,P015,594,584,6,13
2025-08-26,L4,P016,626,611,9,19
2025-08-26,L4,P017,592,567,11,44
2025-08-26,L4,P018,238,230,4,34
2025-08-26,L4,P019,322,315,6,7
2025-08-26,L4,P020,276,270,4,17
2025-08-26,L5,P021,23,23,0,17
2025-08-26,L5,P022,19,19,0,11
2025-08-26,L5,P023,27,27,0,27
2025-08-26,L5,P024,46,45,1,10
2025-08-26,L5,P025,29,29,0,9
2025-08-27,L1,P001,75,73,1,18
2025-08-27,L1,P002,94,92,1,29
2025-08-27,L1,P003,136,131,3,22
2025-08-27,L1,P004,102,100,1,16
2025-08-27,L2,P005,90,86,2,41
2025-08-27,L2,P006,101,98,2,23
2025-08-27,L2,P007,72,70,1,29
2025-08-27,L2,P008,85,82,2,33
2025-08-27,L3,P009,196,193,1,36
2025-08-27,L3,P010,163,159,2,38
2025-08-27,L3,P011,139,136,2,14
2025-08-27,L3,P012,206,203,3,4
2025-08-27,L3,P013,187,185,1,22
2025-08-27,L3,P014,168,165,3,2
2025-08-27,L4,P015,738,709,12,43
2025-08-27,L4,P016,648,628,14,18
2025-08-27,L4,P017,613,592,16,16
2025-08-27,L4,P018,292,282,2,50
2025-08-27,L4,P019,261,254,4,24
2025-08-27,L4,P020,280,275,4,10
2025-08-27,L5,P021,30,29,0,36
2025-08-27,L5,P022,28,28,0,0
2025-08-27,L5,P023,28,28,0,33
2025-08-27,L5,P024,48,47,1,17
2025-08-27,L5,P025,40,40,0,14
2025-08-28,L1,P001,114,112,2,0
2025-08-28,L1,P002,120,116,3,22
2025-08-28,L1,P003,109,105,2,27
2025-08-28,L1,P004,130,126,2,33
2025-08-28,L2,P005,73,71,1,24
2025-08-28,L2,P006,64,62,1,18
2025-08-28,L2,P007,113,111,1,12
2025-08-28,L2,P008,82,81,1,0
2025-08-28,L3,P009,216,210,6,0
2025-08-28,L3,P010,188,185,3,2
2025-08-28,L3,P011,186,183,2,10
2025-08-28,L3,P012,172,168,3,19
2025-08-28,L3,P013,166,163,3,0
2025-08-28,L3,P014,246,236,7,35
2025-08-28,L4,P015,712,692,15,13
2025-08-28,L4,P016,702,679,8,40
2025-08-28,L4,P017,695,682,8,15
2025-08-28,L4,P018,284,274,5,34
2025-08-28,L4,P019,288,279,5,27
2025-08-28,L4,P020,298,292,4,11
2025-08-28,L5,P021,40,39,0,30
2025-08-28,L5,P022,50,48,1,20
2025-08-28,L5,P023,27,27,0,26
2025-08-28,L5,P024,76,73,2,35
2025-08-28,L5,P025,39,39,0,16
2025-08-29,L1,P001,174,168,4,25
2025-08-29,L1,P002,120,116,3,12
2025-08-29,L1,P003,179,174,3,22
2025-08-29,L1,P004,173,171,1,15
2025-08-29,L2,P005,106,104,1,24
2025-08-29,L2,P006,108,107,1,4
2025-08-29,L2,P007,105,104,1,0
2025-08-29,L2,P008,102,99,1,29
2025-08-29,L3,P009,258,253,3,22
2025-08-29,L3,P010,235,231,2,27
2025-08-29,L3,P011,291,283,3,45
2025-08-29,L3,P012,244,242,2,0
2025-08-29,L3,P013,240,237,2,12
2025-08-29,L3,P014,212,206,5,8
2025-08-29,L4,P015,867,841,16,23
2025-08-29,L4,P016,792,777,12,8
2025-08-29,L4,P017,770,752,8,26
2025-08-29,L4,P018,382,371,5,28
2025-08-29,L4,P019,348,339,5,24
2025-08-29,L4,P020,365,357,6,13
2025-08-29,L5,P021,33,33,0,0
2025-08-29,L5,P022,37,35,1,37
2025-08-29,L5,P023,29,29,0,3
2025-08-29,L5,P024,87,86,1,6
2025-08-29,L5,P025,25,25,0,24
2025-08-30,L1,P001,66,64,1,25
2025-08-30,L1,P002,121,119,2,0
2025-08-30,L1,P003,99,97,1,27
2025-08-30,L1,P004,109,105,3,25
2025-08-30,L2,P005,96,94,2,7
2025-08-30,L2,P006,65,63,1,39
2025-08-30,L2,P007,95,94,1,3
2025-08-30,L2,P008,80,77,1,44
2025-08-30,L3,P009,256,249,5,24
2025-08-30,L3,P010,164,161,3,0
2025-08-30,L3,P011,167,165,1,20
2025-08-30,L3,P012,145,141,2,38
2025-08-30,L3,P013,178,173,4,15
2025-08-30,L3,P014,209,202,4,44
2025-08-30,L4,P015,544,539,5,0
2025-08-30,L4,P016,525,507,9,34
2025-08-30,L4,P017,602,587,12,10
2025-08-30,L4,P018,312,304,4,24
2025-08-30,L4,P019,231,229,2,0
2025-08-30,L4,P020,271,267,3,4
2025-08-30,L5,P021,25,24,0,55
2025-08-30,L5,P022,32,31,1,0
2025-08-30,L5,P023,32,32,0,25
2025-08-30,L5,P024,32,31,1,20
2025-08-30,L5,P025,26,26,0,13
2025-08-31,L1,P001,108,106,1,21
2025-08-31,L1,P002,88,87,1,8
2025-08-31,L1,P003,118,114,3,12
2025-08-31,L1,P004,135,133,1,14
2025-08-31,L2,P005,92,91,1,5
2025-08-31,L2,P006,78,77,1,11
2025-08-31,L2,P007,59,58,1,14
2025-08-31,L2,P008,88,86,2,6
2025-08-31,L3,P009,166,161,3,28
2025-08-31,L3,P010,206,202,2,33
2025-08-31,L3,P011,161,156,3,42
2025-08-31,L3,P012,185,182,2,17
2025-08-31,L3,P013,179,172,5,39
2025-08-31,L3,P014,141,139,1,12
2025-08-31,L4,P015,591,577,10,14
2025-08-31,L4,P016,612,604,4,14
2025-08-31,L4,P017,640,632,4,12
2025-08-31,L4,P018,297,292,5,0
2025-08-31,L4,P019,272,265,7,2
2025-08-31,L4,P020,280,270,6,30
2025-08-31,L5,P021,27,27,0,0
2025-08-31,L5,P022,33,32,1,27
2025-08-31,L5,P023,30,30,0,0
2025-08-31,L5,P024,55,54,1,0
2025-08-31,L5,P025,31,30,1,17
2025-09-01,L1,P001,95,92,2,25
2025-09-01,L1,P002,117,114,2,22
2025-09-01,L1,P003,137,135,2,2
2025-09-01,L1,P004,130,127,2,19
2025-09-01,L2,P005,84,82,2,11
2025-09-01,L2,P006,62,61,0,24
2025-09-01,L2,P007,84,83,1,8
2025-09-01,L2,P008,62,61,1,10
2025-09-01,L3,P009,171,166,3,33
2025-09-01,L3,P010,191,187,2,36
2025-09-01,L3,P011,162,158,2,32
2025-09-01,L3,P012,172,168,2,40
2025-09-01,L3,P013,175,170,3,39
2025-09-01,L3,P014,181,180,1,0
2025-09-01,L4,P015,779,760,12,18
2025-09-01,L4,P016,617,600,9,24
2025-09-01,L4,P017,572,554,13,16
2025-09-01,L4,P018,281,276,2,23
2025-09-01,L4,P019,288,278,5,31
2025-09-01,L4,P020,436,422,9,22
2025-09-01,L5,P021,30,28,1,35
2025-09-01,L5,P022,12,12,0,2
2025-09-01,L5,P023,24,24,0,22
2025-09-01,L5,P024,28,27,1,3
2025-09-01,L5,P025,35,35,0,27
2025-09-02,L1,P001,126,124,1,22
2025-09-02,L1,P002,100,97,2,25
2025-09-02,L1,P003,118,116,2,6
2025-09-02,L1,P004,110,109,1,0
2025-09-02,L2,P005,81,79,1,13
2025-09-02,L2,P006,73,70,2,34
2025-09-02,L2,P007,102,98,1,52
2025-09-02,L2,P008,49,47,1,27
2025-09-02,L3,P009,185,182,1,24
2025-09-02,L3,P010,144,140,3,17
2025-09-02,L3,P011,175,172,3,0
2025-09-02,L3,P012,174,168,4,29
2025-09-02,L3,P013,175,172,3,6
2025-09-02,L3,P014,170,166,3,9
2025-09-02,L4,P015,680,677,3,0
2025-09-02,L4,P016,544,531,9,14
2025-09-02,L4,P017,759,733,15,27
2025-09-02,L4,P018,311,304,5,14
2025-09-02,L4,P019,261,256,5,1
2025-09-02,L4,P020,256,248,3,36
2025-09-02,L5,P021,29,27,1,55
2025-09-02,L5,P022,24,24,0,0
2025-09-02,L5,P023,35,34,1,21
2025-09-02,L5,P024,25,25,0,32
2025-09-02,L5,P025,38,37,0,38
2025-09-03,L1,P001,102,102,0,9
2025-09-03,L1,P002,92,90,1,29
2025-09-03,L1,P003,147,143,2,22
2025-09-03,L1,P004,88,83,2,55
2025-09-03,L2,P005,76,74,1,32
2025-09-03,L2,P006,78,77,1,2
2025-09-03,L2,P007,75,73,1,23
2025-09-03,L2,P008,76,75,1,0
2025-09-03,L3,P009,168,164,2,30
2025-09-03,L3,P010,198,191,3,52
2025-09-03,L3,P011,196,189,3,63
2025-09-03,L3,P012,174,169,4,15
2025-09-03,L3,P013,221,217,3,19
2025-09-03,L3,P014,173,168,2,43
2025-09-03,L4,P015,561,532,11,63
2025-09-03,L4,P016,587,575,6,18
2025-09-03,L4,P017,772,761,11,1
2025-09-03,L4,P018,307,302,4,9
2025-09-03,L4,P019,268,262,6,0
2025-09-03,L4,P020,316,305,3,47
2025-09-03,L5,P021,24,24,0,7
2025-09-03,L5,P022,35,34,0,45
2025-09-03,L5,P023,33,32,0,42
2025-09-03,L5,P024,29,28,1,19
2025-09-03,L5,P025,30,29,1,8
2025-09-04,L1,P001,136,135,1,7
2025-09-04,L1,P002,180,176,1,31
2025-09-04,L1,P003,141,136,3,31
2025-09-04,L1,P004,127,123,2,33
2025-09-04,L2,P005,77,75,1,28
2025-09-04,L2,P006,93,91,0,39
2025-09-04,L2,P007,68,67,1,3
2025-09-04,L2,P008,78,77,1,5
2025-09-04,L3,P009,254,248,5,9
2025-09-04,L3,P010,223,220,2,9
2025-09-04,L3,P011,198,194,2,32
2025-09-04,L3,P012,226,223,3,0
2025-09-04,L3,P013,223,218,4,17
2025-09-04,L3,P014,211,209,1,16
2025-09-04,L4,P015,647,635,7,15
2025-09-04,L4,P016,709,683,21,13
2025-09-04,L4,P017,657,650,5,5
2025-09-04,L4,P018,365,358,6,5
2025-09-04,L4,P019,356,345,5,30
2025-09-04,L4,P020,445,440,2,12
2025-09-04,L5,P021,13,13,0,27
2025-09-04,L5,P022,30,30,0,1
2025-09-04,L5,P023,29,29,0,28
2025-09-04,L5,P024,39,38,0,36
2025-09-04,L5,P025,29,28,0,54
2025-09-05,L1,P001,163,159,3,17
2025-09-05,L1,P002,147,145,1,18
2025-09-05,L1,P003,149,144,3,26
2025-09-05,L1,P004,162,158,3,9
2025-09-05,L2,P005,136,133,2,18
2025-09-05,L2,P006,117,111,3,56
2025-09-05,L2,P007,79,78,1,5
2025-09-05,L2,P008,105,103,2,5
2025-09-05,L3,P009,228,224,2,30
2025-09-05,L3,P010,242,236,3,30
2025-09-05,L3,P011,223,216,5,30
2025-09-05,L3,P012,244,240,3,9
2025-09-05,L3,P013,234,226,6,24
2025-09-05,L3,P014,238,234,2,20
2025-09-05,L4,P015,823,812,7,10
2025-09-05,L4,P016,1064,1046,18,0
2025-09-05,L4,P017,800,783,17,0
2025-09-05,L4,P018,485,469,8,32
2025-09-05,L4,P019,363,359,2,12
2025-09-05,L4,P020,370,358,7,26
2025-09-05,L5,P021,37,36,0,36
2025-09-05,L5,P022,51,50,1,13
2025-09-05,L5,P023,44,44,0,14
2025-09-05,L5,P024,38,37,1,2
2025-09-05,L5,P025,40,39,1,12
2025-09-06,L1,P001,135,131,3,11
2025-09-06,L1,P002,120,116,1,54
2025-09-06,L1,P003,115,112,1,38
2025-09-06,L1,P004,109,107,2,6
2025-09-06,L2,P005,81,79,1,14
2025-09-06,L2,P006,45,44,0,28
2025-09-06,L2,P007,78,76,1,17
2025-09-06,L2,P008,73,70,1,41
2025-09-06,L3,P009,176,172,2,37
2025-09-06,L3,P010,188,183,3,23
2025-09-06,L3,P011,127,124,2,17
2025-09-06,L3,P012,173,170,2,17
2025-09-06,L3,P013,122,119,1,37
2025-09-06,L3,P014,157,154,3,0
2025-09-06,L4,P015,560,552,7,4
2025-09-06,L4,P016,564,557,7,0
2025-09-06,L4,P017,599,583,9,21
2025-09-06,L4,P018,241,239,2,0
2025-09-06,L4,P019,277,269,5,19
2025-09-06,L4,P020,326,314,5,42
2025-09-06,L5,P021,29,29,0,4
2025-09-06,L5,P022,15,15,0,20
2025-09-06,L5,P023,26,25,1,26
2025-09-06,L5,P024,25,24,0,43
2025-09-06,L5,P025,17,17,0,14
2025-09-07,L1,P001,110,108,1,26
2025-09-07,L1,P002,94,92,1,12
2025-09-07,L1,P003,110,107,2,12
2025-09-07,L1,P004,122,120,2,0
2025-09-07,L2,P005,82,78,2,45
2025-09-07,L2,P006,76,74,1,28
2025-09-07,L2,P007,62,60,1,39
2025-09-07,L2,P008,65,64,1,11
2025-09-07,L3,P009,196,191,4,11
2025-09-07,L3,P010,201,196,3,31
2025-09-07,L3,P011,161,159,1,17
2025-09-07,L3,P012,179,175,3,22
2025-09-07,L3,P013,167,162,3,36
2025-09-07,L3,P014,187,182,4,23
2025-09-07,L4,P015,681,669,7,15
2025-09-07,L4,P016,626,615,9,6
2025-09-07,L4,P017,590,571,16,9
2025-09-07,L4,P018,242,232,6,33
2025-09-07,L4,P019,232,228,4,2
2025-09-07,L4,P020,285,276,5,27
2025-09-07,L5,P021,20,19,1,28
2025-09-07,L5,P022,20,20,0,31
2025-09-07,L5,P023,40,39,1,22
2025-09-07,L5,P024,23,23,0,11
2025-09-07,L5,P025,32,32,0,24
2025-09-08,L1,P001,119,118,1,0
2025-09-08,L1,P002,101,99,2,0
2025-09-08,L1,P003,127,125,1,16
2025-09-08,L1,P004,127,126,1,0
2025-09-08,L2,P005,87,84,1,43
2025-09-08,L2,P006,76,74,1,31
2025-09-08,L2,P007,91,89,1,24
2025-09-08,L2,P008,104,100,2,37
2025-09-08,L3,P009,154,149,4,11
2025-09-08,L3,P010,169,164,3,32
2025-09-08,L3,P011,165,162,1,43
2025-09-08,L3,P012,192,187,4,19
2025-09-08,L3,P013,164,160,2,39
2025-09-08,L3,P014,173,167,3,42
2025-09-08,L4,P015,663,638,12,37
2025-09-08,L4,P016,595,578,9,27
2025-09-08,L4,P017,635,628,6,3
2025-09-08,L4,P018,299,290,6,21
2025-09-08,L4,P019,289,280,4,33
2025-09-08,L4,P020,249,243,2,27
2025-09-08,L5,P021,31,31,0,19
2025-09-08,L5,P022,40,39,0,41
2025-09-08,L5,P023,40,39,1,12
2025-09-08,L5,P024,43,41,1,37
2025-09-08,L5,P025,31,31,0,23
2025-09-09,L1,P001,91,88,2,16
2025-09-09,L1,P002,77,74,1,45
2025-09-09,L1,P003,92,89,1,41
2025-09-09,L1,P004,121,117,3,10
2025-09-09,L2,P005,93,92,1,1
2025-09-09,L2,P006,77,75,1,24
2025-09-09,L2,P007,65,64,1,4
2025-09-09,L2,P008,78,75,2,35
2025-09-09,L3,P009,174,171,2,17
2025-09-09,L3,P010,214,211,2,8
2025-09-09,L3,P011,185,181,3,18
2025-09-09,L3,P012,174,171,3,0
2025-09-09,L3,P013,172,169,2,23
2025-09-09,L3,P014,163,161,1,18
2025-09-09,L4,P015,615,586,16,41
2025-09-09,L4,P016,514,498,9,26
2025-09-09,L4,P017,651,629,12,30
2025-09-09,L4,P018,305,298,5,12
2025-09-09,L4,P019,275,268,2,36
2025-09-09,L4,P020,282,272,5,36
2025-09-09,L5,P021,43,42,1,15
2025-09-09,L5,P022,35,33,1,38
2025-09-09,L5,P023,34,32,1,31
2025-09-09,L5,P024,31,30,1,26
2025-09-09,L5,P025,23,23,0,40
2025-09-10,L1,P001,131,128,2,13
2025-09-10,L1,P002,80,77,1,37
2025-09-10,L1,P003,98,95,2,16
2025-09-10,L1,P004,109,106,1,30
2025-09-10,L2,P005,76,75,1,3
2025-09-10,L2,P006,78,77,1,2
2025-09-10,L2,P007,84,84,0,9
2025-09-10,L2,P008,70,67,1,46
2025-09-10,L3,P009,178,174,4,4
2025-09-10,L3,P010,189,186,2,19
2025-09-10,L3,P011,186,181,3,25
2025-09-10,L3,P012,157,156,1,3
2025-09-10,L3,P013,166,162,2,31
2025-09-10,L3,P014,175,171,4,0
2025-09-10,L4,P015,626,614,11,3
2025-09-10,L4,P016,634,612,13,27
2025-09-10,L4,P017,629,617,8,13
2025-09-10,L4,P018,219,216,2,8
2025-09-10,L4,P019,276,272,4,2
2025-09-10,L4,P020,308,303,1,27
2025-09-10,L5,P021,21,20,0,47
2025-09-10,L5,P022,25,25,0,26
2025-09-10,L5,P023,43,43,0,18
2025-09-10,L5,P024,29,27,1,42
2025-09-10,L5,P025,28,26,1,50
2025-09-11,L1,P001,117,114,1,27
2025-09-11,L1,P002,159,155,2,25
2025-09-11,L1,P003,106,104,2,5
2025-09-11,L1,P004,138,135,2,14
2025-09-11,L2,P005,92,88,2,50
2025-09-11,L2,P006,78,76,1,16
2025-09-11,L2,P007,81,79,1,15
2025-09-11,L2,P008,91,86,2,59
2025-09-11,L3,P009,176,170,3,48
2025-09-11,L3,P010,188,185,3,5
2025-09-11,L3,P011,235,232,3,4
2025-09-11,L3,P012,225,219,4,27
2025-09-11,L3,P013,203,197,2,51
2025-09-11,L3,P014,232,227,3,22
2025-09-11,L4,P015,953,927,18,16
2025-09-11,L4,P016,699,688,7,12
2025-09-11,L4,P017,719,700,10,24
2025-09-11,L4,P018,348,340,7,4
2025-09-11,L4,P019,277,271,2,25
2025-09-11,L4,P020,332,326,6,0
2025-09-11,L5,P021,16,16,0,10
2025-09-11,L5,P022,29,27,1,35
2025-09-11,L5,P023,43,43,0,15
2025-09-11,L5,P024,33,33,0,9
2025-09-11,L5,P025,52,51,1,11
2025-09-12,L1,P001,143,139,3,12
2025-09-12,L1,P002,189,184,3,21
2025-09-12,L1,P003,152,147,3,27
2025-09-12,L1,P004,192,187,3,16
2025-09-12,L2,P005,77,73,2,45
2025-09-12,L2,P006,82,80,1,33
2025-09-12,L2,P007,96,95,1,1
2025-09-12,L2,P008,113,111,1,11
2025-09-12,L3,P009,251,250,1,5
2025-09-12,L3,P010,246,245,1,0
2025-09-12,L3,P011,214,209,5,0
2025-09-12,L3,P012,231,223,6,23
2025-09-12,L3,P013,245,239,6,0
2025-09-12,L3,P014,228,223,4,11
2025-09-12,L4,P015,843,808,17,40
2025-09-12,L4,P016,737,725,4,20
2025-09-12,L4,P017,838,813,13,27
2025-09-12,L4,P018,386,375,8,17
2025-09-12,L4,P019,382,374,4,18
2025-09-12,L4,P020,394,382,4,39
2025-09-12,L5,P021,33,33,0,17
2025-09-12,L5,P022,56,55,1,0
2025-09-12,L5,P023,46,44,1,25
2025-09-12,L5,P024,40,40,0,23
2025-09-12,L5,P025,29,29,0,19
2025-09-13,L1,P001,108,105,2,14
2025-09-13,L1,P002,109,105,2,37
2025-09-13,L1,P003,84,83,1,0
2025-09-13,L1,P004,85,83,2,5
2025-09-13,L2,P005,101,99,1,22
2025-09-13,L2,P006,77,75,1,24
2025-09-13,L2,P007,62,60,1,30
2025-09-13,L2,P008,66,65,1,9
2025-09-13,L3,P009,168,167,1,5
2025-09-13,L3,P010,150,146,3,11
2025-09-13,L3,P011,172,165,4,52
2025-09-13,L3,P012,174,170,2,33
2025-09-13,L3,P013,154,151,3,0
2025-09-13,L3,P014,182,180,0,27
2025-09-13,L4,P015,581,558,11,40
2025-09-13,L4,P016,595,570,9,53
2025-09-13,L4,P017,567,555,3,30
2025-09-13,L4,P018,246,242,3,4
2025-09-13,L4,P019,269,265,2,14
2025-09-13,L4,P020,257,247,5,38
2025-09-13,L5,P021,29,28,1,22
2025-09-13,L5,P022,25,23,1,47
2025-09-13,L5,P023,37,36,1,0
2025-09-13,L5,P024,27,27,0,5
2025-09-13,L5,P025,32,31,1,1
2025-09-14,L1,P001,90,88,1,18
2025-09-14,L1,P002,100,96,2,31
2025-09-14,L1,P003,102,100,1,20
2025-09-14,L1,P004,120,115,2,41
2025-09-14,L2,P005,73,70,2,31
2025-09-14,L2,P006,65,64,1,0
2025-09-14,L2,P007,83,81,1,17
2025-09-14,L2,P008,106,103,2,22
2025-09-14,L3,P009,161,156,4,11
2025-09-14,L3,P010,198,192,3,45
2025-09-14,L3,P011,244,241,2,9
2025-09-14,L3,P012,193,186,4,42
2025-09-14,L3,P013,180,175,4,16
2025-09-14,L3,P014,159,155,2,39
2025-09-14,L4,P015,558,538,11,30
2025-09-14,L4,P016,563,544,8,39
2025-09-14,L4,P017,555,553,1,3
2025-09-14,L4,P018,303,295,4,24
2025-09-14,L4,P019,292,283,6,17
2025-09-14,L4,P020,276,267,5,30
2025-09-14,L5,P021,23,23,0,0
2025-09-14,L5,P022,16,16,0,42
2025-09-14,L5,P023,38,38,0,0
2025-09-14,L5,P024,26,25,1,11
2025-09-14,L5,P025,24,24,0,0
2025-09-15,L1,P001,117,114,2,11
2025-09-15,L1,P002,109,105,2,31
2025-09-15,L1,P003,96,93,2,19
2025-09-15,L1,P004,141,136,3,29
2025-09-15,L2,P005,86,84,1,20
2025-09-15,L2,P006,111,109,2,0
2025-09-15,L2,P007,86,83,2,25
2025-09-15,L2,P008,59,56,1,78
2025-09-15,L3,P009,169,164,3,28
2025-09-15,L3,P010,164,162,1,10
2025-09-15,L3,P011,159,154,4,25
2025-09-15,L3,P012,158,154,3,24
2025-09-15,L3,P013,191,187,3,13
2025-09-15,L3,P014,180,177,3,0
2025-09-15,L4,P015,564,556,5,11
2025-09-15,L4,P016,625,613,8,13
2025-09-15,L4,P017,634,613,11,29
2025-09-15,L4,P018,286,278,5,23
2025-09-15,L4,P019,310,302,5,18
2025-09-15,L4,P020,259,251,5,21
2025-09-15,L5,P021,29,29,0,4
2025-09-15,L5,P022,41,41,0,20
2025-09-15,L5,P023,46,46,0,20
2025-09-15,L5,P024,38,38,0,19
2025-09-15,L5,P025,99,95,2,36
2025-09-16,L1,P001,128,125,1,24
2025-09-16,L1,P002,127,123,2,29
2025-09-16,L1,P003,136,131,2,43
2025-09-16,L1,P004,95,92,2,24
2025-09-16,L2,P005,73,72,1,8
2025-09-16,L2,P006,66,65,1,12
2025-09-16,L2,P007,74,73,1,0
2025-09-16,L2,P008,59,58,0,27
2025-09-16,L3,P009,253,246,5,25
2025-09-16,L3,P010,174,169,4,20
2025-09-16,L3,P011,197,190,5,23
2025-09-16,L3,P012,163,161,2,5
2025-09-16,L3,P013,171,167,2,30
2025-09-16,L3,P014,184,178,3,46
2025-09-16,L4,P015,628,603,16,28
2025-09-16,L4,P016,546,533,5,27
2025-09-16,L4,P017,624,615,8,4
2025-09-16,L4,P018,292,286,4,16
2025-09-16,L4,P019,243,229,5,71
2025-09-16,L4,P020,259,249,4,42
2025-09-16,L5,P021,16,16,0,0
2025-09-16,L5,P022,14,14,0,1
2025-09-16,L5,P023,28,28,0,2
2025-09-16,L5,P024,24,23,1,30
2025-09-16,L5,P025,108,105,2,24
2025-09-17,L1,P001,118,114,2,29
2025-09-17,L1,P002,105,102,2,19
2025-09-17,L1,P003,98,95,2,24
2025-09-17,L1,P004,129,125,2,33
2025-09-17,L2,P005,73,71,1,25
2025-09-17,L2,P006,115,112,2,15
2025-09-17,L2,P007,85,84,1,2
2025-09-17,L2,P008,58,57,1,13
2025-09-17,L3,P009,198,194,3,8
2025-09-17,L3,P010,235,231,2,23
2025-09-17,L3,P011,211,209,1,16
2025-09-17,L3,P012,151,149,1,17
2025-09-17,L3,P013,191,187,3,9
2025-09-17,L3,P014,162,159,1,30
2025-09-17,L4,P015,576,557,9,32
2025-09-17,L4,P016,826,810,8,18
2025-09-17,L4,P017,544,537,7,0
2025-09-17,L4,P018,254,249,3,13
2025-09-17,L4,P019,280,273,3,25
2025-09-17,L4,P020,387,381,4,12
2025-09-17,L5,P021,31,31,0,24
2025-09-17,L5,P022,23,23,0,11
2025-09-17,L5,P023,28,27,1,26
2025-09-17,L5,P024,41,40,1,0
2025-09-17,L5,P025,99,98,1,0
2025-09-18,L1,P001,104,101,1,39
2025-09-18,L1,P002,134,129,2,36
2025-09-18,L1,P003,109,106,2,22
2025-09-18,L1,P004,149,146,3,0
2025-09-18,L2,P005,86,84,2,3
2025-09-18,L2,P006,88,86,1,13
2025-09-18,L2,P007,90,89,1,7
2025-09-18,L2,P008,90,88,1,17
2025-09-18,L3,P009,212,208,3,16
2025-09-18,L3,P010,176,175,1,0
2025-09-18,L3,P011,206,201,4,8
2025-09-18,L3,P012,198,192,4,26
2025-09-18,L3,P013,233,227,3,39
2025-09-18,L3,P014,198,194,2,32
2025-09-18,L4,P015,734,712,11,29
2025-09-18,L4,P016,693,681,4,22
2025-09-18,L4,P017,676,665,11,0
2025-09-18,L4,P018,295,286,5,27
2025-09-18,L4,P019,302,297,5,0
2025-09-18,L4,P020,341,341,0,0
2025-09-18,L5,P021,26,25,0,37
2025-09-18,L5,P022,21,21,0,8
2025-09-18,L5,P023,34,33,0,37
2025-09-18,L5,P024,22,22,0,22
2025-09-18,L5,P025,115,113,1,17
2025-09-19,L1,P001,151,146,2,32
2025-09-19,L1,P002,152,146,3,39
2025-09-19,L1,P003,157,151,2,50
2025-09-19,L1,P004,127,125,1,21
2025-09-19,L2,P005,86,84,1,18
2025-09-19,L2,P006,105,103,1,21
2025-09-19,L2,P007,85,83,2,8
2025-09-19,L2,P008,112,108,2,33
2025-09-19,L3,P009,284,275,6,28
2025-09-19,L3,P010,265,260,3,18
2025-09-19,L3,P011,231,227,4,0
2025-09-19,L3,P012,264,259,4,15
2025-09-19,L3,P013,220,217,2,19
2025-09-19,L3,P014,220,214,2,56
2025-09-19,L4,P015,832,814,10,18
2025-09-19,L4,P016,762,735,12,39
2025-09-19,L4,P017,802,787,14,3
2025-09-19,L4,P018,505,498,4,13
2025-09-19,L4,P019,426,419,3,17
2025-09-19,L4,P020,357,346,9,13
2025-09-19,L5,P021,38,37,1,7
2025-09-19,L5,P022,56,55,1,8
2025-09-19,L5,P023,48,46,1,32
2025-09-19,L5,P024,27,27,0,14
2025-09-19,L5,P025,118,116,2,0
2025-09-20,L1,P001,119,117,1,17
2025-09-20,L1,P002,99,98,1,2
2025-09-20,L1,P003,133,130,2,12
2025-09-20,L1,P004,118,115,2,9
2025-09-20,L2,P005,43,42,1,18
2025-09-20,L2,P006,96,93,2,26
2025-09-20,L2,P007,79,77,1,22
2025-09-20,L2,P008,69,66,2,37
2025-09-20,L3,P009,190,186,2,28
2025-09-20,L3,P010,193,191,1,10
2025-09-20,L3,P011,198,193,3,22
2025-09-20,L3,P012,169,165,4,3
2025-09-20,L3,P013,175,169,3,57
2025-09-20,L3,P014,154,152,2,7
2025-09-20,L4,P015,524,514,8,6
2025-09-20,L4,P016,567,545,10,42
2025-09-20,L4,P017,551,538,10,11
2025-09-20,L4,P018,258,254,3,7
2025-09-20,L4,P019,259,253,3,20
2025-09-20,L4,P020,254,247,4,23
2025-09-20,L5,P021,22,22,0,0
2025-09-20,L5,P022,26,26,0,15
2025-09-20,L5,P023,19,19,0,25
2025-09-20,L5,P024,26,25,1,8
2025-09-20,L5,P025,121,118,2,15
2025-09-21,L1,P001,84,83,1,4
2025-09-21,L1,P002,105,102,2,23
2025-09-21,L1,P003,112,109,2,16
2025-09-21,L1,P004,110,107,1,31
2025-09-21,L2,P005,93,91,2,0
2025-09-21,L2,P006,73,72,1,0
2025-09-21,L2,P007,74,72,1,31
2025-09-21,L2,P008,83,82,0,22
2025-09-21,L3,P009,189,186,2,8
2025-09-21,L3,P010,175,170,3,31
2025-09-21,L3,P011,187,184,2,21
2025-09-21,L3,P012,206,203,2,13
2025-09-21,L3,P013,218,215,3,0
2025-09-21,L3,P014,179,175,4,6
2025-09-21,L4,P015,554,540,9,19
2025-09-21,L4,P016,649,635,14,0
2025-09-21,L4,P017,628,607,16,16
2025-09-21,L4,P018,272,264,2,42
2025-09-21,L4,P019,307,305,1,7
2025-09-21,L4,P020,314,308,4,13
2025-09-21,L5,P021,20,20,0,9
2025-09-21,L5,P022,15,15,0,31
2025-09-21,L5,P023,29,29,0,19
2025-09-21,L5,P024,29,27,1,35
2025-09-21,L5,P025,86,84,1,23
2025-09-22,L1,P001,97,97,0,3
2025-09-22,L1,P002,118,115,2,23
2025-09-22,L1,P003,113,109,1,58
2025-09-22,L1,P004,113,110,2,22
2025-09-22,L2,P005,84,81,1,54
2025-09-22,L2,P006,75,73,1,13
2025-09-22,L2,P007,45,44,1,0
2025-09-22,L2,P008,83,81,1,23
2025-09-22,L3,P009,165,163,2,5
2025-09-22,L3,P010,164,159,3,29
2025-09-22,L3,P011,155,154,1,0
2025-09-22,L3,P012,185,178,4,54
2025-09-22,L3,P013,183,180,2,23
2025-09-22,L3,P014,277,269,4,39
2025-09-22,L4,P015,549,544,4,4
2025-09-22,L4,P016,663,648,6,27
2025-09-22,L4,P017,623,598,16,28
2025-09-22,L4,P018,311,305,6,3
2025-09-22,L4,P019,259,251,3,37
2025-09-22,L4,P020,254,243,7,34
2025-09-22,L5,P021,33,32,0,47
2025-09-22,L5,P022,35,34,1,19
2025-09-22,L5,P023,35,34,1,11
2025-09-22,L5,P024,35,35,0,19
2025-09-22,L5,P025,85,82,2,26
2025-09-23,L1,P001,127,124,1,27
2025-09-23,L1,P002,98,95,2,13
2025-09-23,L1,P003,133,128,3,30
2025-09-23,L1,P004,109,107,2,5
2025-09-23,L2,P005,66,65,1,14
2025-09-23,L2,P006,122,118,2,25
2025-09-23,L2,P007,73,71,1,30
2025-09-23,L2,P008,74,71,2,22
2025-09-23,L3,P009,267,262,2,28
2025-09-23,L3,P010,174,170,3,23
2025-09-23,L3,P011,175,172,3,6
2025-09-23,L3,P012,168,165,3,3
2025-09-23,L3,P013,163,159,2,35
2025-09-23,L3,P014,187,182,3,24
2025-09-23,L4,P015,623,612,10,4
2025-09-23,L4,P016,585,570,12,9
2025-09-23,L4,P017,620,602,6,38
2025-09-23,L4,P018,288,278,7,21
2025-09-23,L4,P019,271,263,2,41
2025-09-23,L4,P020,260,255,3,15
2025-09-23,L5,P021,30,29,0,38
2025-09-23,L5,P022,35,35,0,0
2025-09-23,L5,P023,19,19,0,3
2025-09-23,L5,P024,31,30,1,19
2025-09-23,L5,P025,92,89,1,33
2025-09-24,L1,P001,157,153,1,31
2025-09-24,L1,P002,120,114,3,54
2025-09-24,L1,P003,127,124,2,11
2025-09-24,L1,P004,133,132,1,0
2025-09-24,L2,P005,83,80,1,35
2025-09-24,L2,P006,59,59,0,0
2025-09-24,L2,P007,57,55,1,21
2025-09-24,L2,P008,83,81,1,12
2025-09-24,L3,P009,164,158,4,31
2025-09-24,L3,P010,169,166,2,10
2025-09-24,L3,P011,172,167,3,37
2025-09-24,L3,P012,166,162,2,36
2025-09-24,L3,P013,188,182,4,25
2025-09-24,L3,P014,180,176,3,14
2025-09-24,L4,P015,635,619,7,26
2025-09-24,L4,P016,631,614,10,21
2025-09-24,L4,P017,588,574,6,27
2025-09-24,L4,P018,262,261,1,0
2025-09-24,L4,P019,237,236,0,9
2025-09-24,L4,P020,238,233,3,14
2025-09-24,L5,P021,14,14,0,45
2025-09-24,L5,P022,20,19,0,49
2025-09-24,L5,P023,25,25,0,27
2025-09-24,L5,P024,21,21,0,9
2025-09-24,L5,P025,91,88,1,41
2025-09-25,L1,P001,137,137,0,0
2025-09-25,L1,P002,122,119,2,9
2025-09-25,L1,P003,137,132,3,27
2025-09-25,L1,P004,129,126,2,20
2025-09-25,L2,P005,100,98,2,0
2025-09-25,L2,P006,81,79,1,26
2025-09-25,L2,P007,73,72,1,11
2025-09-25,L2,P008,86,86,0,3
2025-09-25,L3,P009,221,217,3,14
2025-09-25,L3,P010,205,199,4,33
2025-09-25,L3,P011,188,181,4,39
2025-09-25,L3,P012,238,232,3,38
2025-09-25,L3,P013,202,197,4,15
2025-09-25,L3,P014,235,232,3,0
2025-09-25,L4,P015,906,893,13,0
2025-09-25,L4,P016,625,605,11,29
2025-09-25,L4,P017,656,647,5,11
2025-09-25,L4,P018,323,313,5,32
2025-09-25,L4,P019,340,334,2,24
2025-09-25,L4,P020,306,302,4,0
2025-09-25,L5,P021,21,21,0,17
2025-09-25,L5,P022,48,46,1,35
2025-09-25,L5,P023,41,40,1,19
2025-09-25,L5,P024,37,35,1,31
2025-09-25,L5,P025,113,109,2,39
2025-09-26,L1,P001,186,183,1,22
2025-09-26,L1,P002,155,150,4,11
2025-09-26,L1,P003,143,139,2,26
2025-09-26,L1,P004,145,141,2,32
2025-09-26,L2,P005,95,93,1,27
2025-09-26,L2,P006,120,118,2,0
2025-09-26,L2,P007,101,98,2,11
2025-09-26,L2,P008,99,98,1,8
2025-09-26,L3,P009,187,182,4,16
2025-09-26,L3,P010,235,233,2,6
2025-09-26,L3,P011,223,218,2,42
2025-09-26,L3,P012,259,250,6,38
2025-09-26,L3,P013,212,207,5,0
2025-09-26,L3,P014,212,207,5,0
2025-09-26,L4,P015,803,781,8,33
2025-09-26,L4,P016,1147,1115,20,20
2025-09-26,L4,P017,855,832,15,17
2025-09-26,L4,P018,430,420,10,0
2025-09-26,L4,P019,327,318,6,16
2025-09-26,L4,P020,504,491,4,34
2025-09-26,L5,P021,30,29,0,34
2025-09-26,L5,P022,23,22,1,15
2025-09-26,L5,P023,42,41,0,42
2025-09-26,L5,P024,52,52,0,16
2025-09-26,L5,P025,123,122,0,18
2025-09-27,L1,P001,115,112,2,21
2025-09-27,L1,P002,129,125,2,33
2025-09-27,L1,P003,115,112,2,18
2025-09-27,L1,P004,101,99,2,8
2025-09-27,L2,P005,79,76,2,14
2025-09-27,L2,P006,84,82,2,0
2025-09-27,L2,P007,73,71,1,28
2025-09-27,L2,P008,67,65,2,1
2025-09-27,L3,P009,161,159,2,0
2025-09-27,L3,P010,153,151,2,5
2025-09-27,L3,P011,157,154,2,13
2025-09-27,L3,P012,167,166,1,0
2025-09-27,L3,P013,167,163,3,13
2025-09-27,L3,P014,196,194,1,14
2025-09-27,L4,P015,576,557,14,17
2025-09-27,L4,P016,600,580,11,29
2025-09-27,L4,P017,535,529,3,12
2025-09-27,L4,P018,249,244,3,12
2025-09-27,L4,P019,264,256,2,45
2025-09-27,L4,P020,285,275,5,31
2025-09-27,L5,P021,40,40,0,11
2025-09-27,L5,P022,31,30,1,0
2025-09-27,L5,P023,34,34,0,4
2025-09-27,L5,P024,23,23,0,20
2025-09-27,L5,P025,85,83,1,33
2025-09-28,L1,P001,123,119,2,33
2025-09-28,L1,P002,111,109,1,19
2025-09-28,L1,P003,93,91,1,11
2025-09-28,L1,P004,109,106,2,18
2025-09-28,L2,P005,91,90,1,8
2025-09-28,L2,P006,95,93,1,25
2025-09-28,L2,P007,67,65,1,32
2025-09-28,L2,P008,81,79,1,20
2025-09-28,L3,P009,152,148,3,25
2025-09-28,L3,P010,201,197,3,10
2025-09-28,L3,P011,194,190,2,32
2025-09-28,L3,P012,182,177,4,10
2025-09-28,L3,P013,156,152,3,20
2025-09-28,L3,P014,172,167,3,36
2025-09-28,L4,P015,626,619,1,17
2025-09-28,L4,P016,872,854,9,19
2025-09-28,L4,P017,544,533,7,15
2025-09-28,L4,P018,246,238,4,29
2025-09-28,L4,P019,298,292,5,9
2025-09-28,L4,P020,274,261,5,59
2025-09-28,L5,P021,35,34,1,12
2025-09-28,L5,P022,41,41,0,0
2025-09-28,L5,P023,14,14,0,18
2025-09-28,L5,P024,11,11,0,20
2025-09-28,L5,P025,84,81,1,42
2025-09-29,L1,P001,155,152,1,20
2025-09-29,L1,P002,128,126,2,0
2025-09-29,L1,P003,104,101,2,24
2025-09-29,L1,P004,97,94,1,39
2025-09-29,L2,P005,60,58,1,26
2025-09-29,L2,P006,77,74,2,15
2025-09-29,L2,P007,84,81,2,14
2025-09-29,L2,P008,94,91,2,14
2025-09-29,L3,P009,173,166,5,36
2025-09-29,L3,P010,174,168,4,33
2025-09-29,L3,P011,173,173,0,5
2025-09-29,L3,P012,170,166,2,29
2025-09-29,L3,P013,147,146,1,0
2025-09-29,L3,P014,185,180,5,3
2025-09-29,L4,P015,583,576,5,7
2025-09-29,L4,P016,577,555,9,44
2025-09-29,L4,P017,589,580,8,3
2025-09-29,L4,P018,274,271,2,4
2025-09-29,L4,P019,382,366,8,42
2025-09-29,L4,P020,295,289,3,18
2025-09-29,L5,P021,31,31,0,23
2025-09-29,L5,P022,44,43,1,9
2025-09-29,L5,P023,32,31,0,31
2025-09-29,L5,P024,16,16,0,16
2025-09-29,L5,P025,116,112,2,28
2025-09-30,L1,P001,111,110,1,0
2025-09-30,L1,P002,86,84,1,31
2025-09-30,L1,P003,135,131,2,31
2025-09-30,L1,P004,106,102,2,34
2025-09-30,L2,P005,84,83,1,10
2025-09-30,L2,P006,61,60,1,12
2025-09-30,L2,P007,77,73,2,40
2025-09-30,L2,P008,63,62,1,0
2025-09-30,L3,P009,149,146,1,30
2025-09-30,L3,P010,216,212,4,0
2025-09-30,L3,P011,181,177,3,21
2025-09-30,L3,P012,130,128,1,23
2025-09-30,L3,P013,196,193,3,0
2025-09-30,L3,P014,192,187,3,33
2025-09-30,L4,P015,611,590,13,26
2025-09-30,L4,P016,577,557,15,15
2025-09-30,L4,P017,590,578,10,7
2025-09-30,L4,P018,263,255,6,16
2025-09-30,L4,P019,227,219,6,14
2025-09-30,L4,P020,252,247,4,11
2025-09-30,L5,P021,31,30,1,18
2025-09-30,L5,P022,37,36,1,22
2025-09-30,L5,P023,24,24,0,0
2025-09-30,L5,P024,27,27,0,26
2025-09-30,L5,P025,93,91,1,26
2025-10-01,L1,P001,101,97,2,30
2025-10-01,L1,P002,106,103,2,23
2025-10-01,L1,P003,133,129,2,23
2025-10-01,L1,P004,115,112,2,9
2025-10-01,L2,P005,82,81,1,1
2025-10-01,L2,P006,64,62,2,1
2025-10-01,L2,P007,73,72,1,6
2025-10-01,L2,P008,72,68,2,43
2025-10-01,L3,P009,180,175,4,16
2025-10-01,L3,P010,181,176,3,29
2025-10-01,L3,P011,198,192,3,47
2025-10-01,L3,P012,181,179,2,0
2025-10-01,L3,P013,134,131,2,14
2025-10-01,L3,P014,189,185,3,17
2025-10-01,L4,P015,593,579,9,17
2025-10-01,L4,P016,636,630,6,0
2025-10-01,L4,P017,604,581,12,35
2025-10-01,L4,P018,286,279,7,0
2025-10-01,L4,P019,270,264,5,10
2025-10-01,L4,P020,253,249,3,6
2025-10-01,L5,P021,26,26,0,13
2025-10-01,L5,P022,23,23,0,21
2025-10-01,L5,P023,10,10,0,5
2025-10-01,L5,P024,50,49,1,17
2025-10-01,L5,P025,77,74,1,47
2025-10-02,L1,P001,137,136,0,16
2025-10-02,L1,P002,131,128,3,7
2025-10-02,L1,P003,137,133,2,25
2025-10-02,L1,P004,137,132,2,36
2025-10-02,L2,P005,115,112,2,9
2025-10-02,L2,P006,85,84,1,7
2025-10-02,L2,P007,90,88,1,25
2025-10-02,L2,P008,92,89,2,27
2025-10-02,L3,P009,216,212,3,13
2025-10-02,L3,P010,198,193,2,45
2025-10-02,L3,P011,200,194,5,10
2025-10-02,L3,P012,180,176,3,16
2025-10-02,L3,P013,235,231,1,38
2025-10-02,L3,P014,199,194,4,8
2025-10-02,L4,P015,626,613,9,12
2025-10-02,L4,P016,698,673,11,38
2025-10-02,L4,P017,716,697,11,22
2025-10-02,L4,P018,318,306,6,35
2025-10-02,L4,P019,351,345,4,13
2025-10-02,L4,P020,281,271,4,38
2025-10-02,L5,P021,42,41,1,13
2025-10-02,L5,P022,37,36,0,47
2025-10-02,L5,P023,14,14,0,11
2025-10-02,L5,P024,25,25,0,20
2025-10-02,L5,P025,106,102,2,38
2025-10-03,L1,P001,161,159,1,9
2025-10-03,L1,P002,187,182,3,20
2025-10-03,L1,P003,119,116,1,28
2025-10-03,L1,P004,174,171,2,11
2025-10-03,L2,P005,113,109,2,42
2025-10-03,L2,P006,116,113,2,15
2025-10-03,L2,P007,122,117,3,36
2025-10-03,L2,P008,131,127,3,20
2025-10-03,L3,P009,227,223,2,29
2025-10-03,L3,P010,235,232,2,14
2025-10-03,L3,P011,215,210,3,30
2025-10-03,L3,P012,234,228,5,7
2025-10-03,L3,P013,254,249,4,12
2025-10-03,L3,P014,260,253,6,6
2025-10-03,L4,P015,860,837,14,21
2025-10-03,L4,P016,805,778,15,28
2025-10-03,L4,P017,842,812,16,31
2025-10-03,L4,P018,388,373,9,28
2025-10-03,L4,P019,391,379,7,26
2025-10-03,L4,P020,395,382,6,36
2025-10-03,L5,P021,44,42,1,22
2025-10-03,L5,P022,30,29,1,8
2025-10-03,L5,P023,29,29,0,26
2025-10-03,L5,P024,31,31,0,24
2025-10-03,L5,P025,125,121,2,33
2025-10-04,L1,P001,100,97,2,21
2025-10-04,L1,P002,79,77,1,22
2025-10-04,L1,P003,90,88,1,14
2025-10-04,L1,P004,112,111,1,3
2025-10-04,L2,P005,94,93,0,13
2025-10-04,L2,P006,70,68,1,26
2025-10-04,L2,P007,47,45,1,30
2025-10-04,L2,P008,79,78,1,0
2025-10-04,L3,P009,164,162,0,28
2025-10-04,L3,P010,164,160,3,16
2025-10-04,L3,P011,188,184,4,0
2025-10-04,L3,P012,147,143,3,10
2025-10-04,L3,P013,199,197,2,0
2025-10-04,L3,P014,163,160,1,42
2025-10-04,L4,P015,577,560,17,0
2025-10-04,L4,P016,594,582,9,11
2025-10-04,L4,P017,589,569,11,30
2025-10-04,L4,P018,256,253,3,0
2025-10-04,L4,P019,259,253,3,20
2025-10-04,L4,P020,252,245,3,32
2025-10-04,L5,P021,22,21,1,25
2025-10-04,L5,P022,38,37,0,33
2025-10-04,L5,P023,23,23,0,20
2025-10-04,L5,P024,47,46,1,7
2025-10-04,L5,P025,97,94,1,32
2025-10-05,L1,P001,98,96,1,22
2025-10-05,L1,P002,112,109,1,28
2025-10-05,L1,P003,103,99,2,30
2025-10-05,L1,P004,106,103,0,57
2025-10-05,L2,P005,74,74,0,6
2025-10-05,L2,P006,74,72,1,37
2025-10-05,L2,P007,95,92,2,17
2025-10-05,L2,P008,67,65,1,35
2025-10-05,L3,P009,183,179,3,15
2025-10-05,L3,P010,178,174,2,32
2025-10-05,L3,P011,172,170,1,16
2025-10-05,L3,P012,175,171,2,27
2025-10-05,L3,P013,211,208,1,24
2025-10-05,L3,P014,171,165,4,32
2025-10-05,L4,P015,589,570,16,11
2025-10-05,L4,P016,621,598,14,28
2025-10-05,L4,P017,577,558,8,37
2025-10-05,L4,P018,265,256,4,36
2025-10-05,L4,P019,254,247,4,25
2025-10-05,L4,P020,331,326,4,6
2025-10-05,L5,P021,29,28,1,29
2025-10-05,L5,P022,35,34,0,34
2025-10-05,L5,P023,37,36,1,0
2025-10-05,L5,P024,23,23,0,14
2025-10-05,L5,P025,111,108,2,15
2025-10-06,L1,P001,149,145,2,21
2025-10-06,L1,P002,136,133,3,0
2025-10-06,L1,P003,150,145,3,20
2025-10-06,L1,P004,98,95,1,45
2025-10-06,L2,P005,103,99,2,46
2025-10-06,L2,P006,83,82,1,8
2025-10-06,L2,P007,70,69,1,7
2025-10-06,L2,P008,66,65,1,0
2025-10-06,L3,P009,241,236,3,22
2025-10-06,L3,P010,184,180,3,15
2025-10-06,L3,P011,281,272,7,23
2025-10-06,L3,P012,159,155,4,0
2025-10-06,L3,P013,201,196,2,41
2025-10-06,L3,P014,179,174,3,38
2025-10-06,L4,P015,570,552,6,41
2025-10-06,L4,P016,598,584,5,30
2025-10-06,L4,P017,599,574,18,23
2025-10-06,L4,P018,277,268,6,24
2025-10-06,L4,P019,289,283,3,22
2025-10-06,L4,P020,328,317,5,36
2025-10-06,L5,P021,19,19,0,15
2025-10-06,L5,P022,42,41,1,14
2025-10-06,L5,P023,28,28,0,2
2025-10-06,L5,P024,24,24,0,23
2025-10-06,L5,P025,79,76,2,23
2025-10-07,L1,P001,118,116,0,26
2025-10-07,L1,P002,101,97,2,37
2025-10-07,L1,P003,95,92,2,23
2025-10-07,L1,P004,118,117,1,0
2025-10-07,L2,P005,74,74,0,0
2025-10-07,L2,P006,78,76,1,18
2025-10-07,L2,P007,68,66,1,22
2025-10-07,L2,P008,91,88,1,47
2025-10-07,L3,P009,205,199,4,22
2025-10-07,L3,P010,157,153,2,43
2025-10-07,L3,P011,199,194,4,19
2025-10-07,L3,P012,181,178,2,23
2025-10-07,L3,P013,171,168,1,30
2025-10-07,L3,P014,189,184,3,37
2025-10-07,L4,P015,571,561,10,0
2025-10-07,L4,P016,630,614,7,27
2025-10-07,L4,P017,595,578,8,28
2025-10-07,L4,P018,247,243,2,16
2025-10-07,L4,P019,268,259,2,50
2025-10-07,L4,P020,295,288,4,19
2025-10-07,L5,P021,25,25,0,2
2025-10-07,L5,P022,31,31,0,25
2025-10-07,L5,P023,29,27,1,36
2025-10-07,L5,P024,14,14,0,27
2025-10-07,L5,P025,93,90,1,37
2025-10-08,L1,P001,140,138,2,0
2025-10-08,L1,P002,111,109,2,0
2025-10-08,L1,P003,110,107,1,28
2025-10-08,L1,P004,112,109,3,1
2025-10-08,L2,P005,85,83,1,33
2025-10-08,L2,P006,73,73,0,6
2025-10-08,L2,P007,99,96,1,32
2025-10-08,L2,P008,74,71,2,20
2025-10-08,L3,P009,166,164,2,0
2025-10-08,L3,P010,159,154,3,33
2025-10-08,L3,P011,189,189,0,5
2025-10-08,L3,P012,192,188,2,32
2025-10-08,L3,P013,167,163,3,18
2025-10-08,L3,P014,161,159,2,0
2025-10-08,L4,P015,545,529,7,31
2025-10-08,L4,P016,613,608,4,3
2025-10-08,L4,P017,651,638,11,7
2025-10-08,L4,P018,299,292,5,11
2025-10-08,L4,P019,256,244,7,34
2025-10-08,L4,P020,237,231,3,21
2025-10-08,L5,P021,15,15,0,24
2025-10-08,L5,P022,27,27,0,2
2025-10-08,L5,P023,23,23,0,25
2025-10-08,L5,P024,24,24,0,18
2025-10-08,L5,P025,96,94,2,0
2025-10-09,L1,P001,146,141,2,34
2025-10-09,L1,P002,136,132,3,16
2025-10-09,L1,P003,159,155,1,40
2025-10-09,L1,P004,129,126,1,28
2025-10-09,L2,P005,86,85,1,6
2025-10-09,L2,P006,76,75,1,8
2025-10-09,L2,P007,78,75,1,44
2025-10-09,L2,P008,73,72,1,1
2025-10-09,L3,P009,217,213,2,21
2025-10-09,L3,P010,222,215,4,35
2025-10-09,L3,P011,210,204,6,0
2025-10-09,L3,P012,212,209,1,27
2025-10-09,L3,P013,280,276,4,0
2025-10-09,L3,P014,188,185,2,12
2025-10-09,L4,P015,643,632,10,3
2025-10-09,L4,P016,685,671,10,10
2025-10-09,L4,P017,649,640,9,0
2025-10-09,L4,P018,395,385,5,22
2025-10-09,L4,P019,314,311,3,0
2025-10-09,L4,P020,317,314,3,1
2025-10-09,L5,P021,25,25,0,23
2025-10-09,L5,P022,45,44,1,6
2025-10-09,L5,P023,35,35,0,11
2025-10-09,L5,P024,37,37,0,20
2025-10-09,L5,P025,78,76,1,13
2025-10-10,L1,P001,151,149,1,13
2025-10-10,L1,P002,156,154,2,2
2025-10-10,L1,P003,161,154,3,45
2025-10-10,L1,P004,158,153,1,45
2025-10-10,L2,P005,121,117,2,33
2025-10-10,L2,P006,119,116,1,25
2025-10-10,L2,P007,90,88,1,21
2025-10-10,L2,P008,120,119,1,2
2025-10-10,L3,P009,247,241,4,25
2025-10-10,L3,P010,253,248,4,11
2025-10-10,L3,P011,267,259,8,4
2025-10-10,L3,P012,209,205,2,23
2025-10-10,L3,P013,264,257,5,17
2025-10-10,L3,P014,204,199,4,11
2025-10-10,L4,P015,767,750,15,6
2025-10-10,L4,P016,747,727,17,8
2025-10-10,L4,P017,784,775,7,5
2025-10-10,L4,P018,368,361,1,30
2025-10-10,L4,P019,395,383,5,32
2025-10-10,L4,P020,380,378,2,0
2025-10-10,L5,P021,21,21,0,16
2025-10-10,L5,P022,31,30,0,47
2025-10-10,L5,P023,51,49,1,25
2025-10-10,L5,P024,40,39,1,15
2025-10-10,L5,P025,141,136,3,23
2025-10-11,L1,P001,141,139,2,3
2025-10-11,L1,P002,132,129,3,0
2025-10-11,L1,P003,112,108,3,16
2025-10-11,L1,P004,116,113,2,11
2025-10-11,L2,P005,88,85,2,21
2025-10-11,L2,P006,87,86,1,11
2025-10-11,L2,P007,84,80,2,38
2025-10-11,L2,P008,78,76,1,30
2025-10-11,L3,P009,140,138,2,0
2025-10-11,L3,P010,140,138,1,14
2025-10-11,L3,P011,175,172,2,11
2025-10-11,L3,P012,139,137,2,0
2025-10-11,L3,P013,206,202,4,0
2025-10-11,L3,P014,166,163,2,15
2025-10-11,L4,P015,547,529,12,21
2025-10-11,L4,P016,553,543,2,28
2025-10-11,L4,P017,631,610,10,34
2025-10-11,L4,P018,299,289,8,11
2025-10-11,L4,P019,250,247,3,0
2025-10-11,L4,P020,269,255,8,41
2025-10-11,L5,P021,26,26,0,19
2025-10-11,L5,P022,32,32,0,20
2025-10-11,L5,P023,22,22,0,18
2025-10-11,L5,P024,27,26,1,32
2025-10-11,L5,P025,41,40,1,21
2025-10-12,L1,P001,122,121,1,6
2025-10-12,L1,P002,120,118,0,27
2025-10-12,L1,P003,98,94,3,13
2025-10-12,L1,P004,118,112,3,45
2025-10-12,L2,P005,78,75,2,27
2025-10-12,L2,P006,90,88,2,5
2025-10-12,L2,P007,80,78,1,20
2025-10-12,L2,P008,63,61,1,33
2025-10-12,L3,P009,181,177,3,14
2025-10-12,L3,P010,189,184,2,45
2025-10-12,L3,P011,137,135,2,5
2025-10-12,L3,P012,154,150,2,42
2025-10-12,L3,P013,159,155,2,36
2025-10-12,L3,P014,200,196,4,0
2025-10-12,L4,P015,643,632,4,20
2025-10-12,L4,P016,607,586,7,44
2025-10-12,L4,P017,645,629,9,20
2025-10-12,L4,P018,309,297,7,30
2025-10-12,L4,P019,278,271,3,26
2025-10-12,L4,P020,227,222,3,21
2025-10-12,L5,P021,31,31,0,15
2025-10-12,L5,P022,29,29,0,7
2025-10-12,L5,P023,37,37,0,0
2025-10-12,L5,P024,20,20,0,20
2025-10-12,L5,P025,21,21,0,13
2025-10-13,L1,P001,94,91,2,26
2025-10-13,L1,P002,134,132,2,0
2025-10-13,L1,P003,88,87,1,3
2025-10-13,L1,P004,111,108,2,22
2025-10-13,L2,P005,73,70,2,27
2025-10-13,L2,P006,73,71,1,23
2025-10-13,L2,P007,53,53,0,12
2025-10-13,L2,P008,61,58,2,24
2025-10-13,L3,P009,178,176,1,9
2025-10-13,L3,P010,196,190,5,16
2025-10-13,L3,P011,178,172,3,42
2025-10-13,L3,P012,199,193,3,41
2025-10-13,L3,P013,194,188,3,49
2025-10-13,L3,P014,242,236,4,23
2025-10-13,L4,P015,617,599,7,35
2025-10-13,L4,P016,545,530,4,39
2025-10-13,L4,P017,807,786,11,23
2025-10-13,L4,P018,288,284,4,2
2025-10-13,L4,P019,272,264,6,13
2025-10-13,L4,P020,255,253,1,5
2025-10-13,L5,P021,19,19,0,23
2025-10-13,L5,P022,49,48,0,45
2025-10-13,L5,P023,33,33,0,26
2025-10-13,L5,P024,38,37,1,24
2025-10-13,L5,P025,38,38,0,14
2025-10-14,L1,P001,119,116,1,27
2025-10-14,L1,P002,109,107,1,21
2025-10-14,L1,P003,95,92,1,39
2025-10-14,L1,P004,101,98,1,42
2025-10-14,L2,P005,73,71,1,23
2025-10-14,L2,P006,86,84,1,21
2025-10-14,L2,P007,86,83,1,41
2025-10-14,L2,P008,50,48,1,20
2025-10-14,L3,P009,170,168,1,25
2025-10-14,L3,P010,184,181,3,0
2025-10-14,L3,P011,190,185,5,6
2025-10-14,L3,P012,222,218,2,29
2025-10-14,L3,P013,180,177,3,5
2025-10-14,L3,P014,185,182,1,25
2025-10-14,L4,P015,564,555,1,26
2025-10-14,L4,P016,551,541,7,12
2025-10-14,L4,P017,591,571,9,35
2025-10-14,L4,P018,243,239,2,12
2025-10-14,L4,P019,250,244,3,24
2025-10-14,L4,P020,252,242,4,49
2025-10-14,L5,P021,25,24,1,12
2025-10-14,L5,P022,30,30,0,17
2025-10-14,L5,P023,47,45,1,37
2025-10-14,L5,P024,10,10,0,18
2025-10-14,L5,P025,27,27,0,23
2025-10-15,L1,P001,144,140,3,11
2025-10-15,L1,P002,102,101,0,25
2025-10-15,L1,P003,88,85,2,22
2025-10-15,L1,P004,104,101,2,12
2025-10-15,L2,P005,56,55,1,17
2025-10-15,L2,P006,64,62,1,17
2025-10-15,L2,P007,84,82,2,9
2025-10-15,L2,P008,70,67,2,24
2025-10-15,L3,P009,214,209,2,35
2025-10-15,L3,P010,148,145,1,46
2025-10-15,L3,P011,161,155,5,9
2025-10-15,L3,P012,167,164,3,7
2025-10-15,L3,P013,181,176,4,19
2025-10-15,L3,P014,211,206,3,33
2025-10-15,L4,P015,740,722,8,26
2025-10-15,L4,P016,546,533,10,9
2025-10-15,L4,P017,629,611,13,14
2025-10-15,L4,P018,246,244,2,2
2025-10-15,L4,P019,272,262,7,20
2025-10-15,L4,P020,274,263,4,47
2025-10-15,L5,P021,27,27,0,28
2025-10-15,L5,P022,33,31,1,36
2025-10-15,L5,P023,20,20,0,24
2025-10-15,L5,P024,22,22,0,0
2025-10-15,L5,P025,26,26,0,20
2025-10-16,L1,P001,138,136,2,6
2025-10-16,L1,P002,127,124,3,5
2025-10-16,L1,P003,132,127,3,23
2025-10-16,L1,P004,145,141,2,32
2025-10-16,L2,P005,91,89,1,16
2025-10-16,L2,P006,95,93,1,21
2025-10-16,L2,P007,69,67,1,27
2025-10-16,L2,P008,94,91,2,30
2025-10-16,L3,P009,233,229,4,0
2025-10-16,L3,P010,179,177,2,3
2025-10-16,L3,P011,260,254,4,18
2025-10-16,L3,P012,185,179,4,35
2025-10-16,L3,P013,220,213,4,34
2025-10-16,L3,P014,207,203,4,0
2025-10-16,L4,P015,651,631,8,35
2025-10-16,L4,P016,684,665,3,45
2025-10-16,L4,P017,727,703,13,30
2025-10-16,L4,P018,290,277,5,50
2025-10-16,L4,P019,323,319,3,4
2025-10-16,L4,P020,330,324,3,19
2025-10-16,L5,P021,41,40,1,8
2025-10-16,L5,P022,23,23,0,33
2025-10-16,L5,P023,40,39,1,0
2025-10-16,L5,P024,44,44,0,16
2025-10-16,L5,P025,30,28,1,35
2025-10-17,L1,P001,147,143,4,3
2025-10-17,L1,P002,133,133,0,1
2025-10-17,L1,P003,215,214,1,0
2025-10-17,L1,P004,146,143,2,17
2025-10-17,L2,P005,106,104,2,6
2025-10-17,L2,P006,100,99,1,5
2025-10-17,L2,P007,108,107,1,6
2025-10-17,L2,P008,119,117,2,6
2025-10-17,L3,P009,225,221,1,32
2025-10-17,L3,P010,241,237,4,4
2025-10-17,L3,P011,239,234,2,36
2025-10-17,L3,P012,273,265,6,23
2025-10-17,L3,P013,259,256,1,21
2025-10-17,L3,P014,245,243,0,19
2025-10-17,L4,P015,865,852,13,0
2025-10-17,L4,P016,803,785,11,16
2025-10-17,L4,P017,806,785,17,10
2025-10-17,L4,P018,334,328,5,7
2025-10-17,L4,P019,380,370,5,26
2025-10-17,L4,P020,388,379,6,17
2025-10-17,L5,P021,26,26,0,0
2025-10-17,L5,P022,33,32,1,7
2025-10-17,L5,P023,31,30,1,7
2025-10-17,L5,P024,49,47,1,27
2025-10-17,L5,P025,38,36,1,37
2025-10-18,L1,P001,100,98,1,15
2025-10-18,L1,P002,115,112,2,9
2025-10-18,L1,P003,94,91,2,28
2025-10-18,L1,P004,88,85,2,16
2025-10-18,L2,P005,88,85,1,50
2025-10-18,L2,P006,59,59,0,6
2025-10-18,L2,P007,82,80,1,20
2025-10-18,L2,P008,79,76,2,26
2025-10-18,L3,P009,183,177,4,35
2025-10-18,L3,P010,271,267,4,0
2025-10-18,L3,P011,181,178,1,25
2025-10-18,L3,P012,163,160,2,10
2025-10-18,L3,P013,171,170,0,23
2025-10-18,L3,P014,169,165,2,34
2025-10-18,L4,P015,590,572,6,40
2025-10-18,L4,P016,522,517,2,12
2025-10-18,L4,P017,634,612,4,53
2025-10-18,L4,P018,240,230,6,29
2025-10-18,L4,P019,291,284,4,23
2025-10-18,L4,P020,247,240,2,36
2025-10-18,L5,P021,38,38,0,4
2025-10-18,L5,P022,25,25,0,21
2025-10-18,L5,P023,32,32,0,12
2025-10-18,L5,P024,30,30,0,11
2025-10-18,L5,P025,25,25,0,6
2025-10-19,L1,P001,108,103,3,39
2025-10-19,L1,P002,108,107,1,5
2025-10-19,L1,P003,116,115,1,2
2025-10-19,L1,P004,132,130,2,6
2025-10-19,L2,P005,55,54,1,8
2025-10-19,L2,P006,100,99,1,7
2025-10-19,L2,P007,58,57,1,0
2025-10-19,L2,P008,62,60,1,17
2025-10-19,L3,P009,193,189,3,16
2025-10-19,L3,P010,231,228,2,16
2025-10-19,L3,P011,202,197,2,43
2025-10-19,L3,P012,178,173,4,21
2025-10-19,L3,P013,155,153,1,21
2025-10-19,L3,P014,180,174,4,28
2025-10-19,L4,P015,591,580,3,26
2025-10-19,L4,P016,562,548,7,23
2025-10-19,L4,P017,592,583,4,16
2025-10-19,L4,P018,245,238,6,4
2025-10-19,L4,P019,285,277,1,48
2025-10-19,L4,P020,284,275,7,15
2025-10-19,L5,P021,43,42,0,43
2025-10-19,L5,P022,34,33,0,67
2025-10-19,L5,P023,34,33,0,29
2025-10-19,L5,P024,33,32,1,0
2025-10-19,L5,P025,26,26,0,31
2025-10-20,L1,P001,110,106,2,33
2025-10-20,L1,P002,103,100,2,13
2025-10-20,L1,P003,136,132,3,9
2025-10-20,L1,P004,99,96,1,42
2025-10-20,L2,P005,81,79,1,21
2025-10-20,L2,P006,74,73,1,10
2025-10-20,L2,P007,82,81,1,0
2025-10-20,L2,P008,75,72,1,47
2025-10-20,L3,P009,183,178,2,40
2025-10-20,L3,P010,191,188,2,18
2025-10-20,L3,P011,191,183,4,57
2025-10-20,L3,P012,245,240,5,3
2025-10-20,L3,P013,193,187,5,20
2025-10-20,L3,P014,180,175,3,28
2025-10-20,L4,P015,597,582,11,13
2025-10-20,L4,P016,639,621,10,25
2025-10-20,L4,P017,604,582,14,24
2025-10-20,L4,P018,272,263,6,18
2025-10-20,L4,P019,254,247,4,24
2025-10-20,L4,P020,282,272,5,32
2025-10-20,L5,P021,28,28,0,0
2025-10-20,L5,P022,27,26,1,27
2025-10-20,L5,P023,26,26,0,14
2025-10-20,L5,P024,21,21,0,12
2025-10-20,L5,P025,35,35,0,0
2025-10-21,L1,P001,109,106,2,25
2025-10-21,L1,P002,121,117,3,23
2025-10-21,L1,P003,144,139,2,36
2025-10-21,L1,P004,115,112,2,18
2025-10-21,L2,P005,82,80,1,20
2025-10-21,L2,P006,84,82,1,26
2025-10-21,L2,P007,95,90,2,59
2025-10-21,L2,P008,96,94,1,28
2025-10-21,L3,P009,158,155,2,20
2025-10-21,L3,P010,167,163,3,15
2025-10-21,L3,P011,178,175,2,14
2025-10-21,L3,P012,167,165,1,22
2025-10-21,L3,P013,186,183,2,20
2025-10-21,L3,P014,174,170,4,0
2025-10-21,L4,P015,638,634,4,0
2025-10-21,L4,P016,617,596,6,47
2025-10-21,L4,P017,650,640,4,18
2025-10-21,L4,P018,318,307,4,43
2025-10-21,L4,P019,294,285,7,15
2025-10-21,L4,P020,265,259,5,6
2025-10-21,L5,P021,38,37,0,41
2025-10-21,L5,P022,27,27,0,20
2025-10-21,L5,P023,33,31,1,44
2025-10-21,L5,P024,20,20,0,5
2025-10-21,L5,P025,24,24,0,33
2025-10-22,L1,P001,128,122,3,45
2025-10-22,L1,P002,96,94,1,20
2025-10-22,L1,P003,126,125,1,0
2025-10-22,L1,P004,121,118,2,11
2025-10-22,L2,P005,111,107,3,21
2025-10-22,L2,P006,64,62,1,26
2025-10-22,L2,P007,85,82,1,34
2025-10-22,L2,P008,72,71,1,0
2025-10-22,L3,P009,162,159,2,20
2025-10-22,L3,P010,212,208,3,9
2025-10-22,L3,P011,187,183,3,11
2025-10-22,L3,P012,165,160,3,33
2025-10-22,L3,P013,212,205,3,51
2025-10-22,L3,P014,215,214,0,17
2025-10-22,L4,P015,597,582,10,17
2025-10-22,L4,P016,616,604,11,2
2025-10-22,L4,P017,593,577,10,21
2025-10-22,L4,P018,250,240,6,32
2025-10-22,L4,P019,264,257,4,20
2025-10-22,L4,P020,293,285,7,9
2025-10-22,L5,P021,27,27,0,0
2025-10-22,L5,P022,42,42,0,19
2025-10-22,L5,P023,32,31,1,18
2025-10-22,L5,P024,24,24,0,28
2025-10-22,L5,P025,28,27,1,21
2025-10-23,L1,P001,102,99,1,43
2025-10-23,L1,P002,144,143,1,0
2025-10-23,L1,P003,128,126,2,1
2025-10-23,L1,P004,131,128,1,25
2025-10-23,L2,P005,77,73,2,40
2025-10-23,L2,P006,111,107,3,19
2025-10-23,L2,P007,77,73,2,43
2025-10-23,L2,P008,133,130,2,18
2025-10-23,L3,P009,218,213,2,36
2025-10-23,L3,P010,207,200,5,22
2025-10-23,L3,P011,203,200,3,0
2025-10-23,L3,P012,205,200,4,12
2025-10-23,L3,P013,238,232,3,39
2025-10-23,L3,P014,219,215,4,0
2025-10-23,L4,P015,773,746,8,47
2025-10-23,L4,P016,638,609,17,36
2025-10-23,L4,P017,756,736,9,29
2025-10-23,L4,P018,309,296,6,46
2025-10-23,L4,P019,297,287,4,39
2025-10-23,L4,P020,351,343,5,15
2025-10-23,L5,P021,37,36,0,31
2025-10-23,L5,P022,38,36,1,35
2025-10-23,L5,P023,37,36,1,14
2025-10-23,L5,P024,37,37,0,10
2025-10-23,L5,P025,41,40,1,18
2025-10-24,L1,P001,169,166,0,34
2025-10-24,L1,P002,145,140,2,41
2025-10-24,L1,P003,167,162,1,46
2025-10-24,L1,P004,110,107,1,43
2025-10-24,L2,P005,111,109,1,13
2025-10-24,L2,P006,134,130,1,38
2025-10-24,L2,P007,120,117,2,23
2025-10-24,L2,P008,115,113,2,5
2025-10-24,L3,P009,254,245,7,24
2025-10-24,L3,P010,216,208,4,47
2025-10-24,L3,P011,240,238,1,9
2025-10-24,L3,P012,234,227,5,25
2025-10-24,L3,P013,228,223,4,11
2025-10-24,L3,P014,227,224,1,30
2025-10-24,L4,P015,810,793,14,6
2025-10-24,L4,P016,826,811,5,24
2025-10-24,L4,P017,839,834,5,0
2025-10-24,L4,P018,368,363,5,0
2025-10-24,L4,P019,423,416,3,20
2025-10-24,L4,P020,351,346,2,14
2025-10-24,L5,P021,45,44,1,0
2025-10-24,L5,P022,37,37,0,17
2025-10-24,L5,P023,45,44,1,11
2025-10-24,L5,P024,52,51,1,11
2025-10-24,L5,P025,33,32,1,0
2025-10-25,L1,P001,102,99,2,18
2025-10-25,L1,P002,126,124,1,16
2025-10-25,L1,P003,129,125,2,36
2025-10-25,L1,P004,114,109,2,48
2025-10-25,L2,P005,73,72,1,11
2025-10-25,L2,P006,56,54,1,42
2025-10-25,L2,P007,72,70,1,24
2025-10-25,L2,P008,83,81,1,23
2025-10-25,L3,P009,166,161,3,27
2025-10-25,L3,P010,155,153,2,0
2025-10-25,L3,P011,149,147,2,0
2025-10-25,L3,P012,137,135,2,1
2025-10-25,L3,P013,176,174,1,10
2025-10-25,L3,P014,184,183,0,8
2025-10-25,L4,P015,536,530,2,15
2025-10-25,L4,P016,553,536,12,18
2025-10-25,L4,P017,547,536,7,14
2025-10-25,L4,P018,251,245,3,22
2025-10-25,L4,P019,273,265,6,15
2025-10-25,L4,P020,247,240,6,4
2025-10-25,L5,P021,44,43,1,7
2025-10-25,L5,P022,32,32,0,20
2025-10-25,L5,P023,32,32,0,0
2025-10-25,L5,P024,28,28,0,13
2025-10-25,L5,P025,20,20,0,15
2025-10-26,L1,P001,120,115,3,24
2025-10-26,L1,P002,147,142,2,44
2025-10-26,L1,P003,83,81,1,27
2025-10-26,L1,P004,134,130,2,35
2025-10-26,L2,P005,90,86,3,24
2025-10-26,L2,P006,76,73,2,33
2025-10-26,L2,P007,70,69,1,0
2025-10-26,L2,P008,83,82,1,0
2025-10-26,L3,P009,205,200,5,0
2025-10-26,L3,P010,222,218,4,0
2025-10-26,L3,P011,174,172,2,0
2025-10-26,L3,P012,163,160,2,18
2025-10-26,L3,P013,210,206,2,33
2025-10-26,L3,P014,200,197,3,0
2025-10-26,L4,P015,527,514,7,23
2025-10-26,L4,P016,545,542,0,11
2025-10-26,L4,P017,650,630,14,17
2025-10-26,L4,P018,270,268,2,0
2025-10-26,L4,P019,274,262,6,40
2025-10-26,L4,P020,278,272,6,0
2025-10-26,L5,P021,38,38,0,25
2025-10-26,L5,P022,23,23,0,0
2025-10-26,L5,P023,27,27,0,0
2025-10-26,L5,P024,28,28,0,6
2025-10-26,L5,P025,31,31,0,15
2025-10-27,L1,P001,97,94,2,22
2025-10-27,L1,P002,123,120,2,11
2025-10-27,L1,P003,137,132,2,46
2025-10-27,L1,P004,127,124,2,11
2025-10-27,L2,P005,66,65,1,0
2025-10-27,L2,P006,95,93,1,13
2025-10-27,L2,P007,69,67,1,30
2025-10-27,L2,P008,87,85,1,17
2025-10-27,L3,P009,208,206,2,0
2025-10-27,L3,P010,182,177,3,29
2025-10-27,L3,P011,156,151,3,30
2025-10-27,L3,P012,239,232,5,21
2025-10-27,L3,P013,189,186,3,0
2025-10-27,L3,P014,156,153,2,12
2025-10-27,L4,P015,613,592,10,33
2025-10-27,L4,P016,554,547,2,17
2025-10-27,L4,P017,581,572,7,7
2025-10-27,L4,P018,296,285,4,45
2025-10-27,L4,P019,267,259,5,24
2025-10-27,L4,P020,405,388,7,46
2025-10-27,L5,P021,25,24,1,7
2025-10-27,L5,P022,38,37,1,5
2025-10-27,L5,P023,34,33,1,22
2025-10-27,L5,P024,29,29,0,22
2025-10-27,L5,P025,29,29,0,10
2025-10-28,L1,P001,134,130,1,46
2025-10-28,L1,P002,117,117,0,8
2025-10-28,L1,P003,105,104,1,0
2025-10-28,L1,P004,81,80,0,15
2025-10-28,L2,P005,93,89,2,34
2025-10-28,L2,P006,73,71,1,23
2025-10-28,L2,P007,90,88,1,19
2025-10-28,L2,P008,83,82,1,3
2025-10-28,L3,P009,208,203,4,7
2025-10-28,L3,P010,227,220,6,15
2025-10-28,L3,P011,180,175,4,13
2025-10-28,L3,P012,169,165,3,19
2025-10-28,L3,P013,193,192,1,0
2025-10-28,L3,P014,201,197,3,8
2025-10-28,L4,P015,591,568,17,20
2025-10-28,L4,P016,850,822,16,27
2025-10-28,L4,P017,761,728,11,56
2025-10-28,L4,P018,263,255,3,38
2025-10-28,L4,P019,302,294,4,23
2025-10-28,L4,P020,269,265,1,20
2025-10-28,L5,P021,44,43,0,27
2025-10-28,L5,P022,31,30,0,35
2025-10-28,L5,P023,20,20,0,26
2025-10-28,L5,P024,37,37,0,21
2025-10-28,L5,P025,21,21,0,27
2025-10-29,L1,P001,133,130,1,25
2025-10-29,L1,P002,126,122,2,36
2025-10-29,L1,P003,105,103,1,23
2025-10-29,L1,P004,147,144,2,12
2025-10-29,L2,P005,97,95,1,15
2025-10-29,L2,P006,83,81,1,19
2025-10-29,L2,P007,69,67,1,36
2025-10-29,L2,P008,97,94,2,17
2025-10-29,L3,P009,208,202,4,21
2025-10-29,L3,P010,232,228,2,28
2025-10-29,L3,P011,172,168,3,20
2025-10-29,L3,P012,189,184,5,6
2025-10-29,L3,P013,211,205,3,35
2025-10-29,L3,P014,198,194,2,22
2025-10-29,L4,P015,565,555,6,13
2025-10-29,L4,P016,537,521,7,32
2025-10-29,L4,P017,599,577,11,36
2025-10-29,L4,P018,260,252,5,25
2025-10-29,L4,P019,314,304,7,20
2025-10-29,L4,P020,318,310,5,21
2025-10-29,L5,P021,34,34,0,0
2025-10-29,L5,P022,35,35,0,22
2025-10-29,L5,P023,16,16,0,32
2025-10-29,L5,P024,40,38,1,37
2025-10-29,L5,P025,24,23,0,58
2025-10-30,L1,P001,147,142,3,25
2025-10-30,L1,P002,133,131,2,2
2025-10-30,L1,P003,126,122,3,12
2025-10-30,L1,P004,110,107,2,22
2025-10-30,L2,P005,92,89,2,25
2025-10-30,L2,P006,67,65,1,36
2025-10-30,L2,P007,104,101,1,39
2025-10-30,L2,P008,65,63,1,19
2025-10-30,L3,P009,206,202,2,26
2025-10-30,L3,P010,247,237,6,48
2025-10-30,L3,P011,217,208,5,47
2025-10-30,L3,P012,190,185,4,16
2025-10-30,L3,P013,238,235,2,9
2025-10-30,L3,P014,216,213,1,21
2025-10-30,L4,P015,714,690,17,19
2025-10-30,L4,P016,786,759,12,36
2025-10-30,L4,P017,665,646,12,21
2025-10-30,L4,P018,330,323,5,9
2025-10-30,L4,P019,348,336,5,41
2025-10-30,L4,P020,357,350,3,23
2025-10-30,L5,P021,32,31,1,0
2025-10-30,L5,P022,23,22,1,26
2025-10-30,L5,P023,22,22,0,25
2025-10-30,L5,P024,16,16,0,29
2025-10-30,L5,P025,49,48,1,16
2025-10-31,L1,P001,127,124,3,0
2025-10-31,L1,P002,173,171,2,0
2025-10-31,L1,P003,159,153,4,27
2025-10-31,L1,P004,135,132,2,16
2025-10-31,L2,P005,112,110,1,18
2025-10-31,L2,P006,94,94,0,7
2025-10-31,L2,P007,109,106,2,12
2025-10-31,L2,P008,110,106,1,44
2025-10-31,L3,P009,212,210,1,15
2025-10-31,L3,P010,229,226,3,0
2025-10-31,L3,P011,209,205,2,27
2025-10-31,L3,P012,284,275,8,6
2025-10-31,L3,P013,247,242,5,2
2025-10-31,L3,P014,279,273,3,32
2025-10-31,L4,P015,819,791,11,39
2025-10-31,L4,P016,729,708,9,31
2025-10-31,L4,P017,798,786,5,17
2025-10-31,L4,P018,393,385,5,14
2025-10-31,L4,P019,403,399,3,7
2025-10-31,L4,P020,331,319,4,45
2025-10-31,L5,P021,53,51,1,29
2025-10-31,L5,P022,38,36,1,45
2025-10-31,L5,P023,34,34,0,0
2025-10-31,L5,P024,47,45,1,38
2025-10-31,L5,P025,44,43,1,10
2025-11-01,L1,P001,121,118,1,35
2025-11-01,L1,P002,123,120,3,0
2025-11-01,L1,P003,92,90,1,17
2025-11-01,L1,P004,120,117,2,19
2025-11-01,L2,P005,84,81,1,35
2025-11-01,L2,P006,78,76,1,20
2025-11-01,L2,P007,57,56,0,33
2025-11-01,L2,P008,74,72,1,31
2025-11-01,L3,P009,165,162,2,13
2025-11-01,L3,P010,174,172,2,0
2025-11-01,L3,P011,153,149,2,45
2025-11-01,L3,P012,172,171,1,0
2025-11-01,L3,P013,191,185,4,36
2025-11-01,L3,P014,190,185,4,12
2025-11-01,L4,P015,553,540,12,5
2025-11-01,L4,P016,605,580,13,38
2025-11-01,L4,P017,554,534,13,25
2025-11-01,L4,P018,272,265,4,23
2025-11-01,L4,P019,276,267,2,48
2025-11-01,L4,P020,273,268,3,14
2025-11-01,L5,P021,30,29,1,24
2025-11-01,L5,P022,15,15,0,7
2025-11-01,L5,P023,11,11,0,15
2025-11-01,L5,P024,30,29,1,0
2025-11-01,L5,P025,37,37,0,20
2025-11-02,L1,P001,120,118,2,3
2025-11-02,L1,P002,113,110,2,20
2025-11-02,L1,P003,110,106,2,40
2025-11-02,L1,P004,121,118,2,21
2025-11-02,L2,P005,65,63,1,34
2025-11-02,L2,P006,70,68,1,24
2025-11-02,L2,P007,79,76,1,38
2025-11-02,L2,P008,70,67,2,17
2025-11-02,L3,P009,178,175,2,15
2025-11-02,L3,P010,174,168,5,11
2025-11-02,L3,P011,163,160,2,25
2025-11-02,L3,P012,182,179,3,6
2025-11-02,L3,P013,198,192,3,50
2025-11-02,L3,P014,173,171,2,3
2025-11-02,L4,P015,610,599,8,11
2025-11-02,L4,P016,609,597,12,0
2025-11-02,L4,P017,569,552,6,37
2025-11-02,L4,P018,264,259,3,14
2025-11-02,L4,P019,243,236,4,23
2025-11-02,L4,P020,280,273,3,28
2025-11-02,L5,P021,26,26,0,28
2025-11-02,L5,P022,20,20,0,19
2025-11-02,L5,P023,24,24,0,12
2025-11-02,L5,P024,32,31,1,9
2025-11-02,L5,P025,30,29,1,2
2025-11-03,L1,P001,90,87,1,32
2025-11-03,L1,P002,127,124,2,22
2025-11-03,L1,P003,122,119,2,23
2025-11-03,L1,P004,115,114,0,17
2025-11-03,L2,P005,73,72,1,8
2025-11-03,L2,P006,74,72,1,29
2025-11-03,L2,P007,79,77,1,13
2025-11-03,L2,P008,66,64,1,36
2025-11-03,L3,P009,168,163,3,30
2025-11-03,L3,P010,179,175,1,44
2025-11-03,L3,P011,180,178,1,20
2025-11-03,L3,P012,170,166,2,29
2025-11-03,L3,P013,214,210,4,0
2025-11-03,L3,P014,184,181,1,33
2025-11-03,L4,P015,594,577,8,30
2025-11-03,L4,P016,626,608,14,12
2025-11-03,L4,P017,541,528,13,0
2025-11-03,L4,P018,244,237,4,20
2025-11-03,L4,P019,270,267,2,4
2025-11-03,L4,P020,260,252,4,26
2025-11-03,L5,P021,31,30,1,12
2025-11-03,L5,P022,19,19,0,14
2025-11-03,L5,P023,46,44,1,39
2025-11-03,L5,P024,19,19,0,19
2025-11-03,L5,P025,31,31,0,14
2025-11-04,L1,P001,114,110,2,39
2025-11-04,L1,P002,166,164,2,3
2025-11-04,L1,P003,117,115,0,26
2025-11-04,L1,P004,105,101,3,27
2025-11-04,L2,P005,81,80,1,3
2025-11-04,L2,P006,59,57,1,21
2025-11-04,L2,P007,60,58,1,19
2025-11-04,L2,P008,85,83,1,15
2025-11-04,L3,P009,172,170,2,5
2025-11-04,L3,P010,193,186,5,34
2025-11-04,L3,P011,175,173,2,0
2025-11-04,L3,P012,175,174,1,8
2025-11-04,L3,P013,183,179,3,15
2025-11-04,L3,P014,208,201,5,32
2025-11-04,L4,P015,631,620,9,5
2025-11-04,L4,P016,622,616,6,1
2025-11-04,L4,P017,628,617,8,8
2025-11-04,L4,P018,243,236,4,20
2025-11-04,L4,P019,294,290,3,9
2025-11-04,L4,P020,277,269,3,32
2025-11-04,L5,P021,26,26,0,22
2025-11-04,L5,P022,41,40,1,0
2025-11-04,L5,P023,34,33,1,20
2025-11-04,L5,P024,34,34,0,18
2025-11-04,L5,P025,28,28,0,29
2025-11-05,L1,P001,120,117,1,29
2025-11-05,L1,P002,102,99,2,10
2025-11-05,L1,P003,120,117,2,21
2025-11-05,L1,P004,135,131,2,26
2025-11-05,L2,P005,104,101,2,21
2025-11-05,L2,P006,86,84,1,15
2025-11-05,L2,P007,79,78,1,0
2025-11-05,L2,P008,88,86,2,0
2025-11-05,L3,P009,217,214,3,1
2025-11-05,L3,P010,137,134,2,31
2025-11-05,L3,P011,201,197,3,21
2025-11-05,L3,P012,144,139,4,25
2025-11-05,L3,P013,205,201,2,23
2025-11-05,L3,P014,172,169,1,33
2025-11-05,L4,P015,603,578,11,45
2025-11-05,L4,P016,635,619,8,23
2025-11-05,L4,P017,621,613,5,9
2025-11-05,L4,P018,257,251,2,30
2025-11-05,L4,P019,269,263,6,0
2025-11-05,L4,P020,294,291,0,19
2025-11-05,L5,P021,34,33,1,19
2025-11-05,L5,P022,41,41,0,21
2025-11-05,L5,P023,40,39,1,5
2025-11-05,L5,P024,38,38,0,0
2025-11-05,L5,P025,26,26,0,0
2025-11-06,L1,P001,140,139,0,11
2025-11-06,L1,P002,116,112,2,32
2025-11-06,L1,P003,126,122,3,14
2025-11-06,L1,P004,131,127,2,35
2025-11-06,L2,P005,74,71,2,21
2025-11-06,L2,P006,72,71,1,5
2025-11-06,L2,P007,97,95,1,17
2025-11-06,L2,P008,88,88,0,8
2025-11-06,L3,P009,222,214,5,38
2025-11-06,L3,P010,210,205,3,32
2025-11-06,L3,P011,208,203,4,18
2025-11-06,L3,P012,207,203,2,27
2025-11-06,L3,P013,271,265,2,45
2025-11-06,L3,P014,200,195,5,4
2025-11-06,L4,P015,675,651,11,38
2025-11-06,L4,P016,686,665,8,35
2025-11-06,L4,P017,712,705,3,12
2025-11-06,L4,P018,334,324,6,24
2025-11-06,L4,P019,302,292,7,20
2025-11-06,L4,P020,314,309,4,9
2025-11-06,L5,P021,27,27,0,32
2025-11-06,L5,P022,26,25,0,51
2025-11-06,L5,P023,20,20,0,19
2025-11-06,L5,P024,31,31,0,11
2025-11-06,L5,P025,28,28,0,0
2025-11-07,L1,P001,157,154,1,19
2025-11-07,L1,P002,166,164,2,0
2025-11-07,L1,P003,167,163,4,5
2025-11-07,L1,P004,126,123,3,7
2025-11-07,L2,P005,130,128,2,4
2025-11-07,L2,P006,129,127,1,21
2025-11-07,L2,P007,122,119,1,37
2025-11-07,L2,P008,101,97,2,29
2025-11-07,L3,P009,279,276,1,17
2025-11-07,L3,P010,235,229,3,35
2025-11-07,L3,P011,243,240,2,10
2025-11-07,L3,P012,287,280,4,34
2025-11-07,L3,P013,255,251,3,11
2025-11-07,L3,P014,251,247,4,2
2025-11-07,L4,P015,860,843,17,0
2025-11-07,L4,P016,823,797,20,13
2025-11-07,L4,P017,820,801,13,13
2025-11-07,L4,P018,395,381,8,30
2025-11-07,L4,P019,371,361,7,15
2025-11-07,L4,P020,411,402,5,18
2025-11-07,L5,P021,44,42,1,41
2025-11-07,L5,P022,45,44,1,17
2025-11-07,L5,P023,42,41,0,43
2025-11-07,L5,P024,40,40,0,14
2025-11-07,L5,P025,35,35,0,20
2025-11-08,L1,P001,113,112,0,9
2025-11-08,L1,P002,104,100,2,42
2025-11-08,L1,P003,125,124,0,17
2025-11-08,L1,P004,127,124,2,11
2025-11-08,L2,P005,73,71,1,17
2025-11-08,L2,P006,66,65,1,8
2025-11-08,L2,P007,87,85,1,25
2025-11-08,L2,P008,91,90,1,7
2025-11-08,L3,P009,216,212,4,6
2025-11-08,L3,P010,174,170,4,0
2025-11-08,L3,P011,151,146,3,38
2025-11-08,L3,P012,188,183,3,26
2025-11-08,L3,P013,189,185,4,6
2025-11-08,L3,P014,168,166,2,3
2025-11-08,L4,P015,533,516,8,33
2025-11-08,L4,P016,580,559,13,26
2025-11-08,L4,P017,540,525,11,16
2025-11-08,L4,P018,271,267,2,17
2025-11-08,L4,P019,327,315,7,29
2025-11-08,L4,P020,243,242,1,0
2025-11-08,L5,P021,44,43,1,17
2025-11-08,L5,P022,26,26,0,22
2025-11-08,L5,P023,28,28,0,0
2025-11-08,L5,P024,24,24,0,39
2025-11-08,L5,P025,38,38,0,23
2025-11-09,L1,P001,137,136,1,6
2025-11-09,L1,P002,129,126,1,24
2025-11-09,L1,P003,130,125,3,25
2025-11-09,L1,P004,118,115,2,16
2025-11-09,L2,P005,78,76,1,20
2025-11-09,L2,P006,88,86,1,21
2025-11-09,L2,P007,109,106,1,32
2025-11-09,L2,P008,73,71,1,20
2025-11-09,L3,P009,185,179,4,30
2025-11-09,L3,P010,176,172,3,18
2025-11-09,L3,P011,174,172,1,24
2025-11-09,L3,P012,149,146,1,30
2025-11-09,L3,P013,194,189,2,47
2025-11-09,L3,P014,229,222,4,32
2025-11-09,L4,P015,550,527,8,53
2025-11-09,L4,P016,620,609,4,23
2025-11-09,L4,P017,614,582,9,72
2025-11-09,L4,P018,272,267,2,22
2025-11-09,L4,P019,236,227,6,22
2025-11-09,L4,P020,280,273,4,18
2025-11-09,L5,P021,41,39,1,29
2025-11-09,L5,P022,40,40,0,18
2025-11-09,L5,P023,20,20,0,36
2025-11-09,L5,P024,34,34,0,27
2025-11-09,L5,P025,31,31,0,23
2025-11-10,L1,P001,133,128,3,23
2025-11-10,L1,P002,112,110,1,25
2025-11-10,L1,P003,121,120,1,0
2025-11-10,L1,P004,132,130,2,0
2025-11-10,L2,P005,94,92,2,8
2025-11-10,L2,P006,87,84,2,27
2025-11-10,L2,P007,78,76,1,21
2025-11-10,L2,P008,78,77,1,1
2025-11-10,L3,P009,176,171,3,28
2025-11-10,L3,P010,176,173,1,36
2025-11-10,L3,P011,154,149,2,51
2025-11-10,L3,P012,186,181,3,31
2025-11-10,L3,P013,188,183,4,19
2025-11-10,L3,P014,207,203,3,18
2025-11-10,L4,P015,578,570,4,14
2025-11-10,L4,P016,606,590,11,17
2025-11-10,L4,P017,578,559,11,25
2025-11-10,L4,P018,261,257,3,10
2025-11-10,L4,P019,276,269,3,29
2025-11-10,L4,P020,280,273,5,11
2025-11-10,L5,P021,27,27,0,24
2025-11-10,L5,P022,44,42,1,24
2025-11-10,L5,P023,26,26,0,6
2025-11-10,L5,P024,24,24,0,15
2025-11-10,L5,P025,19,19,0,44
2025-11-11,L1,P001,70,68,2,11
2025-11-11,L1,P002,130,127,2,22
2025-11-11,L1,P003,129,125,2,32
2025-11-11,L1,P004,123,119,2,32
2025-11-11,L2,P005,104,101,1,33
2025-11-11,L2,P006,66,64,1,37
2025-11-11,L2,P007,114,111,2,22
2025-11-11,L2,P008,76,73,2,23
2025-11-11,L3,P009,180,178,1,13
2025-11-11,L3,P010,186,182,3,21
2025-11-11,L3,P011,190,186,2,25
2025-11-11,L3,P012,189,184,2,42
2025-11-11,L3,P013,181,177,3,23
2025-11-11,L3,P014,293,285,7,14
2025-11-11,L4,P015,537,524,7,23
2025-11-11,L4,P016,638,624,8,18
2025-11-11,L4,P017,574,565,6,11
2025-11-11,L4,P018,256,246,5,37
2025-11-11,L4,P019,292,283,4,33
2025-11-11,L4,P020,257,251,5,9
2025-11-11,L5,P021,30,29,1,29
2025-11-11,L5,P022,21,21,0,6
2025-11-11,L5,P023,37,37,0,0
2025-11-11,L5,P024,31,31,0,22
2025-11-11,L5,P025,38,37,1,16
2025-11-12,L1,P001,110,106,3,11
2025-11-12,L1,P002,121,117,3,13
2025-11-12,L1,P003,128,126,2,2
2025-11-12,L1,P004,151,149,1,19
2025-11-12,L2,P005,84,82,1,30
2025-11-12,L2,P006,72,69,1,43
2025-11-12,L2,P007,70,68,1,15
2025-11-12,L2,P008,110,108,1,13
2025-11-12,L3,P009,206,200,3,36
2025-11-12,L3,P010,170,167,2,23
2025-11-12,L3,P011,197,192,3,29
2025-11-12,L3,P012,209,206,2,17
2025-11-12,L3,P013,196,194,2,6
2025-11-12,L3,P014,205,200,2,38
2025-11-12,L4,P015,545,531,6,27
2025-11-12,L4,P016,556,547,5,14
2025-11-12,L4,P017,730,704,12,37
2025-11-12,L4,P018,276,268,8,0
2025-11-12,L4,P019,381,367,5,45
2025-11-12,L4,P020,243,235,3,43
2025-11-12,L5,P021,10,10,0,0
2025-11-12,L5,P022,24,24,0,5
2025-11-12,L5,P023,22,22,0,8
2025-11-12,L5,P024,34,33,0,45
2025-11-12,L5,P025,27,27,0,19
2025-11-13,L1,P001,174,169,3,19
2025-11-13,L1,P002,136,133,2,21
2025-11-13,L1,P003,175,170,4,10
2025-11-13,L1,P004,127,124,2,10
2025-11-13,L2,P005,106,103,2,14
2025-11-13,L2,P006,84,84,0,10
2025-11-13,L2,P007,116,115,1,0
2025-11-13,L2,P008,79,77,1,14
2025-11-13,L3,P009,235,229,3,37
2025-11-13,L3,P010,249,243,4,26
2025-11-13,L3,P011,176,171,4,16
2025-11-13,L3,P012,191,188,2,10
2025-11-13,L3,P013,220,214,4,21
2025-11-13,L3,P014,212,205,4,37
2025-11-13,L4,P015,681,663,12,16
2025-11-13,L4,P016,715,699,11,13
2025-11-13,L4,P017,728,717,11,0
2025-11-13,L4,P018,324,318,5,7
2025-11-13,L4,P019,371,364,4,17
2025-11-13,L4,P020,331,320,7,24
2025-11-13,L5,P021,35,34,0,29
2025-11-13,L5,P022,21,21,0,24
2025-11-13,L5,P023,42,42,0,0
2025-11-13,L5,P024,23,23,0,36
2025-11-13,L5,P025,25,25,0,16
2025-11-14,L1,P001,123,120,0,41
2025-11-14,L1,P002,148,144,0,50
2025-11-14,L1,P003,176,168,6,19
2025-11-14,L1,P004,154,149,4,9
2025-11-14,L2,P005,92,91,0,16
2025-11-14,L2,P006,100,97,1,29
2025-11-14,L2,P007,93,92,1,7
2025-11-14,L2,P008,118,116,1,13
2025-11-14,L3,P009,238,232,4,22
2025-11-14,L3,P010,222,219,2,12
2025-11-14,L3,P011,244,238,3,30
2025-11-14,L3,P012,294,286,6,23
2025-11-14,L3,P013,247,246,0,16
2025-11-14,L3,P014,200,197,3,6
2025-11-14,L4,P015,812,782,16,34
2025-11-14,L4,P016,790,766,15,23
2025-11-14,L4,P017,779,754,7,44
2025-11-14,L4,P018,381,370,6,23
2025-11-14,L4,P019,403,391,6,30
2025-11-14,L4,P020,361,352,6,15
2025-11-14,L5,P021,40,39,1,12
2025-11-14,L5,P022,49,48,0,43
2025-11-14,L5,P023,27,27,0,34
2025-11-14,L5,P024,40,39,1,10
2025-11-14,L5,P025,31,30,1,23
2025-11-15,L1,P001,110,107,1,33
2025-11-15,L1,P002,151,147,3,14
2025-11-15,L1,P003,108,105,1,30
2025-11-15,L1,P004,119,115,3,21
2025-11-15,L2,P005,68,68,0,0
2025-11-15,L2,P006,59,57,1,18
2025-11-15,L2,P007,97,93,1,50
2025-11-15,L2,P008,53,52,1,2
2025-11-15,L3,P009,194,187,5,26
2025-11-15,L3,P010,199,196,2,18
2025-11-15,L3,P011,169,167,1,24
2025-11-15,L3,P012,173,171,1,23
2025-11-15,L3,P013,185,178,4,46
2025-11-15,L3,P014,179,175,2,27
2025-11-15,L4,P015,561,539,11,39
2025-11-15,L4,P016,572,566,2,15
2025-11-15,L4,P017,591,575,9,22
2025-11-15,L4,P018,255,251,4,0
2025-11-15,L4,P019,371,360,5,30
2025-11-15,L4,P020,231,219,7,38
2025-11-15,L5,P021,32,32,0,22
2025-11-15,L5,P022,29,29,0,24
2025-11-15,L5,P023,34,33,1,22
2025-11-15,L5,P024,27,26,1,17
2025-11-15,L5,P025,27,26,1,0
2025-11-16,L1,P001,134,129,2,49
2025-11-16,L1,P002,133,128,3,25
2025-11-16,L1,P003,100,99,0,20
2025-11-16,L1,P004,110,107,2,12
2025-11-16,L2,P005,61,60,1,13
2025-11-16,L2,P006,85,84,0,16
2025-11-16,L2,P007,100,98,1,23
2025-11-16,L2,P008,66,64,1,21
2025-11-16,L3,P009,184,181,2,23
2025-11-16,L3,P010,156,154,2,0
2025-11-16,L3,P011,204,199,3,24
2025-11-16,L3,P012,225,218,4,34
2025-11-16,L3,P013,153,151,2,3
2025-11-16,L3,P014,159,156,3,0
2025-11-16,L4,P015,617,599,10,24
2025-11-16,L4,P016,680,660,13,20
2025-11-16,L4,P017,553,543,4,22
2025-11-16,L4,P018,274,261,6,51
2025-11-16,L4,P019,303,299,4,0
2025-11-16,L4,P020,279,271,6,14
2025-11-16,L5,P021,33,32,1,22
2025-11-16,L5,P022,21,21,0,0
2025-11-16,L5,P023,17,17,0,21
2025-11-16,L5,P024,31,30,1,25
2025-11-16,L5,P025,24,23,0,47
2025-11-17,L1,P001,98,95,2,17
2025-11-17,L1,P002,114,111,2,20
2025-11-17,L1,P003,111,107,3,19
2025-11-17,L1,P004,127,123,2,26
2025-11-17,L2,P005,72,70,1,32
2025-11-17,L2,P006,69,68,1,4
2025-11-17,L2,P007,68,66,1,25
2025-11-17,L2,P008,75,73,1,27
2025-11-17,L3,P009,166,164,2,7
2025-11-17,L3,P010,175,172,1,30
2025-11-17,L3,P011,162,158,2,35
2025-11-17,L3,P012,149,148,1,3
2025-11-17,L3,P013,190,185,3,27
2025-11-17,L3,P014,209,203,3,44
2025-11-17,L4,P015,583,567,5,37
2025-11-17,L4,P016,646,626,13,21
2025-11-17,L4,P017,574,554,14,19
2025-11-17,L4,P018,285,278,5,16
2025-11-17,L4,P019,229,223,3,26
2025-11-17,L4,P020,270,263,3,30
2025-11-17,L5,P021,20,20,0,24
2025-11-17,L5,P022,40,39,0,25
2025-11-17,L5,P023,29,28,1,0
2025-11-17,L5,P024,27,27,0,27
2025-11-17,L5,P025,12,12,0,16
2025-11-18,L1,P001,119,116,2,19
2025-11-18,L1,P002,122,119,2,12
2025-11-18,L1,P003,110,109,1,0
2025-11-18,L1,P004,69,67,1,24
2025-11-18,L2,P005,85,84,1,11
2025-11-18,L2,P006,77,75,1,37
2025-11-18,L2,P007,92,90,1,15
2025-11-18,L2,P008,77,74,2,31
2025-11-18,L3,P009,240,233,5,26
2025-11-18,L3,P010,186,182,3,14
2025-11-18,L3,P011,166,163,1,33
2025-11-18,L3,P012,179,175,3,11
2025-11-18,L3,P013,149,143,3,61
2025-11-18,L3,P014,204,201,2,9
2025-11-18,L4,P015,534,521,6,24
2025-11-18,L4,P016,542,534,8,0
2025-11-18,L4,P017,641,629,6,19
2025-11-18,L4,P018,282,276,3,21
2025-11-18,L4,P019,238,231,4,26
2025-11-18,L4,P020,280,264,4,80
2025-11-18,L5,P021,33,31,1,46
2025-11-18,L5,P022,22,22,0,24
2025-11-18,L5,P023,21,21,0,14
2025-11-18,L5,P024,44,43,1,16
2025-11-18,L5,P025,22,22,0,30
2025-11-19,L1,P001,100,97,2,26
2025-11-19,L1,P002,115,111,2,37
2025-11-19,L1,P003,122,121,0,9
2025-11-19,L1,P004,113,108,2,49
2025-11-19,L2,P005,81,79,1,14
2025-11-19,L2,P006,92,89,2,15
2025-11-19,L2,P007,84,82,1,14
2025-11-19,L2,P008,75,73,1,35
2025-11-19,L3,P009,214,211,3,0
2025-11-19,L3,P010,163,159,2,38
2025-11-19,L3,P011,186,180,2,58
2025-11-19,L3,P012,185,179,4,32
2025-11-19,L3,P013,165,162,2,9
2025-11-19,L3,P014,159,154,3,40
2025-11-19,L4,P015,627,601,9,52
2025-11-19,L4,P016,586,574,4,27
2025-11-19,L4,P017,631,616,15,0
2025-11-19,L4,P018,271,265,5,10
2025-11-19,L4,P019,290,281,6,20
2025-11-19,L4,P020,305,296,5,25
2025-11-19,L5,P021,28,28,0,18
2025-11-19,L5,P022,22,22,0,11
2025-11-19,L5,P023,9,9,0,21
2025-11-19,L5,P024,22,22,0,0
2025-11-19,L5,P025,38,38,0,0
2025-11-20,L1,P001,120,116,2,26
2025-11-20,L1,P002,134,131,2,19
2025-11-20,L1,P003,120,118,2,5
2025-11-20,L1,P004,130,125,3,36
2025-11-20,L2,P005,114,111,2,11
2025-11-20,L2,P006,98,97,1,6
2025-11-20,L2,P007,84,82,1,17
2025-11-20,L2,P008,88,85,1,44
2025-11-20,L3,P009,222,216,4,24
2025-11-20,L3,P010,187,184,2,20
2025-11-20,L3,P011,198,194,4,0
2025-11-20,L3,P012,184,180,2,38
2025-11-20,L3,P013,290,284,4,24
2025-11-20,L3,P014,193,187,3,40
2025-11-20,L4,P015,687,665,10,34
2025-11-20,L4,P016,663,639,13,31
2025-11-20,L4,P017,738,714,15,23
2025-11-20,L4,P018,322,318,3,8
2025-11-20,L4,P019,358,347,5,30
2025-11-20,L4,P020,315,310,2,19
2025-11-20,L5,P021,23,23,0,10
2025-11-20,L5,P022,37,36,1,0
2025-11-20,L5,P023,32,31,1,5
2025-11-20,L5,P024,42,40,1,24
2025-11-20,L5,P025,31,29,1,34
2025-11-21,L1,P001,181,178,2,8
2025-11-21,L1,P002,185,181,3,11
2025-11-21,L1,P003,175,172,2,6
2025-11-21,L1,P004,152,146,4,19
2025-11-21,L2,P005,136,134,1,8
2025-11-21,L2,P006,97,96,1,0
2025-11-21,L2,P007,103,103,0,5
2025-11-21,L2,P008,96,94,2,0
2025-11-21,L3,P009,233,226,5,28
2025-11-21,L3,P010,237,233,3,8
2025-11-21,L3,P011,234,230,3,16
2025-11-21,L3,P012,258,250,5,30
2025-11-21,L3,P013,244,236,7,15
2025-11-21,L3,P014,234,227,5,26
2025-11-21,L4,P015,839,819,12,18
2025-11-21,L4,P016,838,826,8,9
2025-11-21,L4,P017,792,762,14,39
2025-11-21,L4,P018,569,549,10,34
2025-11-21,L4,P019,330,320,4,33
2025-11-21,L4,P020,416,410,5,4
2025-11-21,L5,P021,41,39,1,39
2025-11-21,L5,P022,25,25,0,18
2025-11-21,L5,P023,52,50,1,19
2025-11-21,L5,P024,38,38,0,0
2025-11-21,L5,P025,37,37,0,11
2025-11-22,L1,P001,101,99,1,27
2025-11-22,L1,P002,127,125,2,7
2025-11-22,L1,P003,122,119,1,34
2025-11-22,L1,P004,96,95,1,4
2025-11-22,L2,P005,73,70,2,26
2025-11-22,L2,P006,87,84,1,43
2025-11-22,L2,P007,78,78,0,10
2025-11-22,L2,P008,91,88,2,30
2025-11-22,L3,P009,189,184,3,24
2025-11-22,L3,P010,188,185,3,2
2025-11-22,L3,P011,163,159,3,22
2025-11-22,L3,P012,182,178,2,29
2025-11-22,L3,P013,140,135,3,43
2025-11-22,L3,P014,175,172,2,18
2025-11-22,L4,P015,592,583,4,15
2025-11-22,L4,P016,818,800,18,0
2025-11-22,L4,P017,535,520,10,17
2025-11-22,L4,P018,233,228,1,36
2025-11-22,L4,P019,227,222,3,21
2025-11-22,L4,P020,275,267,3,34
2025-11-22,L5,P021,32,31,1,20
2025-11-22,L5,P022,23,23,0,31
2025-11-22,L5,P023,34,33,1,1
2025-11-22,L5,P024,33,32,1,13
2025-11-22,L5,P025,16,16,0,0
2025-11-23,L1,P001,121,119,2,7
2025-11-23,L1,P002,116,114,1,20
2025-11-23,L1,P003,90,87,1,35
2025-11-23,L1,P004,129,126,0,38
2025-11-23,L2,P005,69,68,1,0
2025-11-23,L2,P006,87,86,0,19
2025-11-23,L2,P007,83,82,1,6
2025-11-23,L2,P008,66,65,1,14
2025-11-23,L3,P009,194,188,4,33
2025-11-23,L3,P010,182,178,3,19
2025-11-23,L3,P011,190,186,2,29
2025-11-23,L3,P012,181,178,1,38
2025-11-23,L3,P013,145,141,2,34
2025-11-23,L3,P014,180,177,2,19
2025-11-23,L4,P015,639,632,2,14
2025-11-23,L4,P016,565,555,4,22
2025-11-23,L4,P017,616,599,11,19
2025-11-23,L4,P018,302,292,5,31
2025-11-23,L4,P019,298,287,7,28
2025-11-23,L4,P020,288,279,5,24
2025-11-23,L5,P021,35,34,1,0
2025-11-23,L5,P022,35,35,0,22
2025-11-23,L5,P023,27,27,0,15
2025-11-23,L5,P024,21,21,0,18
2025-11-23,L5,P025,23,23,0,22
2025-11-24,L1,P001,85,82,2,22
2025-11-24,L1,P002,118,115,3,6
2025-11-24,L1,P003,113,109,2,28
2025-11-24,L1,P004,106,103,1,32
2025-11-24,L2,P005,94,92,1,19
2025-11-24,L2,P006,69,66,1,54
2025-11-24,L2,P007,98,97,1,9
2025-11-24,L2,P008,88,86,1,11
2025-11-24,L3,P009,174,170,3,13
2025-11-24,L3,P010,218,215,3,4
2025-11-24,L3,P011,203,197,3,44
2025-11-24,L3,P012,164,161,2,11
2025-11-24,L3,P013,175,169,4,25
2025-11-24,L3,P014,196,192,2,31
2025-11-24,L4,P015,570,557,12,4
2025-11-24,L4,P016,593,567,12,45
2025-11-24,L4,P017,545,529,5,37
2025-11-24,L4,P018,285,278,5,15
2025-11-24,L4,P019,281,273,6,13
2025-11-24,L4,P020,233,229,2,14
2025-11-24,L5,P021,32,32,0,6
2025-11-24,L5,P022,16,16,0,27
2025-11-24,L5,P023,24,24,0,19
2025-11-24,L5,P024,37,35,1,51
2025-11-24,L5,P025,38,37,1,14
2025-11-25,L1,P001,144,140,2,22
2025-11-25,L1,P002,103,101,1,19
2025-11-25,L1,P003,101,98,1,34
2025-11-25,L1,P004,118,114,3,20
2025-11-25,L2,P005,95,93,1,20
2025-11-25,L2,P006,72,70,1,34
2025-11-25,L2,P007,86,85,1,0
2025-11-25,L2,P008,87,85,1,25
2025-11-25,L3,P009,166,163,2,20
2025-11-25,L3,P010,191,185,4,24
2025-11-25,L3,P011,179,175,3,13
2025-11-25,L3,P012,181,176,4,14
2025-11-25,L3,P013,147,144,2,20
2025-11-25,L3,P014,192,189,3,6
2025-11-25,L4,P015,559,540,8,39
2025-11-25,L4,P016,606,584,12,33
2025-11-25,L4,P017,579,568,9,7
2025-11-25,L4,P018,274,263,3,54
2025-11-25,L4,P019,285,278,3,26
2025-11-25,L4,P020,269,263,3,23
2025-11-25,L5,P021,31,29,1,45
2025-11-25,L5,P022,33,33,0,20
2025-11-25,L5,P023,30,29,1,19
2025-11-25,L5,P024,42,41,0,42
2025-11-25,L5,P025,39,39,0,0
2025-11-26,L1,P001,123,122,1,0
2025-11-26,L1,P002,112,106,3,45
2025-11-26,L1,P003,95,91,2,38
2025-11-26,L1,P004,114,112,2,0
2025-11-26,L2,P005,113,108,3,33
2025-11-26,L2,P006,92,89,2,27
2025-11-26,L2,P007,68,67,1,3
2025-11-26,L2,P008,66,65,0,38
2025-11-26,L3,P009,159,155,2,30
2025-11-26,L3,P010,234,232,2,1
2025-11-26,L3,P011,175,170,4,21
2025-11-26,L3,P012,217,214,2,14
2025-11-26,L3,P013,155,151,2,32
2025-11-26,L3,P014,151,149,2,1
2025-11-26,L4,P015,598,590,6,5
2025-11-26,L4,P016,579,567,6,20
2025-11-26,L4,P017,575,551,11,44
2025-11-26,L4,P018,279,271,5,18
2025-11-26,L4,P019,269,259,3,53
2025-11-26,L4,P020,293,287,4,15
2025-11-26,L5,P021,38,37,1,0
2025-11-26,L5,P022,42,41,1,18
2025-11-26,L5,P023,30,29,1,32
2025-11-26,L5,P024,38,37,0,32
2025-11-26,L5,P025,35,34,0,32
2025-11-27,L1,P001,129,126,2,13
2025-11-27,L1,P002,137,132,3,33
2025-11-27,L1,P003,121,118,1,25
2025-11-27,L1,P004,140,137,3,0
2025-11-27,L2,P005,100,98,2,9
2025-11-27,L2,P006,101,99,0,38
2025-11-27,L2,P007,100,98,1,17
2025-11-27,L2,P008,85,83,1,28
2025-11-27,L3,P009,173,170,1,32
2025-11-27,L3,P010,216,212,3,12
2025-11-27,L3,P011,222,214,5,34
2025-11-27,L3,P012,188,183,4,16
2025-11-27,L3,P013,197,192,3,31
2025-11-27,L3,P014,240,236,4,5
2025-11-27,L4,P015,685,666,6,37
2025-11-27,L4,P016,696,680,15,4
2025-11-27,L4,P017,749,728,9,30
2025-11-27,L4,P018,287,281,5,8
2025-11-27,L4,P019,299,293,1,35
2025-11-27,L4,P020,323,312,7,24
2025-11-27,L5,P021,16,16,0,10
2025-11-27,L5,P022,38,37,1,20
2025-11-27,L5,P023,42,41,1,5
2025-11-27,L5,P024,35,35,0,8
2025-11-27,L5,P025,40,39,1,23
2025-11-28,L1,P001,165,162,2,13
2025-11-28,L1,P002,170,165,3,21
2025-11-28,L1,P003,141,136,3,22
2025-11-28,L1,P004,181,177,3,10
2025-11-28,L2,P005,114,111,2,11
2025-11-28,L2,P006,83,81,1,14
2025-11-28,L2,P007,80,78,1,24
2025-11-28,L2,P008,105,103,1,23
2025-11-28,L3,P009,229,226,2,15
2025-11-28,L3,P010,289,280,7,17
2025-11-28,L3,P011,249,244,4,15
2025-11-28,L3,P012,204,203,1,0
2025-11-28,L3,P013,264,257,5,20
2025-11-28,L3,P014,219,215,3,16
2025-11-28,L4,P015,863,842,10,24
2025-11-28,L4,P016,844,816,12,37
2025-11-28,L4,P017,785,757,16,29
2025-11-28,L4,P018,343,333,2,45
2025-11-28,L4,P019,365,361,0,20
2025-11-28,L4,P020,348,342,3,19
2025-11-28,L5,P021,32,31,1,13
2025-11-28,L5,P022,43,43,0,19
2025-11-28,L5,P023,33,32,0,30
2025-11-28,L5,P024,38,37,1,16
2025-11-28,L5,P025,38,36,1,64
2025-11-29,L1,P001,87,84,2,27
2025-11-29,L1,P002,120,116,2,30
2025-11-29,L1,P003,109,107,2,6
2025-11-29,L1,P004,112,110,1,15
2025-11-29,L2,P005,62,61,1,14
2025-11-29,L2,P006,62,61,1,15
2025-11-29,L2,P007,69,68,1,13
2025-11-29,L2,P008,96,91,3,47
2025-11-29,L3,P009,168,166,1,22
2025-11-29,L3,P010,167,165,2,0
2025-11-29,L3,P011,174,170,4,0
2025-11-29,L3,P012,165,163,2,2
2025-11-29,L3,P013,150,149,1,7
2025-11-29,L3,P014,153,149,3,15
2025-11-29,L4,P015,589,569,16,12
2025-11-29,L4,P016,589,575,9,16
2025-11-29,L4,P017,777,760,11,15
2025-11-29,L4,P018,264,254,5,38
2025-11-29,L4,P019,263,256,7,0
2025-11-29,L4,P020,253,246,3,32
2025-11-29,L5,P021,10,10,0,0
2025-11-29,L5,P022,32,32,0,10
2025-11-29,L5,P023,37,37,0,23
2025-11-29,L5,P024,30,29,1,19
2025-11-29,L5,P025,30,29,1,20
2025-11-30,L1,P001,133,129,2,28
2025-11-30,L1,P002,98,95,1,41
2025-11-30,L1,P003,105,102,1,39
2025-11-30,L1,P004,128,124,3,15
2025-11-30,L2,P005,63,61,1,21
2025-11-30,L2,P006,87,85,1,25
2025-11-30,L2,P007,75,73,2,0
2025-11-30,L2,P008,74,72,1,18
2025-11-30,L3,P009,205,199,4,29
2025-11-30,L3,P010,151,148,3,6
2025-11-30,L3,P011,203,196,5,32
2025-11-30,L3,P012,165,162,2,10
2025-11-30,L3,P013,139,136,2,28
2025-11-30,L3,P014,216,207,5,51
2025-11-30,L4,P015,607,598,5,13
2025-11-30,L4,P016,790,769,10,26
2025-11-30,L4,P017,758,733,17,20
2025-11-30,L4,P018,327,323,2,9
2025-11-30,L4,P019,246,238,5,21
2025-11-30,L4,P020,414,400,8,29
2025-11-30,L5,P021,27,27,0,16
2025-11-30,L5,P022,27,27,0,20
2025-11-30,L5,P023,12,12,0,31
2025-11-30,L5,P024,23,22,1,37
2025-11-30,L5,P025,23,23,0,7
2025-12-01,L1,P001,110,105,3,29
2025-12-01,L1,P002,130,129,1,0
2025-12-01,L1,P003,106,103,0,59
2025-12-01,L1,P004,117,114,3,0
2025-12-01,L2,P005,78,76,0,43
2025-12-01,L2,P006,64,62,0,46
2025-12-01,L2,P007,87,86,1,0
2025-12-01,L2,P008,125,121,3,18
2025-12-01,L3,P009,197,188,6,44
2025-12-01,L3,P010,178,174,3,23
2025-12-01,L3,P011,161,157,2,28
2025-12-01,L3,P012,145,142,2,14
2025-12-01,L3,P013,207,203,2,33
2025-12-01,L3,P014,180,174,4,28
2025-12-01,L4,P015,559,542,12,17
2025-12-01,L4,P016,657,650,7,0
2025-12-01,L4,P017,856,826,14,35
2025-12-01,L4,P018,260,250,7,21
2025-12-01,L4,P019,246,241,5,0
2025-12-01,L4,P020,284,276,5,19
2025-12-01,L5,P021,24,24,0,1
2025-12-01,L5,P022,31,30,0,31
2025-12-01,L5,P023,40,39,1,19
2025-12-01,L5,P024,33,32,0,36
2025-12-01,L5,P025,22,22,0,3
2025-12-02,L1,P001,112,109,3,8
2025-12-02,L1,P002,113,112,1,8
2025-12-02,L1,P003,115,113,2,8
2025-12-02,L1,P004,106,103,2,18
2025-12-02,L2,P005,76,72,2,47
2025-12-02,L2,P006,88,87,1,8
2025-12-02,L2,P007,101,98,2,18
2025-12-02,L2,P008,117,114,2,16
2025-12-02,L3,P009,185,182,3,6
2025-12-02,L3,P010,185,181,2,24
2025-12-02,L3,P011,175,171,3,21
2025-12-02,L3,P012,189,188,0,20
2025-12-02,L3,P013,198,192,4,22
2025-12-02,L3,P014,203,202,0,10
2025-12-02,L4,P015,577,552,14,35
2025-12-02,L4,P016,524,510,7,25
2025-12-02,L4,P017,627,612,10,14
2025-12-02,L4,P018,278,276,2,0
2025-12-02,L4,P019,271,264,3,30
2025-12-02,L4,P020,395,387,4,21
2025-12-02,L5,P021,27,26,1,29
2025-12-02,L5,P022,34,33,1,6
2025-12-02,L5,P023,13,13,0,20
2025-12-02,L5,P024,26,26,0,20
2025-12-02,L5,P025,28,27,1,27
2025-12-03,L1,P001,108,105,1,34
2025-12-03,L1,P002,99,95,3,24
2025-12-03,L1,P003,131,128,2,10
2025-12-03,L1,P004,113,109,3,11
2025-12-03,L2,P005,82,81,1,10
2025-12-03,L2,P006,103,100,2,24
2025-12-03,L2,P007,81,78,2,26
2025-12-03,L2,P008,83,80,1,42
2025-12-03,L3,P009,202,197,4,8
2025-12-03,L3,P010,175,172,2,20
2025-12-03,L3,P011,162,158,2,41
2025-12-03,L3,P012,155,150,2,56
2025-12-03,L3,P013,188,183,4,8
2025-12-03,L3,P014,196,193,2,14
2025-12-03,L4,P015,544,533,4,25
2025-12-03,L4,P016,526,511,11,14
2025-12-03,L4,P017,587,570,9,27
2025-12-03,L4,P018,303,294,5,23
2025-12-03,L4,P019,323,316,5,13
2025-12-03,L4,P020,306,298,3,31
2025-12-03,L5,P021,35,35,0,3
2025-12-03,L5,P022,30,29,1,29
2025-12-03,L5,P023,34,33,1,1
2025-12-03,L5,P024,28,28,0,28
2025-12-03,L5,P025,34,34,0,25
2025-12-04,L1,P001,122,121,0,20
2025-12-04,L1,P002,154,152,2,5
2025-12-04,L1,P003,156,151,3,19
2025-12-04,L1,P004,128,124,2,24
2025-12-04,L2,P005,88,87,1,7
2025-12-04,L2,P006,96,93,2,11
2025-12-04,L2,P007,85,81,2,40
2025-12-04,L2,P008,136,131,3,29
2025-12-04,L3,P009,215,211,2,22
2025-12-04,L3,P010,202,196,2,52
2025-12-04,L3,P011,197,193,3,9
2025-12-04,L3,P012,179,175,3,14
2025-12-04,L3,P013,207,203,3,15
2025-12-04,L3,P014,218,213,2,37
2025-12-04,L4,P015,661,648,9,13
2025-12-04,L4,P016,675,653,11,32
2025-12-04,L4,P017,731,714,11,16
2025-12-04,L4,P018,294,284,4,40
2025-12-04,L4,P019,294,285,7,14
2025-12-04,L4,P020,331,319,6,34
2025-12-04,L5,P021,47,46,0,36
2025-12-04,L5,P022,42,40,1,34
2025-12-04,L5,P023,39,38,0,28
2025-12-04,L5,P024,33,33,0,23
2025-12-04,L5,P025,30,30,0,20
2025-12-05,L1,P001,167,162,3,19
2025-12-05,L1,P002,181,176,4,13
2025-12-05,L1,P003,157,155,2,6
2025-12-05,L1,P004,165,161,2,24
2025-12-05,L2,P005,81,80,1,10
2025-12-05,L2,P006,93,92,1,10
2025-12-05,L2,P007,96,95,1,0
2025-12-05,L2,P008,81,80,1,0
2025-12-05,L3,P009,207,203,4,1
2025-12-05,L3,P010,288,281,4,33
2025-12-05,L3,P011,216,214,2,0
2025-12-05,L3,P012,262,259,3,3
2025-12-05,L3,P013,291,287,3,7
2025-12-05,L3,P014,228,223,3,25
2025-12-05,L4,P015,820,812,5,6
2025-12-05,L4,P016,826,806,12,19
2025-12-05,L4,P017,871,850,15,13
2025-12-05,L4,P018,363,355,8,0
2025-12-05,L4,P019,384,377,4,15
2025-12-05,L4,P020,388,381,6,6
2025-12-05,L5,P021,48,47,1,20
2025-12-05,L5,P022,43,41,1,42
2025-12-05,L5,P023,42,42,0,20
2025-12-05,L5,P024,31,31,0,24
2025-12-05,L5,P025,27,27,0,31
2025-12-06,L1,P001,113,109,2,27
2025-12-06,L1,P002,113,111,0,31
2025-12-06,L1,P003,113,111,2,7
2025-12-06,L1,P004,111,109,1,17
2025-12-06,L2,P005,48,46,1,35
2025-12-06,L2,P006,77,74,2,18
2025-12-06,L2,P007,85,82,2,32
2025-12-06,L2,P008,90,89,1,0
2025-12-06,L3,P009,188,184,2,26
2025-12-06,L3,P010,173,170,3,0
2025-12-06,L3,P011,165,163,2,0
2025-12-06,L3,P012,199,197,1,18
2025-12-06,L3,P013,179,177,1,15
2025-12-06,L3,P014,168,165,2,10
2025-12-06,L4,P015,588,568,7,43
2025-12-06,L4,P016,536,522,8,23
2025-12-06,L4,P017,557,548,4,18
2025-12-06,L4,P018,264,256,5,21
2025-12-06,L4,P019,261,256,2,22
2025-12-06,L4,P020,254,251,3,0
2025-12-06,L5,P021,35,35,0,4
2025-12-06,L5,P022,20,20,0,30
2025-12-06,L5,P023,31,30,1,21
2025-12-06,L5,P024,35,34,1,22
2025-12-06,L5,P025,40,39,1,11
2025-12-07,L1,P001,125,120,3,30
2025-12-07,L1,P002,126,122,2,28
2025-12-07,L1,P003,112,107,2,58
2025-12-07,L1,P004,102,100,1,24
2025-12-07,L2,P005,88,85,2,24
2025-12-07,L2,P006,92,91,1,6
2025-12-07,L2,P007,76,74,1,16
2025-12-07,L2,P008,62,60,1,24
2025-12-07,L3,P009,199,196,2,9
2025-12-07,L3,P010,179,174,2,43
2025-12-07,L3,P011,188,181,5,25
2025-12-07,L3,P012,232,227,3,23
2025-12-07,L3,P013,183,178,3,36
2025-12-07,L3,P014,214,210,3,7
2025-12-07,L4,P015,625,612,3,31
2025-12-07,L4,P016,687,666,16,13
2025-12-07,L4,P017,642,625,13,11
2025-12-07,L4,P018,274,269,4,7
2025-12-07,L4,P019,255,248,4,23
2025-12-07,L4,P020,308,305,3,2
2025-12-07,L5,P021,35,34,1,19
2025-12-07,L5,P022,25,24,1,35
2025-12-07,L5,P023,31,31,0,4
2025-12-07,L5,P024,39,38,1,23
2025-12-07,L5,P025,31,30,0,34
2025-12-08,L1,P001,115,112,2,10
2025-12-08,L1,P002,127,123,2,24
2025-12-08,L1,P003,122,119,2,19
2025-12-08,L1,P004,151,148,3,5
2025-12-08,L2,P005,70,69,0,21
2025-12-08,L2,P006,80,76,2,49
2025-12-08,L2,P007,73,70,2,21
2025-12-08,L2,P008,90,86,2,47
2025-12-08,L3,P009,182,176,4,25
2025-12-08,L3,P010,162,160,2,8
2025-12-08,L3,P011,130,125,3,44
2025-12-08,L3,P012,151,150,0,25
2025-12-08,L3,P013,178,173,4,10
2025-12-08,L3,P014,168,166,1,23
2025-12-08,L4,P015,629,607,12,31
2025-12-08,L4,P016,608,594,7,22
2025-12-08,L4,P017,603,587,11,16
2025-12-08,L4,P018,300,290,3,47
2025-12-08,L4,P019,273,266,6,10
2025-12-08,L4,P020,268,259,5,28
2025-12-08,L5,P021,22,22,0,24
2025-12-08,L5,P022,25,25,0,19
2025-12-08,L5,P023,31,30,1,13
2025-12-08,L5,P024,23,22,0,58
2025-12-08,L5,P025,22,21,0,50
2025-12-09,L1,P001,122,119,2,10
2025-12-09,L1,P002,136,132,3,14
2025-12-09,L1,P003,121,119,2,3
2025-12-09,L1,P004,92,89,2,17
2025-12-09,L2,P005,76,73,1,46
2025-12-09,L2,P006,85,83,1,28
2025-12-09,L2,P007,91,90,1,0
2025-12-09,L2,P008,72,70,2,0
2025-12-09,L3,P009,197,192,3,22
2025-12-09,L3,P010,181,173,4,56
2025-12-09,L3,P011,174,171,1,36
2025-12-09,L3,P012,189,186,3,3
2025-12-09,L3,P013,189,186,2,21
2025-12-09,L3,P014,183,177,5,18
2025-12-09,L4,P015,837,815,17,12
2025-12-09,L4,P016,596,574,9,43
2025-12-09,L4,P017,555,542,8,16
2025-12-09,L4,P018,318,313,4,9
2025-12-09,L4,P019,281,277,4,0
2025-12-09,L4,P020,298,289,5,24
2025-12-09,L5,P021,16,16,0,1
2025-12-09,L5,P022,35,35,0,20
2025-12-09,L5,P023,22,22,0,18
2025-12-09,L5,P024,32,31,1,28
2025-12-09,L5,P025,29,29,0,10
2025-12-10,L1,P001,109,106,1,30
2025-12-10,L1,P002,127,126,1,5
2025-12-10,L1,P003,135,133,1,21
2025-12-10,L1,P004,112,110,1,20
2025-12-10,L2,P005,72,70,2,5
2025-12-10,L2,P006,68,68,0,12
2025-12-10,L2,P007,94,92,1,18
2025-12-10,L2,P008,68,67,1,6
2025-12-10,L3,P009,201,198,3,5
2025-12-10,L3,P010,172,170,2,0
2025-12-10,L3,P011,180,176,3,19
2025-12-10,L3,P012,154,150,2,42
2025-12-10,L3,P013,167,164,3,0
2025-12-10,L3,P014,191,187,2,29
2025-12-10,L4,P015,581,562,11,26
2025-12-10,L4,P016,855,831,16,17
2025-12-10,L4,P017,616,597,15,11
2025-12-10,L4,P018,257,254,2,10
2025-12-10,L4,P019,288,282,3,20
2025-12-10,L4,P020,305,295,5,32
2025-12-10,L5,P021,19,19,0,8
2025-12-10,L5,P022,40,40,0,14
2025-12-10,L5,P023,40,38,1,44
2025-12-10,L5,P024,47,46,1,2
2025-12-10,L5,P025,28,28,0,5
2025-12-11,L1,P001,169,165,3,15
2025-12-11,L1,P002,110,109,1,7
2025-12-11,L1,P003,101,99,1,22
2025-12-11,L1,P004,132,128,2,25
2025-12-11,L2,P005,78,77,1,1
2025-12-11,L2,P006,81,79,1,21
2025-12-11,L2,P007,78,76,1,24
2025-12-11,L2,P008,115,113,1,20
2025-12-11,L3,P009,210,204,4,33
2025-12-11,L3,P010,245,239,3,33
2025-12-11,L3,P011,203,200,3,0
2025-12-11,L3,P012,209,204,4,18
2025-12-11,L3,P013,232,225,5,25
2025-12-11,L3,P014,240,233,5,20
2025-12-11,L4,P015,664,648,9,21
2025-12-11,L4,P016,634,622,7,14
2025-12-11,L4,P017,674,664,10,0
2025-12-11,L4,P018,316,313,3,0
2025-12-11,L4,P019,423,412,8,13
2025-12-11,L4,P020,342,327,8,42
2025-12-11,L5,P021,39,38,1,24
2025-12-11,L5,P022,19,19,0,4
2025-12-11,L5,P023,45,43,1,33
2025-12-11,L5,P024,40,40,0,0
2025-12-11,L5,P025,25,25,0,26
2025-12-12,L1,P001,127,123,2,33
2025-12-12,L1,P002,191,187,2,18
2025-12-12,L1,P003,151,149,2,1
2025-12-12,L1,P004,187,187,0,0
2025-12-12,L2,P005,93,91,1,12
2025-12-12,L2,P006,119,117,2,1
2025-12-12,L2,P007,84,81,1,41
2025-12-12,L2,P008,104,99,2,50
2025-12-12,L3,P009,241,235,4,26
2025-12-12,L3,P010,257,253,4,4
2025-12-12,L3,P011,207,202,4,19
2025-12-12,L3,P012,241,234,4,30
2025-12-12,L3,P013,274,269,5,3
2025-12-12,L3,P014,313,307,4,19
2025-12-12,L4,P015,867,840,21,14
2025-12-12,L4,P016,873,852,13,17
2025-12-12,L4,P017,761,744,10,17
2025-12-12,L4,P018,408,397,10,4
2025-12-12,L4,P019,405,394,6,22
2025-12-12,L4,P020,388,385,3,0
2025-12-12,L5,P021,55,54,1,0
2025-12-12,L5,P022,50,48,1,37
2025-12-12,L5,P023,38,36,1,36
2025-12-12,L5,P024,43,42,0,36
2025-12-12,L5,P025,43,43,0,0
2025-12-13,L1,P001,128,125,2,12
2025-12-13,L1,P002,126,122,1,50
2025-12-13,L1,P003,114,112,2,6
2025-12-13,L1,P004,130,129,1,6
2025-12-13,L2,P005,87,85,1,20
2025-12-13,L2,P006,66,64,1,21
2025-12-13,L2,P007,74,73,1,0
2025-12-13,L2,P008,56,55,0,23
2025-12-13,L3,P009,147,145,2,8
2025-12-13,L3,P010,199,194,3,26
2025-12-13,L3,P011,190,187,2,11
2025-12-13,L3,P012,132,129,2,23
2025-12-13,L3,P013,197,193,3,13
2025-12-13,L3,P014,368,358,8,15
2025-12-13,L4,P015,559,539,11,32
2025-12-13,L4,P016,532,510,14,30
2025-12-13,L4,P017,782,756,15,27
2025-12-13,L4,P018,318,311,3,26
2025-12-13,L4,P019,255,249,4,13
2025-12-13,L4,P020,240,233,3,33
2025-12-13,L5,P021,44,43,1,0
2025-12-13,L5,P022,31,31,0,23
2025-12-13,L5,P023,30,30,0,26
2025-12-13,L5,P024,21,21,0,16
2025-12-13,L5,P025,35,35,0,11
2025-12-14,L1,P001,136,133,2,14
2025-12-14,L1,P002,108,106,2,0
2025-12-14,L1,P003,115,113,2,7
2025-12-14,L1,P004,99,97,1,23
2025-12-14,L2,P005,76,74,1,20
2025-12-14,L2,P006,46,44,1,22
2025-12-14,L2,P007,64,62,1,29
2025-12-14,L2,P008,92,90,2,0
2025-12-14,L3,P009,174,170,3,14
2025-12-14,L3,P010,185,180,4,12
2025-12-14,L3,P011,200,196,1,37
2025-12-14,L3,P012,191,187,2,31
2025-12-14,L3,P013,181,179,1,13
2025-12-14,L3,P014,351,341,8,18
2025-12-14,L4,P015,591,571,18,8
2025-12-14,L4,P016,558,535,14,31
2025-12-14,L4,P017,616,592,10,43
2025-12-14,L4,P018,306,301,5,3
2025-12-14,L4,P019,255,249,5,8
2025-12-14,L4,P020,317,310,3,22
2025-12-14,L5,P021,59,57,1,17
2025-12-14,L5,P022,29,29,0,19
2025-12-14,L5,P023,37,36,0,37
2025-12-14,L5,P024,26,26,0,29
2025-12-14,L5,P025,35,33,1,36
2025-12-15,L1,P001,102,98,2,30
2025-12-15,L1,P002,99,97,2,6
2025-12-15,L1,P003,100,98,1,23
2025-12-15,L1,P004,118,115,2,20
2025-12-15,L2,P005,87,85,1,24
2025-12-15,L2,P006,75,72,2,13
2025-12-15,L2,P007,63,62,1,13
2025-12-15,L2,P008,63,61,0,61
2025-12-15,L3,P009,162,158,2,30
2025-12-15,L3,P010,205,199,4,24
2025-12-15,L3,P011,203,199,4,7
2025-12-15,L3,P012,182,179,1,31
2025-12-15,L3,P013,188,185,1,23
2025-12-15,L3,P014,400,391,5,31
2025-12-15,L4,P015,599,595,3,2
2025-12-15,L4,P016,608,602,2,13
2025-12-15,L4,P017,674,651,15,22
2025-12-15,L4,P018,282,274,5,23
2025-12-15,L4,P019,328,320,6,9
2025-12-15,L4,P020,297,291,4,13
2025-12-15,L5,P021,79,78,1,1
2025-12-15,L5,P022,33,32,1,21
2025-12-15,L5,P023,38,37,1,23
2025-12-15,L5,P024,26,26,0,24
2025-12-15,L5,P025,29,29,0,15
2025-12-16,L1,P001,149,148,1,0
2025-12-16,L1,P002,122,119,1,30
2025-12-16,L1,P003,95,91,2,36
2025-12-16,L1,P004,118,116,1,10
2025-12-16,L2,P005,88,87,1,8
2025-12-16,L2,P006,83,81,1,22
2025-12-16,L2,P007,91,88,2,17
2025-12-16,L2,P008,96,94,1,15
2025-12-16,L3,P009,162,158,2,27
2025-12-16,L3,P010,162,158,2,35
2025-12-16,L3,P011,170,166,3,14
2025-12-16,L3,P012,193,190,1,29
2025-12-16,L3,P013,155,153,1,19
2025-12-16,L3,P014,563,554,5,22
2025-12-16,L4,P015,551,528,12,37
2025-12-16,L4,P016,791,768,9,35
2025-12-16,L4,P017,598,572,16,32
2025-12-16,L4,P018,303,300,1,15
2025-12-16,L4,P019,282,273,3,42
2025-12-16,L4,P020,254,250,3,10
2025-12-16,L5,P021,98,96,1,16
2025-12-16,L5,P022,27,26,0,43
2025-12-16,L5,P023,30,29,0,33
2025-12-16,L5,P024,35,34,1,0
2025-12-16,L5,P025,66,64,1,27
2025-12-17,L1,P001,131,127,2,33
2025-12-17,L1,P002,111,109,1,17
2025-12-17,L1,P003,128,124,2,31
2025-12-17,L1,P004,112,109,2,21
2025-12-17,L2,P005,83,82,1,2
2025-12-17,L2,P006,93,92,1,0
2025-12-17,L2,P007,93,91,1,16
2025-12-17,L2,P008,79,77,1,22
2025-12-17,L3,P009,167,164,2,24
2025-12-17,L3,P010,186,182,3,17
2025-12-17,L3,P011,185,179,5,15
2025-12-17,L3,P012,157,152,4,18
2025-12-17,L3,P013,157,154,1,28
2025-12-17,L3,P014,724,696,22,22
2025-12-17,L4,P015,597,583,3,36
2025-12-17,L4,P016,630,616,11,9
2025-12-17,L4,P017,559,552,3,14
2025-12-17,L4,P018,277,271,3,18
2025-12-17,L4,P019,259,254,3,13
2025-12-17,L4,P020,275,262,8,34
2025-12-17,L5,P021,112,109,2,10
2025-12-17,L5,P022,33,31,1,38
2025-12-17,L5,P023,26,26,0,16
2025-12-17,L5,P024,16,16,0,0
2025-12-17,L5,P025,14,14,0,12
2025-12-18,L1,P001,148,145,3,0
2025-12-18,L1,P002,137,134,1,35
2025-12-18,L1,P003,119,115,2,33
2025-12-18,L1,P004,130,128,1,21
2025-12-18,L2,P005,101,98,2,22
2025-12-18,L2,P006,113,111,2,0
2025-12-18,L2,P007,99,97,2,5
2025-12-18,L2,P008,74,72,1,28
2025-12-18,L3,P009,168,165,2,14
2025-12-18,L3,P010,190,184,5,15
2025-12-18,L3,P011,193,187,5,11
2025-12-18,L3,P012,253,250,3,0
2025-12-18,L3,P013,224,217,6,18
2025-12-18,L3,P014,1066,1039,20,20
2025-12-18,L4,P015,634,616,8,31
2025-12-18,L4,P016,679,657,11,30
2025-12-18,L4,P017,677,669,1,21
2025-12-18,L4,P018,352,341,4,38
2025-12-18,L4,P019,359,344,8,37
2025-12-18,L4,P020,324,319,4,3
2025-12-18,L5,P021,140,139,1,0
2025-12-18,L5,P022,38,38,0,1
2025-12-18,L5,P023,22,21,1,11
2025-12-18,L5,P024,31,31,0,6
2025-12-18,L5,P025,35,34,0,32
2025-12-19,L1,P001,155,150,3,24
2025-12-19,L1,P002,168,163,2,38
2025-12-19,L1,P003,123,119,2,28
2025-12-19,L1,P004,149,146,2,10
2025-12-19,L2,P005,106,103,1,39
2025-12-19,L2,P006,108,106,2,0
2025-12-19,L2,P007,143,138,2,39
2025-12-19,L2,P008,118,115,2,19
2025-12-19,L3,P009,267,261,5,11
2025-12-19,L3,P010,235,231,2,30
2025-12-19,L3,P011,221,215,3,42
2025-12-19,L3,P012,251,246,3,18
2025-12-19,L3,P013,265,258,4,35
2025-12-19,L3,P014,1224,1202,22,0
2025-12-19,L4,P015,840,821,12,17
2025-12-19,L4,P016,851,819,19,30
2025-12-19,L4,P017,858,844,14,0
2025-12-19,L4,P018,378,367,4,35
2025-12-19,L4,P019,334,328,4,9
2025-12-19,L4,P020,404,392,8,18
2025-12-19,L5,P021,211,207,2,15
2025-12-19,L5,P022,39,38,1,6
2025-12-19,L5,P023,29,29,0,19
2025-12-19,L5,P024,40,38,1,26
2025-12-19,L5,P025,43,42,1,16
2025-12-20,L1,P001,106,104,2,0
2025-12-20,L1,P002,101,99,2,0
2025-12-20,L1,P003,122,121,1,0
2025-12-20,L1,P004,137,134,3,0
2025-12-20,L2,P005,92,92,0,0
2025-12-20,L2,P006,83,82,1,8
2025-12-20,L2,P007,67,65,1,29
2025-12-20,L2,P008,81,80,0,25
2025-12-20,L3,P009,176,173,2,19
2025-12-20,L3,P010,173,170,2,22
2025-12-20,L3,P011,151,148,2,21
2025-12-20,L3,P012,179,174,3,31
2025-12-20,L3,P013,139,138,1,1
2025-12-20,L3,P014,790,772,18,0
2025-12-20,L4,P015,558,546,7,18
2025-12-20,L4,P016,595,570,13,40
2025-12-20,L4,P017,639,620,12,21
2025-12-20,L4,P018,259,254,3,12
2025-12-20,L4,P019,275,270,5,0
2025-12-20,L4,P020,225,217,4,31
2025-12-20,L5,P021,143,137,2,55
2025-12-20,L5,P022,26,26,0,18
2025-12-20,L5,P023,39,38,0,25
2025-12-20,L5,P024,29,29,0,9
2025-12-20,L5,P025,33,32,1,1
2025-12-21,L1,P001,112,109,2,15
2025-12-21,L1,P002,98,94,2,35
2025-12-21,L1,P003,122,117,3,24
2025-12-21,L1,P004,109,106,2,26
2025-12-21,L2,P005,90,87,2,30
2025-12-21,L2,P006,80,78,1,33
2025-12-21,L2,P007,126,121,2,41
2025-12-21,L2,P008,51,49,1,25
2025-12-21,L3,P009,271,266,2,34
2025-12-21,L3,P010,163,160,1,34
2025-12-21,L3,P011,185,181,3,20
2025-12-21,L3,P012,208,204,3,12
2025-12-21,L3,P013,156,154,1,20
2025-12-21,L3,P014,1063,1027,25,29
2025-12-21,L4,P015,583,574,9,0
2025-12-21,L4,P016,616,609,7,0
2025-12-21,L4,P017,635,620,5,29
2025-12-21,L4,P018,293,289,2,15
2025-12-21,L4,P019,240,234,5,5
2025-12-21,L4,P020,286,275,7,26
2025-12-21,L5,P021,143,140,3,2
2025-12-21,L5,P022,46,44,1,36
2025-12-21,L5,P023,57,56,1,0
2025-12-21,L5,P024,34,33,1,26
2025-12-21,L5,P025,17,17,0,15
2025-12-22,L1,P001,121,120,1,6
2025-12-22,L1,P002,121,118,2,14
2025-12-22,L1,P003,113,112,1,0
2025-12-22,L1,P004,120,119,1,0
2025-12-22,L2,P005,92,90,1,18
2025-12-22,L2,P006,83,79,2,42
2025-12-22,L2,P007,85,83,1,20
2025-12-22,L2,P008,78,75,2,34
2025-12-22,L3,P009,197,193,3,20
2025-12-22,L3,P010,153,148,3,43
2025-12-22,L3,P011,198,193,3,29
2025-12-22,L3,P012,181,179,2,6
2025-12-22,L3,P013,164,159,4,16
2025-12-22,L3,P014,944,929,15,0
2025-12-22,L4,P015,536,530,0,21
2025-12-22,L4,P016,605,591,12,5
2025-12-22,L4,P017,620,598,6,49
2025-12-22,L4,P018,270,259,8,24
2025-12-22,L4,P019,228,223,3,21
2025-12-22,L4,P020,286,280,4,12
2025-12-22,L5,P021,139,134,3,29
2025-12-22,L5,P022,37,35,1,29
2025-12-22,L5,P023,43,43,0,6
2025-12-22,L5,P024,16,16,0,0
2025-12-22,L5,P025,32,31,1,16
2025-12-23,L1,P001,181,179,2,0
2025-12-23,L1,P002,106,102,2,39
2025-12-23,L1,P003,101,100,1,7
2025-12-23,L1,P004,76,74,1,36
2025-12-23,L2,P005,67,66,1,6
2025-12-23,L2,P006,77,75,1,29
2025-12-23,L2,P007,72,70,1,27
2025-12-23,L2,P008,83,81,2,11
2025-12-23,L3,P009,191,187,2,36
2025-12-23,L3,P010,201,196,3,32
2025-12-23,L3,P011,206,202,3,13
2025-12-23,L3,P012,164,161,3,0
2025-12-23,L3,P013,188,182,3,42
2025-12-23,L3,P014,900,863,19,59
2025-12-23,L4,P015,615,596,9,31
2025-12-23,L4,P016,590,587,3,0
2025-12-23,L4,P017,589,577,10,6
2025-12-23,L4,P018,311,299,3,53
2025-12-23,L4,P019,267,262,5,0
2025-12-23,L4,P020,356,340,9,37
2025-12-23,L5,P021,154,150,3,8
2025-12-23,L5,P022,33,33,0,18
2025-12-23,L5,P023,26,26,0,0
2025-12-23,L5,P024,41,40,1,17
2025-12-23,L5,P025,26,26,0,1
2025-12-24,L1,P001,118,116,2,0
2025-12-24,L1,P002,117,113,3,14
2025-12-24,L1,P003,114,112,1,16
2025-12-24,L1,P004,128,125,3,3
2025-12-24,L2,P005,82,79,1,40
2025-12-24,L2,P006,84,82,1,13
2025-12-24,L2,P007,77,75,2,5
2025-12-24,L2,P008,82,80,1,23
2025-12-24,L3,P009,197,192,4,10
2025-12-24,L3,P010,149,146,1,41
2025-12-24,L3,P011,181,180,1,0
2025-12-24,L3,P012,203,199,3,20
2025-12-24,L3,P013,173,168,5,5
2025-12-24,L3,P014,755,745,10,0
2025-12-24,L4,P015,688,675,13,0
2025-12-24,L4,P016,597,591,4,7
2025-12-24,L4,P017,587,577,10,0
2025-12-24,L4,P018,313,300,7,38
2025-12-24,L4,P019,247,242,3,19
2025-12-24,L4,P020,299,290,5,26
2025-12-24,L5,P021,141,139,1,14
2025-12-24,L5,P022,32,32,0,15
2025-12-24,L5,P023,38,37,1,9
2025-12-24,L5,P024,33,31,1,32
2025-12-24,L5,P025,31,30,1,6
2025-12-25,L1,P001,117,115,1,17
2025-12-25,L1,P002,110,107,2,12
2025-12-25,L1,P003,152,149,1,19
2025-12-25,L1,P004,152,148,3,18
2025-12-25,L2,P005,65,63,1,27
2025-12-25,L2,P006,81,79,2,11
2025-12-25,L2,P007,83,81,2,1
2025-12-25,L2,P008,88,87,0,13
2025-12-25,L3,P009,211,207,4,6
2025-12-25,L3,P010,244,241,1,24
2025-12-25,L3,P011,194,190,4,0
2025-12-25,L3,P012,205,202,2,13
2025-12-25,L3,P013,185,182,3,0
2025-12-25,L3,P014,857,842,10,18
2025-12-25,L4,P015,673,649,12,34
2025-12-25,L4,P016,696,664,15,48
2025-12-25,L4,P017,714,696,5,34
2025-12-25,L4,P018,332,326,6,2
2025-12-25,L4,P019,375,362,8,26
2025-12-25,L4,P020,325,312,5,45
2025-12-25,L5,P021,131,129,2,0
2025-12-25,L5,P022,45,43,1,28
2025-12-25,L5,P023,24,24,0,29
2025-12-25,L5,P024,25,24,0,41
2025-12-25,L5,P025,30,30,0,24
2025-12-26,L1,P001,170,166,3,15
2025-12-26,L1,P002,151,145,3,32
2025-12-26,L1,P003,127,124,2,16
2025-12-26,L1,P004,136,133,2,8
2025-12-26,L2,P005,168,164,2,21
2025-12-26,L2,P006,136,132,2,29
2025-12-26,L2,P007,111,110,0,18
2025-12-26,L2,P008,117,113,2,40
2025-12-26,L3,P009,274,266,6,21
2025-12-26,L3,P010,226,221,2,34
2025-12-26,L3,P011,243,236,3,42
2025-12-26,L3,P012,356,343,10,27
2025-12-26,L3,P013,238,232,5,17
2025-12-26,L3,P014,830,817,9,15
2025-12-26,L4,P015,814,800,11,7
2025-12-26,L4,P016,850,823,22,11
2025-12-26,L4,P017,824,813,9,5
2025-12-26,L4,P018,398,384,6,41
2025-12-26,L4,P019,494,482,1,42
2025-12-26,L4,P020,398,391,5,8
2025-12-26,L5,P021,91,89,2,7
2025-12-26,L5,P022,43,41,1,25
2025-12-26,L5,P023,20,20,0,29
2025-12-26,L5,P024,52,50,1,30
2025-12-26,L5,P025,35,33,1,35
2025-12-27,L1,P001,123,117,3,43
2025-12-27,L1,P002,120,118,2,1
2025-12-27,L1,P003,86,83,1,45
2025-12-27,L1,P004,102,101,1,0
2025-12-27,L2,P005,67,65,1,31
2025-12-27,L2,P006,45,44,1,9
2025-12-27,L2,P007,87,85,1,12
2025-12-27,L2,P008,82,80,2,8
2025-12-27,L3,P009,163,161,1,20
2025-12-27,L3,P010,183,179,3,20
2025-12-27,L3,P011,191,185,4,29
2025-12-27,L3,P012,170,165,3,29
2025-12-27,L3,P013,166,161,3,38
2025-12-27,L3,P014,391,383,3,35
2025-12-27,L4,P015,629,612,9,25
2025-12-27,L4,P016,579,564,6,30
2025-12-27,L4,P017,520,494,12,53
2025-12-27,L4,P018,276,271,4,7
2025-12-27,L4,P019,258,253,2,21
2025-12-27,L4,P020,250,245,5,0
2025-12-27,L5,P021,108,104,2,32
2025-12-27,L5,P022,20,20,0,21
2025-12-27,L5,P023,40,40,0,0
2025-12-27,L5,P024,45,44,1,15
2025-12-27,L5,P025,33,32,1,11
2025-12-28,L1,P001,126,124,1,8
2025-12-28,L1,P002,125,122,2,14
2025-12-28,L1,P003,145,142,2,18
2025-12-28,L1,P004,122,119,2,18
2025-12-28,L2,P005,99,98,1,5
2025-12-28,L2,P006,86,85,1,1
2025-12-28,L2,P007,75,74,1,10
2025-12-28,L2,P008,106,104,1,20
2025-12-28,L3,P009,244,239,3,24
2025-12-28,L3,P010,193,188,3,35
2025-12-28,L3,P011,214,208,4,27
2025-12-28,L3,P012,224,217,5,26
2025-12-28,L3,P013,200,192,5,38
2025-12-28,L3,P014,325,316,6,24
2025-12-28,L4,P015,688,679,2,19
2025-12-28,L4,P016,582,570,6,21
2025-12-28,L4,P017,560,547,9,12
2025-12-28,L4,P018,251,247,3,5
2025-12-28,L4,P019,280,270,7,20
2025-12-28,L4,P020,293,284,3,42
2025-12-28,L5,P021,44,43,1,0
2025-12-28,L5,P022,26,26,0,27
2025-12-28,L5,P023,34,34,0,13
2025-12-28,L5,P024,29,28,1,15
2025-12-28,L5,P025,21,21,0,17
2025-12-29,L1,P001,127,123,2,25
2025-12-29,L1,P002,103,101,1,26
2025-12-29,L1,P003,115,112,2,25
2025-12-29,L1,P004,116,114,0,26
2025-12-29,L2,P005,86,84,1,12
2025-12-29,L2,P006,83,82,1,10
2025-12-29,L2,P007,90,86,2,46
2025-12-29,L2,P008,76,74,2,3
2025-12-29,L3,P009,176,170,3,47
2025-12-29,L3,P010,161,156,3,32
2025-12-29,L3,P011,204,200,3,15
2025-12-29,L3,P012,181,178,1,31
2025-12-29,L3,P013,176,171,3,31
2025-12-29,L3,P014,313,306,4,25
2025-12-29,L4,P015,561,551,6,12
2025-12-29,L4,P016,631,620,10,4
2025-12-29,L4,P017,596,586,6,14
2025-12-29,L4,P018,303,298,2,19
2025-12-29,L4,P019,284,278,5,4
2025-12-29,L4,P020,297,295,2,0
2025-12-29,L5,P021,32,31,1,7
2025-12-29,L5,P022,35,35,0,18
2025-12-29,L5,P023,28,27,0,46
2025-12-29,L5,P024,27,27,0,11
2025-12-29,L5,P025,29,29,0,0
2025-12-30,L1,P001,111,109,0,38
2025-12-30,L1,P002,97,96,0,15
2025-12-30,L1,P003,108,107,1,0
2025-12-30,L1,P004,122,120,2,0
2025-12-30,L2,P005,106,102,2,40
2025-12-30,L2,P006,112,109,1,40
2025-12-30,L2,P007,95,92,2,20
2025-12-30,L2,P008,81,79,1,29
2025-12-30,L3,P009,221,215,4,21
2025-12-30,L3,P010,190,185,3,25
2025-12-30,L3,P011,203,199,3,16
2025-12-30,L3,P012,169,166,2,20
2025-12-30,L3,P013,210,205,4,16
2025-12-30,L3,P014,267,261,4,24
2025-12-30,L4,P015,647,634,7,17
2025-12-30,L4,P016,797,756,16,60
2025-12-30,L4,P017,607,600,4,9
2025-12-30,L4,P018,241,235,5,9
2025-12-30,L4,P019,285,275,3,45
2025-12-30,L4,P020,268,262,5,5
2025-12-30,L5,P021,53,52,1,11
2025-12-30,L5,P022,25,24,0,46
2025-12-30,L5,P023,17,17,0,3
2025-12-30,L5,P024,13,13,0,38
2025-12-30,L5,P025,37,36,0,27
2025-12-31,L1,P001,101,100,1,0
2025-12-31,L1,P002,116,110,3,42
2025-12-31,L1,P003,126,124,2,6
2025-12-31,L1,P004,111,108,2,19
2025-12-31,L2,P005,76,73,1,39
2025-12-31,L2,P006,64,63,1,0
2025-12-31,L2,P007,98,95,2,11
2025-12-31,L2,P008,72,71,1,6
2025-12-31,L3,P009,169,164,3,32
2025-12-31,L3,P010,185,182,2,13
2025-12-31,L3,P011,208,205,1,22
2025-12-31,L3,P012,188,186,2,0
2025-12-31,L3,P013,143,140,2,13
2025-12-31,L3,P014,209,204,2,38
2025-12-31,L4,P015,506,494,7,18
2025-12-31,L4,P016,657,650,7,0
2025-12-31,L4,P017,582,573,9,0
2025-12-31,L4,P018,312,304,7,7
2025-12-31,L4,P019,303,296,5,10
2025-12-31,L4,P020,270,261,4,36
2025-12-31,L5,P021,37,36,1,16
2025-12-31,L5,P022,41,40,0,26
2025-12-31,L5,P023,28,28,0,11
2025-12-31,L5,P024,28,27,1,5
2025-12-31,L5,P025,30,29,1,0
